Date,Open,High,Low,Close,Volume
2009-01-02,2.570854,2.725321,2.549301,2.716639,746015200
2009-01-05,2.789083,2.879188,2.775312,2.831292,1181608400
2009-01-06,2.872304,2.908825,2.765734,2.784594,1289310400
2009-01-07,2.748371,2.769026,2.701971,2.724422,753048800
2009-01-08,2.707061,2.788485,2.695385,2.775014,673500800
2009-01-09,2.790282,2.795371,2.69838,2.711551,546845600
2009-01-12,2.707959,2.723825,2.620847,2.654076,617716400
2009-01-13,2.641503,2.686405,2.584925,2.625637,798397600
2009-01-14,2.581631,2.611866,2.536129,2.55439,1021664000
2009-01-15,2.411897,2.518168,2.396331,2.496016,1831634000
2009-01-16,2.523556,2.525951,2.406809,2.464583,1047625600
2009-01-20,2.452608,2.454704,2.34095,2.34095,919914800
2009-01-21,2.376573,2.481048,2.374178,2.479551,1089270000
2009-01-22,2.635514,2.694188,2.569058,2.645093,1409528400
2009-01-23,2.598993,2.690296,2.589414,2.645093,763770000
2009-01-26,2.660062,2.723226,2.643298,2.683412,692238400
2009-01-27,2.699876,2.740588,2.686405,2.716041,618038400
2009-01-28,2.757651,2.843865,2.739091,2.819917,861406000
2009-01-29,2.786689,2.824109,2.772021,2.783996,592729200
2009-01-30,2.77202,2.802554,2.694488,2.69808,651478800
2009-02-02,2.667246,2.754059,2.661259,2.73939,558247200
2009-02-03,2.751665,2.79537,2.702571,2.783396,599309200
2009-02-04,2.790581,2.881285,2.786988,2.800459,808421600
2009-02-05,2.777109,2.91122,2.772619,2.887571,749246400
2009-02-06,2.904335,2.993543,2.903737,2.985162,687209600
2009-02-09,2.993544,3.083349,2.978575,3.068681,715010800
2009-02-10,3.033358,3.068681,2.905534,2.928584,849060800
2009-02-11,2.884877,2.942951,2.866915,2.898347,674973600
2009-02-12,2.868712,2.986059,2.868712,2.97169,817188400
2009-02-13,2.963307,2.991746,2.937264,2.968397,608977600
2009-02-17,2.899845,2.904934,2.822312,2.829796,678238400
2009-02-18,2.845363,2.869311,2.775614,2.825007,684779200
2009-02-19,2.795071,2.821414,2.697481,2.713347,922804400
2009-02-20,2.676226,2.766033,2.664252,2.73011,750316000
2009-02-23,2.743582,2.75406,2.589714,2.602886,786982000
2009-02-24,2.617853,2.720831,2.604382,2.701672,807105600
2009-02-25,2.689997,2.781599,2.671736,2.728913,833053200
2009-02-26,2.754059,2.7816,2.663056,2.669941,629868400
2009-02-27,2.632221,2.733104,2.624438,2.673532,706658400
2009-03-02,2.63791,2.730111,2.624438,2.632521,770929600
2009-03-03,2.662157,2.71634,2.630725,2.645393,724340400
2009-03-04,2.699577,2.77711,2.677725,2.729213,741403600
2009-03-05,2.707959,2.750168,2.64779,2.659464,706899200
2009-03-06,2.644495,2.646292,2.464583,2.553492,1011147200
2009-03-09,2.519965,2.622344,2.471769,2.487934,698297600
2009-03-10,2.540619,2.669342,2.525352,2.653176,844258800
2009-03-11,2.688501,2.816026,2.681616,2.774415,846372800
2009-03-12,2.781001,2.891163,2.754059,2.884278,768457200
2009-03-13,2.882782,2.909724,2.844164,2.871705,601168400
2009-03-16,2.889667,2.915411,2.819318,2.856438,797244000
2009-03-17,2.851051,2.984263,2.845961,2.983365,786646000
2009-03-18,2.990848,3.097718,2.985161,3.039044,796037200
2009-03-19,3.048923,3.089336,3.001026,3.042038,500180800
2009-03-20,3.056107,3.086641,3.010606,3.041139,695587200
2009-03-23,3.074668,3.237816,3.045931,3.222849,666397200
2009-03-24,3.183932,3.276133,3.154895,3.188123,640612000
2009-03-25,3.220454,3.243803,3.109094,3.187824,646618000
2009-03-26,3.227936,3.292298,3.220453,3.289006,616252000
2009-03-27,3.239911,3.248892,3.185129,3.1986,492872800
2009-03-30,3.128551,3.143519,3.071674,3.127953,502796000
2009-03-31,3.156691,3.216562,3.14322,3.146813,570080000
2009-04-01,3.115978,3.262961,3.109991,3.253681,589372000
2009-04-02,3.297088,3.43509,3.286311,3.374022,812366800
2009-04-03,3.418326,3.476401,3.39827,3.47221,636241200
2009-04-06,3.440777,3.554831,3.391084,3.545851,658064400
2009-04-07,3.488376,3.492567,3.418326,3.442574,536580800
2009-04-08,3.455446,3.496158,3.430001,3.482089,455630000
2009-04-09,3.544954,3.592251,3.531183,3.579379,530756800
2009-04-13,3.592551,3.621588,3.562317,3.598837,389236400
2009-04-14,3.579379,3.597341,3.509929,3.541661,454622000
2009-04-15,3.508432,3.539865,3.465326,3.521604,412882400
2009-04-16,3.568004,3.686547,3.556029,3.635658,593446000
2009-04-17,3.627576,3.719478,3.599736,3.694631,497495600
2009-04-20,3.644039,3.681758,3.567105,3.607218,466466000
2009-04-21,3.559024,3.656315,3.550343,3.644938,470685600
2009-04-22,3.670982,3.752406,3.628173,3.637454,938767200
2009-04-23,3.790424,3.807786,3.697324,3.753902,945156800
2009-04-24,3.731152,3.74612,3.68116,3.709,540764000
2009-04-27,3.679064,3.741928,3.671879,3.733845,480690000
2009-04-28,3.692535,3.778151,3.689841,3.709,455856800
2009-04-29,3.737438,3.797308,3.706903,3.746119,458110800
2009-04-30,3.778448,3.801798,3.739533,3.766774,498489600
2009-05-01,3.765877,3.830238,3.765877,3.808984,397516000
2009-05-04,3.838918,3.958959,3.822154,3.953571,609358400
2009-05-05,3.943991,3.97722,3.925132,3.97273,398255200
2009-05-06,3.991291,3.99638,3.898191,3.966444,473538800
2009-05-07,3.961353,3.963149,3.828739,3.863464,531776000
2009-05-08,3.862868,3.928427,3.779648,3.867359,467964000
2009-05-11,3.812876,3.920344,3.805392,3.878734,404658800
2009-05-12,3.878434,3.882924,3.689541,3.724565,609481600
2009-05-13,3.688344,3.712593,3.573692,3.576985,595971600
2009-05-14,3.585665,3.697923,3.58327,3.68056,447826400
2009-05-15,3.661701,3.730553,3.640447,3.664695,367567200
2009-05-18,3.70391,3.792818,3.63925,3.791321,458841600
2009-05-19,3.796411,3.87095,3.76408,3.81527,372422400
2009-05-20,3.820659,3.867957,3.750909,3.767972,388584000
2009-05-21,3.746418,3.795213,3.678764,3.717381,407946000
2009-05-22,3.713489,3.717381,3.644638,3.66709,297998400
2009-05-26,3.734743,3.916451,3.728456,3.914954,636927200
2009-05-27,3.944892,4.040685,3.918847,3.98291,646422000
2009-05-28,3.994882,4.052958,3.952374,4.043378,487552800
2009-05-29,4.052957,4.068224,4.006856,4.06553,456534400
2009-06-01,4.08529,4.190662,4.07122,4.171504,452499600
2009-06-02,4.160725,4.231073,4.141566,4.175693,456223600
2009-06-03,4.190959,4.224187,4.163119,4.219398,565199600
2009-06-04,4.194853,4.316091,4.192159,4.302919,550634000
2009-06-05,4.349918,4.382547,4.287054,4.33076,632716000
2009-06-08,4.305313,4.317586,4.173896,4.306211,931652400
2009-06-09,4.305013,4.327465,4.207424,4.272384,676964400
2009-06-10,4.259213,4.261309,4.140071,4.198444,688623600
2009-06-11,4.177489,4.237659,4.147553,4.189462,524823600
2009-06-12,4.155338,4.164019,4.072416,4.100257,563085600
2009-06-15,4.071517,4.099057,4.037989,4.073911,539750400
2009-06-16,4.090974,4.145158,4.074211,4.081695,514805200
2009-06-17,4.091275,4.114625,4.027214,4.058646,571412800
2009-06-18,4.074511,4.131089,4.058945,4.067626,427680400
2009-06-19,4.133185,4.175993,4.098161,4.175395,721856800
2009-06-22,4.211017,4.237659,4.081097,4.112229,634914000
2009-06-23,4.083192,4.099656,3.977819,4.011646,706532400
2009-06-24,4.053856,4.116122,4.037093,4.077804,485525600
2009-06-25,4.063735,4.196948,4.04757,4.186769,589447600
2009-06-26,4.184674,4.297531,4.183177,4.264003,439384400
2009-06-29,4.294534,4.309203,4.237059,4.249931,567616000
2009-06-30,4.268193,4.304714,4.244844,4.263703,434224000
2009-07-01,4.295732,4.330457,4.266395,4.275675,414178800
2009-07-02,4.228378,4.275676,4.184673,4.191557,370479200
2009-07-06,4.152044,4.160727,4.078703,4.149351,498688400
2009-07-07,4.145457,4.18138,4.04667,4.053256,461596800
2009-07-08,4.068823,4.132286,4.023919,4.107738,575929200
2009-07-09,4.123904,4.130789,4.069122,4.081995,343025200
2009-07-10,4.081395,4.160124,4.080795,4.146654,445275600
2009-07-13,4.177191,4.26101,4.117021,4.26101,483501200
2009-07-14,4.251728,4.286153,4.225684,4.258912,347247600
2009-07-15,4.341834,4.400507,4.320281,4.396915,485587200
2009-07-16,4.363385,4.43104,4.357698,4.416071,393570800
2009-07-17,4.462775,4.550785,4.449304,4.542703,602154000
2009-07-20,4.588204,4.64119,4.516958,4.577427,735526400
2009-07-21,4.588801,4.592991,4.482829,4.535515,874781600
2009-07-22,4.72351,4.75165,4.673218,4.692078,874104000
2009-07-23,4.688785,4.742967,4.656754,4.724408,526962800
2009-07-24,4.698365,4.789668,4.684894,4.789369,438362400
2009-07-27,4.794757,4.816011,4.707646,4.792662,433311200
2009-07-28,4.75614,4.792661,4.717823,4.789668,363554800
2009-07-29,4.756739,4.803139,4.737281,4.790566,382158000
2009-07-30,4.840559,4.930963,4.834571,4.873188,469604800
2009-07-31,4.879174,4.939344,4.876779,4.891149,422536800
2009-08-03,4.945631,4.988439,4.935453,4.982153,394240000
2009-08-04,4.93725,4.956409,4.915697,4.95581,395810800
2009-08-05,4.961796,5.010889,4.915695,4.942637,423183600
2009-08-06,4.956707,4.984547,4.882168,4.906715,341616800
2009-08-07,4.954014,4.987242,4.933358,4.954612,387354800
2009-08-10,4.959104,4.987243,4.899233,4.930964,300294400
2009-08-11,4.90013,4.920786,4.845948,4.874386,355342400
2009-08-12,4.866004,4.990536,4.86331,4.948627,445071200
2009-08-13,4.988739,5.049209,4.984248,5.041724,439980800
2009-08-14,5.027355,5.036036,4.955211,4.99263,305816000
2009-08-17,4.895941,4.897138,4.772307,4.777397,524381200
2009-08-18,4.838463,4.916594,4.831877,4.90941,431152400
2009-08-19,4.871989,4.948324,4.863009,4.92737,413271600
2009-08-20,4.938746,4.990834,4.92767,4.979159,342031200
2009-08-21,5.018673,5.070163,4.993228,5.065671,416074400
2009-08-24,5.092615,5.110277,5.037234,5.060883,406929600
2009-08-25,5.072856,5.117161,5.062977,5.07106,324354800
2009-08-26,5.056691,5.07555,4.99203,5.011489,303998800
2009-08-27,5.051604,5.076151,4.934258,5.072559,449181600
2009-08-28,5.156977,5.163562,5.045019,5.09052,453700800
2009-08-31,5.03394,5.054596,4.984248,5.035438,311337600
2009-09-01,5.028852,5.089023,4.937549,4.948326,469028000
2009-09-02,4.92797,5.017477,4.912703,4.944734,364249200
2009-09-03,4.982452,5.002209,4.939345,4.985745,293955200
2009-09-04,5.007599,5.109978,5.001911,5.098303,374628800
2009-09-08,5.17823,5.183019,5.148893,5.176733,315047600
2009-09-09,5.172242,5.222833,5.080041,5.123148,811087200
2009-09-10,5.150692,5.186315,5.113272,5.165659,491134000
2009-09-11,5.176133,5.184216,5.115065,5.153681,348961200
2009-09-14,5.113869,5.20577,5.096506,5.200383,322011200
2009-09-15,5.209963,5.258159,5.196493,5.243491,426470800
2009-09-16,5.328207,5.4707,5.324914,5.444356,754023200
2009-09-17,5.447649,5.591637,5.447349,5.524582,810572000
2009-09-18,5.562899,5.584453,5.530868,5.538651,601582800
2009-09-21,5.516799,5.542842,5.436871,5.508716,437715600
2009-09-22,5.543741,5.549429,5.473692,5.522487,356753600
2009-09-23,5.550029,5.654803,5.538952,5.553022,593563600
2009-09-24,5.603911,5.618878,5.471297,5.502729,550880400
2009-09-25,5.448546,5.553021,5.431483,5.459323,445239200
2009-09-28,5.504225,5.588343,5.48806,5.572477,337444800
2009-09-29,5.589842,5.609898,5.517398,5.549428,345385600
2009-09-30,5.571881,5.581461,5.466509,5.548532,539585200
2009-10-01,5.548531,5.574574,5.40933,5.414121,524711600
2009-10-02,5.430587,5.566194,5.428791,5.535061,553308000
2009-10-05,5.573977,5.593734,5.516201,5.568588,423133200
2009-10-06,5.620076,5.688029,5.606905,5.688029,605085600
2009-10-07,5.680546,5.704195,5.658693,5.695214,465668000
2009-10-08,5.70749,5.731139,5.654504,5.66588,438211200
2009-10-09,5.656897,5.708685,5.64642,5.7018,293272000
2009-10-12,5.718265,5.732934,5.676954,5.711979,288024800
2009-10-13,5.706589,5.722755,5.67875,5.688329,348020400
2009-10-14,5.755085,5.757181,5.694616,5.726348,375510800
2009-10-15,5.676654,5.715271,5.673661,5.704494,373556400
2009-10-16,5.668272,5.698507,5.623069,5.629356,431426800
2009-10-19,5.623372,5.687732,5.55452,5.683541,942230800
2009-10-20,6.005047,6.039472,5.922724,5.949965,1141039200
2009-10-21,5.972716,6.247823,5.964035,6.134367,1193726800
2009-10-22,6.127782,6.222079,6.062224,6.14275,791392000
2009-10-23,6.157718,6.160711,6.083777,6.105031,420786800
2009-10-26,6.096949,6.18915,5.99008,6.061326,484338400
2009-10-27,6.036778,6.071204,5.880814,5.908356,756551600
2009-10-28,5.918533,5.927813,5.72066,5.759576,818386800
2009-10-29,5.837407,5.891591,5.751792,5.87782,570270400
2009-10-30,5.869139,5.891291,5.632949,5.642828,717525200
2009-11-02,5.681743,5.773944,5.555116,5.667075,678983200
2009-11-03,5.623371,5.673362,5.565595,5.650312,522541600
2009-11-04,5.709584,5.802982,5.694617,5.711979,487530400
2009-11-05,5.759577,5.837409,5.742214,5.808372,384801200
2009-11-06,5.762869,5.843096,5.759577,5.817651,295097600
2009-11-09,5.895483,6.043963,5.875128,6.030792,528855600
2009-11-10,6.017619,6.136163,6.01732,6.076293,401195200
2009-11-11,6.123591,6.136763,6.041867,6.084376,443870000
2009-11-12,6.081082,6.13287,6.029893,6.046657,363731200
2009-11-13,6.073001,6.131674,6.049053,6.120299,343240800
2009-11-16,6.151131,6.226568,6.137062,6.185557,485206400
2009-11-17,6.169093,6.209805,6.136763,6.196634,396513600
2009-11-18,6.182864,6.196634,6.106828,6.165501,374320800
2009-11-19,6.125086,6.125086,5.981096,6.00235,542326400
2009-11-20,5.961639,5.998759,5.920029,5.984689,406666400
2009-11-23,6.076891,6.166697,6.075394,6.163105,474896800
2009-11-24,6.14664,6.163105,6.073898,6.119998,318438400
2009-11-25,6.148736,6.15622,6.099642,6.112514,286454000
2009-11-27,5.963735,6.075694,5.93829,6.004747,295257200
2009-11-30,6.020314,6.037377,5.950265,5.984392,424858000
2009-12-01,6.054141,6.070007,5.89219,5.896381,465763200
2009-12-02,5.955952,6.029593,5.85986,5.874228,715260000
2009-12-03,5.909853,5.956552,5.875427,5.881713,448719600
2009-12-04,5.978105,5.983493,5.696113,5.787117,826884800
2009-12-07,5.787117,5.800587,5.648216,5.656298,714758800
2009-12-08,5.668572,5.75808,5.648815,5.683839,690398800
2009-12-09,5.726049,5.932005,5.697011,5.921228,684782000
2009-12-10,5.972118,5.978105,5.870936,5.880216,489669600
2009-12-11,5.920628,5.927215,5.790409,5.827529,429774800
2009-12-14,5.848486,5.910153,5.764367,5.896682,495790400
2009-12-15,5.862256,5.912548,5.785621,5.812563,419459600
2009-12-16,5.840402,5.882312,5.823938,5.838307,352984800
2009-12-17,5.815256,5.837408,5.717666,5.743411,388838800
2009-12-18,5.782627,5.852376,5.765563,5.85028,608770400
2009-12-21,5.868842,5.979603,5.857466,5.934101,611906400
2009-12-22,5.970324,6.012533,5.946975,5.997865,349515600
2009-12-23,6.023008,6.058332,6.011334,6.04995,345525600
2009-12-24,6.093358,6.266983,6.08737,6.257703,500889200
2009-12-28,6.337928,6.404683,6.274764,6.334635,644565600
2009-12-29,6.365169,6.367863,6.24842,6.259496,445205600
2009-12-30,6.251415,6.346311,6.235849,6.335534,412084400
2009-12-31,6.380138,6.386724,6.303204,6.308292,352410800
2010-01-04,6.389118,6.421149,6.357686,6.40648,493729600
2010-01-05,6.424144,6.45378,6.383731,6.417558,601904800
2010-01-06,6.417556,6.443001,6.30889,6.315476,552160000
2010-01-07,6.338826,6.34631,6.258,6.303801,477131200
2010-01-08,6.295421,6.346311,6.258302,6.345712,447610800
2010-01-11,6.370257,6.376244,6.240038,6.289732,462229600
2010-01-12,6.262193,6.279556,6.179272,6.218188,594459600
2010-01-13,6.222679,6.31428,6.109822,6.305898,605892000
2010-01-14,6.289734,6.300211,6.257104,6.269377,432894000
2010-01-15,6.31428,6.334337,6.162807,6.164603,594067600
2010-01-19,6.236447,6.441803,6.203817,6.437313,730007600
2010-01-20,6.433422,6.452581,6.271472,6.338228,612152800
2010-01-21,6.348704,6.385524,6.202918,6.228662,608154400
2010-01-22,6.190048,6.211601,5.90207,5.919731,881767600
2010-01-25,6.062225,6.127783,5.992775,6.078989,1065699600
2010-01-26,6.165202,6.397501,6.06432,6.164903,1867110000
2010-01-27,6.192143,6.303802,5.973015,6.222977,1722568400
2010-01-28,6.134668,6.151731,5.94817,5.965832,1173502400
2010-01-29,6.019416,6.052944,5.695215,5.749398,1245952400
2010-02-01,5.758679,5.867344,5.726648,5.829326,749876400
2010-02-02,5.864648,5.876922,5.788912,5.863151,698342400
2010-02-03,5.842497,5.993072,5.820045,5.964035,615328000
2010-02-04,5.889197,5.938291,5.73473,5.7491,757652000
2010-02-05,5.76646,5.867342,5.713174,5.851177,850306800
2010-02-08,5.858062,5.923621,5.807471,5.811063,478270800
2010-02-09,5.879917,5.912247,5.829925,5.873032,632886800
2010-02-10,5.86405,5.885305,5.815255,5.841,370361600
2010-02-11,5.833815,5.979601,5.809268,5.94727,550345600
2010-02-12,5.930507,6.036179,5.852376,5.998461,655468800
2010-02-16,6.045158,6.097545,6.032586,6.088864,543737600
2010-02-17,6.112514,6.116106,6.012829,6.06342,436396800
2010-02-18,6.035879,6.103534,6.014625,6.074796,422825200
2010-02-19,6.042766,6.082879,6.020314,6.037077,415469600
2010-02-22,6.057134,6.061924,5.962837,5.999658,390563600
2010-02-23,5.987085,6.026899,5.858662,5.899075,575094800
2010-02-24,5.9341,6.030192,5.922424,6.006843,460566400
2010-02-25,5.908655,6.072701,5.893987,6.046957,665126000
2010-02-26,6.058333,6.141853,6.046958,6.125388,507460800
2010-03-01,6.159215,6.271473,6.150234,6.256206,550093600
2010-03-02,6.284344,6.311286,6.218785,6.252014,566546400
2010-03-03,6.254708,6.282548,6.224773,6.266382,372052800
2010-03-04,6.264885,6.313979,6.245427,6.307693,366041200
2010-03-05,6.43432,6.576813,6.42504,6.554361,899620400
2010-03-08,6.586093,6.588488,6.533407,6.558253,429889600
2010-03-09,6.535202,6.73547,6.522629,6.676198,920259200
2010-03-10,6.700447,6.74984,6.681587,6.730681,596218000
2010-03-11,6.70284,6.750437,6.685178,6.750437,405700400
2010-03-12,6.806417,6.817194,6.757922,6.783367,416323600
2010-03-15,6.746847,6.750438,6.593278,6.700747,493502800
2010-03-16,6.710923,6.734871,6.660931,6.719006,446908000
2010-03-17,6.732478,6.778878,6.683684,6.709129,450956800
2010-03-18,6.70853,6.735472,6.663927,6.724995,342109600
2010-03-19,6.729185,6.742656,6.622615,6.653149,559445600
2010-03-22,6.599864,6.765407,6.590284,6.727987,456419600
2010-03-23,6.75463,6.848628,6.708529,6.836055,602431200
2010-03-24,6.814501,6.891136,6.810609,6.866289,597780400
2010-03-25,6.912689,6.914186,6.77289,6.784864,542284400
2010-03-26,6.853717,6.943522,6.841742,6.912091,640875200
2010-03-29,6.974954,7.000997,6.933643,6.956693,540744400
2010-03-30,7.082722,7.109066,7.012374,7.060271,527310000
2010-03-31,7.049495,7.083023,7.018662,7.034826,430659600
2010-04-01,7.106969,7.146483,6.96747,7.063861,603145200
2010-04-05,7.034226,7.139897,7.027939,7.139298,684507600
2010-04-06,7.130619,7.191687,7.094697,7.170733,447017200
2010-04-07,7.171033,7.24198,7.14439,7.202465,628502000
2010-04-08,7.197674,7.230603,7.125829,7.183005,572989200
2010-04-09,7.22731,7.24108,7.198272,7.238086,334182800
2010-04-12,7.250359,7.276403,7.238684,7.253054,333026400
2010-04-13,7.240184,7.268323,7.217731,7.257246,306210800
2010-04-14,7.342561,7.358427,7.30634,7.354835,404076400
2010-04-15,7.357531,7.454822,7.349449,7.451529,376784800
2010-04-16,7.44105,7.517985,7.32071,7.406026,750545600
2010-04-19,7.39495,7.420695,7.237489,7.396148,566924400
2010-04-20,7.440151,7.461406,7.273112,7.321907,738326400
2010-04-21,7.747289,7.790696,7.655387,7.759862,982391200
2010-04-22,7.730524,7.985275,7.669455,7.976892,793424800
2010-04-23,8.022392,8.147821,7.992756,8.107409,796955600
2010-04-26,8.138846,8.156208,8.028383,8.067599,479068800
2010-04-27,8.000838,8.017901,7.798775,7.844276,709343600
2010-04-28,7.8805,7.90295,7.675741,7.831106,758402400
2010-04-29,7.873616,8.082565,7.843382,8.041854,558840800
2010-04-30,8.061909,8.099627,7.813146,7.81584,542463600
2010-05-03,7.898165,8.019105,7.869427,7.973303,454342000
2010-05-04,7.869723,7.881696,7.685919,7.743694,723819600
2010-05-05,7.574559,7.727529,7.445837,7.663168,883103200
2010-05-06,7.598511,7.730825,5.964635,7.371601,1285860800
2010-05-07,7.295562,7.381177,6.741756,7.060568,1676018400
2010-05-10,7.491342,7.623057,7.439852,7.6033,984306400
2010-05-11,7.538937,7.779918,7.498824,7.679036,848906800
2010-05-12,7.760459,7.876908,7.744295,7.845776,654379600
2010-05-13,7.879604,7.932889,7.675444,7.734118,599712400
2010-05-14,7.638324,7.677839,7.46889,7.59821,759362800
2010-05-17,7.624554,7.668859,7.415305,7.610185,762834800
2010-05-18,7.692809,7.739808,7.491643,7.554508,782678400
2010-05-19,7.468888,7.571267,7.329688,7.434163,1025726800
2010-05-20,7.24078,7.299754,7.071047,7.117447,1282915200
2010-05-21,6.969567,7.319214,6.925562,7.253954,1223891200
2010-05-24,7.40243,7.510797,7.371896,7.386864,754238800
2010-05-25,7.165043,7.386865,7.099485,7.340765,1048006400
2010-05-26,7.486254,7.547622,7.296762,7.307539,850654000
2010-05-27,7.501818,7.600306,7.457214,7.58414,666282400
2010-05-28,7.764948,7.765247,7.584137,7.68981,815614800
2010-06-01,7.77393,7.961027,7.752078,7.808057,876472800
2010-06-02,7.919116,7.926899,7.793088,7.901455,688548000
2010-06-03,7.938277,7.949354,7.795485,7.876611,650106800
2010-06-04,7.729623,7.840085,7.622455,7.662269,758304400
2010-06-07,7.732023,7.757768,7.500323,7.511998,886942000
2010-06-08,7.580848,7.597612,7.353638,7.4638,1000770400
2010-06-09,7.52786,7.540733,7.259041,7.280294,854630000
2010-06-10,7.329391,7.513194,7.250362,7.499125,776356000
2010-06-11,7.43087,7.599407,7.405126,7.58893,545759200
2010-06-14,7.66227,7.757764,7.603896,7.611979,602960400
2010-06-15,7.652692,7.77872,7.648501,7.773931,585074000
2010-06-16,7.816141,8.015211,7.802071,8.000244,783678000
2010-06-17,8.100527,8.169379,8.067598,8.138545,872855200
2010-06-18,8.149921,8.232244,8.125074,8.204403,784621600
2010-06-21,8.312765,8.35228,8.044544,8.087651,776490400
2010-06-22,8.14723,8.261284,8.127473,8.197821,717262000
2010-06-23,8.219671,8.222066,8.019702,8.111604,768457200
2010-06-24,8.1125,8.178359,8.025688,8.05263,714277200
2010-06-25,8.084362,8.090648,7.957135,7.983778,549942400
2010-06-28,7.990662,8.075081,7.918518,8.031674,584948000
2010-06-29,7.906544,7.914627,7.612578,7.668558,1133344800
2010-06-30,7.684723,7.722442,7.484157,7.529658,739452000
2010-07-01,7.612581,7.627549,7.280897,7.438357,1022896000
2010-07-02,7.498523,7.511696,7.280294,7.392254,693842800
2010-07-06,7.513794,7.567677,7.368906,7.442847,615235600
2010-07-07,7.498523,7.746389,7.476372,7.743394,654556000
2010-07-08,7.857452,7.870026,7.630242,7.726036,738144400
2010-07-09,7.690113,7.780219,7.638325,7.771837,433322400
2010-07-12,7.739204,7.83859,7.629341,7.702084,562878400
2010-07-13,7.673048,7.675442,7.376986,7.537739,1190924000
2010-07-14,7.465297,7.657481,7.45392,7.565579,812047600
2010-07-15,7.430871,7.692507,7.403031,7.527263,824866000
2010-07-16,7.579054,7.632638,7.436262,7.480865,1039858400
2010-07-19,7.480262,7.480262,7.172526,7.351539,1024478000
2010-07-20,7.271315,7.570669,7.184802,7.540434,1074950800
2010-07-21,7.935582,7.937378,7.603599,7.610783,1185671200
2010-07-22,7.713758,7.783208,7.642811,7.753872,645318800
2010-07-23,7.6961,7.794587,7.671852,7.781415,533388800
2010-07-26,7.783212,7.786206,7.714661,7.761659,420551600
2010-07-27,7.809255,7.926902,7.792192,7.905348,584771600
2010-07-28,7.893074,7.962524,7.790695,7.811948,519985200
2010-07-29,7.804467,7.862542,7.666465,7.726635,643806800
2010-07-30,7.660178,7.774231,7.63054,7.700889,448210000
2010-08-02,7.796384,7.860745,7.771837,7.838593,428055600
2010-08-03,7.813447,7.880802,7.76585,7.840988,417653600
2010-08-04,7.868227,7.911333,7.792491,7.872418,420375200
2010-08-05,7.835001,7.878408,7.799677,7.834104,289097200
2010-08-06,7.776623,7.827814,7.712262,7.785904,444897600
2010-08-09,7.827514,7.847571,7.770338,7.835597,303128000
2010-08-10,7.77872,7.796682,7.709868,7.765548,451920000
2010-08-11,7.645507,7.654188,7.478168,7.489542,620054400
2010-08-12,7.38477,7.576656,7.367707,7.537441,534920400
2010-08-13,7.53325,7.540134,7.456615,7.456914,354869200
2010-08-16,7.411411,7.484155,7.382673,7.413208,318430000
2010-08-17,7.486253,7.622459,7.459909,7.542831,422640400
2010-08-18,7.554508,7.623659,7.531158,7.575762,339696000
2010-08-19,7.568875,7.588034,7.444344,7.480267,426706000
2010-08-20,7.465596,7.601203,7.45392,7.473079,384230000
2010-08-23,7.537441,7.543727,7.341664,7.358128,414041600
2010-08-24,7.264429,7.274307,7.144089,7.182406,602565600
2010-08-25,7.125828,7.303944,7.100682,7.271014,596867600
2010-08-26,7.347649,7.35663,7.192883,7.192883,466505200
2010-08-27,7.236889,7.262633,7.051588,7.232997,548391200
2010-08-30,7.207253,7.356632,7.204858,7.259341,383289200
2010-08-31,7.239882,7.321008,7.194979,7.277302,420786800
2010-09-01,7.408122,7.527564,7.372499,7.493737,697037600
2010-09-02,7.521576,7.548817,7.44105,7.548817,415427600
2010-09-03,7.636228,7.746689,7.618566,7.74639,520788800
2010-09-07,7.682626,7.769139,7.670951,7.71765,342557600
2010-09-08,7.776623,7.914626,7.756267,7.870621,526551200
2010-09-09,7.934084,7.978387,7.870621,7.875111,438575200
2010-09-10,7.878706,7.917922,7.825122,7.885292,387542400
2010-09-13,7.957431,8.031072,7.955636,7.993952,388780000
2010-09-14,7.969109,8.057717,7.948453,8.024489,408150400
2010-09-15,8.027782,8.09394,8.017903,8.089149,429368800
2010-09-16,8.089748,8.282232,8.067596,8.279239,652103200
2010-09-17,8.31277,8.320853,8.19273,8.24332,634477200
2010-09-20,8.264575,8.495078,8.25769,8.478614,658677600
2010-09-21,8.497473,8.601948,8.465442,8.494779,668074400
2010-09-22,8.463047,8.620807,8.454066,8.613922,585289600
2010-09-23,8.571409,8.763894,8.561531,8.648942,786116800
2010-09-24,8.744139,8.786946,8.697739,8.750724,649488000
2010-09-27,8.800416,8.822867,8.711508,8.715998,482834800
2010-09-28,8.734257,8.734257,8.232241,8.587275,1035042400
2010-09-29,8.598351,8.675584,8.561531,8.602542,469644000
2010-09-30,8.651338,8.681273,8.419338,8.494177,673391600
2010-10-01,8.566023,8.578895,8.422333,8.457357,448142800
2010-10-04,8.429815,8.46873,8.315162,8.341207,435302000
2010-10-05,8.441793,8.664811,8.436404,8.649545,501967200
2010-10-06,8.669001,8.740846,8.53938,8.657026,670868800
2010-10-07,8.691451,8.695642,8.588773,8.657924,408399600
2010-10-08,8.732463,8.815982,8.681274,8.80311,658403200
2010-10-11,8.823166,8.898003,8.818975,8.841724,427753200
2010-10-12,8.843226,8.965663,8.755814,8.936924,558544000
2010-10-13,8.986614,9.0393,8.974639,8.984818,630092400
2010-10-14,9.031217,9.054566,8.992599,9.049777,435296400
2010-10-15,9.203348,9.42966,9.127612,9.421877,922194000
2010-10-18,9.53354,9.549405,9.408409,9.51947,1093010800
2010-10-19,9.082409,9.392839,8.981227,9.264715,1232784000
2010-10-20,9.250044,9.407205,9.186282,9.295845,721624400
2010-10-21,9.350629,9.421875,9.184188,9.265613,551460000
2010-10-22,9.252141,9.281178,9.169221,9.204245,372778000
2010-10-25,9.252739,9.327876,9.23328,9.245255,392462000
2010-10-26,9.18629,9.272205,9.149768,9.221614,392929600
2010-10-27,9.209635,9.27699,9.148268,9.215024,399002800
2010-10-28,9.218615,9.220113,9.007572,9.137491,551051200
2010-10-29,9.107252,9.156646,9.006669,9.009962,430511200
2010-11-01,9.047085,9.148267,9.046487,9.105759,423889200
2010-11-02,9.190178,9.285672,9.190178,9.260825,433930000
2010-11-03,9.320991,9.366194,9.235975,9.363799,508348400
2010-11-04,9.443129,9.584724,9.430555,9.527547,642488000
2010-11-05,9.519164,9.566461,9.482044,9.493419,361253200
2010-11-08,9.495516,9.57245,9.482345,9.538025,281758400
2010-11-09,9.610769,9.618254,9.414693,9.46199,383544000
2010-11-10,9.478755,9.542518,9.386254,9.520366,384227200
2010-11-11,9.429659,9.53144,9.407208,9.479053,361284000
2010-11-12,9.459592,9.474559,9.089292,9.221006,795846800
2010-11-15,9.23388,9.296146,9.168322,9.191372,403606000
2010-11-16,9.151859,9.208138,8.960272,9.028226,657650000
2010-11-17,9.01655,9.10007,8.913573,8.995596,479449600
2010-11-18,9.136294,9.270105,9.121028,9.232985,494491200
2010-11-19,9.219216,9.232088,9.137492,9.182096,384843200
2010-11-22,9.180596,9.380566,9.156349,9.380566,393075200
2010-11-23,9.293456,9.332373,9.177007,9.241966,519447600
2010-11-24,9.339852,9.441633,9.332369,9.423672,413725200
2010-11-26,9.391942,9.510487,9.367994,9.429661,237585600
2010-11-29,9.444627,9.503898,9.321293,9.485639,445785200
2010-11-30,9.38595,9.410497,9.306022,9.314404,501858000
2010-12-01,9.437743,9.511983,9.42966,9.47157,461750800
2010-12-02,9.505394,9.549399,9.426364,9.523954,462837200
2010-12-03,9.489831,9.538924,9.469774,9.502703,342092800
2010-12-06,9.538626,9.649088,9.53204,9.583829,448481600
2010-12-07,9.693092,9.698779,9.523059,9.525753,391454000
2010-12-08,9.568261,9.609872,9.492825,9.609572,321935600
2010-12-09,9.643098,9.654173,9.549998,9.57215,294151200
2010-12-10,9.568863,9.610773,9.537431,9.596105,262511200
2010-12-13,9.710154,9.73081,9.609272,9.629328,439815600
2010-12-14,9.631126,9.655373,9.549401,9.588018,351008000
2010-12-15,9.579336,9.669143,9.555089,9.590114,417312000
2010-12-16,9.611964,9.657466,9.582328,9.616754,322030800
2010-12-17,9.628136,9.632926,9.586226,9.597602,386929200
2010-12-20,9.627231,9.676625,9.526349,9.645492,385610400
2010-12-21,9.669144,9.710754,9.640706,9.705067,256354000
2010-12-22,9.709856,9.750568,9.685608,9.733804,265921600
2010-12-23,9.729016,9.733506,9.674234,9.687106,223157200
2010-12-27,9.664656,9.742188,9.624841,9.719437,249816000
2010-12-28,9.756252,9.778704,9.730808,9.743081,175924000
2010-12-29,9.765534,9.77242,9.732006,9.737695,163139200
2010-12-30,9.743382,9.74428,9.670639,9.6889,157494400
2010-12-31,9.667645,9.683511,9.618551,9.655971,193508000
2011-01-03,9.748175,9.886476,9.724227,9.865821,445138400
2011-01-04,9.951732,9.953528,9.823309,9.917307,309080800
2011-01-05,9.865219,10.008609,9.863722,9.998431,255519600
2011-01-06,10.019986,10.035852,9.965504,9.990351,300428800
2011-01-07,9.998135,10.068782,9.935569,10.061897,311931200
2011-01-10,10.143018,10.274734,10.093326,10.251385,448560000
2011-01-11,10.324128,10.326522,10.162177,10.227138,444108000
2011-01-12,10.275335,10.310658,10.237915,10.310358,302590400
2011-01-13,10.332511,10.376815,10.293296,10.348077,296780400
2011-01-14,10.354363,10.431895,10.310957,10.431895,308840000
2011-01-18,9.864322,10.320538,9.758949,10.197503,1880998000
2011-01-19,10.428002,10.435486,10.084644,10.143317,1135612800
2011-01-20,10.071176,10.127156,9.882284,9.958919,764789200
2011-01-21,9.99155,10.024778,9.777811,9.780505,754401200
2011-01-24,9.784993,10.10171,9.780503,10.10171,574683200
2011-01-25,10.068182,10.221152,10.015495,10.219954,546868000
2011-01-26,10.266655,10.345685,10.22295,10.293298,506875600
2011-01-27,10.291199,10.31844,10.262761,10.274136,285026000
2011-01-28,10.302876,10.309761,9.984363,10.061296,592057200
2011-01-31,10.052314,10.179241,10.007412,10.157687,377246800
2011-02-01,10.216961,10.34718,10.207382,10.32862,426633200
2011-02-02,10.311256,10.335203,10.284313,10.307364,258955200
2011-02-03,10.291798,10.30497,10.134637,10.281021,393797600
2011-02-04,10.287008,10.378611,10.283116,10.372623,321840400
2011-02-07,10.414236,10.574689,10.406752,10.533679,485021600
2011-02-08,10.587559,10.64264,10.541758,10.63306,381040800
2011-02-09,10.632764,10.746818,10.623185,10.721672,482745200
2011-02-10,10.698623,10.776754,10.417528,10.613306,928550000
2011-02-11,10.619593,10.710895,10.58337,10.682457,367572800
2011-02-14,10.680662,10.761188,10.678268,10.752208,310416400
2011-02-15,10.752508,10.775858,10.703414,10.773762,284174800
2011-02-16,10.800706,10.923442,10.791726,10.870457,481157600
2011-02-17,10.694431,10.784835,10.672577,10.725863,530583200
2011-02-18,10.738138,10.761787,10.463031,10.494164,816057200
2011-02-22,10.242406,10.339696,10.109793,10.136435,872555600
2011-02-23,10.141225,10.316945,10.136435,10.256476,671854400
2011-02-24,10.298387,10.332213,10.129251,10.264259,499900800
2011-02-25,10.335504,10.4304,10.321735,10.422318,380018800
2011-02-28,10.514519,10.628573,10.510927,10.573492,403074000
2011-03-01,10.641149,10.648632,10.407951,10.456746,456136800
2011-03-02,10.476202,10.607618,10.429502,10.540862,602590800
2011-03-03,10.692637,10.770468,10.654618,10.763583,500788400
2011-03-04,10.778847,10.785433,10.709396,10.776752,453266800
2011-03-07,10.818666,10.826749,10.516618,10.637856,546123200
2011-03-08,10.624384,10.698923,10.544755,10.649829,356316800
2011-03-09,10.617796,10.619892,10.495361,10.551339,453306000
2011-03-10,10.451057,10.470515,10.324729,10.377715,507539200
2011-03-11,10.337602,10.546851,10.327725,10.536972,471080400
2011-03-14,10.572593,10.671381,10.516615,10.583969,435957200
2011-03-15,10.24091,10.412739,10.181039,10.340595,721081200
2011-03-16,10.237912,10.267847,9.766728,9.878985,1162011200
2011-03-17,10.08315,10.16637,9.898448,10.017591,659422400
2011-03-18,10.09213,10.124161,9.878691,9.898747,753214000
2011-03-21,10.058004,10.17026,10.03615,10.157089,409402000
2011-03-22,10.25468,10.256477,10.152301,10.213967,325922800
2011-03-23,10.156489,10.184628,10.056804,10.153795,372996400
2011-03-24,10.233427,10.357659,10.14392,10.326825,404712000
2011-03-25,10.419623,10.539065,10.388191,10.523499,448910000
2011-03-28,10.571695,10.60672,10.490569,10.490569,309355200
2011-03-29,10.407347,10.506134,10.359451,10.506134,352900800
2011-03-30,10.49656,10.503746,10.400767,10.43639,329406000
2011-03-31,10.368433,10.471411,10.359453,10.432795,274019200
2011-04-01,10.510629,10.524998,10.276833,10.314551,418661600
2011-04-04,10.307065,10.315746,10.130146,10.213666,460084800
2011-04-05,10.087939,10.245399,10.058303,10.144816,482731200
2011-04-06,10.214564,10.29479,10.092427,10.119369,402539200
2011-04-07,10.121168,10.190917,10.059202,10.12057,373447200
2011-04-08,10.175648,10.182533,9.996934,10.030162,377535200
2011-04-11,10.000226,10.048422,9.879288,9.902637,398946800
2011-04-12,9.89336,9.990352,9.884679,9.950538,425639200
2011-04-13,10.028964,10.062492,9.954126,10.062193,346220000
2011-04-14,10.02238,10.058303,9.940358,9.951134,301800800
2011-04-15,9.977476,9.987654,9.782896,9.802653,453605600
2011-04-18,9.76194,9.945444,9.584124,9.934069,609898800
2011-04-19,9.97149,10.117574,9.929879,10.113982,419378400
2011-04-20,10.28312,10.350175,10.22295,10.250191,700666400
2011-04-21,10.627077,10.630969,10.433096,10.498355,753810400
2011-04-25,10.487578,10.589659,10.48638,10.567506,266546000
2011-04-26,10.585765,10.626777,10.457941,10.489972,338800000
2011-04-27,10.544455,10.547748,10.390587,10.48189,356213200
2011-04-28,10.363344,10.469913,10.343287,10.380108,360959200
2011-04-29,10.381008,10.595645,10.377714,10.481292,1006345200
2011-05-02,10.469615,10.491468,10.342689,10.366038,442713600
2011-05-03,10.417228,10.474105,10.346281,10.423514,313348000
2011-05-04,10.425311,10.532181,10.384,10.464527,389250400
2011-05-05,10.4295,10.505836,10.359153,10.380108,335969200
2011-05-06,10.468118,10.477398,10.363943,10.377414,280134400
2011-05-09,10.413336,10.453451,10.373523,10.405554,204747200
2011-05-10,10.444169,10.468117,10.377413,10.460933,282091600
2011-05-11,10.448064,10.477401,10.334908,10.394479,336000000
2011-05-12,10.361251,10.391186,10.245999,10.374721,322000000
2011-05-13,10.34748,10.365141,10.188523,10.193013,326116000
2011-05-16,10.154094,10.214563,9.956519,9.977474,449775200
2011-05-17,9.938563,10.062495,9.900544,10.062495,452334400
2011-05-18,10.072372,10.209476,10.058302,10.174152,334776400
2011-05-19,10.240311,10.25019,10.138231,10.193912,261170000
2011-05-20,10.164873,10.206483,10.028966,10.034953,337968400
2011-05-23,9.877793,10.057705,9.861329,10.010406,383600000
2011-05-24,10.04334,10.055315,9.918809,9.944254,321927200
2011-05-25,9.981367,10.134936,9.964005,10.081651,294224000
2011-05-26,10.057406,10.084946,10.011305,10.028368,222560800
2011-05-27,10.02238,10.107097,10.007712,10.100512,203599200
2011-05-31,10.210973,10.412437,10.207978,10.412437,417754400
2011-06-01,10.443572,10.54116,10.317245,10.342988,554682800
2011-06-02,10.372625,10.416929,10.306767,10.36065,338783200
2011-06-03,10.273239,10.337599,10.238214,10.281021,313250000
2011-06-06,10.348674,10.389087,10.112484,10.119369,461941200
2011-06-07,10.123266,10.124762,9.93557,9.939761,529785200
2011-06-08,9.931975,10.022379,9.898148,9.945745,333723600
2011-06-09,9.975982,9.988555,9.901143,9.923296,275088800
2011-06-10,9.895154,9.928383,9.744279,9.755955,433955200
2011-06-13,9.794872,9.8281,9.73111,9.776911,329473200
2011-06-14,9.878694,9.975984,9.858038,9.951736,334569200
2011-06-15,9.871208,9.887672,9.725422,9.781402,399196000
2011-06-16,9.785892,9.839176,9.529345,9.733804,510591200
2011-06-17,9.848457,9.856241,9.560178,9.58712,615020000
2011-06-20,9.500306,9.510484,9.294949,9.439238,640645600
2011-06-21,9.479951,9.752961,9.435647,9.737994,493382400
2011-06-22,9.733799,9.845758,9.650578,9.657464,390583200
2011-06-23,9.547605,9.929282,9.523059,9.915512,559759200
2011-06-24,9.919707,9.972992,9.731712,9.769431,439807200
2011-06-27,9.806549,9.995442,9.796371,9.939761,339813600
2011-06-28,9.987953,10.079256,9.981667,10.036149,294299600
2011-06-29,10.059502,10.06938,9.93497,9.999631,352545200
2011-06-30,10.019389,10.062197,9.963709,10.048426,322954800
2011-07-01,10.056805,10.282818,10.004418,10.275634,435313200
2011-07-05,10.26785,10.472309,10.252883,10.460335,355054000
2011-07-06,10.445966,10.600134,10.378911,10.530085,444626000
2011-07-07,10.617197,10.716881,10.597139,10.692933,399663600
2011-07-08,10.577383,10.776753,10.543256,10.768071,489633200
2011-07-11,10.667192,10.769871,10.561818,10.597142,442674400
2011-07-12,10.58307,10.707303,10.436087,10.589657,451609200
2011-07-13,10.72676,10.776753,10.668385,10.717481,391638800
2011-07-14,10.806989,10.82495,10.667191,10.709998,430533600
2011-07-15,10.811779,10.926432,10.751909,10.924037,484467200
2011-07-18,10.939301,11.215306,10.934811,11.189861,572653200
2011-07-19,11.315591,11.335049,11.175494,11.281166,819145600
2011-07-20,11.858019,11.862509,11.555072,11.582014,941340400
2011-07-21,11.583515,11.676614,11.492212,11.593694,526534400
2011-07-22,11.624526,11.825991,11.607463,11.773604,516728800
2011-07-25,11.685293,11.97417,11.663441,11.929268,589806000
2011-07-26,11.974172,12.108882,11.964593,12.076252,476582400
2011-07-27,11.991834,12.053202,11.739179,11.752351,659324400
2011-07-28,11.723311,11.884064,11.618836,11.729298,594034000
2011-07-29,11.604172,11.828987,11.495207,11.689188,632584400
2011-08-01,11.907715,11.959203,11.745764,11.876882,612836000
2011-08-02,11.903819,11.911303,11.62542,11.642183,639539600
2011-08-03,11.70415,11.781085,11.442516,11.751748,732508000
2011-08-04,11.657156,11.714332,11.296134,11.296733,871407600
2011-08-05,11.388632,11.480235,10.853686,11.184472,1204590800
2011-08-08,10.827344,11.009351,10.567804,10.573492,1143833600
2011-08-09,10.815669,11.214111,10.627076,11.196149,1082583600
2011-08-10,11.110534,11.215308,10.851594,10.887217,878656800
2011-08-11,11.091672,11.239255,10.918047,11.186868,741969200
2011-08-12,11.317685,11.364683,11.202734,11.285356,528976000
2011-08-15,11.364385,11.524241,11.318284,11.477541,460544000
2011-08-16,11.420969,11.47635,11.257521,11.389835,498750000
2011-08-17,11.444613,11.51077,11.315591,11.388634,442061200
2011-08-18,11.101257,11.155441,10.817768,10.957866,851435200
2011-08-19,10.84171,10.986299,10.657009,10.657907,775888400
2011-08-22,10.911759,10.922835,10.629767,10.670179,535315200
2011-08-23,10.785734,11.185073,10.686947,11.183875,656835200
2011-08-24,11.179983,11.344328,11.094068,11.261108,626267600
2011-08-25,10.928824,11.239255,10.926429,11.187467,871346000
2011-08-26,11.11113,11.489215,11.100054,11.48263,641477200
2011-08-29,11.620333,11.71972,11.614946,11.673918,405269200
2011-08-30,11.622431,11.7299,11.561363,11.67452,417922400
2011-08-31,11.69188,11.737083,11.431143,11.520051,522586400
2011-09-01,11.549689,11.59519,11.397018,11.406298,343725200
2011-09-02,11.218,11.315591,11.130889,11.197346,438939200
2011-09-06,10.997377,11.385341,10.970735,11.36768,509698000
2011-09-07,11.541906,11.543104,11.435335,11.493112,350576800
2011-09-08,11.447308,11.633208,11.444614,11.499396,416158400
2011-09-09,11.49311,11.555076,11.226385,11.300027,564813200
2011-09-12,11.165915,11.401805,11.132985,11.373667,467832400
2011-09-13,11.439522,11.561359,11.382944,11.513762,440560400
2011-09-14,11.585609,11.740974,11.547891,11.653862,534724400
2011-09-15,11.717626,11.784382,11.671825,11.763427,417818800
2011-09-16,11.840662,11.989141,11.825395,11.989141,698513200
2011-09-19,11.88436,12.370212,11.830477,12.322315,823860800
2011-09-20,12.430683,12.658492,12.309146,12.3768,775754000
2011-09-21,12.562102,12.620476,12.333395,12.337586,605976000
2011-09-22,12.005003,12.268135,11.875382,12.028651,968480800
2011-09-23,11.982554,12.175937,11.969682,12.102895,546277200
2011-09-26,11.969978,12.093312,11.713731,12.069064,812876400
2011-09-27,12.235506,12.251072,11.916095,11.952018,632497600
2011-09-28,11.979856,12.086127,11.869694,11.884663,429637600
2011-09-29,12.031644,12.040325,11.561357,11.691876,651086800
2011-09-30,11.588599,11.641585,11.410782,11.414973,547640800
2011-10-03,11.386538,11.454491,11.171002,11.213809,669099200
2011-10-04,11.212909,11.429342,10.604323,11.150943,1233677200
2011-10-05,11.012047,11.370074,10.785735,11.323076,786469600
2011-10-06,11.175793,11.518554,11.129992,11.296733,812582400
2011-10-07,11.249136,11.307809,11.030907,11.070122,535458000
2011-10-10,11.348223,11.639194,11.321879,11.639194,442514800
2011-10-11,11.75175,12.069365,11.719719,11.982851,605687600
2011-10-12,12.193897,12.251073,11.978362,12.03973,622286000
2011-10-13,12.123249,12.226527,12.059487,12.226527,426185200
2011-10-14,12.477986,12.632752,12.431286,12.632752,573367200
2011-10-17,12.624965,12.773445,12.451339,12.572578,686044800
2011-10-18,12.625566,12.71687,12.452839,12.639935,881602400
2011-10-19,12.014583,12.226226,11.908312,11.932859,1104059600
2011-10-20,11.974172,11.984649,11.800846,11.833775,549270400
2011-10-21,11.917289,11.948422,11.697263,11.760726,621244400
2011-10-24,11.859817,12.168749,11.836467,12.146897,502138000
2011-10-25,12.124744,12.170246,11.895739,11.907413,430427200
2011-10-26,12.026856,12.050505,11.769112,11.992131,456304800
2011-10-27,12.200482,12.24359,12.030749,12.114568,494664800
2011-10-28,12.063977,12.164261,12.049309,12.122352,322842800
2011-10-31,12.046613,12.253467,12.005601,12.117261,385501200
2011-11-01,11.896635,11.9592,11.771206,11.869693,531790000
2011-11-02,11.976864,11.987341,11.827785,11.896637,327350800
2011-11-03,11.94633,12.075951,11.83527,12.066072,441386400
2011-11-04,12.034937,12.077146,11.949023,11.981353,302229200
2011-11-07,11.971478,11.974171,11.858321,11.966088,270275600
2011-11-08,12.040328,12.213655,12.02087,12.160668,400442000
2011-11-09,11.883467,12.000814,11.801444,11.832876,558684000
2011-11-10,11.885263,11.890651,11.439824,11.531726,744752400
2011-11-11,11.573333,11.635899,11.383243,11.513762,653786000
2011-11-14,11.480833,11.532622,11.321577,11.353309,432905200
2011-11-15,11.399408,11.659846,11.358995,11.63979,430810800
2011-11-16,11.652364,11.708942,11.504782,11.518253,349210400
2011-11-17,11.494606,11.512567,11.240754,11.297931,479900400
2011-11-18,11.343134,11.375164,11.222194,11.22399,371938000
2011-11-21,11.088084,11.126402,10.953674,11.046474,447980400
2011-11-22,11.106643,11.313497,11.104248,11.270988,409021200
2011-11-23,11.211119,11.250933,10.982711,10.986005,428271200
2011-11-25,11.028813,11.110536,10.876142,10.883626,254760800
2011-11-28,11.146452,11.27727,11.085982,11.259308,346413200
2011-11-29,11.25093,11.340437,11.082095,11.171901,375855200
2011-11-30,11.414082,11.443717,11.324574,11.441322,405938400
2011-12-01,11.451498,11.644881,11.397914,11.61285,387181200
2011-12-02,11.669726,11.783481,11.632307,11.665834,379055600
2011-12-05,11.779292,11.866704,11.686493,11.764923,357210000
2011-12-06,11.749955,11.813419,11.656258,11.703256,283598000
2011-12-07,11.672721,11.702956,11.577825,11.647575,304746400
2011-12-08,11.718222,11.83946,11.6817,11.694572,376356400
2011-12-09,11.760135,11.795758,11.705652,11.783185,296993200
2011-12-12,11.725107,11.791563,11.658351,11.729897,301067200
2011-12-13,11.764624,11.83647,11.588005,11.639194,338928800
2011-12-14,11.576031,11.596387,11.306014,11.381151,406887600
2011-12-15,11.475145,11.487418,11.324869,11.343728,256200000
2011-12-16,11.386238,11.499693,11.362589,11.405995,421478400
2011-12-19,11.449404,11.520651,11.389832,11.441621,235530400
2011-12-20,11.607762,11.857425,11.592795,11.852934,337215200
2011-12-21,11.875085,11.893346,11.734987,11.867901,262948000
2011-12-22,11.884366,11.948129,11.857425,11.930766,202358800
2011-12-23,11.96489,12.081639,11.958903,12.073855,269399200
2011-12-27,12.066971,12.246284,12.064575,12.169649,265076000
2011-12-28,12.180425,12.221137,12.014284,12.0532,228662000
2011-12-29,12.075955,12.14331,11.989442,12.127443,215978000
2011-12-30,12.079242,12.162163,12.078644,12.123846,179662000
2012-01-03,12.255564,12.348363,12.243589,12.310345,302220800
2012-01-04,12.273522,12.413621,12.251969,12.3765,260022000
2012-01-05,12.421707,12.529473,12.353453,12.513907,271269600
2012-01-06,12.565995,12.655202,12.54953,12.644725,318292800
2012-01-09,12.737526,12.80488,12.613293,12.624669,394024400
2012-01-10,12.749796,12.752491,12.61778,12.669868,258196400
2012-01-11,12.653106,12.658196,12.552224,12.649215,215084800
2012-01-12,12.641133,12.659693,12.535461,12.614491,212587200
2012-01-13,12.563899,12.58635,12.532766,12.567191,226021600
2012-01-17,12.698606,12.752192,12.661486,12.713574,242897200
2012-01-18,12.781228,12.856366,12.761471,12.84559,276791200
2012-01-19,12.876722,12.913243,12.767757,12.804877,261738400
2012-01-20,12.797093,12.797392,12.565392,12.581857,413974400
2012-01-23,12.652806,12.825833,12.64173,12.7947,306062400
2012-01-24,12.725554,12.725554,12.559412,12.585156,547638000
2012-01-25,13.603853,13.604152,13.283245,13.370955,958314000
2012-01-26,13.421848,13.434719,13.265586,13.310189,323985200
2012-01-27,13.301509,13.425442,13.284447,13.38952,299709200
2012-01-30,13.342519,13.58769,13.33294,13.561048,379341200
2012-01-31,13.638279,13.717608,13.562842,13.664922,391683600
2012-02-01,13.722698,13.74006,13.637083,13.65624,270046000
2012-02-02,13.647564,13.685581,13.590088,13.624214,186796400
2012-02-03,13.689469,13.770294,13.637381,13.760715,286599600
2012-02-06,13.721799,13.919372,13.716411,13.889137,249412800
2012-02-07,13.927458,14.062168,13.9074,14.034627,316223600
2012-02-08,14.084617,14.27291,14.060668,14.269618,407890000
2012-02-09,14.391755,14.870423,14.385768,14.763254,884214800
2012-02-10,14.697101,14.89647,14.624955,14.770741,631302000
2012-02-13,14.953642,15.082365,14.880599,15.045545,517216000
2012-02-14,15.107209,15.253892,15.027582,15.250899,460398400
2012-02-15,15.394602,15.754724,14.874623,14.897974,1506120000
2012-02-16,14.71326,15.114095,14.567474,15.033868,944552000
2012-02-17,15.06081,15.20031,14.976692,15.031175,535805200
2012-02-21,15.173673,15.412259,15.091051,15.412259,605595200
2012-02-22,15.359269,15.431413,15.239227,15.358071,483302400
2012-02-23,15.419137,15.50146,15.252098,15.458352,568027600
2012-02-24,15.556547,15.653238,15.525714,15.63857,415072000
2012-02-27,15.605633,15.820869,15.455059,15.738847,547582000
2012-02-28,15.804703,16.027721,15.741539,16.027721,600387200
2012-02-29,16.211827,16.392936,16.036405,16.238169,952011200
2012-03-01,16.4097,16.410899,16.128307,16.298939,683270000
2012-03-02,16.292055,16.368688,16.240565,16.320194,431712400
2012-03-05,16.327383,16.389049,15.746035,15.960375,809124400
2012-03-06,15.675985,15.976237,15.453266,15.873559,810238800
2012-03-07,16.069337,16.098674,15.665208,15.886432,798520800
2012-03-08,16.006169,16.254634,15.929236,16.224699,516457200
2012-03-09,16.291152,16.396825,16.258223,16.319891,418919200
2012-03-12,16.433951,16.524357,16.374678,16.524357,407282400
2012-03-13,16.690202,17.008714,16.636616,17.006319,690855200
2012-03-14,17.304168,17.80319,17.224837,17.649323,1418844000
2012-03-15,17.94958,17.961555,17.319141,17.528988,1159718000
2012-03-16,17.503846,17.637956,17.30268,17.529291,825487600
2012-03-19,17.912459,18.014239,17.633461,17.994183,901236000
2012-03-20,17.946591,18.167813,17.70621,18.139675,816662000
2012-03-21,18.043277,18.250132,18.003464,18.036093,644042000
2012-03-22,17.894796,18.095963,17.827441,17.941496,623870800
2012-03-23,17.975925,18.01514,17.793618,17.843012,430488800
2012-03-26,17.95497,18.175296,17.819364,18.170206,595742000
2012-03-27,18.146258,18.448605,18.142666,18.394722,607129600
2012-03-28,18.511466,18.603369,18.269888,18.488716,655460400
2012-03-29,18.343834,18.45699,18.177693,18.256422,608238400
2012-03-30,18.223784,18.277369,17.899584,17.947781,731038000
2012-04-02,18.016038,18.523144,17.972631,18.518953,598351600
2012-04-03,18.778492,18.925478,18.635103,18.838963,834559600
2012-04-04,18.690181,18.735384,18.470155,18.688984,572980800
2012-04-05,18.768914,18.998819,18.661746,18.969482,641298000
2012-04-09,18.743465,19.15388,18.718619,19.045813,597536800
2012-04-10,19.156576,19.278413,18.739576,18.812618,889725200
2012-04-11,19.044918,19.064974,18.659947,18.745564,696614800
2012-04-12,18.709642,18.899134,18.574931,18.642885,614336800
2012-04-13,18.683004,18.700667,18.066334,18.117823,859644800
2012-04-16,18.262406,18.268992,17.310162,17.36644,1050786800
2012-04-17,17.330818,18.260611,17.120372,18.251631,1025528000
2012-04-18,18.371969,18.567448,18.042379,18.210917,954531200
2012-04-19,17.967841,18.10285,17.497854,17.585266,834719200
2012-04-20,17.703217,17.800208,17.07577,17.152405,1030985200
2012-04-23,17.08145,17.262859,16.662653,17.114079,966529200
2012-04-24,16.841972,16.994044,16.614163,16.772223,1076149200
2012-04-25,18.429443,18.500091,18.140866,18.260607,905777600
2012-04-26,18.388432,18.401006,18.025017,18.191757,536068400
2012-04-27,18.113026,18.146254,17.97622,18.051058,406722400
2012-04-30,17.895396,17.913357,17.452351,17.481688,506144800
2012-05-01,17.509231,17.864264,17.399368,17.42631,610999200
2012-05-02,17.36973,17.584068,17.328419,17.541559,427389200
2012-05-03,17.676865,17.703807,17.371523,17.417025,390549600
2012-05-04,17.275134,17.313451,16.918603,16.920998,529992400
2012-05-07,16.808744,17.146116,16.800661,17.047628,460118400
2012-05-08,17.050618,17.108094,16.72582,17.008709,497252000
2012-05-09,16.874598,17.182335,16.789282,17.038643,480704000
2012-05-10,17.200296,17.239213,17.016494,17.078758,333200000
2012-05-11,16.913513,17.197002,16.894055,16.964703,399546000
2012-05-14,16.840773,16.988654,16.691995,16.710554,352626400
2012-05-15,16.807244,16.860229,16.516869,16.559378,476336000
2012-05-16,16.585729,16.670746,16.196268,16.347143,560896000
2012-05-17,16.324083,16.389642,15.869365,15.869365,717220000
2012-05-18,15.984321,16.267211,15.631683,15.877152,732292400
2012-05-21,16.000493,16.809946,15.98702,16.802162,631106000
2012-05-22,17.049716,17.179337,16.541713,16.67313,694870400
2012-05-23,16.689,17.147013,16.561177,17.079958,584897600
2012-05-24,17.238916,17.257776,16.800661,16.923098,496230000
2012-05-25,16.901238,16.938957,16.718032,16.832386,328507200
2012-05-29,17.090133,17.182933,16.922795,17.131144,380508800
2012-05-30,17.039247,17.362251,16.960218,17.337704,529429600
2012-05-31,17.384702,17.407453,17.106903,17.294598,491674400
2012-06-01,17.038049,17.142524,16.779407,16.793476,520987600
2012-06-04,16.808746,16.988358,16.419586,16.892265,556995600
2012-06-05,16.801852,16.957517,16.713842,16.848551,388214400
2012-06-06,16.996439,17.178446,16.928485,17.106901,401455600
2012-06-07,17.281424,17.282321,17.078162,17.114683,379766800
2012-06-08,17.111091,17.379912,17.033259,17.372128,347516400
2012-06-11,17.593639,17.616989,17.082043,17.098209,591264800
2012-06-12,17.196702,17.261361,16.964403,17.247591,435380400
2012-06-13,17.198497,17.317041,17.074564,17.12785,293580000
2012-06-14,17.100309,17.167963,16.981167,17.10899,345573200
2012-06-15,17.093131,17.201497,17.049724,17.186829,335255200
2012-06-18,17.091931,17.598736,17.074268,17.535572,440412000
2012-06-19,17.464334,17.661907,17.455353,17.584375,361404400
2012-06-20,17.608323,17.639457,17.386502,17.534384,358943200
2012-06-21,17.525394,17.608614,17.285909,17.292795,326351200
2012-06-22,17.333805,17.428101,17.225439,17.425407,284471600
2012-06-25,17.28172,17.35656,17.074268,17.086243,304382400
2012-06-26,17.103006,17.197603,16.983265,17.123962,276536400
2012-06-27,17.212864,17.264952,17.120664,17.197897,202997200
2012-06-28,17.113189,17.182939,16.931781,17.034758,282836400
2012-06-29,17.302679,17.482292,17.190421,17.482292,421500800
2012-07-02,17.504145,17.765779,17.470317,17.737341,400092000
2012-07-03,17.807987,17.961257,17.781645,17.943594,241712800
2012-07-05,17.978021,18.390531,17.95078,18.258816,484383200
2012-07-06,18.173496,18.213909,18.008553,18.137274,418930400
2012-07-09,18.119915,18.377359,18.084292,18.37706,379405600
2012-07-10,18.4992,18.556078,18.120217,18.207031,511957600
2012-07-11,18.144458,18.190559,17.878034,18.093868,469322000
2012-07-12,17.968439,18.06513,17.742127,17.928326,428041600
2012-07-13,18.049574,18.176498,17.961264,18.110043,311427200
2012-07-16,18.11452,18.309099,18.111525,18.168104,301260400
2012-07-17,18.284261,18.305516,18.055553,18.16901,293624800
2012-07-18,18.158535,18.210922,18.06783,18.148657,252700000
2012-07-19,18.298927,18.420764,18.140867,18.389931,436861600
2012-07-20,18.351309,18.393518,18.072012,18.089973,397471200
2012-07-23,17.793621,18.137879,17.593353,18.075912,487975600
2012-07-24,18.182176,18.251028,17.916649,17.988794,565132400
2012-07-25,17.196705,17.386494,17.063192,17.211971,877312800
2012-07-26,17.355365,17.374524,17.073974,17.209282,406632800
2012-07-27,17.213168,17.537069,17.110789,17.517012,403936400
2012-07-30,17.689442,17.944492,17.596641,17.812477,379142400
2012-07-31,18.05795,18.311504,18.042683,18.283363,462327600
2012-08-01,18.437534,18.452202,18.051066,18.165121,384501600
2012-08-02,18.046279,18.28127,17.968745,18.194458,332158400
2012-08-03,18.369275,18.499495,18.307309,18.431242,344920800
2012-08-06,18.478838,18.705749,18.41807,18.636299,302103200
2012-08-07,18.642887,18.709643,18.501292,18.587208,290446800
2012-08-08,18.541704,18.676115,18.473153,18.555775,244706000
2012-08-09,18.575012,18.691661,18.573509,18.661596,221642400
2012-08-10,18.600871,18.692565,18.600571,18.690762,194938800
2012-08-13,18.741574,18.940296,18.737364,18.940296,278832400
2012-08-14,18.996505,19.199137,18.946599,18.991093,340169200
2012-08-15,18.979377,19.060549,18.87265,18.965246,257342400
2012-08-16,18.976668,19.143522,18.955321,19.130896,254534000
2012-08-17,19.240931,19.487154,19.205155,19.484749,442761200
2012-08-20,19.541868,19.997036,19.53856,19.997036,613384800
2012-08-21,20.167505,20.289565,19.551494,19.723761,812719600
2012-08-22,19.674446,20.112778,19.484742,20.10887,565322800
2012-08-23,20.025896,20.139838,19.876779,19.921274,420128800
2012-08-24,19.827477,20.127215,19.708425,19.939014,437340400
2012-08-27,20.443186,20.469643,20.249274,20.313612,427008400
2012-08-28,20.29257,20.326242,20.162994,20.287159,267416800
2012-08-29,20.300684,20.373438,20.221014,20.247169,202806800
2012-08-30,20.162089,20.189447,19.92789,19.958555,302699600
2012-08-31,20.06018,20.100766,19.75954,19.999752,338321200
2012-09-04,20.015371,20.29737,19.97749,20.292259,367892000
2012-09-05,20.31031,20.33376,20.130828,20.149769,336375200
2012-09-06,20.23815,20.392078,20.166899,20.331348,391196400
2012-09-07,20.384864,20.518049,20.316319,20.456718,329666400
2012-09-10,20.457022,20.542402,19.905348,19.924589,487998000
2012-09-11,19.995836,20.145854,19.736985,19.859947,503983200
2012-09-12,20.048148,20.139843,19.721955,20.136536,712233200
2012-09-13,20.364428,20.608848,20.286261,20.533087,598360000
2012-09-14,20.742926,20.953974,20.680692,20.78261,600474000
2012-09-17,21.025224,21.038753,20.882722,21.038153,398031200
2012-09-18,21.041162,21.114818,20.937141,21.102192,373503200
2012-09-19,21.052583,21.164721,21.031839,21.107901,326874800
2012-09-20,21.019517,21.046576,20.852963,21.005688,336568400
2012-09-21,21.11722,21.19719,21.025525,21.047472,571589200
2012-09-24,20.649729,20.898057,20.533682,20.767879,639766400
2012-09-25,20.691821,20.827712,20.233045,20.249281,518789600
2012-09-26,20.104971,20.223723,19.878289,19.997944,576503200
2012-09-27,19.971185,20.508728,19.852733,20.483173,594090000
2012-09-28,20.405907,20.476858,20.045139,20.055662,535110800
2012-10-01,20.177722,20.345781,19.736985,19.82387,543594800
2012-10-02,19.896623,20.033114,19.56111,19.881592,627992400
2012-10-03,19.98832,20.198767,19.921277,20.18644,424281200
2012-10-04,20.180426,20.270619,20.009064,20.046642,370725600
2012-10-05,19.998541,20.022591,19.580051,19.619434,594006000
2012-10-08,19.447768,19.468212,19.123979,19.185911,637994000
2012-10-09,19.200343,19.25566,18.746377,19.116163,838597200
2012-10-10,19.233112,19.390648,19.150738,19.268288,510356000
2012-10-11,19.436343,19.457388,18.883165,18.883165,546081200
2012-10-12,18.92706,19.102032,18.798989,18.93157,460014800
2012-10-15,19.010939,19.094517,18.755396,19.083393,432502000
2012-10-16,19.101734,19.550589,18.970353,19.535255,549771600
2012-10-17,19.507597,19.625447,19.361185,19.379524,389037600
2012-10-18,19.228604,19.302861,18.94029,19.019659,476624400
2012-10-19,18.971864,18.993509,18.327593,18.334208,744086000
2012-10-22,18.411767,19.102035,18.36186,19.061449,546730800
2012-10-23,18.970347,19.057533,18.390115,18.44002,707145600
2012-10-24,18.682936,18.836562,18.358244,18.54434,558527200
2012-10-25,18.639653,18.699782,18.205229,18.325184,656325600
2012-10-26,18.321869,18.459263,17.767792,18.158623,1018432800
2012-10-31,17.884442,18.097295,17.668584,17.897671,510003200
2012-11-01,17.984862,18.128567,17.863104,17.934355,361298000
2012-11-02,17.914816,17.946683,17.279264,17.340895,599373600
2012-11-05,17.542915,17.670686,17.364935,17.575985,529135600
2012-11-06,17.744647,17.759979,17.439799,17.522774,374917200
2012-11-07,17.330702,17.351842,16.78436,16.852314,793648800
2012-11-08,16.931741,16.980064,16.166442,16.240736,1056146000
2012-11-09,16.321373,16.758083,16.119024,16.52191,929913600
2012-11-12,16.736038,16.746609,16.267918,16.394159,515802000
2012-11-13,16.275764,16.625192,16.19875,16.396267,532949200
2012-11-14,16.474792,16.533684,16.193316,16.214457,477170400
2012-11-15,16.234083,16.293579,15.783783,15.874386,789910800
2012-11-16,15.861712,16.006678,15.274297,15.936611,1266893600
2012-11-19,16.330131,17.139223,16.305065,17.085768,823317600
2012-11-20,17.272406,17.273614,16.749018,16.940191,642754000
2012-11-21,17.04107,17.135297,16.810028,16.964056,373002000
2012-11-23,17.129252,17.275125,16.991233,17.260023,272826400
2012-11-26,17.392907,17.818744,17.326766,17.80455,630579600
2012-11-27,17.80516,17.831436,17.519758,17.6611,533330000
2012-11-28,17.43428,17.691897,17.282972,17.605522,520864400
2012-11-29,17.825392,17.947101,17.675292,17.799417,514698800
2012-11-30,17.721803,17.770427,17.597675,17.676199,391319600
2012-12-03,17.928986,17.957376,17.682845,17.703684,364280000
2012-12-04,17.571099,17.571099,17.279053,17.391401,557068400
2012-12-05,17.181805,17.192072,16.271538,16.272142,1044638000
2012-12-06,15.974664,16.710667,15.663287,16.527348,1177212400
2012-12-07,16.713383,16.767745,16.006674,16.104828,787040800
2012-12-10,15.855665,16.263684,15.752377,16.001236,630484400
2012-12-11,16.301738,16.597409,16.229255,16.350664,592345600
2012-12-12,16.543345,16.550292,16.196031,16.278481,487144000
2012-12-13,16.041408,16.237415,15.87983,15.997313,625259600
2012-12-14,15.546101,15.648181,15.269156,15.396302,1009579200
2012-12-17,15.370338,15.704667,15.137789,15.669331,757607200
2012-12-18,15.855667,16.154659,15.71221,16.124458,625685200
2012-12-19,16.051064,16.118414,15.870762,15.895226,449369200
2012-12-20,16.00667,16.01271,15.670832,15.756906,481689600
2012-12-21,15.477243,15.694692,15.409894,15.684424,596268400
2012-12-24,15.715231,15.833015,15.6657,15.709794,175753200
2012-12-26,15.674453,15.688347,15.436468,15.493246,302436400
2012-12-27,15.509563,15.591409,15.241376,15.55547,455120400
2012-12-28,15.41141,15.537953,15.345872,15.390267,354278400
2012-12-31,15.418653,16.16976,15.372446,16.072208,659492400
2013-01-02,16.726064,16.761702,16.357912,16.5814,560518000
2013-01-03,16.546668,16.600728,16.338883,16.372105,352965200
2013-01-04,16.217172,16.267306,15.880729,15.916065,594333600
2013-01-07,15.765063,15.985532,15.559694,15.822446,484156400
2013-01-08,15.98281,16.063749,15.742409,15.865025,458707200
2013-01-09,15.780158,15.855963,15.583548,15.617072,407604400
2013-01-10,15.962887,15.968021,15.569364,15.810674,601146000
2013-01-11,15.73486,15.865329,15.675061,15.713719,350506800
2013-01-14,15.181578,15.327149,15.055639,15.153492,734207600
2013-01-15,15.049292,15.070131,14.598689,14.675401,876772400
2013-01-16,14.938757,15.385737,14.874127,15.284561,690804800
2013-01-17,15.412011,15.4253,15.161946,15.181575,453678400
2013-01-18,15.055939,15.167683,14.991912,15.100637,472922800
2013-01-22,15.238352,15.338619,14.998855,15.244694,461546400
2013-01-23,15.366701,15.553346,15.244689,15.523748,861509600
2013-01-24,13.892581,14.065635,13.598118,13.60567,1460852400
2013-01-25,13.641613,13.778725,13.137553,13.284935,1208026400
2013-01-28,13.223023,13.687518,13.163526,13.585438,785517600
2013-01-29,13.847283,13.898625,13.654598,13.840336,571158000
2013-01-30,13.801984,13.971112,13.726482,13.79685,417155200
2013-01-31,13.801376,13.870838,13.740974,13.756375,319334400
2013-02-01,13.865706,13.87688,13.540741,13.699901,539484400
2013-02-04,13.708657,13.769965,13.34896,13.358624,477117200
2013-02-05,13.410878,13.884736,13.355609,13.827353,573347600
2013-02-06,13.785976,14.088894,13.668492,13.812553,593706400
2013-02-07,14.072275,14.27732,13.794929,14.223249,704580800
2013-02-08,14.398838,14.544953,14.224168,14.428608,633158400
2013-02-11,14.474773,14.731159,14.376049,14.578967,517490400
2013-02-12,14.566206,14.65339,14.208666,14.213527,609053200
2013-02-13,14.192568,14.387893,14.071362,14.186492,475207600
2013-02-14,14.110857,14.327144,14.095669,14.173738,355275200
2013-02-15,14.24239,14.282186,13.971122,13.978413,391745200
2013-02-19,14.006966,14.05648,13.786731,13.973246,435783600
2013-02-20,13.903378,13.903378,13.633323,13.634843,476302400
2013-02-21,13.548272,13.644569,13.451672,13.550095,447182400
2013-02-22,13.646997,13.718382,13.566496,13.694385,330654800
2013-02-25,13.786728,13.825307,13.444072,13.451059,372579200
2013-02-26,13.482047,13.71656,13.294923,13.638491,501499600
2013-02-27,13.622086,13.7439,13.385752,13.50483,587350400
2013-02-28,13.489032,13.605072,13.408532,13.408532,322515200
2013-03-01,13.305248,13.310716,13.061623,13.076508,552448400
2013-03-04,12.995403,13.007555,12.728084,12.75998,582755600
2013-03-05,12.803422,13.219894,12.781246,13.096866,638433600
2013-03-06,13.199236,13.221716,12.893033,12.930397,460250000
2013-03-07,12.895156,13.12329,12.790658,13.07985,468473600
2013-03-08,13.056153,13.227177,13.020004,13.114477,391482000
2013-03-11,13.054637,13.335931,12.914597,13.3013,474236000
2013-03-12,13.232345,13.331983,12.988415,13.01454,465911600
2013-03-13,13.015146,13.198927,12.92128,13.012107,405549200
2013-03-14,13.148199,13.203181,13.075901,13.138175,303875600
2013-03-15,13.303125,13.494502,13.282468,13.477187,643960800
2013-03-18,13.410053,13.896393,13.402459,13.843537,606197200
2013-03-19,13.958361,14.003017,13.624211,13.806172,526775200
2013-03-20,13.89518,13.901559,13.657324,13.732964,308660800
2013-03-21,13.676461,13.912187,13.672815,13.752707,383255600
2013-03-22,13.808902,14.037338,13.764248,14.031568,395105200
2013-03-25,14.116019,14.275805,14.027622,14.082301,501135600
2013-03-26,14.138804,14.150955,13.989652,14.008183,294294000
2013-03-27,13.866017,13.876344,13.691955,13.732964,331237200
2013-03-28,13.664313,13.725068,13.415219,13.446812,442839600
2013-04-01,13.42372,13.4784,12.993578,13.029119,389732000
2013-04-02,12.989328,13.309504,12.952875,13.055854,529519200
2013-04-03,13.103848,13.283378,13.071648,13.122683,363216000
2013-04-04,13.176449,13.214116,12.917938,12.99297,358447600
2013-04-05,12.895159,12.908829,12.74874,12.855669,383695200
2013-04-08,12.905791,12.986291,12.834102,12.947104,300829200
2013-04-09,12.951657,13.016663,12.841994,12.97049,306614000
2013-04-10,13.004514,13.276695,12.941026,13.235078,375928000
2013-04-11,13.175236,13.304947,13.098685,13.193767,328364400
2013-04-12,13.188298,13.188298,13.034589,13.056157,238613200
2013-04-15,12.971099,12.998135,12.744788,12.753901,317520000
2013-04-16,12.806153,12.959254,12.775776,12.948015,305771200
2013-04-17,12.766662,12.776687,12.093501,12.23597,945056000
2013-04-18,12.302495,12.326797,11.839241,11.909413,666299200
2013-04-19,11.785475,12.138763,11.698292,11.863241,609274400
2013-04-22,11.927335,12.217743,11.885719,12.11051,429920400
2013-04-23,12.272116,12.405472,12.114761,12.337124,664238400
2013-04-24,11.954678,12.614168,11.923085,12.316774,969651200
2013-04-25,12.492052,12.574374,12.363556,12.405477,384837600
2013-04-26,12.448916,12.721096,12.401527,12.673404,764097600
2013-04-29,12.77213,13.172199,12.75846,13.065879,640326400
2013-04-30,13.217157,13.525486,13.125113,13.450454,691538400
2013-05-01,13.501487,13.515764,13.195589,13.344437,506909200
2013-05-02,13.420077,13.626946,13.385144,13.533689,421828400
2013-05-03,13.709573,13.767899,13.643958,13.669172,361300800
2013-05-06,13.843234,14.040383,13.800706,13.995122,496641600
2013-05-07,14.124524,14.148218,13.782172,13.932843,483753200
2013-05-08,13.944385,14.136674,13.846267,14.090196,472598000
2013-05-09,14.060232,14.157777,13.930886,13.967274,398487600
2013-05-10,14.003968,14.057175,13.774936,13.851076,334852000
2013-05-13,13.806431,14.001826,13.806125,13.905198,316948800
2013-05-14,13.877983,13.919263,13.520215,13.572505,447118000
2013-05-15,13.428788,13.485052,12.915072,13.113524,741613600
2013-05-16,12.941983,13.388733,12.809273,13.288741,603204000
2013-05-17,13.425424,13.457225,13.179574,13.248375,427904400
2013-05-20,13.207098,13.631832,13.151751,13.544072,451578400
2013-05-21,13.397905,13.622044,13.277121,13.444078,456022000
2013-05-22,13.578318,13.709805,13.400046,13.495756,443038400
2013-05-23,13.330634,13.642839,13.325741,13.519914,353021200
2013-05-24,13.480468,13.62755,13.465485,13.611955,276166800
2013-05-28,13.757203,13.794202,13.480469,13.498509,386145200
2013-05-29,13.454473,13.683811,13.436126,13.605836,330576400
2013-05-30,13.627244,13.897863,13.592384,13.808574,353519600
2013-05-31,13.836701,13.977363,13.744967,13.752001,384302800
2013-06-03,13.782583,13.832426,13.530312,13.782278,372352400
2013-06-04,13.858718,13.895718,13.680447,13.739157,292728800
2013-06-05,13.627243,13.782276,13.567921,13.610731,290589600
2013-06-06,13.621741,13.668525,13.272536,13.407386,416934000
2013-06-07,13.347451,13.553549,13.233393,13.509822,404535600
2013-06-10,13.599113,13.732128,13.356627,13.420535,450153200
2013-06-11,13.324209,13.538868,13.250208,13.381083,286112400
2013-06-12,13.439189,13.492701,13.194561,13.21566,265227200
2013-06-13,13.225138,13.367021,13.110469,13.330938,285832400
2013-06-14,13.313815,13.34103,13.102824,13.150221,271866000
2013-06-17,13.192726,13.322989,13.159701,13.209849,259414400
2013-06-18,13.196393,13.298524,13.155112,13.202814,195025600
2013-06-19,13.191503,13.199454,12.934646,12.934646,310940000
2013-06-20,12.821504,13.025766,12.695215,12.746281,357310800
2013-06-21,12.796733,12.842907,12.479024,12.644147,481118400
2013-06-24,12.457622,12.496151,12.171714,12.309011,480746000
2013-06-25,12.405638,12.469547,12.195565,12.311763,314162800
2013-06-26,12.350597,12.377812,12.098632,12.172326,367724000
2013-06-27,12.208407,12.273844,12.033804,12.041142,337246000
2013-06-28,11.967144,12.239596,11.891003,12.125234,578516400
2013-07-01,12.313598,12.606539,12.268647,12.513274,391053600
2013-07-02,12.535901,12.89275,12.520918,12.796734,469865200
2013-07-03,12.869207,12.934034,12.764936,12.867373,240928800
2013-07-05,12.854835,12.943512,12.70072,12.764016,274024800
2013-07-08,12.846268,12.873482,12.556996,12.691541,298138400
2013-07-09,12.647206,12.949931,12.548744,12.914766,352584400
2013-07-10,12.830676,12.989683,12.789395,12.865229,281405600
2013-07-11,12.933115,13.09518,12.878686,13.065825,326292400
2013-07-12,13.076829,13.142266,12.947177,13.041969,279563200
2013-07-15,12.996106,13.193335,12.989684,13.07041,241917200
2013-07-16,13.042281,13.170404,12.970422,13.15481,216538000
2013-07-17,13.139518,13.216575,13.094262,13.15817,198990400
2013-07-18,13.252046,13.297608,13.167345,13.20251,218878800
2013-07-19,13.243489,13.270398,12.975929,12.994276,268721600
2013-07-22,13.13218,13.141048,13.010173,13.035858,207796400
2013-07-23,13.02638,13.055735,12.803464,12.812026,369395600
2013-07-24,13.421756,13.594829,13.309534,13.47007,591936800
2013-07-25,13.475882,13.497287,13.326354,13.408609,229493600
2013-07-26,13.310757,13.486276,13.281402,13.484748,200152400
2013-07-29,13.478936,13.759952,13.46059,13.692679,248057600
2013-07-30,13.759033,13.978892,13.736711,13.861777,309422400
2013-07-31,13.912843,13.984701,13.742827,13.83762,322957600
2013-08-01,13.936087,13.968193,13.859945,13.964523,206250800
2013-08-02,14.005191,14.15319,13.96391,14.14371,274783600
2013-08-05,14.209455,14.392314,14.131787,14.355008,318855600
2013-08-06,14.311281,14.429619,14.132397,14.226579,334857600
2013-08-07,14.182239,14.280091,14.120165,14.218322,298858000
2013-08-08,14.277726,14.285114,14.095814,14.190002,255777200
2013-08-09,14.117058,14.173079,13.963465,13.988089,266865200
2013-08-12,14.062268,14.425166,14.055188,14.385461,364434000
2013-08-13,14.495655,15.225763,14.406699,15.069092,881941200
2013-08-14,15.324876,15.520946,15.186981,15.34396,756372400
2013-08-15,15.279932,15.463998,15.054004,15.325793,490294000
2013-08-16,15.394748,15.480625,15.355042,15.461849,362306000
2013-08-19,15.523708,15.813042,15.513243,15.628362,510518400
2013-08-20,15.689006,15.715477,15.415368,15.423063,358688400
2013-08-21,15.500631,15.610208,15.427065,15.462771,335879600
2013-08-22,15.543418,15.562194,15.334727,15.481241,244207600
2013-08-23,15.490778,15.493241,15.37012,15.421523,222731600
2013-08-26,15.413212,15.704086,15.405517,15.481544,330965600
2013-08-27,15.328567,15.467388,14.968439,15.038925,424188800
2013-08-28,14.959201,15.260848,14.959201,15.110023,307608000
2013-08-29,15.133115,15.282399,15.117109,15.134654,239657600
2013-08-30,15.143884,15.173124,14.974592,14.996755,272297200
2013-09-03,15.177748,15.408599,15.000762,15.038621,331928800
2013-09-04,15.376585,15.459076,15.275625,15.349805,345032800
2013-09-05,15.397822,15.411058,15.194364,15.244535,236367600
2013-09-06,15.342112,15.371044,15.080787,15.33534,359525600
2013-09-09,15.544027,15.633905,15.497241,15.58004,340687200
2013-09-10,15.58096,15.619436,15.066931,15.225141,743195600
2013-09-11,14.374683,14.580295,14.306967,14.396231,898696400
2013-09-12,14.42055,14.632933,14.343906,14.54952,404051200
2013-09-13,14.446403,14.523046,14.303585,14.309739,298835600
2013-09-16,14.189697,14.208471,13.765545,13.854807,543706800
2013-09-17,13.788322,14.14999,13.774164,14.014865,399380800
2013-09-18,14.256799,14.354373,14.179233,14.30297,456862000
2013-09-19,14.48827,14.646172,14.443638,14.537518,404541200
2013-09-20,14.712958,14.729886,14.343595,14.386995,699302800
2013-09-23,15.270078,15.29501,14.854544,15.102018,762106800
2013-09-24,15.232532,15.250691,15.015224,15.054622,364344400
2013-09-25,15.057701,15.071243,14.818538,14.821615,316957200
2013-09-26,14.959206,15.038002,14.894567,14.965977,237221600
2013-09-27,14.890872,14.918267,14.796685,14.859169,228040400
2013-09-30,14.689878,14.825618,14.602461,14.674488,260156400
2013-10-01,14.726808,15.055849,14.724653,15.019528,353883600
2013-10-02,14.947813,15.137726,14.889946,15.068778,289184000
2013-10-03,15.098019,15.154656,14.797298,14.87948,322753200
2013-10-04,14.893335,14.916112,14.731432,14.867788,258868400
2013-10-07,14.976445,15.163896,14.9392,15.013073,312292400
2013-10-08,15.08048,15.102027,14.791147,14.803459,290917200
2013-10-09,14.917345,15.014302,14.721583,14.977366,301725200
2013-10-10,15.122951,15.155576,14.99121,15.071239,278602800
2013-10-11,14.989676,15.200521,14.933349,15.168818,267738800
2013-10-14,15.077092,15.315638,15.062317,15.268236,261898000
2013-10-15,15.313483,15.451687,15.252231,15.349496,320073600
2013-10-16,15.414441,15.467999,15.366424,15.424291,251101200
2013-10-17,15.389513,15.537258,15.38028,15.52864,253593200
2013-10-18,15.574502,15.675153,15.565883,15.663764,290542000
2013-10-21,15.752407,16.138084,15.744712,16.04759,398106800
2013-10-22,16.203041,16.265833,15.637299,16.001738,534063600
2013-10-23,15.974954,16.18026,15.974954,16.158405,313723200
2013-10-24,16.159638,16.389567,16.081149,16.37233,384764800
2013-10-25,16.354163,16.412954,16.163019,16.189182,337792000
2013-10-28,16.283991,16.344322,16.104542,16.309847,550440800
2013-10-29,16.50652,16.598245,15.837665,15.903534,635807200
2013-10-30,15.993724,16.237195,15.914002,16.156551,354163600
2013-10-31,16.159632,16.236275,16.044821,16.088837,275696400
2013-11-01,16.129472,16.15348,15.877689,16.006659,274890000
2013-11-04,16.039592,16.215656,15.969106,16.213501,244627600
2013-11-05,16.146709,16.279372,16.098075,16.173487,265213200
2013-11-06,16.227661,16.249643,16.043449,16.127661,223375600
2013-11-07,16.08618,16.197944,15.863268,15.866673,262620400
2013-11-08,15.931379,16.134167,15.869769,16.11652,279316800
2013-11-11,16.098877,16.150889,15.92612,16.069775,227452400
2013-11-12,16.027044,16.220544,16.006302,16.099491,204276800
2013-11-13,16.037261,16.168842,16.005062,16.118687,197220800
2013-11-14,16.186178,16.386489,16.157075,16.351814,282419200
2013-11-15,16.3029,16.380608,16.238194,16.253674,317920400
2013-11-18,16.253669,16.321781,16.043451,16.056763,244944000
2013-11-19,16.069153,16.203829,16.036336,16.085253,208938800
2013-11-20,16.075341,16.112184,15.923637,15.94438,193916800
2013-11-21,16.024879,16.136645,15.903208,16.134478,262026800
2013-11-22,16.084322,16.166056,16.053672,16.092991,223725600
2013-11-25,16.130764,16.28092,16.130146,16.214975,229311600
2013-11-26,16.226734,16.598873,16.22302,16.514042,401382800
2013-11-27,16.604139,16.904141,16.514045,16.902903,363448400
2013-11-29,17.011878,17.285873,16.960175,17.215904,318127600
2013-12-02,17.275654,17.471629,17.053362,17.066055,472544800
2013-12-03,17.284948,17.535105,17.265753,17.533247,450968000
2013-12-04,17.507858,17.622101,17.362965,17.492378,377809600
2013-12-05,17.729229,17.806319,17.536039,17.582169,447580000
2013-12-06,17.516835,17.546557,17.324266,17.338196,344352400
2013-12-09,17.365445,17.634177,17.365445,17.536654,320493600
2013-12-10,17.448418,17.581547,17.374733,17.509409,278269600
2013-12-11,17.554295,17.677207,17.327979,17.379681,359718800
2013-12-12,17.40384,17.502911,17.338515,17.354303,262290000
2013-12-13,17.425816,17.426745,17.141604,17.165133,332822000
2013-12-16,17.1834,17.419315,17.183091,17.26018,282592800
2013-12-17,17.207861,17.320245,17.132628,17.182474,229902400
2013-12-18,17.018688,17.072868,16.681225,17.051815,565863200
2013-12-19,17.012505,17.027984,16.833865,16.856466,320308800
2013-12-20,16.886493,17.077826,16.867607,16.997639,436413600
2013-12-23,17.585254,17.669465,17.423025,17.649961,501306400
2013-12-24,17.643783,17.705393,17.524277,17.575052,167554800
2013-12-26,17.588354,17.631699,17.442223,17.458323,204008000
2013-12-27,17.455846,17.474111,17.322099,17.340364,225884400
2013-12-30,17.258948,17.340372,17.099813,17.167925,253629600
2013-12-31,17.157084,17.377209,17.15182,17.36916,223084400
2014-01-02,17.203834,17.24563,17.09052,17.124886,234684800
2014-01-03,17.116529,17.142534,16.731695,16.748724,392467600
2014-01-06,16.639439,16.928914,16.520242,16.840059,412610800
2014-01-07,16.852128,16.902902,16.653985,16.71962,317209200
2014-01-08,16.681539,16.890519,16.677826,16.825504,258529600
2014-01-09,16.928915,16.930773,16.574424,16.610647,279148800
2014-01-10,16.713117,16.743149,16.443147,16.499804,304976000
2014-01-13,16.405989,16.795774,16.40506,16.586176,378492800
2014-01-14,16.663269,16.926738,16.645931,16.916212,332561600
2014-01-15,17.13696,17.343773,17.079374,17.255846,391638800
2014-01-16,17.179683,17.240055,17.079991,17.159559,229278000
2014-01-17,17.073798,17.092064,16.715281,16.73912,426739600
2014-01-21,16.749036,17.030152,16.731389,16.999193,328526800
2014-01-22,17.056157,17.253681,16.960182,17.074734,379985200
2014-01-23,17.026119,17.229216,16.867295,17.219309,403239200
2014-01-24,17.15182,17.201976,16.865441,16.906309,429354800
2014-01-27,17.030143,17.176584,16.896397,17.043455,554878800
2014-01-28,15.751193,15.944383,15.54407,15.681225,1065523200
2014-01-29,15.602273,15.708156,15.437256,15.503201,502810000
2014-01-30,15.558624,15.681227,15.377819,15.473174,678501600
2014-01-31,15.33076,15.527356,15.280295,15.498563,464797200
2014-02-03,15.560793,15.719308,15.458316,15.527355,401464000
2014-02-04,15.661094,15.77286,15.565428,15.752116,376681200
2014-02-05,15.683082,15.953052,15.673483,15.86977,328344800
2014-02-06,15.885967,15.993108,15.815889,15.962273,257765200
2014-02-07,16.238536,16.286811,16.113956,16.185589,370280400
2014-02-10,16.153813,16.56898,16.133257,16.475544,345559200
2014-02-11,16.525995,16.748372,16.491423,16.692623,282256800
2014-02-12,16.723466,16.804755,16.607917,16.691385,308100800
2014-02-13,16.652138,16.969509,16.637811,16.956429,307398000
2014-02-14,16.895384,17.004705,16.856143,16.942724,272924400
2014-02-18,17.005325,17.166969,16.993178,17.005014,260251600
2014-02-19,16.966393,17.033045,16.642483,16.736542,313768000
2014-02-20,16.600125,16.725018,16.475855,16.542818,305858000
2014-02-21,16.593895,16.649334,16.338816,16.35906,278784800
2014-02-24,16.293659,16.504512,16.270923,16.430696,288909600
2014-02-25,16.487696,16.493612,16.226698,16.259712,231952000
2014-02-26,16.307984,16.351276,16.05851,16.113014,276217200
2014-02-27,16.106476,16.469008,16.072528,16.434437,301882000
2014-02-28,16.478355,16.59266,16.261584,16.389904,371968800
2014-03-03,16.302068,16.527249,16.283069,16.437239,238781200
2014-03-04,16.53815,16.589228,16.43755,16.545624,259140000
2014-03-05,16.535651,16.654936,16.479899,16.5805,200062800
2014-03-06,16.593894,16.645284,16.447823,16.530357,185488800
2014-03-07,16.540949,16.568668,16.383976,16.520704,220729600
2014-03-10,16.455926,16.610718,16.455302,16.535658,178584000
2014-03-11,16.676748,16.779215,16.587672,16.69668,279224400
2014-03-12,16.647466,16.735917,16.56929,16.71287,199326400
2014-03-13,16.738725,16.807867,16.480841,16.527248,257742800
2014-03-14,16.469312,16.534718,16.288981,16.341618,237199200
2014-03-17,16.43537,16.506069,16.37775,16.40547,199544800
2014-03-18,16.379303,16.568355,16.357502,16.550602,209647200
2014-03-19,16.577395,16.701352,16.47586,16.546249,224756000
2014-03-20,16.503577,16.590162,16.424469,16.466515,208398400
2014-03-21,16.567108,16.623793,16.392695,16.596384,374046400
2014-03-24,16.769244,16.834026,16.664595,16.793226,355700800
2014-03-25,16.865172,16.997538,16.805682,16.973867,282293200
2014-03-26,17.021522,17.098762,16.782949,16.811602,299768000
2014-03-27,16.819081,16.865178,16.66647,16.739349,222031600
2014-03-28,16.766128,16.785437,16.639366,16.720655,200564000
2014-03-31,16.794476,16.843686,16.691695,16.716925,168669200
2014-04-01,16.748687,16.876695,16.717853,16.869843,200760000
2014-04-02,16.892582,16.926842,16.826554,16.897877,180420800
2014-04-03,16.861745,16.896316,16.744951,16.780767,162344000
2014-04-04,16.812542,16.818459,16.525071,16.56369,275251200
2014-04-07,16.445338,16.535037,16.254419,16.303627,289850400
2014-04-08,16.357193,16.386158,16.155059,16.302689,243888400
2014-04-09,16.277772,16.522262,16.258462,16.516968,206169600
2014-04-10,16.528177,16.576764,16.294277,16.303932,239652000
2014-04-11,16.164401,16.283689,16.106472,16.183401,271717600
2014-04-14,16.254725,16.262822,16.108654,16.247873,205674000
2014-04-15,16.203961,16.246629,15.925522,16.132015,266490000
2014-04-16,16.134818,16.229501,16.01304,16.164719,214765600
2014-04-17,16.195546,16.437234,16.17063,16.349403,284334400
2014-04-21,16.361862,16.573649,16.318881,16.54344,182548800
2014-04-22,16.454376,16.564008,16.398003,16.559959,202563200
2014-04-23,16.477727,16.542198,16.334146,16.343491,394940000
2014-04-24,17.697063,17.752813,17.464096,17.683359,759911600
2014-04-25,17.582454,17.814797,17.564703,17.813242,390275200
2014-04-28,17.84002,18.554805,17.832233,18.503103,669485600
2014-04-29,18.492198,18.561963,18.360453,18.448282,337377600
2014-04-30,18.457942,18.669419,18.369489,18.378521,456640800
2014-05-01,18.43801,18.525217,18.262352,18.421816,244048000
2014-05-02,18.4486,18.506531,18.366688,18.456074,191514400
2014-05-05,18.380079,18.718317,18.375718,18.71707,287067200
2014-05-06,18.743236,18.824525,18.513073,18.513073,374564400
2014-05-07,18.539227,18.602763,18.305014,18.448282,282864400
2014-05-08,18.423548,18.616475,18.365608,18.415405,230297200
2014-05-09,18.307351,18.360907,18.175496,18.338671,291597600
2014-05-12,18.399736,18.592975,18.396916,18.56698,213208800
2014-05-13,18.540994,18.620544,18.50028,18.596115,159737200
2014-05-14,18.554459,18.710115,18.532848,18.599558,166404000
2014-05-15,18.625553,18.685058,18.416966,18.441395,230846000
2014-05-16,18.435444,18.714186,18.334283,18.71356,276256400
2014-05-19,18.72421,19.021117,18.707924,18.935303,317755200
2014-05-20,18.9328,18.991993,18.814413,18.939064,234836000
2014-05-21,18.9115,19.001386,18.856066,18.989172,196859600
2014-05-22,18.998258,19.100046,18.919961,19.019241,200760000
2014-05-23,19.018611,19.252879,18.994182,19.234087,232209600
2014-05-27,19.288888,19.601454,19.281059,19.594252,348866000
2014-05-28,19.606479,19.725806,19.536324,19.543528,315481600
2014-05-29,19.663786,19.946286,19.661281,19.89962,376474000
2014-05-30,19.981046,20.174912,19.696668,19.825077,564020800
2014-06-02,19.855145,19.882392,19.496226,19.688839,369350800
2014-06-03,19.682891,20.004854,19.676315,19.96727,292709200
2014-06-04,19.964141,20.291427,19.922486,20.195276,335482000
2014-06-05,20.238491,20.337773,20.126055,20.274508,303805600
2014-06-06,20.354373,20.396968,20.18431,20.21876,349938400
2014-06-09,20.323051,20.581748,20.114779,20.542286,301660000
2014-06-10,20.768104,20.838259,20.513791,20.66287,251108000
2014-06-11,20.636564,20.774683,20.49187,20.577372,182724000
2014-06-12,20.616834,20.634373,20.147672,20.233173,218996000
2014-06-13,20.213435,20.266053,19.924046,20.01174,218100000
2014-06-16,20.062169,20.33402,20.049014,20.21344,142244000
2014-06-17,20.237555,20.323056,20.125746,20.187132,118904000
2014-06-18,20.22878,20.233165,20.027084,20.209049,134056000
2014-06-19,20.233172,20.235365,20.024898,20.138901,142112000
2014-06-20,20.136709,20.290175,19.928437,19.93063,403592000
2014-06-23,20.020514,20.086285,19.862665,19.91309,174776000
2014-06-24,19.895548,20.11259,19.772777,19.792507,156144000
2014-06-25,19.777167,19.884592,19.654396,19.810053,147476000
2014-06-26,19.81224,19.96132,19.687277,19.928434,130516000
2014-06-27,19.9109,20.169597,19.899937,20.165213,256116000
2014-06-30,20.191522,20.548876,20.189329,20.373487,197929200
2014-07-01,20.502829,20.623408,20.417327,20.502829,152892000
2014-07-02,20.579552,20.621206,20.408548,20.494051,113860000
2014-07-03,20.535717,20.629988,20.432676,20.614641,91567200
2014-07-07,20.638759,21.044343,20.629989,21.039959,225872000
2014-07-08,21.105727,21.221923,20.590526,20.904032,260888000
2014-07-09,20.923758,21.035567,20.774679,20.912796,145744000
2014-07-10,20.555445,20.947875,20.502828,20.836065,158744000
2014-07-11,20.906221,21.022415,20.796604,20.875528,136072000
2014-07-14,21.015836,21.241647,20.969797,21.145184,171240000
2014-07-15,21.221921,21.232882,20.833875,20.897453,181911600
2014-07-16,21.259197,21.287696,20.770302,20.779072,213585200
2014-07-17,20.83387,20.888679,20.294553,20.408554,229192000
2014-07-18,20.52475,20.770292,20.393208,20.70233,199952000
2014-07-21,20.825101,20.827294,20.546674,20.594906,156316000
2014-07-22,20.757149,20.803188,20.634378,20.765919,220788000
2014-07-23,20.919376,21.458693,20.864568,21.307423,371672000
2014-07-24,21.274534,21.335919,21.138607,21.272341,182916000
2014-07-25,21.232882,21.449924,21.186843,21.412655,173876000
2014-07-28,21.445537,21.75685,21.386345,21.708618,221272000
2014-07-29,21.776588,21.800704,21.539814,21.568314,172572000
2014-07-30,21.581463,21.638463,21.412652,21.517885,132040000
2014-07-31,21.300843,21.364419,20.899643,20.958836,227372000
2014-08-01,20.805374,21.182457,20.785642,21.075031,194044000
2014-08-04,21.127645,21.173684,20.864562,20.95664,159832000
2014-08-05,20.906219,20.976374,20.686985,20.853603,223732000
2014-08-06,20.772488,20.93253,20.763719,20.818527,154232000
2014-08-07,20.915472,21.140203,20.732601,20.816326,186844000
2014-08-08,20.767856,20.891238,20.551937,20.873611,167460000
2014-08-11,20.990377,21.168842,20.895637,21.149012,146340000
2014-08-12,21.160032,21.345105,21.065292,21.144609,135180000
2014-08-13,21.184268,21.424421,21.160032,21.424421,127664000
2014-08-14,21.444252,21.497129,21.32748,21.481707,112464000
2014-08-15,21.569835,21.63373,21.340697,21.587461,195804000
2014-08-18,21.699829,21.893716,21.587465,21.847448,190288000
2014-08-19,21.902529,22.182341,21.882699,22.149292,277596000
2014-08-20,22.129462,22.272672,22.021502,22.158104,210796000
2014-08-21,22.158113,22.239634,22.056763,22.160316,133912000
2014-08-22,22.096414,22.356398,22.074382,22.323349,176736000
2014-08-25,22.426902,22.510625,22.314535,22.37182,161080000
2014-08-26,22.345374,22.363,22.221992,22.228601,132608000
2014-08-27,22.257245,22.59875,22.186741,22.501806,209476000
2014-08-28,22.382832,22.64502,22.376223,22.528248,273840000
2014-08-29,22.662647,22.671461,22.517232,22.58333,178380000
2014-09-02,22.706715,22.856536,22.631805,22.759594,214256000
2014-09-03,22.715527,22.737559,21.719658,21.798975,501684000
2014-09-04,21.779144,22.052346,21.545599,21.618307,342872000
2014-09-05,21.768118,21.898109,21.660157,21.805573,233828000
2014-09-08,21.878287,21.880489,21.60288,21.671181,185426800
2014-09-09,21.829818,22.711119,21.182061,21.589663,759385200
2014-09-10,21.594068,22.277076,21.538987,22.25284,403478400
2014-09-11,22.122849,22.349784,21.948792,22.34758,249412400
2014-09-12,22.299109,22.515028,22.270467,22.398256,250504400
2014-09-15,22.651627,22.704507,22.349783,22.391644,245266000
2014-09-16,21.988456,22.310131,21.787959,22.222,267632400
2014-09-17,22.312334,22.429108,22.162513,22.380636,243706000
2014-09-18,22.457746,22.550282,22.376225,22.426901,149197600
2014-09-19,22.537065,22.550284,22.142683,22.244032,283609600
2014-09-22,22.429104,22.504013,22.160307,22.266062,211153600
2014-09-23,22.164716,22.680278,22.151497,22.61418,253608800
2014-09-24,22.508421,22.660444,22.296907,22.418087,240687200
2014-09-25,22.144885,22.188949,21.530178,21.563227,400368000
2014-09-26,21.708641,22.197763,21.68,22.197763,249482000
2014-09-29,21.735082,22.129465,21.730675,22.056757,199065200
2014-09-30,22.210982,22.371821,22.149292,22.197763,221056400
2014-10-01,22.162512,22.184546,21.746097,21.851854,205965200
2014-10-02,21.871673,22.080983,21.600674,22.010479,191031200
2014-10-03,21.909139,22.078788,21.821008,21.948797,173878400
2014-10-06,22.021503,22.175732,21.904731,21.948797,148204800
2014-10-07,21.906939,22.058964,21.752712,21.757118,168376800
2014-10-08,21.759317,22.277081,21.660169,22.20878,229618800
2014-10-09,22.371814,22.556886,22.166912,22.257244,309506000
2014-10-10,22.18454,22.479775,22.098614,22.193354,265326400
2014-10-13,22.325551,22.424697,21.990656,21.990656,214333600
2014-10-14,22.118451,22.147093,21.71746,21.757118,254754400
2014-10-15,21.58526,21.845244,20.970553,21.49052,403734400
2014-10-16,21.052071,21.530176,21.021226,21.208502,288618000
2014-10-17,21.481706,21.812194,21.329681,21.519161,272718800
2014-10-20,21.662378,22.023711,21.640346,21.979647,310069200
2014-10-21,22.697901,22.697901,22.312332,22.576723,378495600
2014-10-22,22.658247,22.93806,22.605369,22.691296,273052400
2014-10-23,22.931445,23.145161,22.832298,23.096689,284298800
2014-10-24,23.173802,23.242102,23.03059,23.182615,188215600
2014-10-27,23.101095,23.239901,23.068046,23.158381,136750800
2014-10-28,23.222275,23.517509,23.211258,23.517509,192243600
2014-10-29,23.497677,23.656311,23.433782,23.6497,210751600
2014-10-30,23.565985,23.651912,23.332441,23.570393,162619200
2014-10-31,23.797324,23.803933,23.621063,23.79512,178557200
2014-11-03,23.843597,24.301874,23.797329,24.10358,209130400
2014-11-04,24.094768,24.12341,23.733435,23.92732,166297600
2014-11-05,24.03748,24.081546,23.823764,23.984602,149743600
2014-11-06,24.031072,24.073116,23.854049,24.0532,139874000
2014-11-07,24.064258,24.190388,24.020003,24.121792,134766000
2014-11-10,24.12401,24.192609,24.046563,24.081968,108782000
2014-11-11,24.053195,24.28554,23.986811,24.274475,109769200
2014-11-12,24.203663,24.657289,24.201452,24.617458,187769600
2014-11-13,24.739167,25.104279,24.69491,24.964872,238091600
2014-11-14,25.037895,25.268027,24.60861,25.265814,176254400
2014-11-17,25.285727,25.951781,25.071086,25.223768,186986800
2014-11-18,25.212712,25.599953,25.201648,25.551271,176896000
2014-11-19,25.544628,25.611011,25.181728,25.374241,167476800
2014-11-20,25.427353,25.858849,25.414075,25.737144,173582000
2014-11-21,26.002685,26.015961,25.675188,25.772552,228717200
2014-11-24,25.856626,26.281485,25.805733,26.250505,189803200
2014-11-25,26.347879,26.49835,25.989404,26.022596,275361600
2014-11-26,26.097827,26.354512,26.073486,26.332384,163073200
2014-11-28,26.392129,26.420897,26.122168,26.316895,99257600
2014-12-01,26.290346,26.38771,24.62189,25.462757,335256000
2014-12-02,25.115342,25.613224,24.949382,25.365389,237395600
2014-12-03,25.613223,25.745991,25.471603,25.653053,172253600
2014-12-04,25.617653,25.934084,25.511439,25.555695,168178000
2014-12-05,25.666329,25.686245,25.367601,25.447262,153275600
2014-12-08,25.248117,25.369822,24.699342,24.871941,230659600
2014-12-09,24.382908,25.292371,24.197031,25.252541,240832000
2014-12-10,25.316715,25.414078,24.681639,24.772364,178261200
2014-12-11,24.840962,25.181735,24.637383,24.699343,165606800
2014-12-12,24.442648,24.754655,24.247922,24.281115,224112400
2014-12-15,24.495759,24.694912,23.533189,23.949198,268872400
2014-12-16,23.53761,24.376264,23.513269,23.621696,243162800
2014-12-17,23.703577,24.305459,23.637192,24.21031,213647200
2014-12-18,24.754653,24.927252,24.486904,24.927252,236024800
2014-12-19,24.840959,25.057813,24.708191,24.734743,353719200
2014-12-22,24.81883,25.113132,24.776786,24.991428,180670000
2014-12-23,25.055594,25.077722,24.885207,24.90291,104113600
2014-12-24,24.911759,24.940525,24.785629,24.785629,57918400
2014-12-26,24.805548,25.341047,24.785634,25.223768,134884000
2014-12-29,25.179512,25.396366,25.159596,25.206066,110395600
2014-12-30,25.146324,25.208282,24.807765,24.898489,119526000
2014-12-31,24.964877,25.033473,24.387334,24.424952,165613600
2015-01-02,24.648441,24.659506,23.754468,24.192604,212818400
2015-01-05,23.962479,24.04214,23.325192,23.511066,257142000
2015-01-06,23.575233,23.772173,23.152587,23.513275,263188400
2015-01-07,23.721273,23.942553,23.610632,23.842978,160423600
2015-01-08,24.170472,24.81661,24.053192,24.759077,237458000
2015-01-09,24.931674,25.060017,24.387324,24.785629,214798000
2015-01-12,24.916188,24.922826,24.075323,24.174898,198603200
2015-01-13,24.657302,24.960458,24.099676,24.389553,268367600
2015-01-14,24.12843,24.449287,24.008939,24.296604,195826400
2015-01-15,24.340862,24.354138,23.601786,23.63719,240056000
2015-01-16,23.683663,23.805368,23.278719,23.453531,314053200
2015-01-20,23.862897,24.112945,23.566382,24.057625,199599600
2015-01-21,24.108518,24.57542,23.958047,24.241287,194303600
2015-01-22,24.3984,24.88743,24.278909,24.871941,215185600
2015-01-23,24.849796,25.170652,24.679409,25.000267,185859200
2015-01-26,25.168446,25.305641,24.960444,25.026827,222460000
2015-01-27,24.876358,24.889636,24.126217,24.150558,382274800
2015-01-28,26.029232,26.137661,25.515862,25.515862,585908400
2015-01-29,25.739355,26.37443,25.571181,26.310259,337745600
2015-01-30,26.199616,26.553664,25.85663,25.925228,334982000
2015-02-02,26.122164,26.369997,25.686241,26.250505,250956400
2015-02-03,26.221746,26.3523,26.024806,26.254938,207662800
2015-02-04,26.22175,26.666524,26.179706,26.456306,280598800
2015-02-05,26.662907,26.709561,26.491849,26.645136,168984800
2015-02-06,26.662904,26.714,26.314123,26.420757,174826400
2015-02-09,26.336346,26.622923,26.309687,26.596266,155559200
2015-02-10,26.696235,27.136101,26.694015,27.10722,248034000
2015-02-11,27.273832,27.751463,27.213851,27.742577,294247200
2015-02-12,28.004716,28.320176,27.895862,28.093578,297898000
2015-02-13,28.275746,28.275746,27.913635,28.231316,217088800
2015-02-17,28.322399,28.631194,28.195771,28.397932,252609600
2015-02-18,28.353494,28.608971,28.313506,28.595642,179566800
2015-02-19,28.542318,28.664504,28.508997,28.535654,149449600
2015-02-20,28.573434,28.76893,28.446808,28.76893,195793600
2015-02-23,28.884459,29.546476,28.804483,29.546476,283896400
2015-02-24,29.533139,29.679761,29.139926,29.36208,276912400
2015-02-25,29.226558,29.235446,28.469012,28.611191,298846800
2015-02-26,28.6112,29.073281,28.126907,28.973312,365150000
2015-02-27,28.880001,29.00663,28.489012,28.537886,248059200
2015-03-02,28.713385,28.942203,28.502339,28.677839,192386800
2015-03-03,28.648961,28.773367,28.455685,28.737822,151265200
2015-03-04,28.680071,28.78226,28.506791,28.555662,126665200
2015-03-05,28.564541,28.602307,27.938068,28.082468,226068400
2015-03-06,28.524552,28.740041,28.049144,28.124676,291368400
2015-03-09,28.426812,28.784482,27.782566,28.244646,354114000
2015-03-10,28.08247,28.262414,27.502648,27.660378,275426400
2015-03-11,27.713695,27.718137,27.127208,27.156088,275756000
2015-03-12,27.171642,27.747021,27.020577,27.647051,193450800
2015-03-13,27.635949,27.858103,27.231629,27.456003,207309200
2015-03-16,27.520415,27.75812,27.296041,27.75812,143497200
2015-03-17,27.96917,28.284628,27.913632,28.222425,204092400
2015-03-18,28.213547,28.6934,28.073591,28.540113,261083600
2015-03-19,28.602312,28.713389,28.302404,28.324619,183238000
2015-03-20,28.491241,28.524562,27.804786,27.969179,274780400
2015-03-23,28.240206,28.402377,28.106912,28.260199,150838800
2015-03-24,28.264634,28.444576,28.115789,28.14467,131369200
2015-03-25,28.111349,28.173552,27.409342,27.409342,206620800
2015-03-26,27.27161,27.742575,27.236065,27.600397,190291600
2015-03-27,27.673708,27.702587,27.304933,27.380465,158184800
2015-03-30,27.558189,28.08025,27.54708,28.073586,188398800
2015-03-31,28.011385,28.100247,27.62706,27.642611,168362400
2015-04-01,27.729241,27.795888,27.347136,27.602613,162485600
2015-04-02,27.775901,27.893643,27.589293,27.840326,128880400
2015-04-06,27.651492,28.32684,27.62039,28.291294,148776000
2015-04-07,28.355717,28.46235,27.986942,27.993607,140049200
2015-04-08,27.958056,28.080241,27.762561,27.902517,149316800
2015-04-09,27.958066,28.120239,27.693704,28.115795,129936000
2015-04-10,27.980281,28.260195,27.826996,28.235758,160752000
2015-04-13,28.517891,28.562324,28.126901,28.180218,145460400
2015-04-14,28.213542,28.277967,27.971395,28.058035,102098400
2015-04-15,28.082475,28.242424,27.993613,28.164671,115881600
2015-04-16,28.053595,28.235761,28.015829,28.029158,113476000
2015-04-17,27.891419,28.022489,27.649271,27.713696,207828000
2015-04-20,27.895858,28.46235,27.806996,28.34683,188217200
2015-04-21,28.45791,28.480123,28.140228,28.193546,129740400
2015-04-22,28.211317,28.628966,28.062474,28.573427,150618000
2015-04-23,28.502342,28.973308,28.466797,28.806692,183083600
2015-04-24,28.988865,29.019966,28.708949,28.942211,178103600
2015-04-27,29.393182,29.57535,29.135483,29.468714,387816800
2015-04-28,29.87081,29.888579,28.784478,29.004408,475696000
2015-04-29,28.915548,29.233226,28.502342,28.577873,253544400
2015-04-30,28.577872,28.577872,27.675927,27.802555,332781600
2015-05-01,28.013602,28.908883,27.83588,28.64674,234050400
2015-05-04,28.768929,29.006636,28.493457,28.591206,203953200
2015-05-05,28.469014,28.535661,27.942511,27.946955,197085600
2015-05-06,28.115791,28.158001,27.4049,27.771454,288564000
2015-05-07,27.833918,28.126157,27.666607,27.94323,175763600
2015-05-08,28.260004,28.469702,28.132848,28.469702,222201600
2015-05-11,28.418393,28.456316,28.025768,28.179695,168143200
2015-05-12,28.019075,28.304619,27.845071,28.079308,192640000
2015-05-13,28.14177,28.373775,28.079307,28.110538,138776800
2015-05-14,28.422853,28.766397,28.367083,28.766397,180814000
2015-05-15,28.793169,28.886863,28.601319,28.726244,152832000
2015-05-18,28.639246,29.161257,28.634784,29.043024,203531600
2015-05-19,29.154554,29.196941,28.920318,29.016245,178532800
2015-05-20,29.00064,29.21926,28.853406,29.014025,145819600
2015-05-21,29.01625,29.364257,28.96271,29.310717,158921600
2015-05-22,29.357565,29.663186,29.312946,29.567259,182384000
2015-05-26,29.580643,29.649798,28.804316,28.915857,282790400
2015-05-27,29.076477,29.504793,29.011785,29.455715,183332800
2015-05-28,29.415575,29.435651,29.246034,29.397728,122933200
2015-05-29,29.275028,29.324106,28.978329,29.063101,203538000
2015-06-01,29.063099,29.31072,29.011792,29.121099,128451200
2015-06-02,28.969403,29.147869,28.84894,28.991713,134670400
2015-06-03,29.147869,29.210332,28.978325,29.027403,123934000
2015-06-04,28.906939,29.130021,28.757474,28.857861,153800400
2015-06-05,28.889093,28.931479,28.63478,28.699472,142507200
2015-06-08,28.755247,28.824405,28.293469,28.509859,210699200
2015-06-09,28.264466,28.57232,28.023539,28.425085,224301600
2015-06-10,28.536628,28.853403,28.521012,28.750788,156349200
2015-06-11,28.817702,29.040784,28.661546,28.686085,141563600
2015-06-12,28.596859,28.62809,28.35593,28.369314,147544800
2015-06-15,28.130616,28.384929,28.043615,28.313543,175955600
2015-06-16,28.33808,28.521007,28.190847,28.465237,125976400
2015-06-17,28.492011,28.527704,28.27339,28.398317,131672400
2015-06-18,28.382693,28.62362,28.380462,28.527695,141628800
2015-06-19,28.489782,28.514321,28.197545,28.242161,218867600
2015-06-22,28.440696,28.567852,28.349233,28.467466,136157200
2015-06-23,28.438477,28.467477,28.304626,28.338089,121075600
2015-06-24,28.378234,28.956017,28.358158,28.579008,221123600
2015-06-25,28.746324,28.822171,28.442932,28.442932,127752400
2015-06-26,28.480858,28.552244,28.222084,28.275623,176267200
2015-06-29,27.987846,28.21316,27.769227,27.78038,196645600
2015-06-30,28.012387,28.135082,27.853999,27.981155,177482800
2015-07-01,28.309086,28.31801,28.106081,28.242161,120955200
2015-07-02,28.204237,28.262239,28.057002,28.206469,108844000
2015-07-06,27.87185,28.159626,27.851772,28.108316,112241600
2015-07-07,28.083768,28.14177,27.610834,28.039152,187787200
2015-07-08,27.769223,27.804915,27.336444,27.343136,243046400
2015-07-09,27.628688,27.675535,26.595819,26.785439,314380000
2015-07-10,27.202601,27.628686,27.03975,27.50153,245418000
2015-07-13,27.891917,28.054767,27.733529,28.032459,165762000
2015-07-14,28.11723,28.190848,27.894149,28.021305,127072400
2015-07-15,28.045843,28.36485,28.014612,28.291233,134596800
2015-07-16,28.496471,28.681631,28.409469,28.668243,144889600
2015-07-17,28.795395,28.915857,28.623621,28.915857,184658800
2015-07-20,29.217028,29.663192,29.156795,29.46242,235600800
2015-07-21,29.636431,29.652045,29.072034,29.167957,307025600
2015-07-22,27.213756,27.996774,27.213756,27.934311,461802400
2015-07-23,28.152921,28.351464,27.898608,27.920918,203998000
2015-07-24,27.956618,28.050312,27.639842,27.773691,168649200
2015-07-27,27.459142,27.575146,27.242755,27.387756,177822000
2015-07-28,27.523832,27.642067,27.338676,27.523832,134472400
2015-07-29,27.472528,27.550607,27.276215,27.436834,148046800
2015-07-30,27.287364,27.343135,27.151284,27.298519,134513200
2015-07-31,27.349833,27.358757,26.972826,27.059828,171540000
2015-08-03,27.104442,27.343139,26.216575,26.421812,279904000
2015-08-04,26.194268,26.25673,25.264017,25.5741,496554400
2015-08-05,25.197091,26.19873,25.007472,25.743643,397250400
2015-08-06,25.987898,26.106666,25.573328,25.79966,211612000
2015-08-07,25.676413,26.050646,25.658486,25.887058,154681600
2015-08-10,26.113392,26.888749,26.113392,26.828245,219806400
2015-08-11,26.400223,26.483138,25.396294,25.432148,388331200
2015-08-12,25.217024,25.864649,24.567158,25.824312,404870000
2015-08-13,26.003589,26.084262,25.667452,25.804148,194143200
2015-08-14,25.618154,26.064096,25.548686,25.985664,171718000
2015-08-17,26.003587,26.364374,25.882577,26.25457,163538800
2015-08-18,26.09098,26.317313,25.996862,26.106667,138242800
2015-08-19,26.017029,26.111147,25.698819,25.77277,193146000
2015-08-20,25.564367,25.624871,25.015341,25.243916,274006400
2015-08-21,24.746438,25.075853,23.67528,23.69993,513102000
2015-08-24,21.25957,24.381166,20.616427,23.108326,648825200
2015-08-25,24.898813,24.898813,23.193476,23.247257,414406400
2015-08-26,23.997965,24.625422,23.54082,24.580605,387098400
2015-08-27,25.149797,25.376128,24.654553,25.304419,338464400
2015-08-28,25.136357,25.391822,24.99518,25.387341,212657600
2015-08-31,25.104975,25.665204,25.098252,25.268562,224917200
2015-09-01,24.683687,25.071365,24.058472,24.139145,307383600
2015-09-02,24.701618,25.17445,24.455116,25.17445,247555200
2015-09-03,25.208065,25.273052,24.659042,24.732992,212935600
2015-09-04,24.419266,24.75092,24.316184,24.486492,199985200
2015-09-08,25.042236,25.223749,24.721785,25.167727,219374400
2015-09-09,25.492666,25.550928,24.598539,24.683695,340043200
2015-09-10,24.710575,25.385091,24.627662,25.225986,251571200
2015-09-11,25.051203,25.593504,25.04448,25.593504,199662000
2015-09-14,26.124599,26.194067,25.739162,25.840002,233453600
2015-09-15,25.978939,26.113394,25.640561,26.057371,173364800
2015-09-16,26.050649,26.115635,25.869135,26.086504,148694000
2015-09-17,25.918432,26.104426,25.483693,25.528511,256450400
2015-09-18,25.145314,25.613666,25.069124,25.423187,297141200
2015-09-21,25.472489,25.853446,25.47025,25.817591,200888000
2015-09-22,25.407501,25.586775,25.214782,25.411983,201384800
2015-09-23,25.463527,25.707788,25.389578,25.618151,143026800
2015-09-24,25.378369,25.882575,25.181169,25.770529,200878000
2015-09-25,26.093225,26.149248,25.550922,25.705545,224607600
2015-09-28,25.51283,25.674176,25.196861,25.196861,208436000
2015-09-29,25.284261,25.436643,24.170525,24.439434,293461600
2015-09-30,24.688169,24.995175,24.365479,24.717302,265892000
2015-10-01,24.441665,24.564916,24.047263,24.555952,255716400
2015-10-02,24.204135,24.87641,24.101053,24.735231,232079200
2015-10-05,24.623183,24.95708,24.441669,24.824865,208258800
2015-10-06,24.791255,25.039997,24.598537,24.943638,192787200
2015-10-07,25.039993,25.046716,24.517861,24.824865,187062400
2015-10-08,24.692651,24.692651,24.248948,24.538027,247918400
2015-10-09,24.650072,25.161001,24.535785,25.125147,211064400
2015-10-12,25.261844,25.266325,24.972766,25.008619,121868800
2015-10-13,24.833834,25.199102,24.802461,25.051203,132197200
2015-10-14,24.939153,24.990693,24.551474,24.697134,177849600
2015-10-15,24.85848,25.120666,24.759879,25.066885,150694000
2015-10-16,25.048962,25.098263,24.768848,24.883135,156930400
2015-10-19,24.829354,25.042241,24.674731,25.03776,119036800
2015-10-20,24.950359,25.584539,24.833832,25.494902,195871200
2015-10-21,25.54644,25.900505,25.479212,25.492659,167180800
2015-10-22,25.620393,25.88258,25.568851,25.88258,166616400
2015-10-23,26.151491,26.718444,26.068578,26.68483,237467600
2015-10-26,26.460732,26.471935,25.752602,25.833275,265335200
2015-10-27,25.860165,26.115629,25.544195,25.669687,279537600
2015-10-28,26.20303,26.734128,26.00807,26.727404,342205600
2015-10-29,26.59967,27.045613,26.503311,27.009758,204909200
2015-10-30,27.112834,27.164376,26.767733,26.778938,197461200
2015-11-02,27.070262,27.195753,26.803593,27.155416,128813200
2015-11-03,27.068023,27.673069,27.047854,27.466906,182076000
2015-11-04,27.592393,27.747017,27.254016,27.33917,179544400
2015-11-05,27.422442,27.611485,27.046607,27.213144,158210800
2015-11-06,27.255905,27.41344,27.145631,27.244652,132169200
2015-11-09,27.222148,27.413441,27.017353,27.134378,135485600
2015-11-10,26.308436,26.571745,26.119393,26.279179,236511600
2015-11-11,26.189161,26.425464,25.928102,26.130648,180872000
2015-11-12,26.164411,26.290438,26.027129,26.042883,130102400
2015-11-13,25.925857,26.009126,25.266458,25.282211,183249600
2015-11-16,25.066156,25.709801,24.980637,25.696299,152426800
2015-11-17,25.862833,25.892091,25.502752,25.586021,110467600
2015-11-18,26.05188,26.441217,25.993367,26.396208,186698800
2015-11-19,26.474975,26.949833,26.276931,26.731533,173183200
2015-11-20,26.826056,26.988093,26.747288,26.848562,137148400
2015-11-23,26.841813,26.945338,26.407465,26.499737,129930000
2015-11-24,26.405216,26.859818,26.357955,26.754044,171212800
2015-11-25,26.82831,26.832812,26.537994,26.56275,85553200
2015-11-27,26.621264,26.648271,26.465978,26.513239,52185600
2015-11-30,26.553749,26.873323,26.499737,26.623516,156721200
2015-12-01,26.72478,26.738282,26.299434,26.407457,139409600
2015-12-02,26.40746,26.580751,26.123898,26.168907,133546400
2015-12-03,26.229674,26.283685,25.705305,25.925854,166278000
2015-12-04,25.94611,26.837311,25.905601,26.7878,231108000
2015-12-07,26.776544,26.974588,26.513233,26.619007,128336800
2015-12-08,26.447976,26.691031,26.299443,26.607763,137238000
2015-12-09,26.474978,26.486231,25.898849,26.020376,185445600
2015-12-10,26.114894,26.31744,25.995617,26.14415,116850800
2015-12-11,25.923601,25.968611,25.396981,25.471249,187544800
2015-12-14,25.246203,25.358728,24.708331,25.313719,257274800
2015-12-15,25.192196,25.38574,24.834364,24.865871,213292400
2015-12-16,24.996391,25.203437,24.485526,25.057154,224954000
2015-12-17,25.210192,25.261955,24.526039,24.526039,179091200
2015-12-18,24.510284,24.647564,23.812625,23.862137,385813200
2015-12-21,24.14345,24.163705,23.758613,24.154703,190362400
2015-12-22,24.170455,24.242471,23.956655,24.132196,131157600
2015-12-23,24.141199,24.49678,24.125446,24.442768,130629600
2015-12-24,24.530542,24.530542,24.294238,24.312243,54281600
2015-12-28,24.213217,24.235723,23.895896,24.039928,106816800
2015-12-29,24.071438,24.627314,24.048934,24.472029,123724800
2015-12-30,24.436019,24.463024,24.120947,24.152454,100855200
2015-12-31,24.082689,24.08719,23.589827,23.68885,163649200
2016-01-04,23.092464,23.713605,22.955183,23.709103,270597600
2016-01-05,23.799122,23.821627,23.047453,23.114967,223164000
2016-01-06,22.631114,23.038457,22.47583,22.662621,273829600
2016-01-07,22.208016,22.534339,21.701652,21.706152,324377600
2016-01-08,22.17876,22.304788,21.775919,21.820929,283192000
2016-01-11,22.273276,22.29353,21.906442,22.174253,198957600
2016-01-12,22.628869,22.660376,22.24403,22.496088,196616800
2016-01-13,22.577099,22.772894,21.897446,21.9177,249758400
2016-01-14,22.04598,22.613109,21.546367,22.397058,252680400
2016-01-15,21.649891,21.989718,21.460849,21.859188,319335600
2016-01-19,22.147259,22.201271,21.49236,21.75342,212350800
2016-01-20,21.402335,22.097742,21.024249,21.782671,289337600
2016-01-21,21.843437,22.027979,21.36633,21.6724,208646000
2016-01-22,22.196763,22.833658,22.138252,22.824656,263202000
2016-01-25,22.847154,22.849405,22.327287,22.379049,207178000
2016-01-26,22.489328,22.703126,22.070733,22.502831,300308000
2016-01-27,21.613886,21.746665,21.006247,21.024252,533478800
2016-01-28,21.107512,21.271798,20.79244,21.175026,222715200
2016-01-29,21.332575,21.906454,21.233552,21.906454,257666000
2016-02-01,21.710651,21.764663,21.469847,21.701649,163774000
2016-02-02,21.474349,21.613881,21.217791,21.262802,149428800
2016-02-03,21.379827,21.79392,21.172781,21.683645,183857200
2016-02-04,21.690431,22.023051,21.538829,21.857872,185886800
2016-02-05,21.83978,21.930289,21.199431,21.274099,185672400
2016-02-08,21.072715,21.654234,21.052352,21.498108,216085600
2016-02-09,21.335183,21.708532,21.253725,21.493572,177324800
2016-02-10,21.704005,21.801302,21.29219,21.330656,169374400
2016-02-11,21.222048,21.432481,20.950521,21.201683,200298800
2016-02-12,21.312565,21.382708,21.045564,21.267309,161405600
2016-02-16,21.500367,21.914445,21.407596,21.866928,196231600
2016-02-17,21.873713,22.222173,21.756053,22.201809,179452800
2016-02-18,22.364723,22.376038,21.742475,21.780943,156084000
2016-02-19,21.722114,21.894081,21.67686,21.731165,141496800
2016-02-22,21.79225,21.925751,21.704004,21.921225,137123200
2016-02-23,21.81262,21.835247,21.394017,21.425695,127770400
2016-02-24,21.265042,21.808094,21.115702,21.744738,145022800
2016-02-25,21.733428,21.894081,21.55241,21.894081,110330800
2016-02-26,21.993642,22.179185,21.853354,21.928024,115964400
2016-02-29,21.916706,22.2267,21.869189,21.878241,140865200
2016-03-01,22.095457,22.801425,22.043414,22.74712,201628400
2016-03-02,22.742606,22.828589,22.545749,22.796911,132678400
2016-03-03,22.758438,23.014125,22.729022,22.966608,147822800
2016-03-04,23.163459,23.475714,22.937187,23.308273,184220400
2016-03-07,23.167994,23.267554,22.844425,23.050333,143315600
2016-03-08,22.803684,23.025432,22.717702,22.860252,126247600
2016-03-09,22.923617,22.984712,22.688294,22.880627,108806800
2016-03-10,22.946244,23.134048,22.661141,22.891937,134054400
2016-03-11,23.134054,23.143105,22.966613,23.13858,109632800
2016-03-14,23.059386,23.285658,23.02997,23.197411,100304400
2016-03-15,23.523235,23.799287,23.498345,23.663525,160270800
2016-03-16,23.670311,24.054972,23.665784,23.978041,153214000
2016-03-17,23.876221,24.091181,23.74951,23.939579,137682800
2016-03-18,24.061768,24.097972,23.801556,23.966734,176820800
2016-03-21,23.968991,24.358179,23.790236,23.964466,142010800
2016-03-22,23.815127,24.276722,23.806076,24.147747,129777600
2016-03-23,24.093443,24.226942,23.962204,24.014246,102814000
2016-03-24,23.864904,24.041396,23.733666,23.910158,104532000
2016-03-28,23.98483,24.027822,23.772133,23.80155,77645600
2016-03-29,23.733665,24.389854,23.731401,24.364964,124760400
2016-03-30,24.584449,24.98495,24.573135,24.790356,182404400
2016-03-31,24.826566,24.867295,24.636496,24.661386,103553600
2016-04-01,24.61387,24.889922,24.482632,24.887659,103496000
2016-04-04,24.98495,25.385452,24.951009,25.143341,149424800
2016-04-05,24.779045,25.055097,24.75868,24.846926,106314800
2016-04-06,24.941966,25.11167,24.708904,25.107143,105616400
2016-04-07,24.878607,24.984955,24.464531,24.559565,127207600
2016-04-08,24.643284,24.837876,24.475841,24.586716,94326800
2016-04-11,24.656855,25.02794,24.625177,24.668167,117630000
2016-04-12,24.740578,25.003055,24.586715,24.989479,108929200
2016-04-13,25.070938,25.419395,25.070938,25.351515,133029200
2016-04-14,25.256484,25.430712,25.190865,25.365093,101895600
2016-04-15,25.367349,25.410342,24.828823,24.855974,187756000
2016-04-18,24.638756,24.652332,24.197527,24.319714,243286000
2016-04-19,24.410223,24.437376,24.036876,24.190741,129539600
2016-04-20,24.129646,24.457739,23.998408,24.240519,122444000
2016-04-21,24.195262,24.195262,23.876217,23.978041,126210000
2016-04-22,23.760818,24.093439,23.672573,23.91242,134732400
2016-04-25,23.758561,23.905638,23.647688,23.776663,112126400
2016-04-26,23.511922,23.82644,23.511922,23.611481,224064800
2016-04-27,21.722113,22.33531,21.649706,22.133928,458408400
2016-04-28,22.086409,22.147501,21.326135,21.457373,328970800
2016-04-29,21.267303,21.432483,20.932422,21.210735,274126000
2016-05-02,21.262782,21.287673,20.907535,21.188112,192640400
2016-05-03,21.314824,21.663283,21.197163,21.536572,227325200
2016-05-04,21.541091,21.699482,21.228836,21.312557,164102000
2016-05-05,21.399067,21.415003,21.09857,21.226053,143562000
2016-05-06,21.255644,21.273855,20.909616,21.107672,174799600
2016-05-09,21.171414,21.346703,21.078077,21.123608,131745600
2016-05-10,21.246549,21.301184,20.968816,21.267036,134747200
2016-05-11,21.28069,21.301178,21.048487,21.05987,114876400
2016-05-12,21.107678,21.121336,20.367816,20.56587,305258800
2016-05-13,20.488467,20.868641,20.488467,20.606844,177571200
2016-05-16,21.032552,21.487852,20.864092,21.37175,245039200
2016-05-17,21.524271,21.558417,21.17369,21.282961,187667600
2016-05-18,21.435494,21.674525,21.374027,21.526552,168249600
2016-05-19,21.544766,21.544766,21.30118,21.444599,121768400
2016-05-20,21.544761,21.724604,21.517442,21.676798,128104000
2016-05-23,21.824774,22.125271,21.779243,21.952257,152074400
2016-05-24,22.132102,22.330156,22.045594,22.286903,140560800
2016-05-25,22.462187,22.705772,22.334704,22.678455,152675200
2016-05-26,22.692116,22.931149,22.45536,22.858301,225324800
2016-05-27,22.63749,22.871969,22.594236,22.84465,145364800
2016-05-31,22.673904,22.856024,22.496337,22.733093,169228800
2016-06-01,22.541868,22.660247,22.384791,22.414385,116693200
2016-06-02,22.218602,22.273237,21.997781,22.24592,160766400
2016-06-03,22.261855,22.371126,22.184453,22.291449,114019600
2016-06-06,22.307382,23.195215,22.207217,22.453077,93170000
2016-06-07,22.594227,22.73537,22.528208,22.544144,89638000
2016-06-08,22.541867,22.664799,22.464467,22.523657,83392400
2016-06-09,22.423488,22.762686,22.414382,22.685286,106405600
2016-06-10,22.430318,22.61699,22.418936,22.498613,126851600
2016-06-13,22.46675,22.56464,22.104786,22.159422,152082000
2016-06-14,22.154861,22.418935,22.0251,22.186731,127727600
2016-06-15,22.268688,22.403002,22.088844,22.113886,117780800
2016-06-16,21.95681,22.252755,21.870304,22.207226,125307200
2016-06-17,21.995512,22.002341,21.695014,21.701843,244032800
2016-06-20,21.85437,21.98413,21.633549,21.649485,137647600
2016-06-21,21.613055,21.93404,21.553866,21.833876,142185600
2016-06-22,21.911275,22.05697,21.70639,21.751921,116876400
2016-06-23,21.840707,21.920384,21.683629,21.877131,128960800
2016-06-24,21.150928,21.549315,21.091739,21.262476,301245600
2016-06-27,21.171419,21.182802,20.829944,20.952875,181958400
2016-06-28,21.148656,21.32167,20.975641,21.305733,161779600
2016-06-29,21.392232,21.52427,21.314831,21.490122,146124000
2016-06-30,21.499231,21.802004,21.46736,21.763304,143345600
2016-07-01,21.738263,21.96136,21.70184,21.829323,104106000
2016-07-05,21.715496,21.717773,21.503781,21.624435,110820800
2016-07-06,21.535656,21.776965,21.483297,21.74737,123796400
2016-07-07,21.786073,21.968193,21.767862,21.84071,100558400
2016-07-08,21.965913,22.056973,21.865748,22.009167,115648400
2016-07-11,22.025105,22.22999,22.020553,22.077465,95179600
2016-07-12,22.120713,22.241367,22.109332,22.177626,96670000
2016-07-13,22.175349,22.234536,22.045587,22.052418,103568800
2016-07-14,22.170802,22.535041,22.154866,22.489511,155676000
2016-07-15,22.519101,22.605609,22.423489,22.48723,120548000
2016-07-18,22.46902,22.794559,22.446255,22.726265,145975600
2016-07-19,22.6648,22.764966,22.614717,22.735373,95119600
2016-07-20,22.764971,22.86969,22.705782,22.755865,105104000
2016-07-21,22.726263,22.992612,22.566907,22.635202,130808000
2016-07-22,22.596501,22.605607,22.380233,22.459911,113254800
2016-07-25,22.366584,22.500896,22.063809,22.159422,161531600
2016-07-26,22.041041,22.302838,21.949981,22.006893,224959200
2016-07-27,23.737029,23.755241,23.391002,23.436531,369379200
2016-07-28,23.409216,23.778008,23.406939,23.752966,159479200
2016-07-29,23.718821,23.800775,23.602719,23.723373,110934800
2016-08-01,23.768895,24.165005,23.768895,24.142241,152671600
2016-08-02,24.142251,24.146804,23.675569,23.784842,135266400
2016-08-03,23.859958,24.094437,23.850852,24.083055,120810400
2016-08-04,24.165452,24.261583,24.096787,24.231829,109634800
2016-08-05,24.323379,24.639238,24.30278,24.600328,162213600
2016-08-08,24.609485,24.804037,24.527089,24.804037,112148800
2016-08-09,24.771989,24.934495,24.721634,24.904739,105260800
2016-08-10,24.881857,24.925346,24.664419,24.719351,96034000
2016-08-11,24.838367,24.93221,24.685016,24.703327,109938000
2016-08-12,24.669,24.820063,24.669,24.760553,74641600
2016-08-15,24.751383,25.071819,24.73765,25.058086,103472800
2016-08-16,25.092428,25.22976,24.996298,25.035208,135177600
2016-08-17,24.971122,25.032921,24.797171,24.998589,101424000
2016-08-18,25.00088,25.085565,24.952813,24.966547,87938800
2016-08-19,24.89559,25.106164,24.801749,25.030632,101472400
2016-08-22,24.916193,24.971124,24.685021,24.836084,103280800
2016-08-23,24.854388,25.021474,24.840656,24.913898,85030800
2016-08-24,24.849814,24.891013,24.646109,24.726217,94700400
2016-08-25,24.579738,24.69189,24.417232,24.620937,100344800
2016-08-26,24.584309,24.707905,24.332537,24.476734,111065200
2016-08-29,24.403487,24.591171,24.327955,24.449263,99881200
2016-08-30,24.215813,24.376031,24.147148,24.261589,99455600
2016-08-31,24.183764,24.392047,24.179186,24.284472,118649600
2016-09-01,24.293631,24.444695,24.174613,24.428673,106806000
2016-09-02,24.650679,24.719345,24.449263,24.657547,107210000
2016-09-06,24.696466,24.788019,24.607202,24.650688,107521600
2016-09-07,24.680441,24.893302,24.506489,24.801748,169457200
2016-09-08,24.547692,24.552269,24.087637,24.151724,212008000
2016-09-09,23.950302,24.197496,23.604689,23.604689,186228000
2016-09-12,23.494832,24.197502,23.467365,24.133415,181171200
2016-09-13,24.607199,24.900169,24.5454,24.707907,248704800
2016-09-14,24.886439,25.870634,24.856683,25.582241,443554800
2016-09-15,26.060603,26.488614,25.975915,26.451992,359934400
2016-09-16,26.348993,26.580163,26.101799,26.303215,319547600
2016-09-19,26.365015,26.591608,25.920982,25.996513,188092000
2016-09-20,25.87521,26.120115,25.751613,25.994228,138057200
2016-09-21,26.058313,26.090356,25.735589,25.989649,144012800
2016-09-22,26.172751,26.307793,26.092642,26.23455,124296000
2016-09-23,26.18878,26.273467,25.531887,25.79739,209924800
2016-09-26,25.552476,25.953021,25.531878,25.83629,119477600
2016-09-27,25.863755,25.904954,25.712692,25.884354,98429600
2016-09-28,26.021693,26.239131,25.962183,26.081202,118564400
2016-09-29,25.900377,26.046862,25.589096,25.676071,143548000
2016-09-30,25.740166,25.94845,25.589104,25.875208,145516400
2016-10-03,25.797381,25.875202,25.698962,25.753893,86807200
2016-10-04,25.877492,26.163596,25.779073,25.86376,118947200
2016-10-05,25.955317,26.014827,25.79281,25.875208,85812400
2016-10-06,26.023982,26.170467,25.893519,26.067471,115117200
2016-10-07,26.163599,26.22082,25.980494,26.106379,97433600
2016-10-10,26.326118,26.722086,26.257454,26.561869,144944000
2016-10-11,26.939507,27.166102,26.596182,26.619072,256164000
2016-10-12,26.859404,27.003601,26.722075,26.857115,150347200
2016-10-13,26.73122,26.879994,26.486315,26.774708,140769600
2016-10-14,26.980713,27.047089,26.809051,26.923492,142608800
2016-10-17,26.854831,26.97156,26.728945,26.905186,94499600
2016-10-18,27.049374,27.05624,26.882289,26.886868,98214000
2016-10-19,26.836517,26.953248,26.046872,26.806763,80138400
2016-10-20,26.747254,26.866272,26.625946,26.79303,96503200
2016-10-21,26.735811,26.758701,26.614504,26.687746,92770800
2016-10-24,26.802182,26.948667,26.779294,26.928068,94154800
2016-10-25,26.996734,27.090576,26.850249,27.065399,192516000
2016-10-26,26.163596,26.481743,25.934713,26.456566,264536800
2016-10-27,26.410797,26.518372,26.115538,26.202515,138248000
2016-10-28,26.06289,26.369592,25.966757,26.028557,151446800
2016-10-31,26.012543,26.145295,25.909545,25.987366,105677600
2016-11-01,25.969058,26.040011,25.298431,25.518158,175303200
2016-11-02,25.497556,25.714994,25.458646,25.541042,113326800
2016-11-03,25.53184,25.642267,25.202857,25.267273,107730400
2016-11-04,24.968195,25.363895,24.871571,25.039513,123348000
2016-11-07,25.324782,25.423707,25.182145,25.400702,130240000
2016-11-08,25.377698,25.702081,25.237362,25.550241,97016800
2016-11-09,25.278769,25.610053,24.857764,25.508827,236705600
2016-11-10,25.557149,25.557149,24.347045,24.797958,228538000
2016-11-11,24.643813,25.046415,24.51268,24.945189,136575600
2016-11-14,24.779551,24.802557,23.944441,24.319435,204702000
2016-11-15,24.51728,24.772645,24.422958,24.641512,129058000
2016-11-16,24.547188,25.359294,24.524183,25.304079,235362000
2016-11-17,25.262668,25.3869,25.037212,25.294876,110528000
2016-11-18,25.24197,25.430617,25.228167,25.320189,113715600
2016-11-21,25.333992,25.7642,25.308686,25.704386,117058400
2016-11-22,25.754997,25.863124,25.628466,25.72049,103862000
2016-11-23,25.61926,25.65377,25.382301,25.589354,109705600
2016-11-25,25.56635,25.736594,25.52494,25.718189,45903600
2016-11-28,25.635364,25.874625,25.626162,25.667572,108776000
2016-11-29,25.485824,25.773396,25.322483,25.642263,114115200
2016-11-30,25.674477,25.812512,25.368499,25.426014,144649200
2016-12-01,25.391501,25.522634,25.083222,25.189049,148347600
2016-12-02,25.115434,25.327087,25.041815,25.283377,106112000
2016-12-05,25.306379,25.31328,24.903777,25.101627,137298000
2016-12-06,25.191351,25.389201,25.120033,25.294876,104782000
2016-12-07,25.136133,25.580145,25.113128,25.543335,119994800
2016-12-08,25.504232,25.865423,25.444416,25.794106,108273200
2016-12-09,25.837814,26.387652,25.837814,26.215109,137610400
2016-12-12,26.063272,26.456671,25.879225,26.065573,105497600
2016-12-13,26.189804,26.668325,26.169099,26.500383,174935200
2016-12-14,26.465874,26.732741,26.452071,26.500383,136127200
2016-12-15,26.544089,26.854669,26.509582,26.645315,186098000
2016-12-16,26.794861,26.801763,26.606214,26.679832,177404400
2016-12-19,26.640712,27.004202,26.629208,26.83396,111117600
2016-12-20,26.856973,27.031817,26.84317,26.905285,85700000
2016-12-21,26.870778,27.008812,26.866176,26.930592,95132800
2016-12-22,26.767246,26.804056,26.603905,26.753443,104343600
2016-12-23,26.592397,26.806351,26.592397,26.806351,56998000
2016-12-27,26.806353,27.100828,26.799451,26.976597,73187600
2016-12-28,27.036413,27.151442,26.732737,26.86157,83623600
2016-12-29,26.790252,26.942091,26.77875,26.85467,60158000
2016-12-30,26.836264,26.962795,26.555593,26.645315,122345200
2017-01-03,26.640723,26.762653,26.401462,26.721243,115127600
2017-01-04,26.652219,26.804058,26.629213,26.691328,84472400
2017-01-05,26.668326,26.884581,26.643019,26.827066,88774400
2017-01-06,26.866176,27.183657,26.794858,27.126143,127007600
2017-01-09,27.135343,27.475829,27.133043,27.374603,134247600
2017-01-10,27.323988,27.464323,27.215862,27.402208,97848400
2017-01-11,27.317087,27.590857,27.284879,27.549446,110354400
2017-01-12,27.353898,27.445921,27.195157,27.434418,108344800
2017-01-13,27.402205,27.519535,27.333187,27.386101,104447600
2017-01-17,27.225063,27.662174,27.197457,27.60696,137759200
2017-01-18,27.606965,27.721994,27.540248,27.604664,94852000
2017-01-19,27.468929,27.627668,27.462028,27.556351,102389200
2017-01-20,27.710486,27.710486,27.544845,27.60696,130391600
2017-01-23,27.606967,27.793313,27.554053,27.625372,88200800
2017-01-24,27.503434,27.629965,27.49193,27.600058,92844000
2017-01-25,27.703582,28.09008,27.671374,28.039467,129510400
2017-01-26,27.991158,28.168303,27.975054,28.053274,105350400
2017-01-27,28.09928,28.147592,27.975049,28.055569,82251600
2017-01-30,27.820909,27.981949,27.758794,27.981949,121510000
2017-01-31,27.871529,27.926742,27.749598,27.91754,196804000
2017-02-01,29.224272,30.020274,29.219672,29.619972,447940000
2017-02-02,29.442826,29.767207,29.396813,29.569357,134841600
2017-02-03,29.518739,29.721191,29.484232,29.695885,98029200
2017-02-06,29.707399,30.022578,29.654484,29.974264,107383600
2017-02-07,30.031776,30.388367,30.011072,30.259535,152735200
2017-02-08,30.218111,30.41826,30.188203,30.376848,92016400
2017-02-09,30.418444,30.603289,30.295985,30.596357,113399600
2017-02-10,30.605615,30.716521,30.510882,30.527054,80262000
2017-02-13,30.748851,30.919834,30.672603,30.797371,92141600
2017-02-14,30.838965,31.213274,30.788133,31.197102,132904800
2017-02-15,31.312638,31.48593,31.104686,31.310326,142492400
2017-02-16,31.347293,31.400435,31.155517,31.273357,90338400
2017-02-17,31.215593,31.384263,31.215593,31.358847,88792800
2017-02-21,31.476685,31.596835,31.418921,31.585281,98028800
2017-02-22,31.522883,31.682311,31.448947,31.680002,83347600
2017-02-23,31.742392,31.765496,31.492852,31.545994,83152800
2017-02-24,31.402739,31.576031,31.257173,31.576031,87106400
2017-02-27,31.686928,31.756245,31.48822,31.638405,81029600
2017-02-28,31.673075,31.756255,31.585273,31.652281,93931600
2017-03-01,31.860229,32.382413,31.793224,32.299232,145658400
2017-03-02,32.347768,32.412463,32.061258,32.107471,104844000
2017-03-03,32.065873,32.308482,32.021972,32.296928,84432400
2017-03-06,32.202194,32.294619,32.024284,32.195263,87000000
2017-03-07,32.130568,32.343138,32.068182,32.236855,69785200
2017-03-08,32.105153,32.301552,32.075119,32.116707,74828800
2017-03-09,32.056633,32.068183,31.666149,32.042767,88623600
2017-03-10,32.174468,32.199884,32.033524,32.149052,78451200
2017-03-13,32.082051,32.21606,32.075119,32.162918,69686800
2017-03-14,32.186018,32.266885,32.079731,32.114391,61236400
2017-03-15,32.211424,32.521037,32.123622,32.454033,102767200
2017-03-16,32.514126,32.583443,32.407839,32.507195,76928000
2017-03-17,32.57882,32.57882,32.322348,32.345455,175540000
2017-03-20,32.440179,32.694341,32.4009,32.685101,86168000
2017-03-21,32.835292,32.994721,32.285379,32.310795,158119600
2017-03-22,32.313099,32.717446,32.292301,32.675854,103440800
2017-03-23,32.638891,32.712831,32.488707,32.560333,81385200
2017-03-24,32.69434,32.749795,32.428628,32.495632,89582400
2017-03-27,32.206816,32.629648,32.028903,32.55109,94300400
2017-03-28,32.558019,33.28122,32.491011,33.225769,133499200
2017-03-29,33.198052,33.38521,33.084837,33.299717,116760000
2017-03-30,33.315883,33.387509,33.156454,33.255806,84829200
2017-03-31,33.207287,33.334368,33.043236,33.193424,78646800
2017-04-03,33.204976,33.299706,33.052479,33.202663,79942800
2017-04-04,33.098681,33.477612,33.080196,33.449886,79565600
2017-04-05,33.322829,33.609339,33.228096,33.276619,110871600
2017-04-06,33.338987,33.392132,33.144901,33.193424,84596000
2017-04-07,33.209599,33.313573,33.103316,33.119488,66688800
2017-04-10,33.17956,33.244255,33.017818,33.080204,75733600
2017-04-11,33.027066,33.1218,32.361626,32.724384,121517600
2017-04-12,32.717461,32.844539,32.581136,32.763672,81400000
2017-04-13,32.789082,32.897678,32.590374,32.590374,71291600
2017-04-17,32.689713,32.782138,32.548769,32.770584,66328400
2017-04-18,32.673542,32.819105,32.604225,32.625019,58790000
2017-04-19,32.782145,32.80987,32.451733,32.504875,69313600
2017-04-20,32.629642,33.022435,32.615779,32.91153,93278400
2017-04-21,32.911536,32.966987,32.775214,32.872257,69283600
2017-04-24,33.156465,33.260439,33.082525,33.188812,68537200
2017-04-25,33.251205,33.479948,33.241961,33.394459,75486000
2017-04-26,33.380568,33.410606,33.128719,33.198032,80164800
2017-04-27,33.253499,33.308954,33.112556,33.223461,56985200
2017-04-28,33.292777,33.341301,33.103314,33.191113,83441600
2017-05-01,33.526138,34.011352,33.493791,33.868099,134411600
2017-05-02,34.089916,34.216997,33.928178,34.082985,181408800
2017-05-03,33.639356,34.078363,33.334365,33.979008,182788000
2017-05-04,33.854235,33.997488,33.690184,33.856544,93487600
2017-05-05,33.909701,34.422645,33.909701,34.418026,109310800
2017-05-08,34.434183,35.513211,34.434183,35.353783,195009600
2017-05-09,35.552502,35.78587,35.455459,35.580231,156521600
2017-05-10,35.497042,35.568668,35.145836,35.411549,103222800
2017-05-11,35.369802,35.745659,35.33732,35.717815,109020400
2017-05-12,35.891822,36.290878,35.884862,36.216637,130108000
2017-05-15,36.195747,36.344233,35.973021,36.123825,104038800
2017-05-16,36.179506,36.207346,35.896454,36.070461,80194000
2017-05-17,35.636599,35.861648,34.734084,34.859367,203070800
2017-05-18,35.096018,35.576275,35.063537,35.390667,134272800
2017-05-19,35.585567,35.72477,35.41156,35.511322,107843200
2017-05-22,35.729412,35.863977,35.476522,35.727093,91865600
2017-05-23,35.938226,35.938226,35.569332,35.683018,79675600
2017-05-24,35.692283,35.768847,35.420833,35.576279,76712000
2017-05-25,35.666768,35.810616,35.504362,35.699249,76942400
2017-05-26,35.729396,35.785079,35.569309,35.638912,87710400
2017-05-30,35.594834,35.829161,35.573954,35.652836,80507600
2017-05-31,35.722448,35.768849,35.353554,35.441715,97804800
2017-06-01,35.536839,35.573961,35.316431,35.539158,65616400
2017-06-02,35.631963,36.065819,35.471876,36.065819,111082800
2017-06-05,35.80829,35.833811,35.604124,35.713165,101326800
2017-06-06,35.706215,36.149353,35.678375,35.83382,106499600
2017-06-07,35.966059,36.188786,35.840772,36.04726,84278400
2017-06-08,36.01942,36.086701,35.822211,35.959099,85003200
2017-06-09,36.005506,36.005506,33.877983,34.564728,259530800
2017-06-12,33.813007,33.894208,33.063615,33.738762,289229200
2017-06-13,34.142466,34.209748,33.676126,34.01022,136661600
2017-06-14,34.221356,34.221356,33.372202,33.678455,126124800
2017-06-15,33.251544,33.520671,32.994013,33.476589,128661600
2017-06-16,33.358275,33.525322,32.9917,33.007942,201444400
2017-06-19,33.330431,34.045019,33.330431,33.952213,130165600
2017-06-20,34.075176,34.075176,33.6274,33.643639,99600400
2017-06-21,33.761981,33.889586,33.550851,33.843182,85063200
2017-06-22,33.819987,34.035754,33.669179,33.787506,76425200
2017-06-23,33.671488,34.142466,33.666847,33.938297,141757600
2017-06-26,34.144788,34.402318,33.729493,33.831577,102769600
2017-06-27,33.643636,33.910448,33.321143,33.346664,99047600
2017-06-28,33.523001,33.898855,33.214429,33.833893,88329600
2017-06-29,33.574037,33.67148,33.010253,33.335064,125997600
2017-06-30,33.513737,33.632064,33.358291,33.413975,92096400
2017-07-03,33.61349,33.710933,33.200514,33.293316,57111200
2017-07-05,33.337396,33.592604,33.112347,33.430199,86278400
2017-07-06,33.181951,33.293314,33.040425,33.114666,96515200
2017-07-07,33.154101,33.58332,33.154101,33.451073,76806800
2017-07-10,33.434835,33.861731,33.263147,33.655243,84362400
2017-07-11,33.57867,33.838523,33.497469,33.764278,79127200
2017-07-12,33.843178,33.9151,33.599571,33.813019,99538000
2017-07-13,33.757331,34.45104,33.743411,34.283993,100797600
2017-07-14,34.330381,34.645913,34.181895,34.578629,80528400
2017-07-17,34.527592,35.010167,34.469589,34.699276,95174000
2017-07-18,34.615754,34.831525,34.49279,34.819923,71475200
2017-07-19,34.912738,35.130827,34.789773,35.038025,83692000
2017-07-20,35.149377,35.20506,34.845445,34.880245,68974800
2017-07-21,34.799059,34.903462,34.541529,34.864021,105010400
2017-07-24,34.935941,35.367479,34.778173,35.286274,85972800
2017-07-25,35.218987,35.692284,35.218987,35.437077,75415600
2017-07-26,35.578612,35.713175,35.511328,35.604134,63124000
2017-07-27,35.671403,35.727087,34.174945,34.931293,129905200
2017-07-28,34.775855,34.854737,34.613449,34.685371,68854800
2017-07-31,34.778172,34.877938,34.367518,34.506721,79383600
2017-08-01,34.592569,34.852418,34.432482,34.812977,141474400
2017-08-02,36.954408,37.063453,36.230541,36.457909,279747200
2017-08-03,36.437042,36.474165,35.966064,36.09367,108389200
2017-08-04,36.20966,36.518229,36.121496,36.283901,82239600
2017-08-07,36.439355,36.870892,36.348872,36.845371,87481200
2017-08-08,36.796665,37.546054,36.720101,37.140038,144823600
2017-08-09,36.949776,37.416117,36.914976,37.367393,104526000
2017-08-10,37.243957,37.26725,36.016469,36.177185,163217200
2017-08-11,36.475304,36.934157,36.351856,36.680271,105028400
2017-08-14,37.108849,37.316147,36.976082,37.232296,88490800
2017-08-15,37.420974,37.779669,37.299854,37.639919,117862000
2017-08-16,37.719099,37.851861,37.302169,37.488506,110686400
2017-08-17,37.388356,37.432611,36.764128,36.768787,111762400
2017-08-18,36.768788,37.150777,36.503259,36.684937,109712400
2017-08-21,36.684943,36.775781,36.128263,36.617397,105474000
2017-08-22,36.854969,37.267239,36.806057,37.215996,86418400
2017-08-23,37.05063,37.376717,37.006375,37.262585,77596400
2017-08-24,37.367399,37.439607,36.929511,37.097214,79275600
2017-08-25,37.18572,37.397678,37.097212,37.234634,101920400
2017-08-28,37.299842,37.733074,37.250928,37.609627,103864000
2017-08-29,37.290533,37.993949,37.267239,37.945038,118067600
2017-08-30,38.152325,38.173287,37.87515,38.047512,109078400
2017-08-31,38.115058,38.320029,38.07779,38.19891,107140400
2017-09-01,38.385269,38.417878,38.112753,38.210579,66364400
2017-09-05,38.140693,38.257153,37.397677,37.751717,117874000
2017-09-06,37.898457,37.963674,37.388361,37.71212,86606800
2017-09-07,37.754035,37.788975,37.351084,37.560711,87714000
2017-09-08,37.46755,37.535096,36.924846,36.948139,114446000
2017-09-11,37.383695,37.744722,37.241614,37.616615,126323200
2017-09-12,37.875151,38.189595,36.980738,37.467541,286856000
2017-09-13,37.236961,37.257927,36.78044,37.185719,179629600
2017-09-14,37.03199,37.127485,36.82236,36.866615,95042800
2017-09-15,36.910866,37.493167,36.801393,37.239285,196458400
2017-09-18,37.292849,37.383688,36.801387,36.957443,113077600
2017-09-19,37.153117,37.213678,36.903894,36.971439,83242400
2017-09-20,36.778116,36.861968,35.830133,36.351875,211805600
2017-09-21,36.288981,36.288981,35.578573,35.727642,150046800
2017-09-22,35.296734,35.466769,35.068473,35.378258,186581600
2017-09-25,34.935701,35.364273,34.742376,35.066135,177549200
2017-09-26,35.352635,35.851084,35.331673,35.669407,146640000
2017-09-27,35.82314,36.037426,35.762579,35.923294,102016800
2017-09-28,35.844089,35.934927,35.566913,35.702007,88022000
2017-09-29,35.685712,35.899998,35.403877,35.897667,105199200
2017-10-02,35.930283,35.974539,35.571588,35.82547,74795200
2017-10-03,35.872037,36.123592,35.848748,35.98151,64921200
2017-10-04,35.783529,35.837099,35.511013,35.748589,80655200
2017-10-05,35.911639,36.205121,35.881362,36.193474,85135200
2017-10-06,36.095652,36.216771,36.000154,36.172516,69630400
2017-10-09,36.291303,36.505589,36.21677,36.29829,65051600
2017-10-10,36.349524,36.80139,36.125923,36.312256,62468000
2017-10-11,36.328567,36.563815,36.277324,36.463661,67622400
2017-10-12,36.417083,36.654659,36.27267,36.33556,64500400
2017-10-13,36.505593,36.6337,36.43106,36.566154,65576800
2017-10-16,36.7781,37.267234,36.71987,37.239285,96486000
2017-10-17,37.215993,37.469876,37.087887,37.376709,75989200
2017-10-18,37.365062,37.432611,37.17407,37.211334,65496800
2017-10-19,36.510248,36.587112,36.107297,36.330898,170336800
2017-10-20,36.477639,36.743168,36.326242,36.393787,95896400
2017-10-23,36.542836,36.729173,36.219077,36.375134,87937200
2017-10-24,36.403106,36.666307,36.382144,36.591774,71028800
2017-10-25,36.547517,36.696586,36.165528,36.431057,84828400
2017-10-26,36.622051,36.761805,36.517238,36.663979,68002000
2017-10-27,37.101867,38.105757,36.964445,37.97765,177816800
2017-10-30,38.173305,39.146914,38.133709,38.83247,178803200
2017-10-31,39.107297,39.514907,38.883695,39.372826,144187200
2017-11-01,39.566176,39.582482,38.573936,38.872074,134551200
2017-11-02,38.804526,39.247074,38.49707,39.156235,165573600
2017-11-03,40.52813,40.588688,39.857318,40.178749,237594400
2017-11-06,40.148462,40.758716,39.997065,40.586353,140105200
2017-11-07,40.507155,40.819267,40.43495,40.716782,97446000
2017-11-08,40.681844,41.049858,40.60498,41.049858,97638000
2017-11-09,40.786658,41.01725,40.327805,40.966007,117930400
2017-11-10,40.933287,40.996402,40.736931,40.830433,100582000
2017-11-13,40.55692,40.790677,40.533543,40.666786,67928400
2017-11-14,40.449416,40.55227,40.014627,40.052029,99130000
2017-11-15,39.731764,39.81358,39.36009,39.52372,116632400
2017-11-16,40.014627,40.175921,39.808923,39.99593,94550000
2017-11-17,39.98189,40.063706,39.654631,39.773846,87598000
2017-11-20,39.806568,39.869684,39.635926,39.734104,65049600
2017-11-21,39.921107,40.603678,39.921107,40.472775,100525200
2017-11-22,40.524207,40.907569,40.451742,40.89822,102355600
2017-11-24,40.930948,41.02445,40.825754,40.900558,56106800
2017-11-27,40.919271,40.926284,40.519544,40.694862,82867200
2017-11-28,40.743946,40.877185,40.173576,40.456425,105715200
2017-11-29,40.353564,40.421352,39.07491,39.617226,166665600
2017-11-30,39.839295,40.239022,39.37412,40.171234,166108800
2017-12-01,39.727103,40.129166,39.388155,39.984238,159037200
2017-12-04,40.3185,40.351226,39.652294,39.692032,130169600
2017-12-05,39.51906,40.094106,39.364779,39.65464,109400800
2017-12-06,39.15439,39.785534,38.911283,39.507362,114240000
2017-12-07,39.512038,39.841637,39.483989,39.57983,102693200
2017-12-08,39.853337,39.972552,39.462962,39.591526,93420800
2017-12-11,39.551772,40.414338,39.455931,40.362911,141095200
2017-12-12,40.241352,40.297455,40.080062,40.136162,77636800
2017-12-13,40.323199,40.566306,40.20632,40.269436,95273600
2017-12-14,40.299796,40.470441,40.124477,40.257721,81906000
2017-12-15,40.58731,40.713537,40.313814,40.666786,160677200
2017-12-18,40.879524,41.42184,40.874848,41.23951,117684400
2017-12-19,40.914584,40.998737,40.694851,40.800041,109745600
2017-12-20,40.87717,41.005738,40.498484,40.755619,93902400
2017-12-21,40.713549,41.146002,40.697188,40.909904,83799600
2017-12-22,40.832764,41.005746,40.790689,40.909904,65397600
2017-12-26,39.925792,40.082409,39.663981,39.872028,132742000
2017-12-27,39.762161,39.921114,39.670996,39.87904,85992800
2017-12-28,39.972533,40.171228,39.850978,39.991234,65920800
2017-12-29,39.860345,39.876706,39.55646,39.558796,103999600
2018-01-02,39.776182,40.276423,39.565798,40.267071,102223600
2018-01-03,40.330187,40.802379,40.196947,40.260059,118071600
2018-01-04,40.332532,40.549929,40.225006,40.447075,89738400
2018-01-05,40.542924,40.994074,40.451758,40.907585,94640000
2018-01-08,40.755619,41.050152,40.657438,40.755619,82271200
2018-01-09,40.802384,40.9216,40.535901,40.750957,86336000
2018-01-10,40.477453,40.743936,40.440051,40.741596,95839600
2018-01-11,40.811733,41.022117,40.788359,40.973026,74670800
2018-01-12,41.183402,41.459238,41.059511,41.396122,101672400
2018-01-16,41.585465,41.933765,41.174053,41.185741,118263600
2018-01-17,41.176394,41.901044,40.923939,41.865982,137547200
2018-01-18,41.929099,42.099744,41.667291,41.903385,124773600
2018-01-19,41.751439,41.978185,41.470931,41.716377,129700400
2018-01-22,41.445223,41.557426,41.281594,41.375095,108434400
2018-01-23,41.445209,41.94545,41.333007,41.38443,130756400
2018-01-24,41.433528,41.445216,40.486809,40.725243,204420400
2018-01-25,40.793035,40.895889,39.862681,39.99826,166116000
2018-01-26,40.206309,40.206309,39.752819,40.091766,156572000
2018-01-29,39.776187,39.776187,39.053877,39.261921,202561600
2018-01-30,38.693895,39.124008,38.499875,39.030506,184192800
2018-01-31,39.007124,39.374125,38.920634,39.138027,129915600
2018-02-01,39.077241,39.416189,38.9814,39.219833,188923200
2018-02-02,38.803752,38.990759,37.424584,37.518085,346375200
2018-02-05,37.190822,38.308183,36.466173,36.580715,290954000
2018-02-06,36.192682,38.270787,35.998663,38.109493,272975200
2018-02-07,38.123514,38.195979,37.183812,37.293674,206434400
2018-02-08,37.468996,37.634966,36.239433,36.267483,217562000
2018-02-09,36.866008,37.058469,35.262933,36.711098,282690400
2018-02-12,37.201625,38.466715,36.96926,38.189758,243278000
2018-02-13,38.01138,38.66857,37.940966,38.572338,130196800
2018-02-14,38.267215,39.323412,38.229664,39.283512,162579600
2018-02-15,39.851519,40.626065,39.6661,40.602596,204588800
2018-02-16,40.454714,41.032104,40.316236,40.471142,160704400
2018-02-20,40.381956,40.900664,40.234087,40.335014,135722000
2018-02-21,40.565036,40.867812,40.137861,40.151947,149886400
2018-02-22,40.323283,40.827909,40.30216,40.487579,123967600
2018-02-23,40.762183,41.226909,40.73167,41.191704,135249600
2018-02-26,41.391213,42.104731,41.358353,42.006153,152648800
2018-02-27,42.036668,42.360566,41.816039,41.870022,155712400
2018-02-28,42.074226,42.393432,41.790228,41.806656,151128400
2018-03-01,41.905242,42.196284,40.525145,41.074368,195208000
2018-03-02,40.558004,41.379491,40.475854,41.358368,153816000
2018-03-05,41.123649,41.717467,40.961698,41.501534,113605600
2018-03-06,41.757386,41.837186,41.339601,41.466343,95154000
2018-03-07,41.060283,41.27387,40.903027,41.081406,126814000
2018-03-08,41.187026,41.571951,41.090797,41.529705,95096400
2018-03-09,41.769105,42.247913,41.635318,42.243217,128740800
2018-03-12,42.315973,42.808867,42.2972,42.651611,128828400
2018-03-13,42.85582,43.069407,42.069541,42.240879,126774000
2018-03-14,42.323021,42.369962,41.733895,41.881763,117473600
2018-03-15,41.895837,42.304234,41.794913,41.931042,90975200
2018-03-16,41.931042,42.041356,41.68929,41.783176,157618800
2018-03-19,41.618888,41.654093,40.759846,41.144772,133787200
2018-03-20,41.130692,41.49684,41.060278,41.130692,78597600
2018-03-21,41.083739,41.095476,40.196534,40.198883,148219600
2018-03-22,39.90081,40.529832,39.572216,39.630894,165963200
2018-03-23,39.522912,39.882019,38.713161,38.713161,164115200
2018-03-26,39.447821,40.628415,39.065242,40.550961,150164800
2018-03-27,40.764539,41.109563,39.177896,39.511185,163690400
2018-03-28,39.255347,39.905497,38.771844,39.074619,166674000
2018-03-29,39.386783,40.311543,39.173195,39.379742,153594000
2018-04-02,39.112176,39.652011,38.602855,39.121563,150347200
2018-04-03,39.346893,39.607422,38.699093,39.522926,121112000
2018-04-04,38.699089,40.372573,38.673271,40.27869,138422000
2018-04-05,40.506351,40.893622,40.388995,40.557987,107732800
2018-04-06,40.128484,40.482896,39.478334,39.520584,140021200
2018-04-09,39.872632,40.626051,39.865591,39.912533,116070800
2018-04-10,40.604931,40.839641,40.259906,40.663609,113634400
2018-04-11,40.424216,40.820878,40.29982,40.473507,89726400
2018-04-12,40.701179,41.074368,40.614333,40.872517,91557200
2018-04-13,41.022719,41.271511,40.80444,41.010983,100497200
2018-04-16,41.081396,41.353661,41.034454,41.266819,86313600
2018-04-17,41.424084,41.999124,41.405307,41.834827,106421600
2018-04-18,41.733903,41.970963,41.515624,41.740944,83018000
2018-04-19,40.783307,41.165887,40.525128,40.557987,139235200
2018-04-20,40.041629,40.187149,38.828172,38.89624,261964400
2018-04-23,39.156785,39.177908,38.513677,38.783596,146062000
2018-04-24,38.884526,39.039436,37.840064,38.243767,134768000
2018-04-25,38.168637,38.825828,38.11935,38.410389,113528400
2018-04-26,38.520709,38.898594,38.344676,38.544182,111852000
2018-04-27,38.492552,38.570007,37.701578,38.09824,142623200
2018-04-30,38.053639,39.257702,37.98557,38.78828,169709600
2018-05-01,39.058192,39.713033,38.790622,39.689564,214277600
2018-05-02,41.128348,41.71982,40.792714,41.442863,266157600
2018-05-03,41.280896,41.661126,40.942912,41.517952,136272800
2018-05-04,41.837158,43.245421,41.81838,43.146843,224805200
2018-05-07,43.463714,44.048145,43.36279,43.459023,169805600
2018-05-08,43.419115,43.707808,43.109295,43.667908,113611200
2018-05-09,43.785273,43.984774,43.473107,43.975388,92844800
2018-05-10,44.064569,44.681856,44.043442,44.604401,111957200
2018-05-11,44.646825,44.781124,44.166167,44.434769,104848800
2018-05-14,44.533719,44.65624,44.262762,44.331089,83115200
2018-05-15,44.008285,44.076616,43.612453,43.928177,94780800
2018-05-16,43.841012,44.404133,43.824517,44.338158,76732400
2018-05-17,44.295744,44.510155,43.909335,44.057774,69176000
2018-05-18,44.104895,44.250976,43.855143,43.897552,73190800
2018-05-21,44.295749,44.594982,44.038929,44.208572,73603200
2018-05-22,44.385287,44.503095,44.0083,44.097836,60962800
2018-05-23,43.906976,44.413548,43.76796,44.380562,80233600
2018-05-24,44.477173,44.493664,43.873998,44.331089,92936000
2018-05-25,44.349937,44.68451,44.213279,44.432404,69844000
2018-05-29,44.201512,44.472469,44.02951,44.272194,90056400
2018-05-30,44.229776,44.295748,44.008297,44.17794,74762000
2018-05-31,44.11197,44.34994,43.857504,44.029503,109931200
2018-06-01,44.293397,44.828242,44.236848,44.823532,93770000
2018-06-04,45.153387,45.572783,45.08506,45.198154,105064800
2018-06-05,45.490314,45.695299,45.323026,45.54686,86264000
2018-06-06,45.622264,45.72829,45.219359,45.704727,83734400
2018-06-07,45.742431,45.756568,45.318322,45.582214,85388800
2018-06-08,45.042658,45.238219,44.712797,45.167534,106627200
2018-06-11,45.085062,45.231142,44.81646,45.056786,73234000
2018-06-12,45.094486,45.381938,45.037937,45.304184,67644400
2018-06-13,45.337175,45.445559,44.870656,44.931915,86553600
2018-06-14,45.13219,45.136904,44.818821,44.955479,86440400
2018-06-15,44.774043,44.804674,44.357002,44.49366,246876800
2018-06-18,44.267463,44.583187,44.107243,44.470093,73939600
2018-06-19,43.621887,43.90227,43.223696,43.751476,134314000
2018-06-20,43.906985,44.107256,43.760901,43.942326,82514800
2018-06-21,44.119039,44.378218,43.574767,43.697289,102847600
2018-06-22,43.852799,43.859867,43.518225,43.570061,108801600
2018-06-25,43.21191,43.570047,42.582817,42.922104,126652400
2018-06-26,43.11531,43.949388,43.00928,43.454594,98276800
2018-06-27,43.643087,44.126099,43.360349,43.39098,101141200
2018-06-28,43.37685,43.874,43.306165,43.706711,69460800
2018-06-29,43.892843,44.1049,43.096465,43.614819,90950800
2018-07-02,43.310866,44.130808,43.216618,44.102531,70925200
2018-07-03,44.246274,44.283973,43.244907,43.334442,55819200
2018-07-05,43.650158,43.921118,43.419255,43.683144,66416800
2018-07-06,43.687849,44.397051,43.636013,44.28867,69940800
2018-07-09,44.649175,44.9272,44.602053,44.903641,79026400
2018-07-10,44.934275,45.068574,44.809395,44.849453,63756400
2018-07-11,44.41356,44.715147,44.203862,44.267479,75326000
2018-07-12,44.656243,45.099202,44.604407,45.009666,72164400
2018-07-13,45.021453,45.200519,44.97904,45.080357,50055600
2018-07-16,45.125106,45.391349,44.865928,44.98138,60172400
2018-07-17,44.708074,45.207578,44.578484,45.10862,62138000
2018-07-18,45.186368,45.191082,44.750478,44.861217,65573600
2018-07-19,44.693943,45.367804,44.693943,45.209942,81147200
2018-07-20,45.186378,45.339527,44.807037,45.10627,82704800
2018-07-23,44.9272,45.228791,44.663311,45.146324,63957600
2018-07-24,45.344234,45.629331,45.249989,45.473824,74791600
2018-07-25,45.487971,45.909725,45.339532,45.902657,66839600
2018-07-26,45.853175,46.171258,45.617559,45.75893,76304000
2018-07-27,45.942704,45.989826,44.790543,44.997883,96096000
2018-07-30,45.214646,45.285332,44.547857,44.745773,84118000
2018-07-31,44.837651,45.271183,44.611459,44.835293,157492000
2018-08-01,46.918158,47.537825,46.489336,47.476566,271742800
2018-08-02,47.259788,49.097591,47.205598,48.86433,249616000
2018-08-03,48.779514,49.182419,48.414309,49.005707,133789600
2018-08-06,49.008048,49.302568,48.788927,49.260159,101701600
2018-08-07,49.319075,49.361484,48.715896,48.798363,102349600
2018-08-08,48.548603,48.963285,48.188111,48.831341,90102000
2018-08-09,49.368553,49.427457,48.819568,49.215405,93970400
2018-08-10,49.02863,49.440041,48.865484,49.068825,98444800
2018-08-13,49.48969,49.877454,49.109018,49.385654,103563600
2018-08-14,49.690654,49.785229,49.241412,49.593712,82992000
2018-08-15,49.4684,49.827793,49.257967,49.709572,115230400
2018-08-16,50.06659,50.553659,50.000386,50.437805,114001600
2018-08-17,50.466176,51.532528,50.399972,51.445045,141708000
2018-08-20,51.568001,51.823355,50.861038,50.943794,121150800
2018-08-21,51.260615,51.352827,50.60567,50.844475,104639200
2018-08-22,50.622228,51.156586,50.560751,50.846848,76072400
2018-08-23,50.752279,51.319742,50.74046,50.950893,75532800
2018-08-24,51.213349,51.284279,50.861049,51.109314,73905600
2018-08-27,51.343383,51.719329,51.149502,51.530174,82100400
2018-08-28,51.783166,52.144922,51.761887,51.946312,91107200
2018-08-29,52.052712,52.842431,51.877748,52.721844,109019200
2018-08-30,52.78568,53.970253,52.584703,53.206547,195175200
2018-08-31,53.556483,54.114486,53.435899,53.821301,173360400
2018-09-04,54.005715,54.187773,53.584849,53.993893,109560400
2018-09-05,54.142857,54.303636,53.223098,53.641598,133332000
2018-09-06,53.490267,53.755084,52.32461,52.750206,137160000
2018-09-07,52.454659,53.286933,52.185116,52.324615,150479200
2018-09-10,52.241856,52.454656,51.182597,51.622379,158066000
2018-09-11,51.54672,53.033942,51.203879,52.927544,142996000
2018-09-12,53.185266,53.199452,51.979411,52.270237,197114800
2018-09-13,52.849516,53.991531,52.624897,53.532833,166825600
2018-09-14,53.376776,53.634497,52.613069,52.925171,127997200
2018-09-17,52.525596,52.71475,51.371761,51.515991,148780400
2018-09-18,51.494703,52.454661,51.336287,51.601105,126286800
2018-09-19,51.662601,51.927415,50.905987,51.631863,108495200
2018-09-20,52.073992,52.556332,51.816268,52.024338,106435200
2018-09-21,52.20166,52.338797,51.376477,51.463963,384986800
2018-09-24,51.265358,52.315157,51.220433,52.204029,110773600
2018-09-25,51.958127,52.684005,51.946304,52.535046,98217600
2018-09-26,52.253676,52.903891,51.960486,52.116539,95938800
2018-09-27,52.920453,53.53993,52.854246,53.18763,120724800
2018-09-28,53.149805,53.39807,52.967747,53.374428,91717600
2018-10-01,53.896952,54.244522,53.518647,53.733807,94403200
2018-10-02,53.731453,54.381668,53.58486,54.21143,99152800
2018-10-03,54.393476,55.202107,54.329636,54.87109,114619200
2018-10-04,54.566082,54.937297,53.608491,53.90641,128168000
2018-10-05,53.899327,54.005726,52.154384,53.031582,134322000
2018-10-08,52.539781,53.152165,52.064531,52.90863,118655600
2018-10-09,52.877891,53.736177,52.549237,53.641598,107564000
2018-10-10,53.308205,53.518638,51.083285,51.156582,167962400
2018-10-11,50.721543,51.899023,50.201371,50.70499,212497600
2018-10-12,52.116545,52.698194,51.270082,52.516132,161351600
2018-10-15,52.29152,52.449936,51.371761,51.39304,123164000
2018-10-16,51.764245,52.724203,51.251167,52.525589,116736000
2018-10-17,52.561058,52.641447,51.861188,52.298607,91541600
2018-10-18,51.511255,51.955767,50.362147,51.076202,130325200
2018-10-19,51.558554,52.315168,51.409595,51.854107,132314800
2018-10-22,51.967581,52.811681,51.766608,52.170921,115168400
2018-10-23,51.031283,52.785682,50.764102,52.662731,155071200
2018-10-24,52.631994,53.017392,50.726268,50.856312,163702000
2018-10-25,51.4758,52.343542,51.248814,51.969963,119423200
2018-10-26,51.047831,52.06217,50.284125,51.14241,189033600
2018-10-29,51.82572,51.943941,48.728329,50.182449,183742000
2018-10-30,49.924719,50.87758,49.48021,50.433071,146640000
2018-10-31,51.279546,52.123642,51.218068,51.7477,153435600
2018-11-01,51.792632,52.575254,51.263,52.542152,233292800
2018-11-02,49.546436,50.515846,48.572292,49.056999,365314800
2018-11-05,48.305093,48.326372,46.855702,47.664333,264654800
2018-11-06,47.742371,48.40441,47.687991,48.17979,127531600
2018-11-07,48.699961,49.667008,48.264908,49.640999,133697600
2018-11-08,49.821314,49.854531,49.054943,49.467789,101450400
2018-11-09,48.770241,48.879382,47.987259,48.513992,137463200
2018-11-12,47.216129,47.417808,45.979967,46.070129,204542000
2018-11-13,45.467482,46.784311,45.424772,45.60984,187531600
2018-11-14,46.006058,46.143673,44.11504,44.321465,243204000
2018-11-15,44.698732,45.548148,44.345203,45.415279,185915200
2018-11-16,45.199355,46.259939,44.952599,45.918274,147713200
2018-11-19,45.080735,45.246821,43.892029,44.09845,167701200
2018-11-20,42.321321,43.05685,41.642737,41.99152,271300800
2018-11-21,42.644002,42.772128,41.889495,41.944065,124496800
2018-11-23,41.507491,41.901355,40.833653,40.878731,94496000
2018-11-26,41.341405,41.509863,40.39708,41.431564,179994000
2018-11-27,40.693662,41.467155,40.544187,41.341404,165549600
2018-11-28,41.932199,43.014136,41.505118,42.931095,184250000
2018-11-29,43.339188,43.372406,42.162342,42.601288,167080000
2018-11-30,42.776864,42.786357,42.003375,42.37114,158126000
2018-12-03,43.766261,43.880148,42.995143,43.851677,163210000
2018-12-04,42.933471,43.275136,41.823063,41.922714,165377200
2018-12-06,40.752972,41.46952,40.435035,41.455284,172393600
2018-12-07,41.163454,41.400721,39.932038,39.977119,169126400
2018-12-10,39.149056,40.356745,38.752821,40.240486,248104000
2018-12-11,40.729253,40.760095,39.623588,40.010334,189126800
2018-12-12,40.430293,40.79094,40.102867,40.121849,142510800
2018-12-13,40.451658,40.945174,40.228626,40.560799,127594400
2018-12-14,40.098128,40.11711,39.215494,39.262947,162814800
2018-12-17,39.255821,39.943897,38.610454,38.897549,177151600
2018-12-18,39.23922,39.749343,39.004325,39.402935,135366000
2018-12-19,39.386328,39.730364,37.746812,38.173893,196189200
2018-12-20,38.057624,38.463352,36.847565,37.210583,259092000
2018-12-21,37.217692,37.52614,35.502253,35.763245,382978400
2018-12-24,35.1511,35.95781,34.780964,34.83791,148676800
2018-12-26,35.186695,37.305488,34.811813,37.291252,234330000
2018-12-27,36.975692,37.196352,35.606664,37.049244,212468400
2018-12-28,37.369556,37.611569,36.669619,37.068226,169165600
2018-12-31,37.613934,37.810866,37.127536,37.426495,140014000
2019-01-02,36.750278,37.689856,36.593681,37.469196,148158800
2019-01-03,34.161706,34.574552,33.691918,33.737,365248800
2019-01-04,34.292199,35.246014,34.118995,35.177204,234428400
2019-01-07,35.2816,35.312446,34.617252,35.098904,219111200
2019-01-08,35.485653,36.021879,35.238897,35.768002,164101200
2019-01-09,35.896109,36.664855,35.502249,36.375389,180396400
2019-01-10,36.183213,36.531996,35.794096,36.491661,143122800
2019-01-11,36.273375,36.467932,35.948317,36.133385,108092800
2019-01-14,35.791736,35.891388,35.404989,35.590057,129756800
2019-01-15,35.65411,36.394382,35.601911,36.318459,114843600
2019-01-16,36.320829,36.985178,36.301847,36.762146,122278800
2019-01-17,36.586567,37.407512,36.363535,36.980431,119284800
2019-01-18,37.36955,37.459712,37.008903,37.20821,135004000
2019-01-22,37.110924,37.186848,36.211681,36.373024,121576000
2019-01-23,36.574704,36.8096,35.993401,36.520134,92522400
2019-01-24,36.565218,36.653006,36.002897,36.230671,101766000
2019-01-25,36.890275,37.519035,36.615048,37.431244,134142000
2019-01-28,36.963823,37.091949,36.458447,37.084831,104768400
2019-01-29,37.072966,37.519029,36.565214,36.700455,166348800
2019-01-30,38.733844,39.421917,38.017296,39.208378,244439200
2019-01-31,39.412428,40.09813,39.044663,39.490726,162958400
2019-02-01,39.614114,40.093391,39.369726,39.509716,130672400
2019-02-04,39.720865,40.72925,39.690019,40.631969,125982000
2019-02-05,41.013973,41.540706,40.892968,41.327164,144406400
2019-02-06,41.438681,41.65697,41.011603,41.341404,112958400
2019-02-07,40.90483,41.270223,40.41606,40.558422,126966800
2019-02-08,40.267715,40.66565,40.131891,40.606079,95280000
2019-02-11,40.758574,40.796701,40.329661,40.372551,83973600
2019-02-12,40.532204,40.746659,40.436888,40.720448,89134000
2019-02-13,40.839592,41.099321,40.489313,40.551266,89960800
2019-02-14,40.439291,40.808629,40.360657,40.69902,87342800
2019-02-15,40.806236,40.913463,40.448809,40.608459,98507200
2019-02-19,40.439284,40.851516,40.386861,40.729988,75891200
2019-02-20,40.791949,41.299497,40.744293,40.992107,104457600
2019-02-21,40.937299,41.07312,40.579872,40.760967,68998800
2019-02-22,40.884868,41.223232,40.837212,41.216084,75652800
2019-02-25,41.499645,41.90711,41.449604,41.516323,87493600
2019-02-26,41.392422,41.771294,41.263746,41.540157,68280800
2019-02-27,41.273266,41.699794,41.158887,41.668816,111341600
2019-02-28,41.537776,41.678363,41.204175,41.25898,112861600
2019-03-01,41.528241,41.735547,41.197025,41.692657,103544800
2019-03-04,41.864225,42.355091,41.454375,41.902351,109744800
2019-03-05,41.923797,41.938093,41.590196,41.826099,78949600
2019-03-06,41.621171,41.816567,41.447225,41.58543,83241600
2019-03-07,41.43054,41.566364,40.989716,41.104092,99185600
2019-03-08,40.584634,41.239916,40.389239,41.20179,95997600
2019-03-11,41.816565,42.681535,41.783205,42.629112,128044000
2019-03-12,42.891231,43.52745,42.74111,43.10807,129870400
2019-03-13,43.427363,43.677562,43.110444,43.298691,124130000
2019-03-14,43.82053,43.868189,43.501229,43.780022,94318000
2019-03-15,44.04691,44.637855,43.782414,44.349529,156171600
2019-03-18,44.273281,44.890437,44.270896,44.802273,104879200
2019-03-19,44.880911,45.033413,44.301878,44.447231,126585600
2019-03-20,44.375734,45.152544,44.018307,44.835625,124140800
2019-03-21,45.278845,46.78242,45.228804,46.486946,204136800
2019-03-22,46.546516,47.106486,45.459939,45.524277,169630800
2019-03-25,45.633873,45.745867,44.463899,44.973827,175381200
2019-03-26,45.669627,45.960334,43.982571,44.509178,199202000
2019-03-27,44.97622,45.216886,44.451994,44.9095,119393600
2019-03-28,45.023863,45.169217,44.6855,44.969059,83121600
2019-03-29,45.233568,45.293139,44.926179,45.262161,94256000
2019-04-01,45.664866,45.674396,44.888059,45.569553,111448000
2019-04-02,45.533804,46.336825,45.524274,46.231979,91062800
2019-04-03,46.048513,46.822938,46.024683,46.548912,93087200
2019-04-04,46.415463,46.791953,46.022294,46.629921,76457200
2019-04-05,46.811009,46.965896,46.6871,46.942066,74106400
2019-04-08,46.803851,47.711715,46.784788,47.68074,103526800
2019-04-09,47.733168,48.336028,47.473435,47.537773,143072800
2019-04-10,47.342388,47.833257,47.223246,47.804661,86781200
2019-04-11,47.859466,47.895207,47.285199,47.406723,83603200
2019-04-12,47.466284,47.690272,46.753815,47.38765,111042800
2019-04-15,47.318551,47.621173,47.182727,47.473434,70146400
2019-04-16,47.52824,47.983361,47.313782,47.478199,102785600
2019-04-17,47.547315,48.462331,47.325712,48.40276,115627200
2019-04-18,48.400363,48.645795,48.257394,48.576694,96783200
2019-04-22,48.331272,48.834052,48.214511,48.736355,77758000
2019-04-23,48.71252,49.503627,48.58623,49.439289,93292000
2019-04-24,49.410697,49.677575,49.336829,49.363041,70162400
2019-04-25,49.284404,49.506007,48.876936,48.915062,74172800
2019-04-26,48.82451,48.84834,48.162079,48.681541,74596400
2019-04-29,48.705364,49.079473,48.576692,48.755405,88818800
2019-04-30,48.386063,48.467078,47.444839,47.816563,186139600
2019-05-01,50.011175,51.305059,49.856288,50.163677,259309200
2019-05-02,50.00164,50.671219,49.594175,49.837223,127985200
2019-05-03,50.251832,50.478201,50.094563,50.456757,83569600
2019-05-06,48.679165,49.763361,48.490922,49.677578,129772400
2019-05-07,49.058041,49.424998,47.854703,48.338421,155054800
2019-05-08,48.109665,48.929365,48.073924,48.34795,105358000
2019-05-09,47.752231,48.057235,46.861049,47.828484,139634400
2019-05-10,47.223303,47.565364,46.111015,47.165894,164834800
2019-05-13,44.900647,45.324032,43.738124,44.424633,229722400
2019-05-14,44.589687,45.37666,44.350484,45.127892,146118800
2019-05-15,44.556188,45.867014,44.496387,45.668476,106178800
2019-05-16,45.426888,46.039245,45.17094,45.467552,132125600
2019-05-17,44.714063,45.663696,44.673399,45.209213,131516400
2019-05-20,43.898387,44.096926,43.123371,43.795528,154449200
2019-05-21,44.305039,44.970021,44.180653,44.635139,113459200
2019-05-22,44.17108,44.422243,43.666363,43.721378,118994400
2019-05-23,43.008555,43.185563,42.532542,42.975067,146118800
2019-05-24,43.10423,43.568283,42.726291,42.810013,94858800
2019-05-28,42.798065,43.197532,42.556472,42.633015,111792800
2019-05-29,42.200059,42.900924,42.099595,42.429695,113924800
2019-05-30,42.566028,42.872206,42.259849,42.64975,84873600
2019-05-31,42.154597,42.575595,41.857988,41.877125,108174400
2019-06-03,42.003917,42.558864,40.728968,41.453751,161584400
2019-06-04,41.965631,43.015729,41.745566,42.97028,123872000
2019-06-05,44.08018,44.250015,43.329086,43.663967,119093600
2019-06-06,43.793138,44.364831,43.570678,44.305031,90105200
2019-06-07,44.613603,45.907688,44.436596,45.484299,122737600
2019-06-10,45.881376,46.732936,45.835927,46.065563,104883600
2019-06-11,46.610952,46.883643,46.309559,46.598991,107731600
2019-06-12,46.393262,46.876452,46.25931,46.450672,73012800
2019-06-13,46.572663,47.072595,46.309543,46.441101,86698400
2019-06-14,45.819189,46.30716,45.520186,46.10384,75046000
2019-06-17,46.142106,46.634866,45.96749,46.378918,58676400
2019-06-18,46.895604,47.90982,46.694675,47.469688,106204000
2019-06-19,47.763896,47.811739,47.196988,47.33094,84496800
2019-06-20,47.92896,47.98637,47.369227,47.711288,86056000
2019-06-21,47.5534,48.043765,47.397916,47.548615,191202400
2019-06-24,47.491212,47.878722,47.402708,47.500782,72881600
2019-06-25,47.464892,47.66343,46.713797,46.780777,84281200
2019-06-26,47.307034,48.077265,47.206569,47.792614,104270000
2019-06-27,47.90981,48.215992,47.737588,47.778252,83598800
2019-06-28,47.524684,47.720832,47.134787,47.342892,124442400
2019-07-01,48.598715,48.914463,47.995924,48.211208,109012000
2019-07-02,48.17772,48.589149,48.16576,48.493465,67740800
2019-07-03,48.625021,48.902497,48.483893,48.895321,45448000
2019-07-05,48.641761,49.05558,48.534117,48.852257,69062000
2019-07-08,48.034198,48.175327,47.460114,47.84523,101354400
2019-07-09,47.64908,48.201636,47.555791,48.137054,82312000
2019-07-10,48.282975,48.732673,48.213604,48.613071,71588400
2019-07-11,48.632203,48.890542,48.249482,48.259048,80767200
2019-07-12,48.426491,48.797255,48.36669,48.629814,70380800
2019-07-15,48.818784,49.244564,48.797256,49.086693,67789600
2019-07-16,48.938371,49.301959,48.677641,48.916843,67467200
2019-07-17,48.80921,49.057979,48.622633,48.641769,56430000
2019-07-18,48.797256,49.246957,48.725494,49.194332,74162400
2019-07-19,49.225426,49.395262,48.404965,48.45998,83717200
2019-07-22,48.713536,49.56988,48.703969,49.56749,89111600
2019-07-23,49.864085,49.971725,49.584215,49.954979,73420800
2019-07-24,49.675131,50.029149,49.55553,49.914333,59966400
2019-07-25,49.966945,50.050667,49.450267,49.519638,55638400
2019-07-26,49.629677,50.167882,49.548349,49.691872,70475600
2019-07-29,49.864095,50.385554,49.85931,50.155918,86693600
2019-07-30,49.935866,50.270751,49.589023,49.940651,135742800
2019-07-31,51.768141,52.952192,50.543427,50.959637,277125600
2019-08-01,51.165355,52.153261,49.45267,49.856918,216071600
2019-08-02,49.163238,49.378519,48.230351,48.802044,163448400
2019-08-05,47.359645,47.517516,46.06556,46.247353,209572000
2019-08-06,46.957787,47.378785,46.414797,47.122837,143299200
2019-08-07,46.742511,47.735199,46.362181,47.610813,133457600
2019-08-08,47.888289,48.684833,47.694536,48.660912,108038000
2019-08-09,48.334348,48.684908,47.851723,48.259914,98478800
2019-08-12,47.930963,48.514435,47.818111,48.137459,89927600
2019-08-13,48.267128,50.937162,48.137466,50.17601,188874000
2019-08-14,48.780968,49.568532,48.644103,48.682522,146189600
2019-08-15,48.852994,49.256379,47.942971,48.440002,108909600
2019-08-16,49.049892,49.741413,48.944243,49.582939,110481600
2019-08-19,50.572201,51.078836,50.430536,50.507374,97654400
2019-08-20,50.634624,51.227699,50.500163,50.509766,107537200
2019-08-21,51.141257,51.299728,50.807503,51.057217,86141600
2019-08-22,51.189276,51.489415,50.603405,51.013996,89014800
2019-08-23,50.286461,50.915555,48.262327,48.656109,187272000
2019-08-26,49.429261,49.748609,49.237171,49.580532,104174400
2019-08-27,49.909479,50.075156,48.869797,49.021069,103493200
2019-08-28,49.006676,49.395655,48.819389,49.350033,63755200
2019-08-29,50.063153,50.260045,49.621349,50.185608,83962000
2019-08-30,50.461738,50.531369,49.751008,50.120781,84573600
2019-09-03,49.566119,49.69818,49.035475,49.390839,80092000
2019-09-04,50.036746,50.298467,49.77983,50.228836,76752400
2019-09-05,50.903546,51.376565,50.78589,51.210888,95654800
2019-09-06,51.395779,51.484619,51.026006,51.206089,77449200
2019-09-09,51.58545,51.969629,50.680234,51.424576,109237600
2019-09-10,51.350156,52.051279,50.833918,52.03207,127111600
2019-09-11,52.361021,53.715248,52.279381,53.686432,177158400
2019-09-12,53.976963,54.365942,53.511147,53.566372,128906800
2019-09-13,52.824431,53.014117,52.108901,52.524292,159053200
2019-09-16,52.279382,52.855651,52.238564,52.800423,84632400
2019-09-17,52.814824,53.02132,52.613128,52.992504,73274800
2019-09-18,53.078945,53.508746,52.689966,53.489536,101360000
2019-09-19,53.307057,53.727251,52.913275,53.054943,88242400
2019-09-20,53.155792,53.439122,52.216957,52.279385,221652400
2019-09-23,52.572318,52.786017,52.260173,52.517094,76662000
2019-09-24,53.071753,53.422317,52.149728,52.26738,124763200
2019-09-25,52.476269,53.184595,52.137711,53.071743,87613600
2019-09-26,52.824428,53.050133,52.543498,52.798016,75334000
2019-09-27,52.95411,53.05496,52.171349,52.541122,101408000
2019-09-30,53.040533,53.924144,53.014121,53.777676,103909600
2019-10-01,54.041789,54.798137,53.83289,53.926533,139223200
2019-10-02,53.559168,53.684026,52.327397,52.574715,138449200
2019-10-03,52.447459,53.054943,51.655095,53.021328,114426000
2019-10-04,54.178648,54.622855,53.758454,54.507599,138478800
2019-10-07,54.329933,55.208737,54.226683,54.519619,122306000
2019-10-08,54.221881,54.759728,53.864115,53.88092,111820000
2019-10-09,54.512421,54.694904,54.178666,54.512421,74770400
2019-10-10,54.728517,55.331198,54.57725,55.247158,113013600
2019-10-11,55.933868,57.05999,55.780198,56.716633,166795600
2019-10-14,56.40209,57.177652,56.346866,56.634998,96427600
2019-10-15,56.759862,57.062401,56.397295,56.502945,87360000
2019-10-16,56.034715,56.483725,55.993897,56.274826,73903200
2019-10-17,56.447706,56.702224,56.070734,56.493328,67585200
2019-10-18,56.327652,57.045586,56.255618,56.764656,97433600
2019-10-21,57.031193,57.864379,56.983171,57.749123,87247200
2019-10-22,57.905187,58.1549,57.535413,57.617054,82293600
2019-10-23,58.130896,58.404623,57.919597,58.390213,75828800
2019-10-24,58.709546,58.77918,58.061247,58.486244,69275200
2019-10-25,58.385402,59.242596,58.318171,59.206581,73477200
2019-10-28,59.408278,59.847681,59.240201,59.79966,96572800
2019-10-29,59.780443,59.96773,58.243734,58.416611,142839600
2019-10-30,58.769587,58.899249,57.917195,58.40942,124522000
2019-10-31,59.365064,59.828476,56.968753,59.73003,139162000
2019-11-01,59.917316,61.451625,59.826076,61.425217,151125200
2019-11-04,61.78778,61.912642,61.319568,61.828602,103272000
2019-11-05,61.720541,61.994271,61.545264,61.739754,79897600
2019-11-06,61.653329,61.82621,61.317175,61.766182,75864400
2019-11-07,62.312848,62.700592,62.161123,62.479023,94940400
2019-11-08,62.300819,62.722275,61.857689,62.650028,69986400
2019-11-11,62.206891,63.211163,62.202077,63.146141,81821200
2019-11-12,62.989591,63.288228,62.837873,63.088333,87388800
2019-11-13,62.888432,63.767467,62.873983,63.69281,102734400
2019-11-14,63.519406,63.791548,63.122035,63.252087,89182800
2019-11-15,63.502575,64.008324,63.341222,64.00351,100206400
2019-11-18,64.013124,64.405681,63.635024,64.32621,86703200
2019-11-19,64.518885,64.54297,63.914402,64.131149,76167200
2019-11-20,63.95052,64.080564,62.71264,63.384563,106234400
2019-11-21,63.504976,63.582044,62.900485,63.10038,121395200
2019-11-22,63.240041,63.382131,62.818585,63.044968,65325200
2019-11-25,63.268953,64.167258,63.223194,64.150398,84020400
2019-11-26,64.287682,64.340665,63.218388,63.649479,105207600
2019-11-27,63.960143,64.538145,63.895121,64.504425,65235600
2019-11-29,64.205826,64.54299,64.037241,64.362366,46617600
2019-12-02,64.367159,64.603177,63.447187,63.618176,94487200
2019-12-03,62.209293,62.503108,61.722815,62.483845,114430400
2019-12-04,62.873994,63.413455,62.780066,63.035347,67181600
2019-12-05,63.529053,64.034801,63.273771,63.960136,74424400
2019-12-06,64.417697,65.265423,64.374342,65.19558,106075600
2019-12-09,65.024619,65.217281,63.798785,64.28286,128042400
2019-12-10,64.687453,65.041476,64.027568,64.658554,90420400
2019-12-11,64.738032,65.289539,64.663374,65.21006,78756800
2019-12-12,64.489976,65.641153,64.379196,65.376236,137310400
2019-12-13,65.376245,66.301039,65.248604,66.264915,133587600
2019-12-16,66.71044,67.623195,66.705626,67.399216,128186000
2019-12-17,67.329379,67.859205,67.143934,67.531677,114158400
2019-12-18,67.38478,67.890529,67.221016,67.370331,116028400
2019-12-19,67.312522,67.717118,67.180067,67.437752,98369200
2019-12-20,67.970004,68.071149,67.086147,67.29808,275978000
2019-12-23,67.560591,68.456486,67.522057,68.396278,98572000
2019-12-24,68.562449,68.610618,68.136179,68.461296,48478800
2019-12-26,68.593769,69.836463,68.56487,69.819603,93121200
2019-12-27,70.110991,70.797363,69.388495,69.793091,146266000
2019-12-30,69.711216,70.489105,68.69009,70.207329,144114400
2019-12-31,69.824411,70.727531,69.725669,70.720306,100805600
2020-01-02,71.344032,72.394063,71.091161,72.333855,135480400
2020-01-03,71.563213,72.389265,71.406674,71.630646,146322800
2020-01-06,70.754021,72.23995,70.503554,72.201416,118387200
2020-01-07,72.211041,72.466322,71.642681,71.861839,108872000
2020-01-08,71.565591,73.318847,71.565591,73.017807,132079200
2020-01-09,73.99321,74.761465,73.74275,74.568802,170108400
2020-01-10,74.802403,75.300927,74.236446,74.737373,140644800
2020-01-13,75.052886,76.360602,74.934873,76.334106,121532000
2020-01-14,76.271471,76.480993,75.180503,75.303322,161954400
2020-01-15,75.103433,75.982468,74.549515,74.980606,121923600
2020-01-16,75.522497,76.030656,75.161249,75.919868,108829200
2020-01-17,76.167924,76.762779,75.86207,76.760376,137816400
2020-01-21,76.38948,76.8302,76.10289,76.240166,110843200
2020-01-22,76.72424,77.063814,76.418386,76.512314,101832400
2020-01-23,76.565271,76.960231,76.018578,76.88076,104472000
2020-01-24,77.126425,77.868184,76.468951,76.65921,146537600
2020-01-27,74.672357,75.084177,73.424849,74.405037,161940000
2020-01-28,75.284077,76.680899,75.185335,76.509911,162234000
2020-01-29,78.13793,78.956757,77.398574,78.111435,216229200
2020-01-30,77.196278,78.051229,76.765187,77.998245,126743200
2020-01-31,77.290191,77.711647,74.246079,74.539894,199588400
2020-02-03,73.285159,75.498405,72.784231,74.33519,173788400
2020-02-04,75.936729,76.979535,75.532133,76.789276,136616400
2020-02-05,77.913937,78.212574,76.813341,77.415421,118826800
2020-02-06,77.685161,78.323364,77.12884,78.320953,105425600
2020-02-07,77.821254,78.069899,76.766322,77.256371,117684000
2020-02-10,75.844148,77.623291,75.764489,77.623291,109348800
2020-02-11,78.118166,78.190584,76.937699,77.154961,94323200
2020-02-12,77.603969,78.992039,77.603969,78.987213,113730400
2020-02-13,78.260591,78.75064,78.057813,78.424744,94747600
2020-02-14,78.393346,78.692691,77.937097,78.444046,80113600
2020-02-18,76.129016,77.188781,75.947964,77.007729,152531200
2020-02-19,77.249122,78.352337,77.249122,78.123001,93984000
2020-02-20,77.884015,78.371648,76.817008,77.321541,100566000
2020-02-21,76.915985,77.357757,74.955789,75.571365,129554000
2020-02-24,71.759602,73.43011,69.821133,71.981689,222195200
2020-02-25,72.650379,73.031794,69.072778,69.54351,230673600
2020-02-26,69.169325,71.909256,69.162084,70.646713,198054800
2020-02-27,67.858521,69.041397,65.893494,66.028679,320605600
2020-02-28,62.103476,67.209159,61.888623,65.990067,426510000
2020-03-02,68.143396,72.768689,67.042597,72.133797,341397200
2020-03-03,73.307015,73.386675,68.993127,69.842873,319475600
2020-03-04,71.561665,73.241831,70.76262,73.082504,219178400
2020-03-05,71.339557,72.312413,70.347392,70.711914,187572800
2020-03-06,68.075799,70.20498,67.889921,69.772865,226176800
2020-03-09,63.670164,67.131889,63.489112,64.254364,286744800
2020-03-10,66.902568,69.147618,65.026858,68.882072,285290000
2020-03-11,66.962933,67.887505,65.627964,66.489777,255598800
2020-03-12,61.784818,65.178951,59.868074,59.923595,418474000
2020-03-13,63.945366,67.57366,61.063005,67.102921,370732000
2020-03-16,58.407585,62.542825,57.936849,58.470352,322423600
2020-03-17,59.749776,62.187949,57.55059,61.041286,324056000
2020-03-18,57.881318,60.350875,57.241597,59.547001,300233600
2020-03-19,59.720807,61.036455,58.566899,59.090744,271857200
2020-03-20,59.670124,60.792653,55.040006,55.339348,401693200
2020-03-23,55.059305,55.160694,51.324793,54.163696,336752800
2020-03-24,57.05814,59.793242,56.560849,59.597706,287531200
2020-03-25,60.531933,62.34246,58.974881,59.269394,303602000
2020-03-26,59.510788,62.446252,59.472163,62.388317,252087200
2020-03-27,61.01474,61.767917,59.63874,59.805309,204216800
2020-03-30,60.529506,61.683414,60.206023,61.512016,167976400
2020-03-31,61.702728,63.365994,60.833674,61.386486,197002000
2020-04-01,59.505969,60.041886,57.726827,58.156525,176218400
2020-04-02,58.01892,59.18007,57.188491,59.126961,165934000
2020-04-03,58.612776,59.312845,57.6882,58.277225,129880000
2020-04-06,60.568157,63.515693,60.201226,63.361198,201820400
2020-04-07,65.372053,65.589322,62.523495,62.627296,202887200
2020-04-08,63.426347,64.544046,63.061833,64.230225,168895200
2020-04-09,64.865127,65.195849,63.899513,64.693726,161834800
2020-04-13,64.770997,66.072166,64.172314,65.963531,131022800
2020-04-14,67.592977,69.584556,67.122237,69.294868,194994800
2020-04-15,68.17235,69.121064,67.745069,68.662399,131154400
2020-04-16,69.374531,69.572484,68.160272,69.207962,157125200
2020-04-17,68.725154,69.270728,66.834961,68.268898,215250000
2020-04-20,67.098104,67.998534,66.832559,66.851868,130015200
2020-04-21,66.694964,66.929126,64.075734,64.785461,180991600
2020-04-22,66.050405,67.086028,65.710032,66.651505,116862400
2020-04-23,66.595989,68.015443,66.354586,66.393211,124814400
2020-04-24,66.917064,68.319618,66.86878,68.309959,126161200
2020-04-27,68.027502,68.688952,67.580911,68.358231,117087600
2020-04-28,68.819321,69.000374,67.158471,67.250198,112004800
2020-04-29,68.734827,69.927361,68.532049,69.459038,137280800
2020-04-30,69.997351,71.100566,69.608695,70.924339,183064000
2020-05-01,69.101742,72.179636,69.005182,69.782501,240616800
2020-05-04,69.806647,70.897788,69.118645,70.769844,133568000
2020-05-05,71.228507,72.662445,71.083664,71.832016,147751200
2020-05-06,72.532078,73.20318,72.148248,72.57312,142333600
2020-05-07,73.198364,73.669103,72.896609,73.323891,115215200
2020-05-08,73.982289,75.122375,73.655511,75.069122,133838400
2020-05-11,74.577759,76.744165,74.369586,76.250374,145946400
2020-05-12,76.932953,77.383183,75.257924,75.378952,162301200
2020-05-13,75.55809,76.477911,73.3941,74.468834,200622400
2020-05-14,73.708784,74.986845,72.987452,74.926331,158929200
2020-05-15,72.701817,74.529344,72.667925,74.483353,166348400
2020-05-18,75.804974,76.61102,75.11511,76.238251,135178400
2020-05-19,76.255198,77.099974,75.766246,75.797714,101729600
2020-05-20,76.654608,77.342049,76.615878,77.271858,111504800
2020-05-21,77.133878,77.673667,76.458537,76.695755,102688800
2020-05-22,76.434336,77.271858,76.332676,77.18956,81803200
2020-05-26,78.305441,78.484561,76.611042,76.666718,125522000
2020-05-27,76.523895,77.145976,75.785617,77.00074,112945200
2020-05-28,76.67639,78.290914,76.400449,77.034637,133560800
2020-05-29,77.276673,77.73658,76.603755,76.959579,153532400
2020-06-01,76.913609,78.027073,76.782896,77.906044,80791200
2020-06-02,77.639759,78.290893,77.199214,78.266685,87642800
2020-06-03,78.586204,78.958974,78.014946,78.697548,104491200
2020-06-04,78.520873,78.818599,77.647044,78.019814,87560400
2020-06-05,78.269134,80.302412,78.240089,80.241898,137250400
2020-06-08,79.939315,80.750208,79.23009,80.716316,95654400
2020-06-09,80.396798,83.657298,80.36533,83.265167,147712400
2020-06-10,84.21161,85.87454,83.773487,85.407372,166651600
2020-06-11,84.552923,84.976523,81.205278,81.306938,201662400
2020-06-12,83.441876,84.187409,80.900278,82.008896,200146000
2020-06-15,80.665492,83.674259,80.503311,83.023125,138808800
2020-06-16,85.07333,85.494514,83.441868,85.223404,165428800
2020-06-17,85.96655,86.027065,84.983799,85.104828,114406400
2020-06-18,85.061235,85.555033,84.531129,85.138695,96820400
2020-06-19,85.843092,86.307837,83.545966,84.652168,264476000
2020-06-22,85.0443,87.009802,84.998309,86.866989,135445200
2020-06-23,88.108749,90.137188,87.689988,88.721153,212155600
2020-06-24,88.350814,89.268213,86.782282,87.155052,192623200
2020-06-25,87.309953,88.350795,86.552314,88.312065,137522400
2020-06-26,88.207992,88.428264,85.450959,85.598618,205256800
2020-06-29,85.50662,87.665771,85.029767,87.571365,130646000
2020-06-30,87.159889,88.588032,87.140528,88.302399,140223200
2020-07-01,88.379825,88.92203,88.086939,88.135345,110737200
2020-07-02,89.040643,89.674831,88.021586,88.135345,114041600
2020-07-06,89.561083,90.960172,89.529614,90.493004,118655600
2020-07-07,90.870615,91.647615,90.100875,90.212219,112424400
2020-07-08,91.187722,92.344754,91.100578,92.313286,117092000
2020-07-09,93.204034,93.257287,91.664555,92.710243,125642800
2020-07-10,92.306016,92.930528,91.696035,92.872429,90257200
2020-07-13,94.174683,96.779219,92.230966,92.443977,191649200
2020-07-14,91.826734,94.165005,90.89482,93.973785,170989200
2020-07-15,95.844887,96.094205,93.424317,94.620079,153198000
2020-07-16,93.494502,94.310233,92.857891,93.455772,110577600
2020-07-17,93.906002,94.060914,92.794954,93.266968,92186800
2020-07-20,93.354103,95.370434,93.010379,95.23246,90318000
2020-07-21,96.021597,96.096634,93.668803,93.918121,103433200
2020-07-22,93.620379,94.862133,93.533242,94.181953,89001600
2020-07-23,93.915673,93.993133,89.086642,89.895111,197004400
2020-07-24,88.096646,90.016156,86.31268,89.672432,185438800
2020-07-27,90.732627,91.889659,90.509939,91.797676,121214000
2020-07-28,91.36926,91.545965,90.284842,90.289688,103625600
2020-07-29,90.771356,92.204336,90.735049,92.02037,90329200
2020-07-30,91.194964,93.237925,90.78831,93.133842,158130000
2020-07-31,99.616142,103.033985,97.621587,102.883911,374336800
2020-08-03,104.762247,108.090531,104.464522,105.476318,308151200
2020-08-04,105.665165,107.270005,104.943833,106.180748,173071600
2020-08-05,105.902364,106.885115,105.437611,106.565598,121776800
2020-08-06,106.89721,110.777383,106.309013,110.283585,202428800
2020-08-07,109.805868,110.261757,106.980821,107.776199,198045600
2020-08-10,109.219038,110.35876,106.697108,109.342712,212403600
2020-08-11,108.607941,109.10505,105.831389,106.090858,187902400
2020-08-12,107.179651,109.873757,106.98566,109.616714,165598000
2020-08-13,110.994085,112.55817,110.506671,111.556671,210082000
2020-08-14,111.382073,111.546966,109.650666,111.457245,165565200
2020-08-17,112.577581,112.601832,110.540638,111.166267,119561600
2020-08-18,110.918908,112.516939,110.584266,112.092575,105633600
2020-08-19,112.499967,113.644536,112.138654,112.233223,145538000
2020-08-20,112.274433,114.83759,112.257457,114.723618,126907200
2020-08-21,115.681496,121.118203,115.669375,120.635643,338054800
2020-08-24,124.833167,124.918048,120.216098,122.078445,345937600
2020-08-25,120.953299,121.421309,119.357688,121.076965,211495600
2020-08-26,122.391288,123.179392,121.326739,122.723503,163022400
2020-08-27,123.324885,123.6571,120.114267,121.256416,155552400
2020-08-28,122.228803,122.645892,120.836893,121.05999,187630000
2020-08-31,123.749244,127.066553,122.216684,125.165398,225702700
2020-09-01,128.773686,130.75244,126.610649,130.151047,151948100
2020-09-02,133.458684,133.836973,123.186666,127.454544,200119000
2020-09-03,123.099351,124.971393,116.881817,117.250404,257599600
2020-09-04,116.464735,119.985736,107.560376,117.328011,332607200
2020-09-08,110.528486,115.417154,109.296623,109.432419,231366600
2020-09-09,113.739114,115.562662,111.799166,113.79731,176940500
2020-09-10,116.746027,116.881823,109.122034,110.082306,182274400
2020-09-11,111.129863,111.770049,106.697085,108.637032,180860300
2020-09-14,111.275366,112.449033,109.413019,111.896149,140150100
2020-09-15,114.776975,115.261961,110.198698,112.070747,184642000
2020-09-16,111.77007,112.516946,108.675851,108.763145,154679000
2020-09-17,106.425484,108.831014,105.445809,107.026863,178011000
2020-09-18,107.085076,107.550659,102.904486,103.631966,287104900
2020-09-21,101.401056,106.881409,100.004292,106.774712,195713800
2020-09-22,109.296646,109.471242,105.882342,108.452766,183055400
2020-09-23,108.268477,108.743762,103.564098,103.903595,150718700
2020-09-24,102.012121,106.939588,101.847227,104.970543,167743300
2020-09-25,105.174234,109.06383,104.437052,108.90863,149981400
2020-09-28,111.556665,111.857355,109.393621,111.508163,137672400
2020-09-29,111.11047,111.847645,110.159893,110.664276,99382200
2020-09-30,110.373291,113.7391,110.208397,112.332634,142675200
2020-10-01,114.107702,114.185302,112.352052,113.283226,116120400
2020-10-02,109.500318,111.905855,108.850437,109.626411,144712000
2020-10-05,110.489702,113.147428,110.140511,113.00193,106243800
2020-10-06,112.225949,112.633343,108.879543,109.762222,161498200
2020-10-07,111.178386,112.080462,110.703093,111.624573,96849000
2020-10-08,112.759433,112.904931,111.149273,111.517868,83477200
2020-10-09,111.818552,113.486907,111.469361,113.457809,100506900
2020-10-12,116.455037,121.421305,115.698458,120.664726,240226800
2020-10-13,121.508602,121.625002,116.057355,117.463814,262330500
2020-10-14,117.366812,119.335857,116.028251,117.551109,150712000
2020-10-15,115.15528,117.560811,114.602395,117.085526,112559200
2020-10-16,117.638393,117.90029,115.242557,115.446251,115393800
2020-10-19,116.35805,116.804237,112.187167,112.497559,120639300
2020-10-20,112.710927,115.40746,112.158043,113.981598,124423700
2020-10-21,113.166825,115.145573,112.95343,113.360825,89946000
2020-10-22,113.923397,114.495685,111.149272,112.274445,101988000
2020-10-23,112.895233,113.050432,110.848588,111.58577,82572600
2020-10-26,110.586708,113.050442,109.490633,111.595482,111850700
2020-10-27,112.022259,113.758513,111.100787,113.09893,92276800
2020-10-28,111.595473,111.964061,107.764073,107.861069,143937800
2020-10-29,108.995942,113.419019,108.83104,111.857361,146129200
2020-10-30,107.725255,108.627331,104.485547,105.591316,190272600
2020-11-02,105.833823,107.356682,104.09757,105.504028,122866900
2020-11-03,106.367331,108.142377,105.465255,107.123909,107624400
2020-11-04,110.712783,112.119241,108.976529,111.498459,138235500
2020-11-05,114.40839,116.028251,113.360824,115.455963,126387100
2020-11-06,114.965286,115.820333,112.837377,115.324799,114457900
2020-11-09,117.083457,118.531209,112.759631,113.021973,154515300
2020-11-10,112.273848,114.256002,110.894103,112.681938,138023400
2020-11-11,113.867335,116.238149,113.1386,116.102119,112295000
2020-11-12,116.228449,117.112645,115.208217,115.83007,103162300
2020-11-13,116.053528,116.277003,114.528043,115.878632,81581900
2020-11-16,115.548275,117.559584,114.80011,116.889153,91183000
2020-11-17,116.160419,117.248659,115.587143,116.004951,74271000
2020-11-18,115.247052,116.422744,114.654346,114.683495,76322100
2020-11-19,114.255982,115.684305,113.498099,115.276215,74113000
2020-11-20,115.276198,115.402509,113.964476,114.013054,73604300
2020-11-23,113.857603,114.28513,110.524854,110.622017,127959300
2020-11-24,110.680302,112.565292,109.397721,111.904572,113874200
2020-11-25,112.27384,113.439814,111.90461,112.740227,76499200
2020-11-27,113.264903,114.158816,112.924828,113.284332,46691300
2020-11-30,113.653556,117.540144,113.498089,115.674583,169410200
2020-12-01,117.579024,119.969275,116.607377,119.24054,127728200
2020-12-02,118.560389,119.872118,117.46243,119.59034,89004200
2020-12-03,120.017873,120.270503,118.745017,119.454323,78967600
2020-12-04,119.123942,119.376572,118.074561,118.783867,78260400
2020-12-07,118.842159,121.038083,118.783862,120.241333,86712000
2020-12-08,120.843736,121.436441,119.600021,120.853447,82225500
2020-12-09,120.999193,122.37893,117.56928,118.327164,115089200
2020-12-10,117.083463,120.357916,116.743388,119.745773,81312200
2020-12-11,118.958761,119.279406,117.132067,118.939331,86939800
2020-12-14,119.123914,119.852649,118.093971,118.327164,79184500
2020-12-15,120.814588,124.273656,120.610543,124.254219,157243700
2020-12-16,123.797565,124.730338,122.971659,124.186218,98208600
2020-12-17,125.245298,125.906026,124.409681,125.050972,94359800
2020-12-18,125.303624,125.439654,122.544142,123.068832,192541500
2020-12-21,121.475343,124.672063,119.949857,124.59433,121251600
2020-12-22,127.878474,130.599089,125.97404,128.140823,168904800
2020-12-23,128.412876,128.67521,127.071998,127.246902,88223700
2020-12-24,127.596661,129.675985,127.382898,128.228226,54930100
2020-12-28,130.191009,133.446018,129.724607,132.814453,124486200
2020-12-29,134.135912,134.854922,130.531094,131.046066,121047300
2020-12-30,131.735914,132.134293,129.617716,129.92865,96452100
2020-12-31,130.27843,130.91972,127.985342,128.927841,99116600
2021-01-04,129.734291,129.821736,123.165956,125.740822,143301900
2021-01-05,125.235592,128.004792,124.788628,127.295479,97664900
2021-01-06,124.098768,127.334355,122.796757,123.010521,155088000
2021-01-07,124.720624,127.897914,124.234801,127.208038,109578200
2021-01-08,128.675231,128.869572,126.53761,128.306015,105158200
2021-01-11,125.527096,126.479306,124.856657,125.323044,100384500
2021-01-12,124.856666,126.012928,123.263165,125.148163,91951100
2021-01-13,125.109266,127.722999,124.846932,127.178879,88636800
2021-01-14,127.091463,127.28579,125.109295,125.255051,90221800
2021-01-15,125.128703,126.527877,123.399172,123.535202,111598500
2021-01-19,124.15705,125.060689,123.34087,124.205635,90757300
2021-01-20,125.012114,128.733524,124.905232,128.28656,104319500
2021-01-21,130.0064,135.709965,129.802348,132.989349,120150900
2021-01-22,132.41605,135.884837,131.19178,135.126953,114459400
2021-01-25,139.013539,140.976255,132.66867,138.867783,157611700
2021-01-26,139.528556,140.208706,137.361772,139.101028,98390600
2021-01-27,139.363363,140.208707,136.428999,138.032211,140843800
2021-01-28,135.564174,137.964142,132.824122,133.203064,142621100
2021-01-29,131.978805,132.863008,126.518154,128.218536,177523800
2021-02-01,129.957804,131.541594,127.217752,130.336746,106239800
2021-02-02,131.881683,132.445241,130.793443,131.162674,83305400
2021-02-03,131.910816,131.920542,129.82178,130.142426,89880900
2021-02-04,132.435507,133.50431,130.773983,133.494598,84183100
2021-02-05,133.655179,133.723288,132.205256,133.081039,75693800
2021-02-08,132.370658,133.275648,131.290517,133.22699,71297200
2021-02-09,132.944787,134.170902,132.195512,132.351196,76774200
2021-02-10,132.808553,133.304843,130.784506,131.747879,73046600
2021-02-11,132.244164,132.720988,130.171473,131.494888,64280000
2021-02-12,130.735859,131.884108,130.09361,131.728409,60145100
2021-02-16,131.845124,132.351125,129.217746,129.606995,80576300
2021-02-17,127.719256,128.663163,125.987141,127.320282,97918500
2021-02-18,125.724405,126.502888,123.982565,126.220695,96856700
2021-02-19,126.736438,127.193795,125.335173,126.376381,87668800
2021-02-22,124.566413,126.230419,122.221248,122.610489,103916400
2021-02-23,120.430737,123.301376,115.205192,122.474243,158273000
2021-02-24,121.578977,122.182293,118.94188,121.977943,111039900
2021-02-25,121.32599,123.058105,117.297361,117.735252,148199500
2021-02-26,119.29221,121.491416,117.939602,117.997993,164560400
2021-03-01,120.421019,124.488574,119.486845,124.352341,116307900
2021-03-02,124.955631,125.25729,121.647094,121.754135,102260900
2021-03-03,121.452489,122.328279,118.562383,118.776466,112966300
2021-03-04,118.474792,120.275023,115.428995,116.898369,178155000
2021-03-05,117.725513,118.659687,114.407242,118.153671,153766600
2021-03-08,117.676867,117.744984,113.083839,113.229805,154376600
2021-03-09,115.827984,118.776473,115.594442,117.832565,129525800
2021-03-10,118.416425,118.883508,116.236677,116.752426,111943300
2021-03-11,119.24356,119.895535,117.997995,118.679161,103026500
2021-03-12,117.161128,117.910411,115.954487,117.774178,88105100
2021-03-15,118.143959,120.664282,117.180585,120.654549,92403800
2021-03-16,122.31854,123.797654,121.364907,122.192039,115227900
2021-03-17,120.712947,122.474254,119.048941,121.403847,111932600
2021-03-18,119.574425,119.866358,117.083293,117.287643,121229700
2021-03-19,116.674563,118.163403,116.46048,116.762138,185549500
2021-03-22,117.093021,120.537792,117.024904,120.070702,111912300
2021-03-23,120.012295,120.897811,118.854304,119.243546,95467100
2021-03-24,119.51603,119.59388,116.840008,116.859467,88530500
2021-03-25,116.324251,118.387224,115.798777,117.346001,98844700
2021-03-26,117.112467,118.212074,115.720936,117.949333,94071200
2021-03-29,118.377512,119.282494,117.482263,118.124504,80819200
2021-03-30,116.87891,117.16111,115.662537,116.674561,85671900
2021-03-31,118.377502,120.197193,117.890953,118.864052,118323800
2021-04-01,120.333426,120.839434,119.194895,119.691177,75089100
2021-04-05,120.537771,122.766169,119.759289,122.513161,88651200
2021-04-06,123.097027,123.710076,122.269894,122.814827,80171300
2021-04-07,122.445059,124.478832,121.773618,124.459373,83466700
2021-04-08,125.481107,126.882372,125.062681,126.85318,88844600
2021-04-09,126.308251,129.461082,125.987127,129.422165,106686700
2021-04-12,128.955061,129.276185,127.115905,127.709496,91420000
2021-04-13,128.877233,131.037514,128.380943,130.81369,91266500
2021-04-14,131.309978,131.368361,128.118214,128.478256,87222800
2021-04-15,130.220136,131.368386,130.04497,130.881836,89347100
2021-04-16,130.687198,131.047239,129.694632,130.550964,84922400
2021-04-19,129.918453,131.825734,129.753028,131.212677,94264200
2021-04-20,131.387828,131.884103,128.264174,129.529205,94812300
2021-04-21,128.799405,130.152012,127.767922,129.908737,68847100
2021-04-22,129.461086,130.541227,127.874945,128.390686,84566500
2021-04-23,128.604753,131.485117,128.604753,130.70665,78657500
2021-04-26,131.202974,131.426782,129.967133,131.095932,66905100
2021-04-27,131.378112,131.767361,130.502329,130.774796,66015800
2021-04-28,130.696915,131.387822,129.500008,129.986557,107760100
2021-04-29,132.798823,133.382688,128.886961,129.889252,151101000
2021-04-30,128.234983,129.967098,127.544091,127.923599,109839500
2021-05-03,128.487984,130.463388,128.283641,128.974533,75135100
2021-05-04,127.660868,127.952801,123.291648,124.410713,137564700
2021-05-05,125.724399,126.940773,124.527492,124.653999,84000900
2021-05-06,124.449654,126.259619,123.710096,126.249893,78128300
2021-05-07,127.54628,127.945917,126.21086,126.92244,78973300
2021-05-10,126.14264,126.269348,123.608279,123.64727,88071200
2021-05-11,120.381855,123.081914,119.670283,122.73101,126142800
2021-05-12,120.284379,121.493069,119.163413,119.67028,112172300
2021-05-13,121.434606,122.964966,121.122685,121.814758,105861300
2021-05-14,123.062425,124.661018,122.672523,124.232124,81918000
2021-05-17,123.618041,123.725264,122.009699,123.081924,74244600
2021-05-18,123.364602,123.783745,121.629544,121.697777,63342900
2021-05-19,120.05047,121.766028,119.758042,121.54184,92612000
2021-05-20,122.068187,124.495317,121.941464,124.095665,76857100
2021-05-21,124.592787,124.768242,122.048684,122.26313,79295400
2021-05-24,122.828507,124.709779,122.760275,123.890984,63092900
2021-05-25,124.592792,125.080175,123.130664,123.696022,72009500
2021-05-26,123.754494,124.173637,123.228127,123.64727,56575900
2021-05-27,123.247644,124.417343,121.921981,122.116928,94625600
2021-05-28,122.39959,122.623786,121.405346,121.463829,71311100
2021-06-01,121.921963,122.185143,120.810746,121.142159,67637100
2021-06-02,121.142183,122.077944,120.917994,121.902489,59278900
2021-06-03,121.532062,121.697768,120.021193,120.420845,76229200
2021-06-04,120.937469,122.974705,120.723023,122.711517,75169300
2021-06-07,122.984447,123.130662,121.678283,122.721268,71057600
2021-06-08,123.403567,125.216613,123.023414,123.540031,74403800
2021-06-09,123.998209,124.524576,123.325628,123.920227,56877900
2021-06-10,123.813,124.953466,122.760274,122.92598,71186400
2021-06-11,123.335347,124.222375,122.916204,124.134644,53522400
2021-06-14,124.592787,127.244106,123.861723,127.185623,96906500
2021-06-15,126.659288,127.302628,126.123171,126.366859,62746300
2021-06-16,127.078392,127.585267,125.216627,126.863945,91815000
2021-06-17,126.522793,129.203361,126.376571,128.46254,96721700
2021-06-18,127.409841,128.189631,126.951706,127.166153,108953300
2021-06-21,127.010152,129.066879,125.947677,128.959656,79663300
2021-06-22,128.793947,130.69471,128.296814,130.597229,74783600
2021-06-23,130.392565,130.928682,129.866191,130.324326,60214200
2021-06-24,131.055377,131.240582,129.57375,130.041641,68711000
2021-06-25,130.090406,130.509542,129.456808,129.749237,70783700
2021-06-28,130.041655,131.835195,129.983172,131.37706,62111300
2021-06-29,131.39654,133.043873,130.957905,132.887909,64556100
2021-06-30,132.731997,133.940695,132.439569,133.50206,63261400
2021-07-01,133.151102,133.862667,132.332299,133.804184,52485800
2021-07-02,134.418268,136.465253,134.272061,136.42627,78852600
2021-07-06,136.533472,139.535694,136.533472,138.434235,108181800
2021-07-07,139.915853,141.231774,139.058082,140.919861,104911600
2021-07-08,138.005367,140.422748,137.118339,139.623459,105575500
2021-07-09,139.145843,141.972618,139.048362,141.446259,99890800
2021-07-12,142.518502,142.625725,140.364293,140.851669,76299700
2021-07-13,140.393524,143.736931,140.003629,141.962875,100827100
2021-07-14,144.360784,145.793671,143.951375,145.384262,127050800
2021-07-15,145.471976,146.212782,143.376251,144.731155,106820300
2021-07-16,144.711667,145.978833,142.196806,142.693924,93251400
2021-07-19,140.120574,140.432502,138.093088,138.853394,121434600
2021-07-20,139.837906,143.386002,139.35053,142.459976,96350000
2021-07-21,141.85565,142.440507,140.978379,141.728928,74993500
2021-07-22,142.25531,144.458244,142.128588,143.093597,77338200
2021-07-23,143.824664,144.965122,143.210566,144.809158,71447400
2021-07-26,144.526464,146.047075,143.970848,145.228287,72434100
2021-07-27,145.354958,145.442697,141.875102,143.064301,104818600
2021-07-28,141.153828,143.259296,138.941137,141.319534,118931200
2021-07-29,141.036864,142.849903,140.929641,141.962875,56699500
2021-07-30,140.734679,142.635442,140.471491,142.177307,70440600
2021-08-02,142.66469,143.23979,141.582714,141.845901,62880000
2021-08-03,142.128597,144.30229,141.514498,143.639465,64786600
2021-08-04,143.551735,144.058595,142.586725,143.239807,56368300
2021-08-05,143.269049,144.107336,142.479502,143.347031,46397700
2021-08-06,142.868692,143.610608,142.165818,142.663681,54126800
2021-08-09,142.722252,143.210358,142.058435,142.614868,48908700
2021-08-10,142.95652,144.196314,141.843638,142.136505,69023100
2021-08-11,142.575803,143.229863,142.068168,142.39032,48493500
2021-08-12,142.712496,145.504464,142.370816,145.348267,72282600
2021-08-13,145.42631,145.885131,144.742965,145.553223,59375000
2021-08-16,145.006548,147.593519,142.985796,147.525177,103296000
2021-08-17,146.656367,148.071872,145.543485,146.617325,92229700
2021-08-18,146.236606,147.134719,142.673422,142.878433,86326000
2021-08-19,141.58007,144.479421,141.062678,143.210342,86960300
2021-08-20,143.932758,144.96754,143.288454,144.664917,60549600
2021-08-23,144.782067,146.617351,144.372059,146.148773,60131800
2021-08-24,145.894928,147.271391,145.602062,146.060883,48606400
2021-08-25,146.246392,146.74427,144.28421,144.830887,58991300
2021-08-26,144.82111,145.572782,144.00108,144.030365,48597200
2021-08-27,143.971787,145.211581,143.337255,145.065155,55802400
2021-08-30,145.455655,149.838855,145.074933,149.477646,90956700
2021-08-31,149.028565,149.165235,147.691145,148.218307,86453100
2021-09-01,149.19449,151.29334,148.716141,148.882095,80313700
2021-09-02,150.209824,151.039611,148.77479,149.995056,71115500
2021-09-03,150.102399,150.951714,149.448339,150.629562,57808700
2021-09-07,151.283636,153.519156,150.717431,152.962723,82278300
2021-09-08,153.245816,153.304386,150.317179,151.420303,74420200
2021-09-09,151.791264,152.396511,150.287889,150.405045,57305700
2021-09-10,151.312921,151.781498,145.16278,145.426361,140893200
2021-09-13,147.046896,147.818097,145.211611,145.992584,102404300
2021-09-14,146.773537,147.476411,143.415364,144.596573,109296300
2021-09-15,145.026088,145.88516,142.888181,145.484909,83281300
2021-09-16,144.90896,145.426352,143.71798,145.250626,68034100
2021-09-17,145.279911,145.279911,142.292689,142.585556,129868800
2021-09-20,140.379307,141.394561,137.909492,139.539764,123478900
2021-09-21,140.506264,141.16034,139.383626,140.018158,75834000
2021-09-22,141.013863,142.946759,140.281704,142.380569,76404300
2021-09-23,143.161539,143.581318,142.17557,143.337265,64838200
2021-09-24,142.195103,143.962045,142.097476,143.425125,53477900
2021-09-27,142.009584,142.487933,140.39884,141.911957,74150700
2021-09-28,139.842438,141.306757,138.319549,138.534317,108972300
2021-09-29,139.080951,141.013847,138.651416,139.432388,74602000
2021-09-30,140.242655,140.945529,137.919265,138.134033,89056700
2021-10-01,138.524524,139.520265,135.800898,139.256683,94639600
2021-10-04,138.387857,138.827164,134.980885,135.830185,98322000
2021-10-05,136.171882,138.856467,136.04497,137.753342,80861100
2021-10-06,136.152361,138.768603,135.078521,138.622177,83221100
2021-10-07,139.65693,140.78934,139.325021,139.881454,61732700
2021-10-08,140.603857,140.750283,139.168824,139.500732,58773200
2021-10-11,138.885755,141.365328,138.43669,139.412903,64452200
2021-10-12,139.822854,139.842383,137.684947,138.143768,73035900
2021-10-13,137.880227,138.036409,135.888745,137.558075,78762700
2021-10-14,138.729512,140.457411,138.143778,140.340256,69907100
2021-10-15,140.350053,141.453163,140.096228,141.394592,67940300
2021-10-18,140.03761,143.346968,139.754515,143.063873,85589200
2021-10-19,143.512957,145.621579,143.063908,145.221329,76378900
2021-10-20,145.162781,146.187807,144.596576,145.709457,58418800
2021-10-21,145.270149,146.080407,144.352507,145.92421,61421000
2021-10-22,146.129212,146.607547,145.104186,145.153,58883400
2021-10-25,145.143229,145.816818,144.108446,145.104187,50720600
2021-10-26,145.777793,147.251868,145.465398,145.768036,60893400
2021-10-27,145.807052,146.168245,144.957752,145.309189,56094900
2021-10-28,146.256166,149.526469,146.158539,148.94075,100077900
2021-10-29,143.717958,146.373257,142.927229,146.236588,124953200
2021-11-01,145.445911,146.139014,144.284216,145.416626,74588300
2021-11-02,145.123751,147.964533,145.11398,146.451401,69122000
2021-11-03,146.812574,148.354991,146.256141,147.886414,54511500
2021-11-04,147.974281,148.804052,147.056639,147.369034,60394600
2021-11-05,148.493286,148.796351,146.704209,147.896927,65463900
2021-11-08,148.024023,148.180449,146.801977,147.075714,55020900
2021-11-09,146.841065,148.043554,146.704196,147.437424,56787900
2021-11-10,146.665166,146.772707,144.543695,144.612122,65187100
2021-11-11,145.628807,146.088283,144.377418,144.563171,41000000
2021-11-12,145.110677,147.036623,144.181924,146.635803,63804000
2021-11-15,147.00732,148.483562,146.088339,146.645599,59222800
2021-11-16,146.586876,148.102216,146.000288,147.623169,59256200
2021-11-17,147.623204,151.533752,147.613433,150.057526,88807000
2021-11-18,150.27261,155.121682,149.627366,154.339569,137827700
2021-11-19,154.124469,157.419116,153.02952,156.959625,117305600
2021-11-22,158.064342,161.994447,157.399556,157.419113,117467900
2021-11-23,157.516846,158.181647,155.502917,157.800369,96041900
2021-11-24,157.155182,158.514097,156.070004,158.318573,69463600
2021-11-26,156.001587,156.861898,152.863365,153.303299,76959800
2021-11-29,155.806016,157.585323,155.238985,156.65657,88748200
2021-11-30,156.412158,161.81849,156.343717,161.603409,174048100
2021-12-01,163.734654,166.491598,160.850628,161.085266,152052500
2021-12-02,155.190127,160.528017,154.271146,160.097855,136739200
2021-12-03,160.352036,161.271017,156.148194,158.220779,118023100
2021-12-06,160.615975,164.125704,160.606204,161.622955,107497000
2021-12-07,165.2989,167.742993,164.575443,167.351929,120405400
2021-12-08,168.280662,172.025013,166.882633,171.164688,116998900
2021-12-09,170.998521,172.797369,170.030654,170.656342,108923700
2021-12-10,171.291765,175.612918,170.783389,175.436935,115402700
2021-12-13,177.069598,178.057021,171.604611,171.809921,153237000
2021-12-14,171.330912,173.765234,168.358902,170.431488,139380400
2021-12-15,171.194072,175.485899,168.456685,175.290375,131063300
2021-12-16,175.270761,177.089167,166.931519,168.407745,150185800
2021-12-17,166.129858,169.590701,165.895234,167.312805,195432700
2021-12-20,164.51676,166.765328,163.715106,165.953888,107499100
2021-12-21,167.723416,169.32674,165.337979,169.121445,91185900
2021-12-22,169.170341,171.927285,168.300245,171.712204,92135300
2021-12-23,171.917468,172.895105,171.350437,172.337845,68356600
2021-12-27,173.129768,176.385301,173.110226,176.297318,74919600
2021-12-28,176.131103,177.274936,174.537549,175.280548,79144300
2021-12-29,175.319661,176.590592,174.15627,175.368546,62348900
2021-12-30,175.456569,176.531976,174.107425,174.214966,59773000
2021-12-31,174.107375,175.22188,173.295934,173.599014,64062300
2022-01-03,173.853212,178.790282,173.7359,177.939728,104487900
2022-01-04,178.545866,178.848931,175.11435,175.681381,99310400
2022-01-05,175.593375,176.140849,170.734518,171.008255,94537600
2022-01-06,168.837938,171.379801,167.801645,168.153595,96904000
2022-01-07,169.023678,170.245725,167.205273,168.319778,86709100
2022-01-10,165.298873,168.64239,164.40922,168.339325,106765600
2022-01-11,168.466415,171.262443,166.99996,171.164688,76138300
2022-01-12,172.181447,173.21774,170.910531,171.604645,74805200
2022-01-13,171.849038,172.67025,167.948261,168.339325,84505800
2022-01-14,167.508338,169.893775,167.263929,169.199661,80440800
2022-01-18,167.674528,168.681493,165.621499,166.002777,90956700
2022-01-19,166.198315,167.254165,162.229111,162.512619,94815000
2022-01-20,163.245835,165.885452,160.508448,160.83107,91420500
2022-01-21,160.743091,162.610381,158.670505,158.778046,122848900
2022-01-24,156.441557,158.670569,151.240518,158.005768,162294600
2022-01-25,155.42469,159.120156,153.50853,156.206802,115798400
2022-01-26,159.843676,160.713773,154.290705,156.118881,108275300
2022-01-27,158.817157,160.176072,154.740412,155.659393,121954600
2022-01-28,162.004241,166.540477,159.159314,166.52092,179935700
2022-01-31,166.354735,171.086496,165.719262,170.871414,115541600
2022-02-01,170.118627,170.930068,168.456647,170.705215,86213900
2022-02-02,170.842079,171.946813,169.453836,171.9077,84914300
2022-02-03,170.578085,172.298735,168.270861,169.033417,89418100
2022-02-04,168.054575,170.423484,167.075692,168.749588,82465400
2022-02-07,169.20966,170.276638,167.33999,168.035004,77251200
2022-02-08,168.103534,171.6471,167.809866,171.138077,74829200
2022-02-09,172.332265,172.919585,171.206541,172.557404,71285000
2022-02-10,170.462638,171.774337,167.927335,168.485291,90865900
2022-02-11,168.690845,169.425007,164.49143,165.078766,98670700
2022-02-14,163.835598,165.998936,163.042706,165.313721,86185500
2022-02-15,167.359555,169.297738,166.654758,169.141113,62527400
2022-02-16,168.220974,169.6795,166.458983,168.906189,61177400
2022-02-17,167.418313,168.279734,164.912375,165.313721,69589300
2022-02-18,166.233848,166.938629,162.680499,163.767059,82772700
2022-02-22,161.496057,163.169953,158.725818,160.850006,91162800
2022-02-23,162.044249,162.641368,156.376524,156.689774,90009200
2022-02-24,149.357895,159.411022,148.790141,159.303345,141147500
2022-02-25,160.380154,161.633123,157.472871,161.368835,91974200
2022-02-28,159.616622,161.926785,158.999921,161.633118,95056600
2022-03-01,161.22194,163.081826,158.549595,159.753616,83474400
2022-03-02,160.918536,163.825819,159.508942,163.042709,79724800
2022-03-03,164.912353,165.343063,162.054017,162.71965,76678400
2022-03-04,161.016421,162.054035,158.676892,159.724289,83737200
2022-03-07,159.91025,161.535199,155.68147,155.935989,96418800
2022-03-08,155.466158,159.44042,152.509928,154.115295,131148300
2022-03-09,158.069953,159.959204,156.043673,159.508911,91454900
2022-03-10,156.817001,157.002991,152.686115,155.172485,105342000
2022-03-11,155.573829,155.916444,151.237386,151.462524,96970100
2022-03-14,148.251775,150.86539,146.930292,147.439301,108732100
2022-03-15,147.713331,152.284724,147.204323,151.81485,92964300
2022-03-16,153.733509,156.621209,151.198207,156.219864,102300200
2022-03-17,155.260585,157.600114,154.301284,157.228134,75615400
2022-03-18,157.120427,161.006592,156.386265,160.517151,123511700
2022-03-21,160.057113,162.837152,159.567672,161.887634,95811400
2022-03-22,162.01486,165.842295,161.42754,165.254974,81532000
2022-03-23,164.44251,168.994309,164.109679,166.615631,98062700
2022-03-24,167.447658,170.462618,166.615617,170.394104,90131400
2022-03-25,170.208107,171.578537,169.101965,171.030365,80546200
2022-03-28,168.534225,172.019045,168.367816,171.8918,90371900
2022-03-29,172.958794,175.229795,172.616179,175.180862,100589400
2022-03-30,174.779519,175.817132,172.968579,174.015991,92633200
2022-03-31,174.084501,174.270491,170.717142,170.922714,103049300
2022-04-01,170.354942,171.186999,168.309081,170.629028,78751300
2022-04-04,170.883543,174.720761,170.756284,174.671814,76468400
2022-04-05,173.751697,174.534806,170.736736,171.36322,73401800
2022-04-06,168.720207,169.963392,166.537303,168.201401,89058800
2022-04-07,167.545536,169.699075,166.263203,168.504837,77594700
2022-04-08,168.152468,168.152468,165.626949,166.498154,76575500
2022-04-11,165.14727,165.460504,162.00505,162.249771,72246700
2022-04-12,164.471875,166.282799,163.121012,164.119476,79265200
2022-04-13,163.855159,167.428074,163.248256,166.80159,70618900
2022-04-14,167.016914,167.653197,161.554748,161.799469,75329400
2022-04-18,160.458428,163.081841,160.115828,161.584152,69023900
2022-04-19,161.535214,164.276088,160.448654,163.864944,67723800
2022-04-20,165.196252,165.313728,162.592435,163.698563,67929800
2022-04-21,165.343094,167.907762,162.406445,162.90567,87227800
2022-04-22,162.944792,164.325005,158.089528,158.373398,84882400
2022-04-25,157.717556,159.724269,155.11374,159.440399,96046400
2022-04-26,158.823723,158.911819,153.410503,153.488815,95623200
2022-04-27,152.617606,156.41566,152.098799,153.263672,88063200
2022-04-28,155.887048,161.045763,155.573798,160.184341,130216800
2022-04-29,158.422383,162.690312,153.929315,154.320862,131747600
2022-05-02,153.40071,154.888601,150.033351,154.624313,123055300
2022-05-03,154.810312,157.316265,153.01897,156.112228,88966500
2022-05-04,156.298188,162.964377,155.896843,162.514099,108256500
2022-05-05,160.389949,160.615088,151.677884,153.459457,130525300
2022-05-06,152.939864,156.302372,151.145875,154.184875,116124600
2022-05-09,151.881128,152.763426,148.508836,149.067612,131577900
2022-05-10,152.459509,153.655502,149.920467,151.469376,115366700
2022-05-11,150.479282,152.390905,142.940611,143.617035,142689800
2022-05-12,139.960406,143.322899,136.068531,139.754532,182602000
2022-05-13,141.744584,145.185519,140.293713,144.214996,113990900
2022-05-16,142.685716,144.61695,141.342666,142.675903,86643800
2022-05-17,145.930574,146.822669,143.793466,146.303101,78336300
2022-05-18,143.960131,144.46009,137.146889,138.048798,109742900
2022-05-19,137.127306,138.872276,133.911854,134.647095,136095600
2022-05-20,136.352852,137.931169,130.000375,134.88237,137426100
2022-05-23,135.078417,140.440774,134.941173,140.293732,117726300
2022-05-24,138.039011,139.176187,134.627498,137.59787,104132700
2022-05-25,135.705833,138.999712,135.617607,137.754715,92482700
2022-05-26,134.686296,141.499524,134.441216,140.950546,90601500
2022-05-27,142.528827,146.734397,142.401381,146.69519,90978500
2022-05-31,146.13645,147.695156,143.950323,145.910965,103718400
2022-06-01,146.950062,148.753863,144.773749,145.783493,74286600
2022-06-02,144.920825,148.293131,143.969913,148.234314,72348100
2022-06-03,144.009135,145.058086,141.617165,142.519058,88570300
2022-06-06,144.136584,145.646287,142.048496,143.264099,71598400
2022-06-07,141.509294,146.067779,141.264214,145.783493,67808200
2022-06-08,145.656088,146.920696,144.558134,145.048294,53950200
2022-06-09,144.18562,145.038495,139.725157,139.832993,69473000
2022-06-10,137.519417,137.989966,134.362782,134.431412,91437900
2022-06-13,130.255237,132.539387,128.853385,129.284729,122207100
2022-06-14,130.510114,131.255152,128.892575,130.147385,84784300
2022-06-15,131.647266,134.637248,129.559193,132.764832,91533000
2022-06-16,129.480763,129.78466,126.50058,127.500511,108123900
2022-06-17,127.510325,130.461085,127.255432,128.970993,134520300
2022-06-21,130.794414,134.362782,130.696391,133.196198,81000500
2022-06-22,132.13744,135.048994,131.274767,132.686432,73409200
2022-06-23,134.127533,135.862691,132.960949,135.548996,72433800
2022-06-24,137.146894,139.117349,137.019463,138.872269,89116800
2022-06-27,139.891796,140.666258,138.195845,138.872269,70207900
2022-06-28,139.333029,140.597636,134.617687,134.735321,67083400
2022-06-29,134.754924,137.901746,133.980463,136.490082,66242400
2022-06-30,134.549034,135.646988,131.137521,134.029465,98964500
2022-07-01,133.362842,136.303805,132.99033,136.195969,71051600
2022-07-05,135.058836,138.823265,134.235355,138.774246,73353800
2022-07-06,138.568356,141.283834,138.303666,140.107452,74064300
2022-07-07,140.470176,143.666032,140.460378,143.469971,66253700
2022-07-08,142.401408,144.646351,142.14653,144.146378,64547800
2022-07-11,142.803364,143.754276,140.950558,142.019104,63141600
2022-07-12,142.891586,145.528652,142.195566,142.989624,77588800
2022-07-13,140.176075,143.567976,139.323186,142.626877,71185600
2022-07-14,141.244625,146.018783,140.430957,145.548233,78140700
2022-07-15,146.832443,147.891191,145.283534,147.214767,76259900
2022-07-18,147.773541,148.587209,143.813037,144.175766,81420900
2022-07-19,145.009067,148.253927,144.018949,148.028458,82982400
2022-07-20,148.146091,150.694931,147.41085,150.028305,64823400
2022-07-21,151.459583,152.508534,148.949964,152.292862,65086600
2022-07-22,152.332068,153.204553,150.391037,151.057648,66675400
2022-07-25,150.979232,151.988961,149.283281,149.940094,53623900
2022-07-26,149.263639,150.077307,147.832379,148.616638,55138700
2022-07-27,149.577386,154.233911,149.165653,153.704529,78620700
2022-07-28,153.890735,154.53775,151.371319,154.253464,81378700
2022-07-29,158.066969,160.409936,156.361205,159.311966,101786900
2022-08-01,157.841444,160.370673,157.72381,158.331604,67829400
2022-08-02,156.949401,159.21394,156.488648,156.86116,59907000
2022-08-03,157.674797,163.311642,157.586572,162.860703,82507500
2022-08-04,162.743089,163.899875,161.19418,162.547028,55474100
2022-08-05,160.220413,162.812054,160.014253,162.321213,56697000
2022-08-08,163.322545,164.736171,161.192296,161.850021,60276900
2022-08-09,161.0156,162.782632,160.259701,161.899109,63135500
2022-08-10,164.608547,166.238143,163.842835,166.139984,70170500
2022-08-11,166.944936,167.857908,165.109194,165.403702,57149200
2022-08-12,166.709351,169.016296,166.297031,168.947586,68039400
2022-08-15,168.378216,170.213957,168.211331,170.017624,54091700
2022-08-16,169.615129,170.528102,168.515649,169.86055,56377100
2022-08-17,169.605343,172.923421,169.40901,171.352737,79542000
2022-08-18,170.567355,171.696284,169.94889,170.960022,62290100
2022-08-19,169.86054,170.557541,168.172044,168.378204,70346300
2022-08-22,166.581727,166.748611,164.078433,164.500565,69026800
2022-08-23,164.019532,165.61968,163.597401,164.166779,54147100
2022-08-24,164.255128,165.030651,163.204721,164.461273,53841500
2022-08-25,165.688409,167.023498,165.266292,166.915512,51218200
2022-08-26,167.445616,167.916819,160.564011,160.62291,78961000
2022-08-29,158.198152,159.916097,156.892528,158.42395,73314000
2022-08-30,159.160195,159.582311,154.830971,155.999176,77906200
2022-08-31,157.373529,157.638588,154.261597,154.340134,87991100
2022-09-01,153.770791,155.518186,151.836875,155.06662,74229900
2022-09-02,156.823826,157.422653,152.131384,152.955994,76957800
2022-09-06,153.603853,154.212491,150.874777,151.699387,73714800
2022-09-07,151.984108,153.800212,150.796266,153.103226,87449600
2022-09-08,151.807402,153.495898,149.883298,151.630707,84923800
2022-09-09,152.622205,154.929165,151.915392,154.487396,68028800
2022-09-12,156.666728,161.251184,156.382047,160.436386,104956000
2022-09-13,156.971059,157.599335,150.560672,151.022064,122656600
2022-09-14,151.954654,154.222354,150.796276,152.465134,87965400
2022-09-15,151.817215,152.396419,148.607123,149.578979,90481100
2022-09-16,148.440228,148.577663,145.652238,147.93956,162278800
2022-09-19,146.575003,151.728835,146.368858,151.650299,81474200
2022-09-20,150.590097,155.184379,150.275966,154.025986,107689800
2022-09-21,154.457953,155.832318,150.786469,150.904266,101696800
2022-09-22,149.588763,151.640475,148.145689,149.942169,86652500
2022-09-23,148.420619,148.695488,145.838788,147.67453,96029900
2022-09-26,146.918602,150.953318,146.898964,148.00827,93339400
2022-09-27,149.942208,151.885935,147.203305,148.980148,84442700
2022-09-28,144.935608,147.880655,142.186894,147.095306,146691400
2022-09-29,143.423818,144.032456,138.103086,139.870117,128138200
2022-09-30,138.692118,140.478787,135.4722,135.668533,124925300
2022-10-03,135.678344,140.449321,135.167864,139.840668,114311700
2022-10-04,142.373451,143.541656,141.617551,143.423859,87830100
2022-10-05,141.431031,144.680398,140.390434,143.718338,79471000
2022-10-06,143.139142,144.837449,142.559953,142.766098,68402200
2022-10-07,139.929045,140.4788,136.895649,137.523926,85925600
2022-10-10,137.847855,139.290929,136.031751,137.847855,74899000
2022-10-11,137.337411,138.760863,135.688192,136.434265,77033700
2022-10-12,136.581507,137.788972,135.629274,135.805969,70433700
2022-10-13,132.517343,140.959804,131.908689,140.370804,113224000
2022-10-14,141.666616,141.872776,135.658723,135.845245,88598000
2022-10-17,138.485941,140.282406,137.700592,139.801392,85250900
2022-10-18,142.825031,144.012859,138.034414,141.116898,99136600
2022-10-19,139.094604,142.294884,138.908082,141.224854,61758300
2022-10-20,140.400241,143.217665,140.037008,140.763458,64522000
2022-10-21,140.253005,145.141796,140.037034,144.572418,86548600
2022-10-24,144.493866,147.478175,143.325661,146.712463,75981900
2022-10-25,147.340729,149.696776,146.624105,149.549515,74732300
2022-10-26,148.194829,149.205961,145.328302,146.614319,88194300
2022-10-27,145.357735,146.319779,141.489903,142.147629,109180200
2022-10-28,145.485372,154.615024,145.112343,152.887268,164762400
2022-10-31,150.354509,151.414728,149.137217,150.531204,97943200
2022-11-01,152.239334,152.602552,146.398326,147.890472,80379300
2022-11-02,146.221591,149.38261,142.343949,142.373398,93604600
2022-11-03,139.457849,140.1843,136.208482,136.336105,97918500
2022-11-04,139.718631,140.288953,132.137313,136.070557,140814800
2022-11-07,134.821787,136.827735,133.405817,136.601578,83374600
2022-11-08,138.066722,139.069689,135.195456,137.171906,89908500
2022-11-09,136.188595,136.237764,132.343845,132.619171,74917800
2022-11-10,138.882868,144.4189,137.171901,144.4189,118854000
2022-11-11,143.386424,147.506484,141.96061,147.20166,93979700
2022-11-14,146.483846,147.771981,144.969539,145.805359,73374100
2022-11-15,149.679606,151.026737,146.080684,147.53598,89868300
2022-11-16,146.641191,147.368832,144.831888,146.306854,64218300
2022-11-17,143.986253,148.951977,143.710927,148.204666,80389400
2022-11-18,149.768103,150.151594,147.467159,148.765121,74829600
2022-11-21,147.653999,147.860486,145.254718,145.539871,58724100
2022-11-22,145.657899,147.909676,144.477914,147.673676,51804100
2022-11-23,146.955854,149.296139,146.847689,148.548828,58301400
2022-11-25,145.834873,146.395368,144.664731,145.638214,35195900
2022-11-28,142.71777,144.192737,140.987148,141.813126,69246000
2022-11-29,141.881952,142.393278,138.007719,138.814026,83763800
2022-11-30,139.040153,146.237996,138.204348,145.559509,111380900
2022-12-01,145.736547,146.641192,144.163243,145.834869,71250400
2022-12-02,143.524084,145.530032,143.219245,145.343201,65447400
2022-12-05,145.303912,148.401336,143.337289,144.182938,68826400
2022-12-06,144.61554,144.841698,139.55148,140.524963,64727200
2022-12-07,139.816999,140.977299,137.663545,138.58786,69721100
2022-12-08,139.984164,141.124808,138.745197,140.269318,62128300
2022-12-09,139.96448,143.140585,138.548509,139.787491,76097000
2022-12-12,140.318478,142.088441,138.705849,142.078613,70462700
2022-12-13,147.005009,147.467167,141.832798,143.042267,93886200
2022-12-14,142.924293,144.212428,138.804216,140.820007,82291200
2022-12-15,138.75505,139.433537,133.759827,134.221985,98931900
2022-12-16,134.408778,135.352748,131.498171,132.265152,160156900
2022-12-19,132.855151,132.943645,129.128409,130.160873,79592600
2022-12-20,129.197224,131.026183,127.722258,130.092041,77432800
2022-12-21,130.760719,134.526803,130.534562,133.189499,85928000
2022-12-22,132.107838,132.314325,128.125426,130.023209,77852100
2022-12-23,128.735094,130.21006,127.476457,129.659409,63814900
2022-12-27,129.1874,129.216898,126.571789,127.859924,69007800
2022-12-28,127.505955,128.843259,123.769378,123.936539,85438400
2022-12-29,125.853986,128.302429,125.598331,127.446953,75703700
2022-12-30,126.266975,127.781267,125.303327,127.761597,77034200
2023-01-03,128.105761,128.715409,122.09773,122.982712,112117500
2023-01-04,124.772336,126.512801,122.992546,124.251183,89113600
2023-01-05,125.008327,125.637646,122.677885,122.93354,80962700
2023-01-06,123.907018,128.115581,122.805707,127.456764,87754700
2023-01-09,128.292595,131.183532,127.722273,127.977928,70790800
2023-01-10,128.086091,129.069402,125.981806,128.548248,63896200
2023-01-11,129.059585,131.281862,128.282776,131.262207,69458900
2023-01-12,131.64569,132.019338,129.246409,131.183533,71379600
2023-01-13,129.826566,132.668335,129.462746,132.511002,57809700
2023-01-17,132.579865,134.998802,131.89155,133.671341,63646600
2023-01-18,134.536623,136.296743,132.776487,132.953491,69672800
2023-01-19,131.842324,133.976107,131.5375,133.012466,58280400
2023-01-20,133.022335,135.716613,131.980027,135.569107,80223600
2023-01-23,135.81496,140.928191,135.59863,138.755066,81760300
2023-01-24,137.9684,140.770843,137.958572,140.151352,66435100
2023-01-25,138.538695,140.052987,136.493406,139.492508,65799300
2023-01-26,140.78064,141.842618,139.531831,141.557465,54105100
2023-01-27,140.770807,144.772875,140.692141,143.494568,70555800
2023-01-30,142.540776,143.120926,140.465989,140.61348,64015300
2023-01-31,140.318482,141.931111,139.905493,141.881943,65874500
2023-02-01,141.567304,144.163245,138.961535,143.00293,77663600
2023-02-02,146.415008,148.656956,145.697195,148.302979,118339000
2023-02-03,145.559531,154.753495,145.362872,151.921555,154357300
2023-02-06,150.023746,150.5449,148.263612,149.197754,69858300
2023-02-07,148.125974,152.639368,148.125974,152.069046,83322600
2023-02-08,151.311909,152.000224,148.64713,149.384613,64120100
2023-02-09,151.213581,151.754405,147.909655,148.352142,56007100
2023-02-10,147.19006,149.041497,146.953699,148.716507,57450700
2023-02-13,148.657432,151.917159,148.627889,151.513397,62199000
2023-02-14,149.809676,151.434626,148.568818,150.873276,61707600
2023-02-15,150.784632,153.138333,150.558129,152.970917,65573800
2023-02-16,151.178544,153.955722,151.020986,151.375519,68167900
2023-02-17,150.036164,150.676286,148.558946,150.233124,59144100
2023-02-21,147.918824,149.002123,146.156016,146.224945,58867200
2023-02-22,146.609006,147.672605,144.924985,146.648407,51011300
2023-02-23,147.810504,148.056708,145.003798,147.130981,48394200
2023-02-24,144.875776,144.954563,143.506887,144.481857,55469600
2023-02-27,145.46669,146.904508,145.210629,145.673492,44998500
2023-02-28,144.816655,146.815823,144.599995,145.171188,50547000
2023-03-01,144.600007,144.993926,142.807642,143.103088,55479000
2023-03-02,142.187268,144.481884,141.714548,143.694031,52238100
2023-03-03,145.791642,148.815023,145.092433,148.736237,70732300
2023-03-06,151.454297,153.926186,151.129322,151.493698,87558000
2023-03-07,151.365674,151.690664,148.834714,149.297577,56182000
2023-03-08,150.489177,151.139157,149.524065,150.548264,47204800
2023-03-09,151.227781,152.192893,147.948354,148.302887,53833600
2023-03-10,147.928665,148.647573,145.368147,146.244629,68572400
2023-03-13,145.565148,150.814201,145.456818,148.184753,84457100
2023-03-14,148.982435,151.070233,147.820364,150.272537,73695900
2023-03-15,148.893808,150.922519,147.643092,150.666473,77167900
2023-03-16,149.849057,154.083753,149.33695,153.483017,76161100
2023-03-17,153.709519,154.359499,151.936854,152.64592,98944600
2023-03-20,152.714861,155.423095,151.80882,155.00946,73641400
2023-03-21,154.930722,156.979119,154.162555,156.860947,73938300
2023-03-22,156.880613,159.677477,155.413237,155.432938,75701800
2023-03-23,156.417778,159.09647,155.285235,156.516251,67622100
2023-03-24,156.447289,157.904807,155.452634,157.816177,59196500
2023-03-27,157.510891,158.328287,155.472322,155.876099,52390300
2023-03-28,155.570839,156.082945,153.611056,155.255692,45992200
2023-03-29,156.949562,158.604054,156.929876,158.328308,51305700
2023-03-30,159.076784,160.00251,158.820738,159.89418,49501700
2023-03-31,159.972939,162.494056,159.450989,162.395569,68749800
2023-04-03,161.775133,163.764443,161.72589,163.646271,56976200
2023-04-04,164.069771,164.306117,162.602395,163.114502,46278300
2023-04-05,162.238015,162.543305,159.342664,161.272888,51511700
2023-04-06,159.963083,162.454672,159.539621,162.159225,45390100
2023-04-10,158.968417,159.569153,157.648772,159.569153,47716900
2023-04-11,159.884311,159.894154,158.072245,158.357849,47644200
2023-04-12,158.771488,159.598727,157.353356,157.668503,50133100
2023-04-13,159.175227,163.281893,158.96841,163.045532,68445600
2023-04-14,162.090273,163.794009,161.331978,162.700867,49386500
2023-04-17,162.582677,162.878124,161.538779,162.720551,41516200
2023-04-18,163.577366,164.867468,163.134188,163.941742,49923000
2023-04-19,163.281898,165.606056,163.025837,165.084106,47720200
2023-04-20,163.567511,165.320476,163.045561,164.119003,52456400
2023-04-21,162.543307,163.922038,161.991814,162.513763,58337300
2023-04-24,162.494056,163.08495,161.400914,162.819046,41949600
2023-04-25,162.681193,163.784178,161.24336,161.282761,48714100
2023-04-26,160.583522,162.769807,160.327477,161.272888,45498800
2023-04-27,162.681182,165.999996,162.681182,165.85228,64902300
2023-04-28,165.931052,167.270398,165.330316,167.102966,55275900
2023-05-01,166.709054,167.861283,166.078774,167.014343,52472900
2023-05-02,167.506748,167.762809,164.995473,165.980286,48425700
2023-05-03,166.925698,168.32413,164.621241,164.90683,65136000
2023-05-04,162.385724,164.503065,161.814531,163.272049,81235400
2023-05-05,168.383238,171.652823,168.166578,170.933914,113453200
2023-05-08,169.860432,171.209635,169.496056,170.864944,55962800
2023-05-09,170.421798,170.904347,168.993823,169.16124,45326900
2023-05-10,170.392265,171.38692,169.289265,170.924057,53724500
2023-05-11,171.209648,171.938399,169.555155,171.11116,49514700
2023-05-12,171.219614,171.653533,168.635842,170.184143,45533100
2023-05-15,170.765982,170.815294,169.099345,169.691055,37266700
2023-05-16,169.61216,170.746254,169.424784,169.691055,42110300
2023-05-17,169.336043,170.539163,168.06387,170.30249,57951600
2023-05-18,170.608222,172.817258,170.19403,172.629883,65496700
2023-05-19,173.951348,173.951348,172.521398,172.738358,55809500
2023-05-22,171.574682,172.2946,171.05201,171.791641,43570900
2023-05-23,170.736412,170.982955,168.911983,169.18811,50747300
2023-05-24,168.724618,170.036232,168.162506,169.464249,45143500
2023-05-25,170.026375,171.495766,169.316328,170.598358,56058300
2023-05-26,170.923779,173.339904,170.716676,173.004593,54835000
2023-05-30,174.513474,176.515408,174.128867,174.84877,55964400
2023-05-31,174.87838,176.870457,174.316253,174.799484,99625300
2023-06-01,175.243217,177.629758,174.483859,177.600174,68901800
2023-06-02,178.527214,179.266845,176.781681,178.448318,61996900
2023-06-05,180.105049,182.392966,175.578497,177.097214,121946500
2023-06-06,177.481848,177.629768,174.976956,176.732361,64848400
2023-06-07,175.973026,178.704735,174.868515,175.361603,61944600
2023-06-08,175.440448,178.339804,175.006544,178.073547,50214900
2023-06-09,178.990703,179.710607,178.132736,178.458176,48900000
2023-06-12,178.763844,181.347616,178.467989,181.248993,54274900
2023-06-13,180.272706,181.604033,179.917683,180.77565,54929100
2023-06-14,180.834847,181.840749,179.50352,181.40683,57462900
2023-06-15,181.416708,183.941313,181.239189,183.438354,65433200
2023-06-16,184.148346,184.404761,181.722365,182.363373,101256200
2023-06-20,181.860468,183.527105,181.860468,182.452164,49799100
2023-06-21,182.343679,182.846637,180.065618,181.416687,49515700
2023-06-22,181.199719,184.463954,181.130679,184.414642,51245300
2023-06-23,182.984708,184.966914,182.452165,184.099075,53117000
2023-06-26,184.246987,185.450121,182.669102,182.708557,48088700
2023-06-27,183.320009,185.785446,183.10305,185.460007,50730800
2023-06-28,185.331772,187.274537,185.006348,186.63353,51216800
2023-06-29,186.465898,187.442216,186.327834,186.968842,46347300
2023-06-30,188.980639,191.791228,188.615745,191.288284,85213200
2023-07-03,191.100937,191.199561,189.10886,189.799194,31458200
2023-07-05,188.921487,190.311981,187.984609,188.684799,46920300
2023-07-06,187.215407,189.365276,186.584256,189.158173,45094300
2023-07-07,188.763696,190.00627,187.609873,188.043777,46815000
2023-07-10,186.643403,187.363321,184.454094,186.002396,59922200
2023-07-11,186.544761,186.682825,184.020157,185.479691,46638100
2023-07-12,187.05758,189.049657,185.864317,187.146347,60750200
2023-07-13,187.866245,188.546708,187.156198,187.905685,41342300
2023-07-14,187.599972,188.536835,187.008277,188.053619,41616200
2023-07-17,189.246913,191.633469,189.158161,191.308029,50520200
2023-07-18,190.676884,191.643331,189.759734,191.05162,48288200
2023-07-19,190.43033,195.489396,189.98654,192.402679,80507300
2023-07-20,192.392809,193.753735,189.83862,190.459915,59581200
2023-07-21,191.416533,192.274501,188.586201,189.286392,71951700
2023-07-24,190.736038,192.2153,189.592072,190.085159,45377800
2023-07-25,190.657101,191.751755,190.252766,190.943085,37283200
2023-07-26,190.992432,192.935197,190.64728,191.810959,47471900
2023-07-27,193.309906,194.473584,189.887879,190.548615,47460200
2023-07-28,191.978608,193.911517,191.455936,193.122574,48291400
2023-07-31,193.349371,193.773434,192.560428,193.733978,38824100
2023-08-01,193.526919,194.010135,192.580185,192.905624,35175100
2023-08-02,192.343508,192.481571,189.197623,189.917526,50389300
2023-08-03,188.921487,189.710415,188.053648,188.527008,61235200
2023-08-04,182.955118,184.789403,179.404883,179.473923,115956800
2023-08-07,179.612002,180.598176,174.898088,176.37735,97576100
2023-08-08,177.205714,177.777697,175.124885,177.314194,67823000
2023-08-09,178.369365,178.428533,174.562732,175.726425,60378500
2023-08-10,176.998625,178.251071,175.144626,175.509506,54686900
2023-08-11,175.104642,176.388388,174.344258,175.568756,52036700
2023-08-14,175.74649,177.445002,175.094733,177.21788,43675600
2023-08-15,176.645113,177.237608,174.837975,175.232971,43622600
2023-08-16,174.917015,176.309387,174.294881,174.364014,46964900
2023-08-17,174.92688,175.292253,171.312603,171.826111,66062900
2023-08-18,170.147326,172.912346,169.811577,172.309967,61172200
2023-08-21,172.882743,173.929497,171.569358,173.643112,46311900
2023-08-22,174.847873,175.460122,174.047995,175.015747,42038900
2023-08-23,176.289625,179.281767,176.101996,178.857132,52722800
2023-08-24,178.412772,178.837408,173.810989,174.176376,54945800
2023-08-25,175.163896,176.911772,173.623388,176.378525,51449600
2023-08-28,177.84001,178.333763,176.319257,177.938766,43820700
2023-08-29,177.45488,182.58991,177.257382,181.819656,53003900
2023-08-30,182.629424,185.503071,182.431925,185.305557,60813900
2023-08-31,185.493188,186.757195,185.137685,185.522812,60794500
2023-09-01,187.122581,187.547201,185.927691,187.092957,45766500
2023-09-05,185.927699,187.606457,185.266071,187.329956,45280000
2023-09-06,186.046171,186.490561,179.20276,180.624771,81755800
2023-09-07,172.991329,175.983487,171.371819,175.341599,112488800
2023-09-08,176.121762,177.988148,175.568746,175.953873,65551300
2023-09-11,177.820307,178.04743,175.124404,177.119171,58953100
2023-09-12,177.247529,177.879533,172.635876,174.097382,90370200
2023-09-13,174.30473,175.084869,171.80634,172.033478,84267900
2023-09-14,171.826121,173.899891,171.41137,173.544388,60895800
2023-09-15,174.275091,174.294845,171.648336,172.823456,109259500
2023-09-18,174.275116,177.138893,173.968991,175.746506,67257600
2023-09-19,175.302096,177.385734,174.916969,176.832733,51826900
2023-09-20,177.020373,177.454878,173.208598,173.297485,58436200
2023-09-21,172.369222,174.097358,171.68784,171.756958,63149100
2023-09-22,172.487736,174.86763,171.875487,172.606232,56725400
2023-09-25,172.023565,174.758961,171.974187,173.880081,46172700
2023-09-26,172.635869,173.011111,169.515345,169.8116,64588900
2023-09-27,170.463331,170.878082,166.937941,168.30069,66921800
2023-09-28,167.22431,169.880704,165.525798,168.557449,56294400
2023-09-29,169.870846,170.907731,168.211828,169.070969,51861100
2023-10-02,169.080849,172.12237,168.794464,171.579239,52164500
2023-10-03,170.107828,171.460722,168.685832,170.246078,49594600
2023-10-04,168.952458,172.033488,168.833962,171.490356,53020300
2023-10-05,171.618714,173.257978,170.522582,172.724731,48527900
2023-10-06,171.628576,175.766229,171.016312,175.272476,57266700
2023-10-09,174.600982,176.813002,173.603606,176.753754,42390800
2023-10-10,175.874885,177.47464,175.72675,176.161255,43698000
2023-10-11,175.973619,177.603013,175.381124,177.553635,47551100
2023-10-12,177.820267,180.061896,176.803122,178.452271,56743100
2023-10-13,179.153423,179.657046,175.914403,176.61554,51427100
2023-10-16,174.541733,176.842624,174.304726,176.487122,52517000
2023-10-17,174.442984,176.190874,172.616106,174.936737,57549400
2023-10-18,173.386366,175.361379,172.922237,173.643112,54764400
2023-10-19,173.840608,175.618123,173.001237,173.267868,59302900
2023-10-20,173.119726,173.228352,170.483086,170.720093,64244000
2023-10-23,168.774708,171.835968,167.806941,170.838593,55980100
2023-10-24,170.887975,171.500224,169.307959,171.273102,43816600
2023-10-25,169.732564,170.897814,168.517921,168.962311,57157000
2023-10-26,168.241434,169.238825,163.600158,164.804916,70625300
2023-10-27,164.824686,166.849077,164.745683,166.118317,58499100
2023-10-30,166.908338,169.031471,166.760203,168.16246,51131000
2023-10-31,167.234202,168.764825,165.802306,168.636459,44846000
2023-11-01,168.863583,172.053224,167.994573,171.796478,56934900
2023-11-02,173.327126,175.558885,173.267878,175.351517,77334800
2023-11-03,172.063114,174.610883,171.184234,174.442993,79829200
2023-11-06,174.176369,177.188251,174.008495,176.990753,63841300
2023-11-07,176.94137,180.16065,176.734002,179.548401,70530000
2023-11-08,180.071795,181.158043,179.32128,180.605042,49340300
2023-11-09,180.674174,181.81967,179.538533,180.131042,53763500
2023-11-10,181.910895,184.481801,181.475818,184.31369,66133400
2023-11-13,183.740201,183.947842,182.14822,182.731613,43627500
2023-11-14,185.599141,186.004555,184.214816,185.342056,60108400
2023-11-15,185.747457,187.378983,185.678233,185.905655,53790500
2023-11-16,187.448222,188.822664,186.538506,187.586655,54412900
2023-11-17,188.120594,188.249143,186.459405,187.566864,50922700
2023-11-20,187.764638,189.762033,187.754755,189.307175,46505100
2023-11-21,189.267627,189.376396,187.61632,188.506241,38134500
2023-11-22,189.34671,190.770579,188.694093,189.168716,39617700
2023-11-24,188.73364,188.763303,187.131777,187.843719,24048300
2023-11-27,187.794291,188.535896,186.785703,187.665741,40552600
2023-11-28,187.65585,188.941302,187.280098,188.268906,38415400
2023-11-29,188.763301,189.939984,186.85491,187.250427,43014200
2023-11-30,187.715175,188.189813,186.083649,187.823944,48794400
2023-12-01,188.1997,189.415928,187.112005,189.099518,45704800
2023-12-04,187.8536,187.922824,185.351919,187.309753,43389500
2023-12-05,188.081034,192.224123,188.051356,191.255096,66628400
2023-12-06,192.273599,192.580127,189.959794,190.16745,41089700
2023-12-07,191.46276,192.817421,191.4232,192.095596,47477700
2023-12-08,192.026392,193.796366,191.502325,193.519501,53406400
2023-12-11,190.948583,191.324335,189.277496,191.017792,60943700
2023-12-12,190.918894,192.540538,189.574116,192.530655,52696900
2023-12-13,192.906406,195.783839,192.669102,195.744293,70404200
2023-12-14,195.803635,197.385718,193.964453,195.892624,66831600
2023-12-15,195.319112,196.17937,194.795046,195.358673,128538400
2023-12-18,193.895222,194.429187,192.214253,193.697464,55751900
2023-12-19,193.964464,194.745616,193.697482,194.735733,40714100
2023-12-20,194.696161,195.46743,192.649338,192.649338,52242800
2023-12-21,193.905127,194.874154,191.334222,192.501007,46482500
2023-12-22,192.995408,193.222844,190.810152,191.433105,37149600
2023-12-26,191.442981,191.719846,190.671713,190.889252,28919300
2023-12-27,190.335497,191.334187,188.951158,190.988098,48087700
2023-12-28,191.967029,192.481213,191.007885,191.4133,34049900
2023-12-29,191.729722,192.224126,189.584012,190.375061,42672100
2024-01-02,185.055258,186.330827,181.831752,183.562164,82488700
2024-01-03,182.158066,183.799489,181.3769,182.187729,58414500
2024-01-04,180.111267,181.040748,178.855492,179.873962,71983600
2024-01-05,179.953046,180.714417,178.15341,179.1521,62379700
2024-01-08,180.051916,183.522639,179.468523,183.483078,59144500
2024-01-09,181.861433,183.077662,180.68475,183.06778,42841800
2024-01-10,182.286616,184.313659,181.861421,184.106018,46792900
2024-01-11,184.452105,184.956406,181.56479,183.512741,49128400
2024-01-12,183.977483,184.64988,183.117225,183.83905,40477800
2024-01-16,180.121174,182.197661,178.90493,181.574722,65603000
2024-01-17,179.241108,180.882517,178.281964,180.635315,47317400
2024-01-18,184.007144,187.023009,183.750059,186.518723,78005800
2024-01-19,187.210873,189.801543,186.706587,189.415909,68903000
2024-01-22,190.147633,193.143718,190.108073,191.719833,60133900
2024-01-23,192.837209,193.559035,191.660526,192.995407,42355600
2024-01-24,193.23273,194.181991,192.164816,192.323029,53631300
2024-01-25,193.03497,194.073221,190.948586,191.996719,54822100
2024-01-26,192.095611,192.580117,189.791688,190.266312,44594000
2024-01-29,189.86091,190.048786,187.458115,189.584045,47145600
2024-01-30,188.802868,189.653243,185.371706,185.935318,55859400
2024-01-31,184.94651,185.005851,182.286631,182.33606,55467800
2024-02-01,181.930682,184.857544,181.762587,184.768555,64885400
2024-02-02,177.84689,185.233282,177.243717,183.769852,102551700
2024-02-05,186.044102,187.131796,183.759959,185.579361,69668800
2024-02-06,184.768506,187.191081,184.679517,187.181198,43490800
2024-02-07,188.506222,188.911637,186.498944,187.289993,53439000
2024-02-08,187.27022,187.418535,185.25306,186.212204,40962000
2024-02-09,186.776522,188.103226,186.132984,186.974548,45155200
2024-02-12,186.548804,186.796322,184.934987,185.291412,41781900
2024-02-13,183.925139,184.360771,181.687573,183.202377,56529500
2024-02-14,183.479607,183.687513,180.628203,182.321213,54630500
2024-02-15,181.727169,182.657836,179.54902,182.034088,65434500
2024-02-16,181.598504,183.014311,179.865883,180.499527,49752500
2024-02-20,179.984639,180.618283,178.212422,179.756927,53665600
2024-02-21,180.133168,181.073731,178.865881,180.509399,41371400
2024-02-22,181.657871,183.123184,180.648012,182.539032,52292200
2024-02-23,183.172691,183.202391,180.420299,180.707428,45119700
2024-02-26,180.430208,180.945033,178.855986,179.360931,40867400
2024-02-27,179.30151,182.093497,177.776795,180.816315,54318900
2024-02-28,180.697504,181.301446,178.341149,179.618332,48953900
2024-02-29,179.469842,180.756935,177.747116,178.955002,136682600
2024-03-01,177.766901,178.737164,175.618452,177.875809,73563100
2024-03-04,174.40066,175.143211,172.064096,173.361099,81510100
2024-03-05,169.064186,170.331473,167.935507,168.430542,95132400
2024-03-06,169.361212,169.539432,167.004843,167.440475,68587700
2024-03-07,167.47016,169.03447,166.816726,167.321655,71765100
2024-03-08,167.321655,171.974976,167.262253,169.03447,76267000
2024-03-11,171.222524,172.648226,170.341363,171.034409,60139500
2024-03-12,171.430467,172.301732,169.311719,171.509674,59825400
2024-03-13,171.054224,171.470051,169.064176,169.430511,52488700
2024-03-14,171.192819,172.578909,170.341359,171.281921,72913500
2024-03-15,169.470104,170.905701,168.598838,170.905701,121752700
2024-03-18,173.826415,175.945162,171.796771,171.994781,75604200
2024-03-19,172.608619,174.85608,171.311631,174.331345,55215200
2024-03-20,173.974959,176.89566,173.351211,176.89566,53423100
2024-03-21,175.291721,175.727354,169.143386,169.668121,106181300
2024-03-22,170.054282,171.33148,168.371167,170.569122,71160100
2024-03-25,168.876087,170.232477,167.767199,169.153305,54288300
2024-03-26,168.311756,169.717653,167.895929,168.024643,57388400
2024-03-27,168.717673,171.875996,168.420649,171.588867,60273300
2024-03-28,170.044361,170.51959,168.81667,169.777039,65672700
2024-04-01,169.489914,169.549316,167.79689,168.341431,46240500
2024-04-02,167.400876,167.658288,166.559311,167.163254,49329500
2024-04-03,167.11375,168.98498,166.905844,167.96521,47691700
2024-04-04,168.598851,170.212668,167.143463,167.143463,53704400
2024-04-05,167.9058,168.697858,167.272156,167.895905,42104800
2024-04-08,167.351357,167.519667,166.569209,166.777115,37425500
2024-04-09,167.024648,168.390948,166.678133,167.985016,42373800
2024-04-10,167.123644,167.410757,165.450425,166.11377,49709300
2024-04-11,166.668222,173.717524,166.490017,173.301682,91070300
2024-04-12,172.52944,176.58873,172.479949,174.796707,101670900
2024-04-15,173.618504,174.875896,170.786906,170.975021,73531800
2024-04-16,170.04435,172.034383,166.598914,167.697891,73711200
2024-04-17,167.925616,168.955281,166.331604,166.331604,50901200
2024-04-18,166.361308,166.965251,164.89601,165.381134,43122900
2024-04-19,164.559395,164.747495,162.450543,163.361404,68149400
2024-04-22,163.876225,165.598935,163.133673,164.193039,48116400
2024-04-23,163.707928,165.391043,163.282191,165.242523,49537800
2024-04-24,164.886109,167.61871,164.5594,167.341492,48251800
2024-04-25,167.846425,168.915701,166.480125,168.20285,50558300
2024-04-26,168.192925,169.638417,167.499864,167.618683,44838400
2024-04-29,171.648248,174.281836,171.380941,171.776962,68169400
2024-04-30,171.608681,173.252199,168.311749,168.638474,65934800
2024-05-01,167.895901,170.994822,167.430567,167.618683,50383100
2024-05-02,170.796805,171.697772,169.192898,171.311646,94214900
2024-05-03,184.796383,185.142914,180.846017,181.558868,163224100
2024-05-06,180.539115,182.370734,178.628274,179.905472,78569700
2024-05-07,181.628153,183.06375,179.519316,180.588577,77305800
2024-05-08,181.03414,181.251957,179.648034,180.925232,45057100
2024-05-09,180.747012,182.826163,180.301484,182.737061,48983000
2024-05-10,183.312069,183.50044,180.565869,181.477966,50759500
2024-05-13,183.847439,185.493187,183.034474,184.680222,72044800
2024-05-14,185.899658,186.682882,184.690134,185.820343,52393600
2024-05-15,186.29623,189.012689,185.760859,188.090683,70400000
2024-05-16,188.834204,189.458799,188.031163,188.20961,52845200
2024-05-17,187.882456,189.171294,187.555288,188.239365,41282900
2024-05-20,187.704017,190.27177,187.386758,189.399323,44361300
2024-05-21,189.448901,191.074816,189.280363,190.69809,42309400
2024-05-22,190.618742,191.164022,188.635919,189.260498,34648500
2024-05-23,189.339835,189.359667,185.027202,185.275055,51005900
2024-05-24,187.198423,188.943303,186.425108,188.34845,36327000
2024-05-28,189.865319,191.342528,187.476027,188.358383,52280100
2024-05-29,187.981624,190.598951,187.882477,188.655777,53068000
2024-05-30,189.121739,190.529542,188.992866,189.647186,49889100
2024-05-31,189.795882,190.916182,188.279023,190.598923,75158300
2024-06-03,191.243362,193.315425,190.866636,192.363663,50080500
2024-06-04,192.968426,193.642594,191.372252,192.680923,47471400
2024-06-05,193.721871,195.208989,193.196424,194.187836,54156800
2024-06-06,194.00943,194.812471,192.502479,192.809814,41181800
2024-06-07,192.978313,195.248655,192.472699,195.199081,53103900
2024-06-10,195.209023,195.605597,190.499816,191.461487,97010200
2024-06-11,191.986911,205.380895,191.967094,205.370972,172373300
2024-06-12,205.589083,218.308899,205.123118,211.240143,198134300
2024-06-13,212.895791,214.888524,209.782759,212.400085,97862700
2024-06-14,212.013436,213.322092,209.485333,210.665115,70122700
2024-06-17,211.537557,217.069637,210.893145,214.809219,93728300
2024-06-18,215.721324,216.752401,211.170746,212.449661,79943300
2024-06-20,212.092727,212.400077,207.056368,207.879227,86172500
2024-06-21,208.583157,210.070275,205.331327,205.708069,241805100
2024-06-24,205.936087,210.873314,204.815787,206.352478,80727000
2024-06-25,207.353805,209.564665,206.818449,207.274506,55549700
2024-06-26,209.683623,213.014768,208.831009,211.418594,66213200
2024-06-27,212.846221,213.887206,210.526321,212.261292,49772700
2024-06-28,213.916922,214.214348,208.493898,208.811142,82542700
2024-07-01,210.268536,215.641987,210.099998,214.888519,60402900
2024-07-02,214.293669,218.487352,213.252698,218.378296,58046200
2024-07-03,218.110632,219.647324,217.148961,219.647324,37369800
2024-07-05,219.746455,224.505235,219.746455,224.396179,60412400
2024-07-08,225.139753,225.893236,221.332735,225.863495,59085900
2024-07-09,225.972536,227.429913,224.425936,226.716095,48076100
2024-07-10,227.330753,231.078288,227.281179,230.979141,62627700
2024-07-11,229.402817,230.394229,223.831087,225.615631,64710600
2024-07-12,226.953992,230.642045,226.716047,228.560074,53046500
2024-07-15,234.449086,235.192645,231.0882,232.386948,62631300
2024-07-16,232.981822,234.24092,230.334754,232.803375,43234300
2024-07-17,227.47948,229.472228,224.693615,226.914383,57345900
2024-07-18,228.302349,228.460979,220.361145,222.25473,66034600
2024-07-19,222.889251,224.852243,221.362468,222.383621,49151500
2024-07-22,225.060431,225.823822,221.174098,222.036636,48201800
2024-07-23,222.443088,224.991024,220.767599,223.077591,39960300
2024-07-24,222.076278,222.869411,215.265283,216.663162,61777600
2024-07-25,217.049798,218.953322,212.776815,215.622177,51391200
2024-07-26,216.821785,217.605009,214.154885,216.08815,41601300
2024-07-29,215.096717,217.416617,213.897102,216.365723,36311800
2024-07-30,217.307579,218.437788,214.263937,216.920929,41643800
2024-07-31,219.538272,221.897838,218.735231,220.172775,50036300
2024-08-01,222.443091,222.552147,215.156222,216.484711,62501000
2024-08-02,217.267908,223.662527,215.840288,217.971817,105568600
2024-08-05,197.380197,211.666447,194.316738,207.472778,119548600
2024-08-06,203.536869,208.186593,199.343201,205.450287,69660500
2024-08-07,205.12313,211.805252,204.617515,208.018066,63516400
2024-08-08,211.279809,212.360444,207.036567,211.478088,47161100
2024-08-09,210.27846,214.91826,210.149571,214.382904,42201600
2024-08-12,214.46234,217.876732,213.995836,215.911469,38028100
2024-08-13,217.380448,220.239024,217.380448,219.623642,44155300
2024-08-14,218.928845,221.370532,218.065308,220.070282,41960600
2024-08-15,222.928887,223.673306,221.102565,223.047989,46414000
2024-08-16,222.253931,225.142283,221.985936,224.368088,44340200
2024-08-19,224.040541,224.308536,221.380474,224.209274,40687800
2024-08-20,224.090177,225.479754,223.772551,224.824661,30299000
2024-08-21,224.834572,226.2837,223.375508,224.715454,34765500
2024-08-22,226.095129,226.64104,222.234073,222.85939,43695300
2024-08-23,223.980978,226.521928,222.660872,225.152191,38677300
2024-08-26,225.072781,225.588917,222.224141,225.489655,30602200
2024-08-27,224.318449,227.14725,223.216707,226.333344,35934600
2024-08-28,226.224147,228.149715,224.000808,224.804794,38052200
2024-08-29,228.387937,231.186947,227.177013,228.080231,51906300
2024-08-30,228.477276,228.685705,225.787433,227.296127,52990800
2024-09-03,226.849481,227.296129,219.524387,221.112488,50190600
2024-09-04,220.010743,220.129845,215.861836,219.206772,43840200
2024-09-05,219.980953,223.802297,219.871771,220.725372,36615400
2024-09-06,222.283718,223.564129,218.134827,219.177017,48423000
2024-09-09,219.177015,219.623664,215.097595,219.266342,67180000
2024-09-10,217.291111,219.832061,215.117404,218.47226,51591000
2024-09-11,219.812228,221.430089,216.268783,221.003296,44587100
2024-09-12,220.844492,221.886683,218.18444,221.112488,37455600
2024-09-13,221.916448,222.373017,220.258876,220.844482,36766600
2024-09-16,214.928829,215.603777,212.328328,214.71048,59357400
2024-09-17,214.144716,215.286154,212.904017,215.176971,45519300
2024-09-18,215.931307,221.052917,215.921372,219.047943,59894900
2024-09-19,223.315948,228.110012,222.958626,227.167068,66781300
2024-09-20,228.258894,231.355675,225.926374,226.50206,318679900
2024-09-23,225.648465,227.742766,224.12985,224.784943,54146000
2024-09-24,226.948713,227.643517,224.050441,225.678238,43556100
2024-09-25,223.256411,225.598852,222.353194,224.685699,42308700
2024-09-26,225.608754,226.799822,223.732817,225.827118,36636700
2024-09-27,226.760136,227.812247,225.608764,226.095108,34026000
2024-09-30,228.32839,231.266373,227.941292,231.266373,54541900
2024-10-01,227.812255,227.941278,222.075263,224.526886,63285000
2024-10-02,224.209274,225.678258,221.360633,225.092651,32880600
2024-10-03,223.464835,225.122408,221.658385,223.990891,34044200
2024-10-04,226.204309,226.303571,222.462371,225.112503,37245100
2024-10-07,222.829617,224.010766,219.683205,220.040527,39505400
2024-10-08,222.6311,224.298593,221.58891,224.090164,31855700
2024-10-09,223.554163,228.040536,223.157146,227.832092,33591100
2024-10-10,226.085196,227.792399,225.479734,227.335815,28183500
2024-10-11,227.593897,227.70308,225.648474,225.856918,31759200
2024-10-14,226.998364,230.005819,226.899118,229.579025,39882100
2024-10-15,231.871827,235.722962,230.641047,232.110046,64751400
2024-10-16,229.876797,230.392917,228.129882,230.05545,34082200
2024-10-17,231.693159,232.110047,228.804822,230.422684,32993800
2024-10-18,234.422693,234.422693,232.268841,233.25148,46431500
2024-10-21,232.705549,235.087701,232.705549,234.720444,36254500
2024-10-22,232.149729,234.462394,230.869334,234.105072,38846600
2024-10-23,232.338335,233.390445,226.065351,229.04303,52287000
2024-10-24,228.26881,229.102571,226.710499,228.854431,31109500
2024-10-25,228.030629,231.484732,227.861896,229.688202,38802300
2024-10-28,231.583984,232.983482,230.819709,231.663376,36087100
2024-10-29,231.365615,232.586459,230.59142,231.931366,35417200
2024-10-30,230.879258,231.73286,227.842029,228.387939,47070900
2024-10-31,227.633582,228.119942,223.69312,224.229111,64370100
2024-11-01,219.325867,223.673282,218.631078,221.251434,65276700
2024-11-04,219.345739,221.132334,218.075264,220.358139,44944500
2024-11-05,220.149697,222.283694,219.494605,221.787415,28111300
2024-11-06,220.953669,224.387931,219.544236,221.062851,54561100
2024-11-07,222.958644,226.184463,222.899093,225.78743,42137700
2024-11-08,225.727808,227.208354,224.972638,225.51915,38328800
2024-11-11,223.571573,224.267126,220.093793,222.806458,42005600
2024-11-12,223.124433,224.157824,221.941986,222.806458,40398300
2024-11-13,222.587873,225.211112,221.345808,223.690826,48566200
2024-11-14,223.591452,227.417001,223.571575,226.771133,44923900
2024-11-15,224.962685,225.479388,222.846218,223.571579,47923700
2024-11-18,223.819999,228.2815,223.740505,226.572418,44633700
2024-11-19,225.539,228.698819,225.221039,226.83075,36211800
2024-11-20,226.612154,228.470277,224.455932,227.546188,35169600
2024-11-21,227.426975,228.698848,224.277101,227.06926,42108300
2024-11-22,226.612153,229.25527,226.612153,228.41066,38168300
2024-11-25,229.990595,231.769225,228.281513,231.391632,90152800
2024-11-26,231.848706,234.07449,231.848706,233.567719,45986200
2024-11-27,232.981482,234.193738,232.325668,233.438553,33498400
2024-11-29,233.319312,236.300267,232.484649,235.823318,28481400
2024-12-02,235.763691,239.261333,235.654389,238.068954,48137100
2024-12-03,238.287576,241.218845,237.38335,241.109543,38861000
2024-12-04,241.328144,242.560277,239.718433,241.467255,44383900
2024-12-05,242.441036,242.987532,240.592844,241.497055,40033900
2024-12-06,241.367887,243.076969,240.543155,241.298325,36870600
2024-12-09,240.294724,245.670382,240.21523,245.183487,44649200
2024-12-10,245.322619,246.634246,243.782456,246.197037,36914800
2024-12-11,246.385855,249.207822,244.696635,244.925186,45205800
2024-12-12,245.322604,247.160865,244.120279,246.385818,32777500
2024-12-13,246.246719,247.707373,244.676748,246.554749,33155300
2024-12-16,246.415634,249.784112,246.077781,249.446259,51694800
2024-12-17,248.492364,252.218557,248.194266,251.870773,51356400
2024-12-18,250.559158,252.665695,246.167221,246.47525,56774100
2024-12-19,245.928738,250.40017,245.521337,248.204193,60882300
2024-12-20,246.46531,253.381131,244.130238,252.874374,147495300
2024-12-23,253.152604,254.027007,251.840976,253.649429,40858800
2024-12-24,253.868019,256.570737,253.669277,256.560822,23234700
2024-12-26,256.550862,258.44874,255.99442,257.37558,27237100
2024-12-27,256.193146,257.057649,251.45344,253.967377,42355300
2024-12-30,250.628685,251.890627,249.158085,250.598877,35557500
2024-12-31,250.837396,251.672059,247.846495,248.830215,39480700
2025-01-02,247.349646,247.51858,240.284799,242.30191,55740700
2025-01-03,241.815033,242.629819,240.354364,241.815033,40244100
2025-01-06,242.758989,245.75982,241.656035,243.444611,45045600
2025-01-07,241.437418,243.99111,239.817777,240.672318,40856000
2025-01-08,240.384178,242.162823,238.526055,241.159225,37628900
2025-01-10,238.486302,238.635359,231.52081,235.346375,61710900
2025-01-13,232.047439,233.180201,228.261629,232.911911,49630700
2025-01-14,233.259695,234.620993,230.994171,231.799026,39435300
2025-01-15,233.150373,237.442955,232.9417,236.359863,39832000
2025-01-16,235.843202,236.499,226.582362,226.810898,71759100
2025-01-17,230.646403,230.815322,227.029512,228.519989,68488300
2025-01-21,222.577914,222.995246,217.987249,221.226547,98070400
2025-01-22,218.394651,222.697164,218.394651,222.409012,64126500
2025-01-23,223.313258,225.588713,220.888746,222.240112,60234800
2025-01-24,223.35298,224.19759,220.004379,221.365677,54697900
2025-01-27,222.59782,230.676197,222.558066,228.400742,94863400
2025-01-28,229.384445,238.665146,229.34469,236.747391,75707600
2025-01-29,232.633669,238.337234,232.524367,237.840408,45486100
2025-01-30,237.154795,239.261331,235.704073,236.08165,55658300
2025-01-31,245.620733,245.620733,231.958024,234.50177,100959800
2025-02-03,228.529895,230.35821,224.267122,226.562454,73063300
2025-02-04,225.807313,231.649989,225.211116,231.322083,45067300
2025-02-05,227.079182,231.192898,226.820838,230.994171,39620300
2025-02-06,229.82167,232.315745,228.967129,231.739426,29925300
2025-02-07,231.123355,232.514461,225.817245,226.184906,39707200
2025-02-10,228.363398,229.378026,226.005844,226.453476,33115600
2025-02-11,227.000572,233.993621,226.930948,231.397339,53718400
2025-02-12,229.984818,235.714554,229.467547,235.625015,45243300
2025-02-13,235.664801,241.066254,234.331848,240.260513,53614100
2025-02-14,239.981979,244.259381,239.723351,243.314377,40896200
2025-02-18,242.866733,243.891318,240.568877,243.185059,48822500
2025-02-19,243.374074,244.71697,241.881958,243.582962,32204200
2025-02-20,243.652597,245.482922,243.006004,244.537918,32316900
2025-02-21,244.657276,247.38288,243.931117,244.259384,53197400
2025-02-24,243.642631,247.551983,243.135317,245.801239,51326400
2025-02-25,246.696508,248.685995,243.622752,245.741547,48013300
2025-02-26,243.045799,243.692377,237.873134,239.096664,44433600
2025-02-27,238.151675,241.185648,235.814021,236.052765,41153600
2025-02-28,235.704581,240.817564,228.990059,240.568878,56833400
2025-03-03,240.519132,242.747364,234.868994,236.7789,47184000
2025-03-04,236.4606,238.808196,233.446511,234.689941,53798100
2025-03-05,234.182636,235.306702,228.025168,234.500961,47227600
2025-03-06,233.207788,236.60981,231.934516,234.093109,45170400
2025-03-07,233.874268,240.10136,233.526102,237.813461,46273600
2025-03-10,234.301997,234.918749,223.041503,226.284363,72071200
2025-03-11,222.633651,224.65298,216.307079,219.67926,76137400
2025-03-12,218.982964,220.584503,213.780457,215.839569,62547500
2025-03-13,214.814945,215.700266,207.324524,208.577896,61368300
2025-03-14,210.139658,212.825463,208.478437,212.367889,60107600
2025-03-17,212.188838,214.088803,208.866397,212.875214,48073400
2025-03-18,213.034388,214.019175,210.378423,211.572113,42432400
2025-03-19,213.094076,217.610207,212.626545,214.108719,54385400
2025-03-20,212.865278,216.346883,211.104577,212.974701,48862900
2025-03-21,210.448033,217.689768,210.169506,217.122772,94127800
2025-03-24,219.838425,220.315897,217.431146,219.569839,44299500
2025-03-25,219.609627,222.922126,218.923251,222.573959,34493600
2025-03-26,222.33522,223.837293,219.311205,220.365631,34466100
2025-03-27,220.22637,223.807454,219.40073,222.673447,37094800
2025-03-28,220.50492,222.633671,216.535885,216.75473,39818600
2025-03-31,215.869379,224.434125,215.09348,220.962479,65299300
2025-04-01,218.654682,222.504337,217.749462,222.016922,36412700
2025-04-02,220.156757,224.006412,219.858331,222.713242,35905900
2025-04-03,204.459679,206.399442,200.192234,202.12204,103419000
2025-04-04,192.870927,198.829449,186.35535,187.389893,125910900
2025-04-07,176.268622,193.129529,173.702181,180.506241,160466300
2025-04-08,185.718707,189.339575,168.320644,171.513763,120859500
2025-04-09,171.046219,199.555584,170.986537,197.80484,184395900
2025-04-10,188.076248,193.756228,182.038145,189.419144,121880000
2025-04-11,185.121867,198.491214,185.082069,197.108521,87435900
2025-04-14,210.328665,211.820781,200.102699,201.455551,101352900
2025-04-15,200.799018,202.44034,198.749848,201.077545,51343900
2025-04-16,197.317416,199.645113,191.358894,193.248917,59732400
2025-04-17,196.163532,197.78497,193.398144,195.944687,52164700
2025-04-21,192.254183,192.781396,188.812362,192.14476,46742500
2025-04-22,195.089202,200.530453,194.939996,198.690186,52976400
2025-04-23,204.917263,206.906751,201.734085,203.524628,52929200
2025-04-24,203.813106,207.7324,201.873358,207.274811,47311000
2025-04-25,205.285315,208.647554,205.11621,208.180023,38222300
2025-04-28,208.896244,210.38836,206.369601,209.035507,38743100
2025-04-29,207.593125,211.124469,207.2748,210.099884,36827600
2025-04-30,208.19994,212.457443,205.583758,211.383118,52286500
2025-05-01,207.981087,213.43228,207.802025,212.198807,57365700
2025-05-02,205.006792,205.902071,201.097455,204.270691,101010600
2025-05-05,202.03253,203.027274,197.168232,197.84465,69018500
2025-05-06,197.168218,199.595381,195.98447,197.466629,51216500
2025-05-07,198.123172,198.391757,192.234289,195.218521,68536700
2025-05-08,196.680767,198.998523,193.656737,196.451981,50478900
2025-05-09,197.954073,199.485972,196.50174,197.486542,36453900
2025-05-12,210.136343,210.435161,205.933017,209.957047,63775800
2025-05-13,209.598471,212.556737,208.174129,212.088593,51909300
2025-05-14,211.590563,213.094605,209.747882,211.490967,49325800
2025-05-15,210.116432,212.118499,208.712,210.614456,45029500
2025-05-16,211.520861,211.730038,208.941099,210.425201,54737900
2025-05-19,207.088445,208.652233,203.452858,207.955002,46140500
2025-05-20,206.849384,207.646226,204.219817,206.042587,42496600
2025-05-21,204.359259,206.221864,199.916891,201.291428,59211800
2025-05-22,199.91689,201.948823,198.910872,200.564316,46742400
2025-05-23,192.904699,196.918773,192.695537,194.498383,78432900
2025-05-27,197.516413,199.946773,196.64984,199.418869,56288500
2025-05-28,199.797363,201.928906,199.110087,199.628036,45339700
2025-05-29,202.775542,203.004629,197.725569,199.159882,51396800
2025-05-30,198.582173,201.16195,196.002411,200.056335,70819900
2025-06-02,199.488598,201.331293,199.329226,200.902985,35423300
2025-06-03,200.554355,202.964791,200.165897,202.466766,46381600
2025-06-04,202.108195,205.425039,201.301399,202.018555,43604000
2025-06-05,202.695858,203.940919,199.35909,199.837204,55126100
2025-06-06,202.197834,204.887162,201.251591,203.114197,46607700
2025-06-09,203.582346,205.185985,199.229619,200.653961,72862600
2025-06-10,199.807313,203.542495,199.777433,201.869125,54672600
2025-06-11,202.695857,203.691905,197.625974,197.994507,60989900
2025-06-12,198.293336,198.890956,196.580131,198.412857,43904600
2025-06-13,198.940759,199.57823,194.926685,195.673721,51447300
2025-06-16,196.520356,197.904863,195.783275,197.635925,43020700
2025-06-17,196.420761,197.606061,194.438635,194.866928,38856200
2025-06-18,195.165737,196.789301,194.29918,195.803207,45394700
2025-06-20,197.456661,200.90298,196.082109,200.20575,96813500
2025-06-23,200.833257,201.500608,198.173809,200.703766,55814300
2025-06-24,201.789443,202.636091,199.408888,199.508499,54064000
2025-06-25,200.653953,202.865182,199.827231,200.763519,39525700
2025-06-26,200.634043,201.839268,198.671842,200.20575,50799100
2025-06-27,201.092228,202.416974,199.209697,200.285431,73188600
2025-06-30,201.211736,206.570482,198.472603,204.359253,91912800
2025-07-01,205.853315,209.359409,205.32541,206.998779,78788900
2025-07-02,208.084475,212.496962,207.317514,211.600525,67941800
2025-07-03,211.311684,213.801806,210.973032,212.706161,34955800
2025-07-07,211.839585,215.37556,207.974927,209.120377,50229000
2025-07-08,209.269801,210.594532,207.626312,209.180145,42848900
2025-07-09,208.702025,210.494916,206.401156,210.305664,48749400
2025-07-10,209.678147,212.636412,209.200048,211.570648,44443600
2025-07-11,209.737927,211.29176,209.030726,210.325592,39765800
2025-07-14,209.100445,210.076583,206.71989,207.795624,38840100
2025-07-15,208.393273,211.05272,208.094455,208.283707,42296300
2025-07-16,209.46899,211.560683,207.815546,209.329544,47490500
2025-07-17,209.737939,210.963074,208.7618,209.190109,48068100
2025-07-18,210.036747,210.95311,208.871372,210.34552,48974600
2025-07-21,211.261878,214.927328,210.793734,211.640366,51377400
2025-07-22,212.29778,214.100625,211.391372,213.552795,46404100
2025-07-23,214.150419,214.29982,211.570657,213.303772,46989300
2025-07-24,213.05476,214.837695,212.686227,212.915314,46022600
2025-07-25,213.851603,214.389478,212.556737,213.034851,40268800
2025-07-28,213.184253,214.00102,212.218084,213.204178,37858000
2025-07-29,213.333655,213.96117,209.986947,210.435165,51411700
2025-07-30,211.062652,211.550721,206.899177,208.223923,45512500
2025-07-31,207.666149,209.010805,206.341403,206.749786,80698400
2025-08-01,210.036749,212.736048,200.703779,201.580307,104434500
2025-08-04,203.701868,207.058561,200.883049,202.546463,75109300
2025-08-05,202.596233,204.528569,201.361142,202.118134,44155100
2025-08-06,204.817449,214.528921,204.777599,212.407333,108483100
2025-08-07,218.015088,219.977305,215.724174,219.160538,90224800
2025-08-08,219.957388,230.0872,218.38363,228.443726,113854000
2025-08-11,227.277011,228.912384,224.125922,226.539093,61806100
2025-08-12,227.366733,230.14887,226.429398,229.002106,55626200
2025-08-13,230.418134,234.33704,229.779925,232.671753,69878500
2025-08-14,233.399694,234.456701,230.198758,232.123306,51916300
2025-08-15,233.339866,233.619074,228.693008,230.936661,56038700
2025-08-18,231.046345,232.462337,229.460834,230.238632,37476200
2025-08-19,230.627546,232.213057,228.702998,229.909576,39402600
2025-08-20,229.331192,229.819815,225.133078,225.372391,42263900
2025-08-21,225.631664,225.880958,223.148683,224.265518,30621200
2025-08-22,225.531936,228.443697,224.774086,227.117447,42477800
2025-08-25,225.841075,228.653127,225.591781,226.519165,30983100
2025-08-26,226.229967,228.842586,224.056124,228.663086,54575100
2025-08-27,227.965066,230.248599,227.616048,229.839767,31259500
2025-08-28,230.168834,232.751524,228.692998,231.903915,38074700
2025-08-29,231.854059,232.721615,230.717275,231.485107,39418400
2025-09-02,228.603255,230.198747,226.329688,229.07193,44075600
2025-09-03,236.540817,238.176189,233.698851,237.797256,66427800
2025-09-04,237.777312,239.223218,236.072144,239.103561,47549400
2025-09-05,239.322917,240.6392,237.817182,239.013794,54870400
2025-09-08,238.6249,239.472493,235.673244,237.208908,48999500
2025-09-09,236.331391,238.106368,232.701661,233.688873,66313900
2025-09-10,231.534983,231.76433,225.312581,226.150208,83440800
2025-09-11,226.23995,229.799871,226.010588,229.381058,50208600
2025-09-12,228.573344,233.848414,228.373912,233.409668,55824200
2025-09-15,236.331399,237.518044,234.366955,236.032242,42699500
2025-09-16,236.510885,240.539496,235.653325,237.478149,63421100
2025-09-17,238.295848,239.422665,237.059341,238.315796,46508000
2025-09-18,239.293008,240.519534,235.982367,237.208908,44249600
2025-09-19,240.549446,245.60515,239.532334,244.807404,163741300
2025-09-22,247.599524,255.916007,247.420024,255.357559,105517400
2025-09-23,255.158141,256.614013,252.864626,253.712219,60275200
2025-09-24,254.5,255.018537,250.331784,251.598206,42303700
2025-09-25,252.495692,256.444527,250.999923,256.145355,55202100
2025-09-26,253.383155,256.873281,253.06405,254.739319,46076300
2025-09-29,253.841857,254.280619,252.296227,253.712219,40127700
2025-09-30,254.141014,255.198021,252.395951,253.911667,37704300
2025-10-01,254.320508,258.059944,254.210818,254.729355,48713900
2025-10-02,255.856135,257.451628,253.432998,256.404602,42630200
2025-10-03,253.951544,258.508643,253.233574,257.292084,49155600
2025-10-06,257.262171,258.339141,254.330478,255.965851,44664100
2025-10-07,256.085495,256.673827,254.709383,255.756439,31955800
2025-10-08,255.796337,257.790695,255.38749,257.332001,36496900
2025-10-09,257.082687,257.272154,252.425864,253.323318,38322000
2025-10-10,254.220782,255.656722,243.311643,244.578064,61999100
2025-10-13,248.676468,248.985591,244.867237,246.961319,38142900
2025-10-14,245.904317,248.147969,244.009668,247.071014,35478000
2025-10-15,248.786167,251.109596,246.771862,248.636581,33893600
2025-10-16,247.549669,248.337433,244.438475,246.751923,39777000
2025-10-17,247.320304,252.665184,246.57242,251.578247,49147000
2025-10-20,255.168106,263.634161,254.908845,261.500183,90483000
2025-10-21,261.141244,264.541628,261.091366,262.028717,46695900
2025-10-22,261.909019,262.108467,254.709387,257.720886,45015300
2025-10-23,259.206687,259.884761,257.282139,258.847687,32754900
2025-10-24,260.453146,263.384854,258.448807,262.078552,38253700
2025-10-27,264.13276,268.360789,263.903398,268.051666,44888200
2025-10-28,268.231138,269.128623,267.393511,268.241119,41534800
2025-10-29,268.520319,270.644315,266.356428,268.939148,51086700
2025-10-30,271.22267,273.366629,267.722593,270.634338,69886500
2025-10-31,276.208589,276.537675,268.400691,269.607269,86167100
2025-11-03,269.657115,270.085895,265.498866,268.290955,50194600
2025-11-04,267.573,270.724089,266.865012,269.278198,49274800
2025-11-05,267.852217,270.933526,266.176963,269.37793,43683100
2025-11-06,267.134271,272.628706,267.134271,269.008942,51204000
2025-11-07,269.03885,271.521847,266.0174,267.712616,48227400
2025-11-10,268.461229,273.222403,266.964011,268.930359,41312400
2025-11-11,269.309649,275.398343,269.299658,274.739563,46208300
2025-11-12,274.490022,275.218679,271.196153,272.96286,48398000
2025-11-13,273.60167,276.186894,271.585427,272.443848,49602800
2025-11-14,270.547322,275.44822,269.100029,271.904816,47431300
2025-11-17,268.321483,269.988369,265.237217,266.963989,45018300
2025-11-18,269.48932,270.207986,264.827997,266.944061,45677300
2025-11-19,265.037571,271.705176,265.007628,268.061951,40424500
2025-11-20,270.327749,274.919225,265.426881,265.756256,45823600
2025-11-21,265.456807,272.823095,265.177328,270.986511,59030800
2025-11-24,270.397615,276.486309,270.397615,275.408325,65585800
2025-11-25,274.759531,279.860071,274.739579,276.45639,46914200
2025-11-26,276.446376,279.011617,276.117001,277.035278,33431400
2025-11-28,276.745838,278.482601,275.478174,278.332886,20135600
2025-12-01,277.494455,282.894426,275.627928,282.575012,46587700
2025-12-02,282.475185,286.867019,282.105876,285.659271,53669500
2025-12-03,285.669263,288.084759,282.774617,283.623047,43538700
2025-12-04,283.573132,284.201968,278.073341,280.179443,43989100
2025-12-05,280.019746,280.61864,277.534343,278.263,47265800
2025-12-08,277.614209,279.151362,275.63787,277.374664,38211800
2025-12-09,277.644148,279.510675,276.406457,276.665955,32193300
2025-12-10,277.234912,279.231203,275.927344,278.263,33038300
2025-12-11,278.582427,279.071509,273.302229,277.514404,33248000
2025-12-12,277.384646,278.702206,276.306663,277.763947,39532900
2025-12-15,279.630462,279.630462,272.33402,273.601654,50409100
2025-12-16,272.31408,274.989103,271.285991,274.100739,37648600
2025-12-17,274.500011,275.647872,271.136266,271.335876,50138700
2025-12-18,273.102591,273.122574,266.454969,271.685242,51630700
2025-12-19,271.645305,274.090774,269.399478,273.162506,144632000
2025-12-22,272.353978,273.372106,270.00836,270.467499,36571800
2025-12-23,270.337749,271.994674,269.060124,271.854919,29642000
2025-12-24,271.83494,274.919206,271.695216,273.302216,17910600
2025-12-26,273.651575,274.859323,272.353968,272.892975,21521800
2025-12-29,272.184327,273.851213,271.844961,273.25235,23715200
2025-12-30,272.30409,273.571723,271.775074,272.573578,22139600
2025-12-31,272.553622,273.172467,271.246054,271.355835,27293600
2026-01-02,271.755098,277.324736,268.501134,270.507416,37838100
2026-01-05,270.13811,271.006492,265.646456,266.764374,45647200
2026-01-06,266.504853,267.053821,261.633898,261.873444,52352100
2026-01-07,262.711902,263.190992,259.328174,259.847198,48309800
2026-01-08,256.543358,258.809168,255.225814,258.559631,50419300
2026-01-09,258.599537,259.727446,255.744855,258.889008,39997000
2026-01-12,258.67942,260.815436,256.32378,259.767395,45263800
2026-01-13,258.240222,261.324488,257.910847,260.565887,45730800
2026-01-14,259.008776,261.334472,256.233932,259.477905,40019400
2026-01-15,260.166618,260.555909,256.573288,257.73114,39388600
2026-01-16,257.421737,258.419883,254.457244,255.056137,72142800
2026-01-20,252.261324,254.317502,242.968592,246.242508,80267500
2026-01-21,248.238806,251.093503,244.725329,247.19075,54641700
2026-01-22,248.737865,250.53453,247.689809,247.88945,39708300
2026-01-23,246.861366,248.947487,244.226247,247.580017,41689000
2026-01-26,251.013636,256.084217,249.336759,254.936356,55969200
2026-01-27,258.689371,261.464214,257.731129,257.791016,49648300
2026-01-28,257.17221,258.379958,254.038033,255.964462,41288000
2026-01-29,257.521546,259.16848,253.938207,257.801025,67253000
2026-01-30,254.69679,261.414305,251.712329,258.99881,92443400
2026-02-02,259.547804,269.988398,258.729317,269.509308,73913400
2026-02-03,268.700806,271.375829,267.113728,268.980286,64394700
2026-02-04,271.785041,278.432694,271.785041,275.977234,90545700
2026-02-05,277.61423,278.981685,272.723323,275.398346,52977400
2026-02-06,276.606072,280.389052,276.416422,277.604218,50453400
2026-02-09,277.654198,277.94394,271.449923,274.367218,44623400
2026-02-10,274.636978,275.116517,272.688761,273.42807,34376900
2026-02-11,274.447148,279.922084,274.197378,275.246399,51931300
2026-02-12,275.336333,275.466219,259.940514,261.489105,81077200
2026-02-13,261.768832,261.988631,255.214858,255.544556,56290700
2026-02-17,257.812465,266.044901,255.30478,263.637115,58469100
2026-02-18,263.35738,266.574417,262.208444,264.106689,34203300
2026-02-19,262.358278,264.236553,259.810608,260.340118,30845300
2026-02-20,258.731635,264.506313,257.922383,264.336456,42070500
2026-02-23,263.247441,269.181975,263.137557,265.934967,37308200
2026-02-24,267.613437,274.636995,267.463581,271.889526,47014600
2026-02-25,271.529843,274.686938,270.800504,273.9776,33714300
2026-02-26,274.69692,275.855825,270.550716,272.698761,32345100
2026-02-27,272.55889,272.55889,262.648038,263.936829,72366500
2026-03-02,262.168447,266.28465,259.96049,264.476318,41827900
2026-03-03,263.237492,265.315564,259.89057,263.507233,38568900
2026-03-04,264.406395,265.905014,261.179388,262.278351,39803100
2026-03-05,260.549955,261.319235,257.013205,260.050415,49658600
2026-03-06,258.391928,258.531784,254.13584,257.222992,41120000
2026-03-09,255.454632,260.909598,253.446473,259.640778,38218500
2026-03-10,257.412839,262.23841,256.713502,260.589905,30590800
2026-03-11,260.849657,261.888708,259.311066,260.569916,26218900
2026-03-12,258.421906,258.711648,253.946019,255.524567,40794000
2026-03-13,255.244837,256.094046,249.290332,249.889771,36930000
2026-03-16,251.877942,253.656303,249.649999,252.587296,32074200
2026-03-17,252.727167,254.895168,251.947871,253.995987,32361600
2026-03-18,252.397472,254.705343,248.770808,249.709946,35757900
2026-03-19,249.170432,251.598204,247.072375,248.73085,34864100
2026-03-20,247.751733,248.970612,245.77356,247.761734,88331100
2026-03-23,253.736227,254.365652,250.049621,251.258514,40546100
2026-03-24,250.119565,254.595437,249.320298,251.408371,45152300
2026-03-25,253.866115,254.765281,251.368416,252.387466,28476700
2026-03-26,251.887931,256.763444,250.539183,252.657227,41796700
2026-03-27,253.66628,255.254828,247.84166,248.570984,47900000
2026-03-30,249.839821,250.639072,245.284005,246.402985,39446200
2026-03-31,247.681804,255.244828,246.872552,253.556381,49598100
2026-04-01,253.846123,255.944181,253.096813,255.394699,40059400
2026-04-02,253.966015,255.894246,250.41928,255.684433,31289400
2026-04-06,256.273892,261.918685,256.223919,258.621704,29329900
2026-04-07,255.924218,255.96419,245.473839,253.266663,62148000
2026-04-08,258.212115,259.510906,256.293869,258.661682,41032800
2026-04-09,258.761595,260.879639,255.834299,260.250214,28121600
2026-04-10,259.740695,261.948652,258.781556,260.240234,31291500
2026-04-13,259.490937,259.940504,256.423755,258.961426,36234700
2026-04-14,259.011363,261.688888,256.953261,258.591736,48370700
2026-04-15,257.922377,266.314639,257.572693,266.184753,49913500
2026-04-16,266.554396,266.91408,261.029488,263.157532,43323100
2026-04-17,266.714253,272.049334,266.474483,269.981262,61436200
2026-04-20,270.081148,274.027524,270.041206,272.798645,36590200
2026-04-21,271.250099,272.54889,265.155708,265.925018,50209800
2026-04-22,267.573497,273.488031,266.62436,272.918579,43249200
2026-04-23,274.796818,275.516157,271.399954,273.178314,33399600
2026-04-24,272.508933,272.808645,269.40178,270.810486,38157100
2026-04-27,265.845058,268.112957,264.826008,267.363647,41466800
2026-04-28,272.08932,272.978515,268.412715,270.460815,40018900
2026-04-29,267.303712,270.79052,266.794202,269.921326,30047900
2026-04-30,270.251027,275.745964,267.893213,271.10025,91848200
2026-05-01,278.60329,286.95561,278.113751,279.882141,79915400
2026-05-04,279.402577,280.371685,274.606977,276.575165,46668400
2026-05-05,276.6751,284.308082,276.245503,283.918427,49311700
2026-05-06,281.66051,287.764872,280.811287,287.245361,58336100
2026-05-07,289.003717,291.8611,285.516939,287.175415,45224300
2026-05-08,289.743067,294.488695,289.733067,293.050018,52692800
2026-05-11,291.980011,293.880005,290.230011,292.679993,42247300
2026-05-12,292.559998,295.269989,292.559998,294.799988,45748100
2026-05-13,293.5,300.920013,293.5,298.869995,52684300
2026-05-14,299.820007,300.450012,295.380005,298.209991,35324900
2026-05-15,297.899994,303.200012,296.519989,300.230011,54862800
2026-05-18,300.23999,300.660004,294.910004,297.839996,34483000
2026-05-19,296.970001,300.51001,296.350006,298.970001,42243600
2026-05-20,298.179993,302.799988,298.079987,302.25,38229800
2026-05-21,301.059998,305.540009,300.399994,304.98999,42965100
2026-05-22,306.119995,311.399994,305.839996,308.820007,43670200
2026-05-26,309.559998,311.820007,307.670013,308.329987,48000500
2026-05-27,308.329987,313.26001,308.299988,310.850006,50430900
2026-05-28,310.679993,312.799988,309.570007,312.51001,48220400
2026-05-29,311.779999,315.0,309.529999,312.059998,70026800
2026-06-01,309.630005,310.940002,305.019989,306.309998,48849900
2026-06-02,307.459991,315.450012,306.690002,315.200012,44534700
2026-06-03,314.179993,316.940002,308.850006,310.26001,50836700
2026-06-04,313.230011,313.540009,309.649994,311.230011,44869100
2026-06-05,312.859985,315.170013,307.149994,307.339996,65246700
