Date,Open,High,Low,Close,Volume
2009-01-02,7.659418,7.987537,7.582476,7.975127,144275580
2009-01-05,7.967185,8.22134,7.818265,8.142164,195364440
2009-01-06,8.264528,8.458619,8.100964,8.291333,256750992
2009-01-07,8.148866,8.213149,7.91134,7.992252,179600220
2009-01-08,7.899674,8.071179,7.876343,8.071179,143883972
2009-01-09,8.128514,8.128514,7.778553,7.820003,173446380
2009-01-12,7.85078,7.916304,7.699875,7.760931,132039828
2009-01-13,7.738096,7.957256,7.703845,7.801387,177122700
2009-01-14,7.694166,7.788481,7.390122,7.470043,218497284
2009-01-15,7.385655,7.534822,7.118097,7.420899,237142620
2009-01-16,7.570562,7.650731,7.339241,7.437776,208767024
2009-01-20,7.424622,7.433557,7.017824,7.017824,201726072
2009-01-21,7.156815,7.532837,7.156815,7.522413,196783020
2009-01-22,7.39732,7.678032,7.32559,7.607296,330349320
2009-01-23,7.676047,8.23921,7.550707,8.059018,428882688
2009-01-26,8.062741,8.140924,7.956264,8.038418,184243572
2009-01-27,8.102454,8.286618,8.048347,8.227298,196894908
2009-01-28,8.388626,8.744792,8.347177,8.653951,307348344
2009-01-29,8.551445,8.564103,8.441493,8.521165,291060648
2009-01-30,8.555168,8.657178,8.339483,8.402277,186693120
2009-02-02,8.297042,8.562863,8.240203,8.45291,208067724
2009-02-03,8.502548,8.513221,8.285623,8.44993,261997740
2009-02-04,8.440499,8.797161,8.418161,8.513222,272423304
2009-02-05,8.461348,8.820491,8.364301,8.779291,290285424
2009-02-06,8.847297,9.277922,8.821981,9.215128,281242476
2009-02-09,9.215129,9.456379,9.116347,9.401031,198892908
2009-02-10,9.331782,9.369508,8.88279,8.898178,283863852
2009-02-11,8.909099,9.059259,8.76142,8.886513,209054736
2009-02-12,8.765391,9.025007,8.723694,9.010859,221789988
2009-02-13,8.989515,9.009371,8.816769,8.877577,165702132
2009-02-17,8.600339,8.614735,8.431067,8.504783,226988784
2009-02-18,8.618458,8.770852,8.451669,8.764152,240739020
2009-02-19,8.872365,8.930195,8.473757,8.504287,199348452
2009-02-20,8.390363,8.660155,8.314661,8.598849,248435316
2009-02-23,8.612503,8.681998,8.179395,8.192054,208635156
2009-02-24,8.215879,8.677529,8.212653,8.57403,243592164
2009-02-25,8.492126,8.744047,8.411957,8.479468,257306436
2009-02-26,8.586689,8.748763,8.368274,8.368771,223999776
2009-02-27,8.263782,8.533574,8.218113,8.388874,216583200
2009-03-02,8.273213,8.456135,8.091283,8.120074,231308460
2009-03-03,8.192301,8.28215,8.000693,8.078379,260731008
2009-03-04,8.020795,8.165744,7.827696,7.915559,312423264
2009-03-05,7.854998,7.91953,7.511492,7.585951,260934804
2009-03-06,7.625166,7.698882,7.303252,7.658673,289078632
2009-03-09,7.44547,7.609033,7.184116,7.219858,258593148
2009-03-10,7.402532,7.706575,7.303253,7.648746,268938792
2009-03-11,7.696648,7.942365,7.587688,7.890491,236707056
2009-03-12,7.881308,8.066464,7.784759,8.029979,200763036
2009-03-13,8.093765,8.127521,7.918289,8.052068,156099744
2009-03-16,8.091036,8.183862,7.907368,7.934669,197674128
2009-03-17,7.946834,8.323103,7.919779,8.323103,188311500
2009-03-18,8.309948,8.438763,8.142165,8.267507,200287512
2009-03-19,8.23226,8.339483,8.125536,8.189075,164283552
2009-03-20,8.19801,8.264776,8.099724,8.194535,189326484
2009-03-23,8.278922,8.67331,8.265767,8.652214,170689140
2009-03-24,8.600091,8.782269,8.538042,8.61672,152647200
2009-03-25,8.69689,8.72022,8.345689,8.53978,173278548
2009-03-26,8.764645,8.91431,8.649729,8.768617,239891868
2009-03-27,8.686961,8.736602,8.574527,8.629876,132779088
2009-03-30,8.502051,8.533324,8.340722,8.505526,123640236
2009-03-31,8.660403,8.774078,8.592148,8.638809,146065788
2009-04-01,8.532581,8.817017,8.453903,8.788474,131915952
2009-04-02,9.017314,9.177402,8.943103,8.997211,179340480
2009-04-03,9.04685,9.226049,8.88552,9.177898,151440408
2009-04-06,9.108899,9.178891,8.969907,9.139675,131080788
2009-04-07,8.999691,9.028234,8.818755,8.901653,147056796
2009-04-08,9.022031,9.059261,8.841093,8.984801,110497392
2009-04-09,9.170949,9.291326,9.090284,9.245409,135168696
2009-04-13,9.216371,9.409221,9.190805,9.384648,121881996
2009-04-14,9.355608,9.356849,9.07415,9.156304,137006856
2009-04-15,9.111382,9.457866,9.038411,9.419147,197030772
2009-04-16,9.468788,9.751734,9.456874,9.648483,406996596
2009-04-17,9.580974,9.923489,9.550943,9.735354,428802768
2009-04-20,9.584199,9.695888,9.329547,9.414183,176978844
2009-04-21,9.336497,9.538283,9.33476,9.468042,147668184
2009-04-22,9.474993,9.679757,9.406986,9.527363,139931928
2009-04-23,9.617956,9.673553,9.459108,9.547964,104255640
2009-04-24,9.581717,9.758683,9.443968,9.667098,135280584
2009-04-27,9.539276,9.667099,9.499812,9.579236,91532376
2009-04-28,9.524631,9.656177,9.46978,9.523639,117626256
2009-04-29,9.579732,9.803111,9.576257,9.716242,144255600
2009-04-30,9.822719,10.02103,9.798892,9.82793,174053772
2009-05-01,9.804601,9.86814,9.718228,9.771342,97010892
2009-05-04,9.882535,9.987524,9.798645,9.977099,127991880
2009-05-05,9.927459,10.052054,9.8597,10.002167,95935968
2009-05-06,10.096483,10.133465,9.952776,10.014081,105210684
2009-05-07,10.029718,10.051808,9.741807,9.843817,119872008
2009-05-08,9.998692,10.179381,9.803856,10.109885,154449396
2009-05-11,9.997452,10.225795,9.95774,10.126019,102269628
2009-05-12,10.176404,10.200727,9.806587,9.903384,151480368
2009-05-13,9.78127,9.838357,9.638803,9.66834,113598288
2009-05-14,9.649973,9.734609,9.547964,9.617707,117362520
2009-05-15,9.707057,9.781766,9.65717,9.679756,120227652
2009-05-18,9.797154,9.86119,9.565585,9.849524,133933932
2009-05-19,9.831157,9.96866,9.754216,9.900157,113386500
2009-05-20,9.97983,10.068685,9.803857,9.857964,91268640
2009-05-21,9.83612,9.998443,9.775064,9.841084,108683208
2009-05-22,9.845057,9.894449,9.729396,9.766626,68675256
2009-05-26,9.728155,10.052053,9.679755,10.036168,124055820
2009-05-27,10.067939,10.222319,10.047338,10.065953,121250628
2009-05-28,10.143393,10.216364,10.042375,10.186083,106645248
2009-05-29,10.228524,10.355601,10.193528,10.355601,105822072
2009-06-01,10.392832,10.662623,10.387868,10.587172,132763104
2009-06-02,10.579478,10.67156,10.508742,10.632841,104839056
2009-06-03,10.573272,10.733608,10.523633,10.713504,141170688
2009-06-04,10.804097,10.951528,10.784242,10.927701,145378476
2009-06-05,11.046589,11.10293,10.907348,11.027973,147084768
2009-06-08,10.908341,10.943586,10.774811,10.890224,123824052
2009-06-09,10.885508,10.933163,10.716236,10.81204,130065804
2009-06-10,10.827179,10.86838,10.589901,10.737082,134221644
2009-06-11,10.716483,10.765131,10.632096,10.647733,114493392
2009-06-12,10.594617,10.615466,10.454385,10.544481,116619264
2009-06-15,10.461584,10.461584,10.275434,10.344186,149326524
2009-06-16,10.407227,10.451407,10.310677,10.325072,121866012
2009-06-17,10.32979,10.417404,10.214874,10.304225,139464396
2009-06-18,10.317132,10.39184,10.250614,10.276924,123284592
2009-06-19,10.379927,10.435771,10.28983,10.426588,170193636
2009-06-22,10.348653,10.362056,9.974865,10.110382,164811024
2009-06-23,10.093008,10.151088,9.991247,10.068933,115868016
2009-06-24,10.144882,10.231503,10.090775,10.158532,98213688
2009-06-25,10.101695,10.322592,10.089533,10.319366,121658220
2009-06-26,10.26749,10.628619,10.253343,10.556395,130137732
2009-06-29,10.573272,10.617947,10.47995,10.527106,86685228
2009-06-30,10.523635,10.603306,10.380175,10.463818,103652244
2009-07-01,10.528597,10.583202,10.378437,10.399285,92339568
2009-07-02,10.31043,10.31043,10.096979,10.138676,100603296
2009-07-06,10.089286,10.192039,9.969157,10.166475,90413496
2009-07-07,10.132472,10.156051,9.828179,9.844314,130241628
2009-07-08,9.927954,10.076874,9.879804,9.989756,137510352
2009-07-09,10.079854,10.286604,10.071911,10.185834,130892976
2009-07-10,10.165732,10.35908,10.14389,10.285363,116946936
2009-07-13,10.329294,10.53654,10.304722,10.531079,161666172
2009-07-14,10.516434,10.591392,10.445946,10.540759,115716168
2009-07-15,10.664113,10.887988,10.635074,10.87533,150928920
2009-07-16,10.838348,11.063465,10.774312,10.985281,261917820
2009-07-17,10.747013,10.808565,10.590646,10.678758,273889836
2009-07-20,10.669574,10.743289,10.579477,10.676771,126013860
2009-07-21,10.695882,10.719709,10.566323,10.62043,118609272
2009-07-22,10.622913,10.677517,10.511223,10.615219,103364532
2009-07-23,10.639788,10.950781,10.56086,10.854728,138988872
2009-07-24,10.816755,11.181112,10.796652,11.087541,144930924
2009-07-27,11.070663,11.088285,10.861432,11.039886,100075824
2009-07-28,10.94557,10.990494,10.823952,10.917027,101198700
2009-07-29,10.851999,10.866147,10.71946,10.827427,79400520
2009-07-30,10.985532,11.205436,10.985532,11.060736,127816056
2009-07-31,11.168455,11.235964,10.981064,10.996451,114301584
2009-08-03,11.137677,11.265748,11.110374,11.223803,103508388
2009-08-04,11.153312,11.268228,11.129982,11.261527,95496408
2009-08-05,11.317869,11.340455,11.116331,11.197245,93586320
2009-08-06,11.275674,11.290069,11.132463,11.177884,84351564
2009-08-07,11.309681,11.402755,11.292803,11.345173,101622276
2009-08-10,11.296525,11.377686,11.263018,11.333011,69610320
2009-08-11,11.260038,11.348397,11.22802,11.26674,68431500
2009-08-12,11.303226,11.460583,11.291064,11.381905,93562344
2009-08-13,11.47051,11.534297,11.390093,11.473737,79728192
2009-08-14,11.486148,11.496076,11.339959,11.417149,66936996
2009-08-17,11.206181,11.218343,10.998191,11.042121,104703192
2009-08-18,11.047333,11.111865,10.978333,11.0518,93949956
2009-08-19,10.920503,11.04485,10.885009,11.019285,90109800
2009-08-20,11.218589,11.471256,11.199478,11.427325,159796044
2009-08-21,11.554652,11.568302,11.482923,11.547206,142277580
2009-08-24,11.599575,11.667582,11.526853,11.633827,98037864
2009-08-25,11.643753,11.773313,11.633576,11.699349,93546360
2009-08-26,11.733852,11.739809,11.583443,11.615709,79432488
2009-08-27,11.630103,11.630103,11.435268,11.567557,79876044
2009-08-28,11.646981,11.724171,11.50104,11.535043,70793136
2009-08-31,11.411937,11.463314,11.367509,11.458598,78237684
2009-09-01,11.409206,11.58642,11.278653,11.311912,103692204
2009-09-02,11.313402,11.3757,11.233233,11.243658,72119808
2009-09-03,11.313402,11.373714,11.293049,11.355595,65782152
2009-09-04,11.356836,11.48168,11.312408,11.449413,59908032
2009-09-08,11.523627,11.59064,11.313898,11.382898,106161732
2009-09-09,11.39382,11.57277,11.387365,11.515685,87728184
2009-09-10,11.582201,11.688678,11.466788,11.688678,101282616
2009-09-11,11.675276,11.747253,11.606524,11.718462,76039884
2009-09-14,11.678005,11.834122,11.666587,11.792424,78948972
2009-09-15,11.791434,11.886494,11.732612,11.85249,95828076
2009-09-16,11.908582,12.146108,11.87582,12.119303,103308588
2009-09-17,12.175894,12.344669,12.091009,12.204435,179144676
2009-09-18,12.329777,12.334989,12.192275,12.197983,131208660
2009-09-21,12.105653,12.382643,12.067927,12.335485,84571344
2009-09-22,12.432779,12.459336,12.35559,12.386614,121526352
2009-09-23,12.429305,12.583685,12.353108,12.371723,108059832
2009-09-24,12.421609,12.44494,12.236204,12.329776,101002896
2009-09-25,12.268223,12.408207,12.211385,12.223298,81902016
2009-09-28,12.281872,12.447173,12.24365,12.373459,73498428
2009-09-29,12.398278,12.403739,12.236453,12.373459,83884032
2009-09-30,12.409946,12.41342,12.093244,12.306943,125542332
2009-10-01,12.236205,12.32233,12.087286,12.09225,112415472
2009-10-02,12.006373,12.204932,11.978078,12.027222,103927968
2009-10-05,12.103418,12.222058,11.996446,12.125012,85698216
2009-10-06,12.203939,12.394308,12.203939,12.378671,109182708
2009-10-07,12.385124,12.881274,12.35559,12.845285,194773032
2009-10-08,12.89567,12.987007,12.741042,12.76189,171979848
2009-10-09,12.823195,12.943821,12.769832,12.813268,109414476
2009-10-12,12.991227,13.049305,12.889466,13.006615,132755112
2009-10-13,13.015301,13.091498,12.940593,13.057991,121374504
2009-10-14,13.215599,13.293037,13.154541,13.286583,130205664
2009-10-15,13.247615,13.325797,13.086782,13.152307,243771984
2009-10-16,13.584669,13.768833,13.515173,13.647215,353322324
2009-10-19,13.717706,13.740292,13.619419,13.702813,128587284
2009-10-20,13.691645,13.72416,13.420115,13.69363,161586252
2009-10-21,13.648704,13.883005,13.626118,13.67824,146677176
2009-10-22,13.65094,13.775039,13.601299,13.752452,93366540
2009-10-23,13.781243,13.846767,13.680722,13.742523,95612292
2009-10-26,13.793652,13.939841,13.673027,13.755429,118697184
2009-10-27,13.675014,13.764118,13.50599,13.608497,128531340
2009-10-28,13.598073,13.65094,13.359306,13.410187,102609288
2009-10-29,13.477448,13.69636,13.427561,13.677,100803096
2009-10-30,13.650939,13.655158,13.259776,13.306438,138601260
2009-11-02,13.330265,13.389337,13.110858,13.253572,127955916
2009-11-03,13.15479,13.34069,13.112348,13.335479,95112792
2009-11-04,13.422597,13.539249,13.313886,13.410932,93214692
2009-11-05,13.489361,13.645229,13.46876,13.617432,73834092
2009-11-06,13.594349,13.695117,13.539248,13.67824,72994932
2009-11-09,13.786208,13.963174,13.755928,13.961436,105890004
2009-11-10,13.966896,14.117057,13.948778,14.06692,89142768
2009-11-11,14.15925,14.234208,14.044583,14.161237,92695212
2009-11-12,14.136418,14.219316,14.03565,14.093975,75376548
2009-11-13,14.129713,14.209633,14.063195,14.198216,66605328
2009-11-16,14.271434,14.320826,14.216334,14.303204,87880032
2009-11-17,14.26821,14.333486,14.239667,14.333239,76591332
2009-11-18,14.31239,14.365256,14.198714,14.31239,61922016
2009-11-19,14.240907,14.246614,14.147335,14.221547,86633280
2009-11-20,14.134928,14.187049,14.132446,14.146344,80167752
2009-11-23,14.308418,14.559347,14.292781,14.453862,101798100
2009-11-24,14.458082,14.502013,14.309659,14.472229,64143792
2009-11-25,14.554631,14.570764,14.462301,14.538002,58389552
2009-11-27,14.196975,14.456591,14.171411,14.389578,55328616
2009-11-30,14.411173,14.486625,14.323807,14.469996,68934996
2009-12-01,14.597322,14.674015,14.469996,14.640509,92719188
2009-12-02,14.668556,14.718443,14.549916,14.581933,66461472
2009-12-03,14.619908,14.679724,14.519635,14.538002,57090852
2009-12-04,14.718691,14.763616,14.375184,14.519884,100443456
2009-12-07,14.500027,14.611221,14.420356,14.55066,65382552
2009-12-08,14.482406,14.660117,14.445176,14.570517,60899040
2009-12-09,14.581685,14.627106,14.484391,14.619411,71168760
2009-12-10,14.654655,14.760637,14.653911,14.680964,66665268
2009-12-11,14.759892,14.761629,14.587394,14.656393,68731200
2009-12-14,14.776521,14.825168,14.708514,14.785953,76459464
2009-12-15,14.725639,14.802084,14.668306,14.721667,91124784
2009-12-16,14.857186,14.901116,14.808538,14.836336,112263624
2009-12-17,14.803574,14.833358,14.737056,14.741524,105446448
2009-12-18,14.793398,14.865376,14.767833,14.803077,141118740
2009-12-21,14.832615,14.887964,14.784465,14.859173,102745152
2009-12-22,14.925192,14.929163,14.863389,14.919731,75156768
2009-12-23,14.978805,15.211367,14.962672,15.181831,82825092
2009-12-24,15.212853,15.376416,15.196472,15.350603,34313652
2009-12-28,15.429532,15.537001,15.350604,15.459563,67848084
2009-12-29,15.505977,15.508459,15.345889,15.373439,56935008
2009-12-30,15.351102,15.45609,15.338941,15.45609,58565376
2009-12-31,15.506227,15.52236,15.387836,15.387836,48743208
2010-01-04,15.56083,15.62437,15.493569,15.555866,78169752
2010-01-05,15.566537,15.582918,15.426553,15.487361,120067812
2010-01-06,15.533776,15.533776,15.049788,15.096946,158988852
2010-01-07,15.12524,15.140133,14.709508,14.745496,256315428
2010-01-08,14.693374,14.972598,14.621644,14.94207,188783028
2010-01-11,15.002631,15.002631,14.744007,14.919484,288227484
2010-01-12,14.833607,14.846266,14.594096,14.655649,193937868
2010-01-13,14.308417,14.603526,14.244134,14.571508,259604136
2010-01-14,14.492333,14.747979,14.46528,14.640012,169434396
2010-01-15,14.726634,14.732095,14.346889,14.395537,217162620
2010-01-19,14.425321,14.654159,14.303454,14.584663,172495332
2010-01-20,14.543958,14.543958,14.278634,14.405711,129897972
2010-01-21,14.480916,14.564807,14.203181,14.469499,252055692
2010-01-22,14.010828,14.162229,13.275166,13.651188,271743984
2010-01-25,13.566303,13.647961,13.291299,13.40274,176619204
2010-01-26,13.352355,13.64101,13.310658,13.462803,174045780
2010-01-27,13.434262,13.592613,13.286335,13.454863,158417424
2010-01-28,13.514182,13.57648,13.169433,13.261019,129034836
2010-01-29,13.365263,13.427312,13.045582,13.153052,165454380
2010-02-01,13.268711,13.298744,13.161986,13.229496,89941968
2010-02-02,13.277647,13.277647,13.095221,13.182339,163684152
2010-02-03,13.121531,13.454861,13.11061,13.423092,119844036
2010-02-04,13.32828,13.353099,13.044341,13.074621,134972892
2010-02-05,13.114828,13.24141,12.967399,13.186558,126113760
2010-02-08,13.21659,13.452379,13.192515,13.240664,107664228
2010-02-09,13.391322,13.440714,13.280377,13.314381,112671216
2010-02-10,13.255559,13.347889,13.097207,13.264991,106873020
2010-02-11,13.236943,13.414902,13.142131,13.313388,96303600
2010-02-12,13.228256,13.332002,13.16695,13.231977,91096812
2010-02-16,13.325054,13.505246,13.261266,13.435006,146029824
2010-02-17,13.45238,13.487128,13.34342,13.358312,81106812
2010-02-18,13.341682,13.527087,13.306934,13.482659,93382524
2010-02-19,13.415896,13.502764,13.395295,13.421604,102021876
2010-02-22,13.585166,13.58889,13.427561,13.472237,85698216
2010-02-23,13.4772,13.492836,13.211379,13.280377,114789096
2010-02-24,13.253326,13.364022,13.167201,13.191028,92970936
2010-02-25,13.083059,13.117062,12.906342,13.065934,132235632
2010-02-26,13.090508,13.197978,12.992717,13.075119,81890028
2010-03-01,13.134684,13.236198,13.098448,13.221306,89426484
2010-03-02,13.290555,13.543222,13.278891,13.42905,174097728
2010-03-03,13.461316,13.604278,13.384126,13.534783,123452424
2010-03-04,13.56407,13.803085,13.556624,13.764863,127224648
2010-03-05,13.932646,14.089508,13.896657,14.00363,156331512
2010-03-08,14.017779,14.027707,13.924208,13.960692,95360544
2010-03-09,13.895414,14.0148,13.812268,13.903854,126936936
2010-03-10,13.99246,14.358306,13.953989,14.307425,225969804
2010-03-11,14.253068,14.549666,14.251578,14.423829,169162668
2010-03-12,14.597569,14.601044,14.374686,14.384118,110025864
2010-03-15,14.064936,14.133687,13.799859,13.978066,185969844
2010-03-16,13.944558,14.108121,13.918001,14.028201,137122740
2010-03-17,14.105143,14.183327,14.004622,14.037137,132731136
2010-03-18,14.016287,14.108618,13.972605,14.057985,71016912
2010-03-19,13.899138,14.097697,13.831628,13.899138,191576232
2010-03-22,13.802587,14.069153,13.757167,13.837087,160031808
2010-03-23,13.825672,13.857192,13.452381,13.62612,219831948
2010-03-24,13.539495,13.895412,13.395293,13.832867,262345392
2010-03-25,13.874814,14.196977,13.86588,13.97062,157078764
2010-03-26,14.029938,14.082556,13.899634,13.965902,107740152
2010-03-29,13.973599,14.016288,13.913287,13.959948,124055820
2010-03-30,13.969378,14.088513,13.906087,14.06568,79036884
2010-03-31,14.024479,14.140885,13.968883,14.075856,121110768
2010-04-01,14.180844,14.232966,14.036888,14.117553,84023892
2010-04-05,14.169675,14.268457,14.122516,14.172405,75983940
2010-04-06,14.133934,14.169428,14.033166,14.103158,82321596
2010-04-07,14.080323,14.116311,13.945303,13.987,103136760
2010-04-08,13.981539,14.143613,13.900378,14.085037,77822100
2010-04-09,14.085039,14.116808,13.998417,14.053518,82181736
2010-04-12,14.081564,14.246615,14.053518,14.215096,94001904
2010-04-13,14.210131,14.615936,14.175384,14.563566,156335508
2010-04-14,14.645223,14.701812,14.495063,14.618915,135971892
2010-04-15,14.697594,14.838323,14.601293,14.77528,270201528
2010-04-16,13.973598,14.117801,13.641757,13.654663,488930580
2010-04-19,13.619913,13.74997,13.526839,13.653419,155604240
2010-04-20,13.754438,13.890699,13.677247,13.776031,118976904
2010-04-21,13.811275,13.905343,13.70455,13.757665,95564340
2010-04-22,13.70058,13.71299,13.485888,13.57797,131096772
2010-04-23,13.582684,13.634061,13.459081,13.52659,83492424
2010-04-26,13.526096,13.526592,13.134934,13.195247,174577248
2010-04-27,13.128481,13.361291,13.08579,13.131211,153634212
2010-04-28,13.206664,13.274422,12.931908,13.134439,136107756
2010-04-29,13.238185,13.315871,13.071891,13.204181,122233644
2010-04-30,13.182588,13.345157,13.041362,13.047815,97318584
2010-05-03,13.067673,13.227015,13.032427,13.169434,74237688
2010-05-04,13.068167,13.073628,12.514436,12.568047,242808948
2010-05-05,12.434267,12.800112,12.421608,12.652185,183104712
2010-05-06,12.627118,12.844789,11.417149,12.376934,199803996
2010-05-07,12.4092,12.541987,11.946556,12.23968,203356440
2010-05-10,12.756679,12.976336,12.722677,12.947296,164954880
2010-05-11,12.798873,12.903364,12.613964,12.634564,132771096
2010-05-12,12.708777,12.708777,12.459585,12.543724,153917928
2010-05-13,12.819471,12.955981,12.667327,12.679985,132898968
2010-05-14,12.652435,12.682715,12.31687,12.596838,164475360
2010-05-17,12.578223,12.617438,12.368991,12.607759,111640248
2010-05-18,12.658143,12.682218,12.337222,12.369488,112906980
2010-05-19,12.317117,12.396044,12.105652,12.271697,137690172
2010-05-20,12.039383,12.052041,11.759663,11.789695,196335468
2010-05-21,11.642018,12.037647,11.526357,11.716228,387244368
2010-05-24,11.931666,12.156534,11.834125,11.84306,173650176
2010-05-25,11.61943,11.850256,11.516677,11.840825,120575304
2010-05-26,11.964923,12.155788,11.789446,11.801112,138884976
2010-05-27,12.036406,12.21908,11.939608,12.173163,112251636
2010-05-28,12.229751,12.247374,11.988005,12.053282,115676208
2010-06-01,11.924219,12.188055,11.916525,11.972369,106565328
2010-06-02,12.079343,12.257798,11.949783,12.245388,101530368
2010-06-03,12.288575,12.608504,12.278399,12.548936,145881972
2010-06-04,12.402996,12.639529,12.32804,12.378176,156655188
2010-06-07,12.386613,12.43253,11.99173,12.050552,145162692
2010-06-08,12.108382,12.132954,11.852489,12.032186,107296596
2010-06-09,12.092746,12.133947,11.714988,11.765123,109050840
2010-06-10,11.92273,12.124516,11.810297,12.087534,103012884
2010-06-11,11.975596,12.129727,11.953754,12.124515,71196732
2010-06-14,12.272939,12.273436,11.992723,11.992723,81534384
2010-06-15,11.989992,12.419873,11.967655,12.360056,170213616
2010-06-16,12.314884,12.509224,12.313394,12.441465,91480428
2010-06-17,12.495573,12.555636,12.32779,12.41193,79012908
2010-06-18,12.472243,12.49607,12.363533,12.410689,114801084
2010-06-21,12.407463,12.434021,12.034916,12.126005,119220660
2010-06-22,12.159263,12.325556,12.055764,12.06867,88699212
2010-06-23,12.084556,12.084556,11.867879,11.964427,81082836
2010-06-24,11.905109,11.981801,11.74626,11.791929,75668256
2010-06-25,11.840575,11.855219,11.679246,11.731864,89718192
2010-06-28,11.729632,11.852738,11.640776,11.716973,70421508
2010-06-29,11.502531,11.53008,11.19675,11.274685,139943916
2010-06-30,11.292058,11.363291,11.037903,11.043612,143983872
2010-07-01,11.052048,11.129239,10.762649,10.908093,140403456
2010-07-02,10.96096,10.97734,10.821472,10.835123,77362560
2010-07-06,11.02003,11.11112,10.762648,10.82321,102301596
2010-07-07,10.878806,11.200968,10.806083,11.173914,125062812
2010-07-08,11.25706,11.35088,11.160511,11.331767,106649244
2010-07-09,11.713995,11.746261,11.486149,11.60305,173086740
2010-07-12,11.72417,11.899647,11.692153,11.810047,133242624
2010-07-13,11.969392,12.235957,11.920497,12.14189,158892948
2010-07-14,12.158768,12.256806,12.073884,12.195005,124595280
2010-07-15,12.204683,12.278397,11.980062,12.261519,194133672
2010-07-16,11.643507,11.679248,11.405236,11.40747,312679008
2010-07-19,11.442217,11.656661,11.355594,11.570536,181829988
2010-07-20,11.442711,11.987757,11.43204,11.953009,162017820
2010-07-21,12.012827,12.055021,11.800121,11.851497,131052816
2010-07-22,11.993714,12.136429,11.975099,12.032929,85822092
2010-07-23,11.932658,12.17639,11.913795,12.163236,90485424
2010-07-26,12.139158,12.18036,12.034668,12.136181,79728192
2010-07-27,12.176142,12.347895,12.165965,12.227022,97949952
2010-07-28,12.284355,12.29205,11.979815,12.021512,99740160
2010-07-29,12.061226,12.133949,11.896919,12.037399,106912980
2010-07-30,11.90486,12.096221,11.892202,12.033923,85678236
2010-08-02,12.136677,12.243154,12.085797,12.171922,74273652
2010-08-03,12.174156,12.222803,12.08133,12.157527,72019908
2010-08-04,12.215854,12.583685,12.187808,12.566808,152347500
2010-08-05,12.556133,12.623394,12.498302,12.610984,96719184
2010-08-06,12.543973,12.552411,12.311907,12.415405,132647220
2010-08-09,12.465789,12.546453,12.443699,12.542729,74813112
2010-08-10,12.46827,12.558864,12.374451,12.502026,82877040
2010-08-11,12.353604,12.360305,12.198976,12.204933,88831080
2010-08-12,12.011338,12.279641,11.975846,12.211635,88095816
2010-08-13,12.136927,12.191282,12.062715,12.071155,77310612
2010-08-16,12.004886,12.158521,11.925958,12.052292,52147800
2010-08-17,12.125259,12.278398,12.06321,12.174651,75552372
2010-08-18,12.172668,12.18334,11.95202,11.966911,107348544
2010-08-19,11.938614,11.975845,11.597093,11.614964,156843000
2010-08-20,11.614964,11.704812,11.442465,11.467285,156547296
2010-08-23,11.45438,11.621914,11.360809,11.518167,119328552
2010-08-24,11.360062,11.376692,11.191783,11.203449,110397492
2010-08-25,11.16895,11.362794,11.16895,11.283618,103580316
2010-08-26,11.319359,11.349142,11.179871,11.193274,71008920
2010-08-27,11.232488,11.4169,11.110622,11.388109,92403504
2010-08-30,11.396051,11.411191,11.229014,11.235715,49206744
2010-08-31,11.17168,11.289822,11.11931,11.169446,77794128
2010-09-01,11.292555,11.53976,11.231001,11.425341,129002868
2010-09-02,11.487638,11.5271,11.424842,11.496076,67300632
2010-09-03,11.678253,11.712009,11.601808,11.672792,101514384
2010-09-07,11.528838,11.605532,11.492104,11.526357,68327604
2010-09-08,11.545964,11.727397,11.529087,11.679743,95975928
2010-09-09,11.859688,11.923475,11.679742,11.818734,97126776
2010-09-10,11.889222,11.908334,11.791432,11.81774,78893028
2010-09-13,11.935886,12.021514,11.901882,11.969889,89570340
2010-09-14,11.963435,12.031442,11.915533,11.92422,88571340
2010-09-15,11.912306,11.960456,11.876316,11.929431,96015888
2010-09-16,11.912306,11.974355,11.898902,11.939856,78701220
2010-09-17,12.006621,12.191528,11.942834,12.165468,225438336
2010-09-20,12.223796,12.66832,12.212875,12.615454,175963860
2010-09-21,12.650201,12.905846,12.631089,12.74402,178473348
2010-09-22,12.72913,12.851243,12.699843,12.807065,101382516
2010-09-23,12.772564,12.898648,12.69041,12.744517,92603304
2010-09-24,12.949529,13.100682,12.863156,13.087279,134141724
2010-09-27,13.125996,13.324556,13.125996,13.164717,124171704
2010-09-28,13.240915,13.243645,12.867872,13.084301,146041812
2010-09-29,13.101178,13.227511,13.023244,13.097206,86801112
2010-09-30,13.133692,13.200954,12.879536,13.05005,129634236
2010-10-01,13.15454,13.169929,12.980801,13.04583,88911000
2010-10-04,13.029202,13.111108,12.877801,12.964671,77542380
2010-10-05,13.114333,13.40274,13.068912,13.358809,140143716
2010-10-06,13.384374,13.4015,13.153053,13.262508,110381508
2010-10-07,13.308672,13.333244,13.133196,13.154789,95736168
2010-10-08,13.223294,13.343173,13.095471,13.312148,114253632
2010-10-11,13.365013,13.516911,13.332499,13.373947,104946948
2010-10-12,13.405718,13.55141,13.347887,13.437239,149993856
2010-10-13,13.57648,13.588641,13.460571,13.484646,122101776
2010-10-14,13.506488,13.533045,13.331011,13.425823,265098636
2010-10-15,14.873815,14.932637,14.683446,14.927921,592399008
2010-10-18,14.905584,15.380637,14.905584,15.331493,283644072
2010-10-19,15.11159,15.259765,14.962919,15.086274,183332484
2010-10-20,15.093967,15.323303,15.078083,15.089996,140862996
2010-10-21,15.177611,15.289051,15.040853,15.189525,116703180
2010-10-22,15.187786,15.259765,15.141374,15.202928,90153756
2010-10-25,15.278875,15.505977,15.263487,15.301461,126209664
2010-10-26,15.217074,15.41886,15.165697,15.353583,100415484
2010-10-27,15.283343,15.388331,15.197962,15.300716,89586324
2010-10-28,15.389572,15.413151,15.222038,15.353087,87284628
2010-10-29,15.31561,15.363512,15.214345,15.231967,91040868
2010-11-01,15.282349,15.40471,15.170162,15.26423,123360516
2010-11-02,15.355319,15.38833,15.253806,15.279121,79824096
2010-11-03,15.326281,15.43375,15.227001,15.392797,135084780
2010-11-04,15.503498,15.634547,15.440454,15.494313,142689168
2010-11-05,15.467259,15.524593,15.415882,15.514418,70557372
2010-11-08,15.488106,15.623872,15.466018,15.556361,83967948
2010-11-09,15.63653,15.657626,15.400989,15.507962,89398512
2010-11-10,15.439957,15.462792,15.32653,15.459813,99780120
2010-11-11,15.380885,15.384608,15.244624,15.318587,90373536
2010-11-12,15.239163,15.311388,14.921964,14.97359,135584280
2010-11-15,14.968378,14.991213,14.744255,14.7795,139016844
2010-11-16,14.712238,14.839563,14.481165,14.487866,132163704
2010-11-17,14.519635,14.631324,14.429539,14.483645,97602300
2010-11-18,14.618915,14.891437,14.607994,14.806553,103496400
2010-11-19,14.817474,14.839563,14.652173,14.664335,91808100
2010-11-22,14.580939,14.729114,14.463789,14.674013,87376536
2010-11-23,14.569524,14.619164,14.35086,14.470244,86417496
2010-11-24,14.576969,14.807546,14.570516,14.76709,95760144
2010-11-26,14.655151,14.717698,14.569275,14.643735,52391556
2010-11-29,14.623133,14.63877,14.394293,14.447905,114273612
2010-11-30,14.254557,14.254557,13.733092,13.79266,284411304
2010-12-01,13.973598,14.186304,13.958705,14.007105,150013836
2010-12-02,14.114078,14.229987,14.031924,14.192509,101814084
2010-12-03,14.133685,14.308168,14.097696,14.221795,105142752
2010-12-06,14.409684,14.445176,14.311397,14.354831,83668248
2010-12-07,14.675255,14.718194,14.544455,14.572749,121566312
2010-12-08,14.69263,14.706282,14.487122,14.657138,70205724
2010-12-09,14.740036,14.782229,14.618915,14.680964,74681244
2010-12-10,14.721668,14.742766,14.650932,14.698586,68119812
2010-12-13,14.820452,14.966393,14.745248,14.758402,95844060
2010-12-14,14.819706,14.84949,14.705287,14.765599,65666268
2010-12-15,14.747977,14.803822,14.622636,14.651179,86621292
2010-12-16,14.71447,14.737304,14.59583,14.686175,63812124
2010-12-17,14.668554,14.707273,14.585903,14.66359,123360516
2010-12-20,14.759146,14.839314,14.610474,14.769321,78853068
2010-12-21,14.85644,15.009082,14.832612,14.968129,75104820
2010-12-22,14.991214,15.065674,14.973344,15.028195,48251700
2010-12-23,15.024472,15.040853,14.942318,14.996922,44387568
2010-12-27,14.95994,14.985753,14.879525,14.951006,48275676
2010-12-28,14.942815,14.987988,14.842542,14.865129,42549408
2010-12-29,14.941573,14.951749,14.865128,14.916753,40727232
2010-12-30,14.842296,14.924946,14.827156,14.863641,39540420
2010-12-31,14.81102,14.852718,14.69412,14.74227,61510428
2011-01-03,14.804567,15.030677,14.804567,14.9999,94513392
2011-01-04,15.031422,15.045321,14.894912,14.944551,72907020
2011-01-05,14.893671,15.148324,14.893174,15.11705,101190708
2011-01-06,15.15701,15.349364,15.141374,15.227002,82229688
2011-01-07,15.286819,15.344897,15.14336,15.299973,83963952
2011-01-10,15.259267,15.273912,15.104391,15.244624,63104832
2011-01-11,15.331494,15.358547,15.251822,15.2893,57514428
2011-01-12,15.372199,15.372199,15.258524,15.310645,65242692
2011-01-13,15.313127,15.380141,15.243383,15.306178,53306640
2011-01-14,15.323799,15.494311,15.315856,15.492078,94529376
2011-01-18,15.53874,15.934122,15.519132,15.875547,144535320
2011-01-19,15.937348,15.958196,15.628092,15.679966,136107756
2011-01-20,15.691381,15.737795,15.469988,15.556361,219212568
2011-01-21,15.874306,15.927667,15.173887,15.185553,355819824
2011-01-24,15.079821,15.201935,14.922463,15.166938,183784032
2011-01-25,15.095457,15.405458,15.05376,15.386098,145726128
2011-01-26,15.396522,15.450133,15.271181,15.301461,81442476
2011-01-27,15.335962,15.380885,15.220797,15.30866,80687232
2011-01-28,15.365248,15.397266,14.885976,14.916505,169074756
2011-01-31,14.981285,15.002878,14.781485,14.900868,112083804
2011-02-01,15.003374,15.223279,14.969124,15.165945,109702188
2011-02-02,15.164951,15.24785,15.078826,15.189772,70357572
2011-02-03,15.127226,15.176122,15.044079,15.143856,59744196
2011-02-04,15.143856,15.175873,15.055993,15.164456,61969968
2011-02-07,15.144104,15.348373,15.120525,15.246612,71912016
2011-02-08,15.262494,15.379147,15.252069,15.348122,67728204
2011-02-09,15.310645,15.37468,15.198211,15.301461,73626300
2011-02-10,15.23693,15.326282,15.178852,15.299973,93282624
2011-02-11,15.2342,15.512432,15.214592,15.500021,103492404
2011-02-14,15.471229,15.627594,15.389324,15.590612,85034880
2011-02-15,15.570013,15.638764,15.465273,15.491333,83596320
2011-02-16,15.528066,15.549659,15.440452,15.493071,67292640
2011-02-17,15.419355,15.568274,15.39528,15.518883,59092848
2011-02-18,15.537249,15.665816,15.492077,15.638515,128587284
2011-02-22,15.389075,15.510693,15.084783,15.145345,145450404
2011-02-23,15.148322,15.256784,14.991211,15.172893,115468416
2011-02-24,15.174632,15.216827,14.925441,15.110846,108359532
2011-02-25,15.186298,15.257282,15.127723,15.141125,77218704
2011-02-28,15.140133,15.301215,15.090741,15.224521,91168740
2011-03-01,15.333231,15.368972,14.874558,14.910796,132795072
2011-03-02,14.88697,15.040854,14.772551,14.911543,80986932
2011-03-03,15.050284,15.177114,15.016032,15.129211,77734188
2011-03-04,15.098682,15.114816,14.896897,14.907322,120319560
2011-03-07,14.905584,14.983518,14.569274,14.684935,138369492
2011-03-08,14.716455,14.841795,14.648697,14.701067,91304604
2011-03-09,14.668554,14.755672,14.538249,14.687665,85953960
2011-03-10,14.530556,14.559843,14.381884,14.402982,124998876
2011-03-11,14.351356,14.395536,14.229987,14.313878,121158720
2011-03-14,14.216834,14.353095,14.098195,14.14709,112531356
2011-03-15,13.837088,14.172157,13.787447,14.136415,160063776
2011-03-16,14.097944,14.142125,13.682709,13.827159,151788060
2011-03-17,14.01033,14.122515,13.91254,13.932892,115856028
2011-03-18,14.014302,14.09745,13.892686,13.925447,131812056
2011-03-21,14.152798,14.390573,14.123014,14.308666,120715164
2011-03-22,14.327778,14.376425,14.209635,14.329019,75400524
2011-03-23,14.276152,14.456344,14.196976,14.449147,72575352
2011-03-24,14.530307,14.603773,14.36575,14.566545,83864052
2011-03-25,14.566298,14.567041,14.376672,14.389083,114221664
2011-03-28,14.446912,14.519387,14.264238,14.280372,88647264
2011-03-29,14.296258,14.442447,14.222047,14.438476,64127808
2011-03-30,14.504246,14.532045,14.409931,14.441205,56835108
2011-03-31,14.469995,14.598065,14.438721,14.563318,81094824
2011-04-01,14.61296,14.772551,14.61296,14.688412,104423472
2011-04-04,14.718195,14.761381,14.472477,14.586153,82097820
2011-04-05,14.422342,14.432518,14.040115,14.124751,241658100
2011-04-06,14.201445,14.275407,14.097698,14.251084,106625268
2011-04-07,14.289556,14.411422,14.251333,14.395537,101158740
2011-04-08,14.516905,14.516905,14.347386,14.349867,75995928
2011-04-11,14.30122,14.348377,14.221796,14.330259,74253672
2011-04-12,14.271435,14.318842,14.098937,14.162477,83340576
2011-04-13,14.284093,14.335966,14.19077,14.303204,82693224
2011-04-14,14.276151,14.381883,14.199458,14.358553,218033748
2011-04-15,13.534037,13.545454,13.15603,13.171915,561186252
2011-04-18,13.065686,13.096463,12.881523,13.07611,201390408
2011-04-19,13.1533,13.176383,12.928681,12.944317,107256636
2011-04-20,13.052781,13.075615,12.940843,13.048561,122277600
2011-04-21,13.092242,13.11185,12.965661,13.032924,98705196
2011-04-25,13.036647,13.080082,12.95623,13.031683,65166768
2011-04-26,13.068167,13.339199,13.035652,13.224532,139860000
2011-04-27,13.3531,13.355831,13.262508,13.347143,91844064
2011-04-28,13.35459,13.384126,13.255807,13.352357,79920000
2011-04-29,13.40274,13.504501,13.365758,13.504501,168970860
2011-05-02,13.544213,13.544958,13.331258,13.366999,85262652
2011-05-03,13.331507,13.452628,13.145357,13.25109,83176740
2011-05-04,13.28286,13.37792,13.229497,13.298248,84595320
2011-05-05,13.250346,13.388344,13.191771,13.260522,79832088
2011-05-06,13.356822,13.438975,13.283107,13.286085,82161756
2011-05-09,13.278639,13.365262,13.181842,13.345157,77870052
2011-05-10,13.40274,13.512692,13.341683,13.46876,81634284
2011-05-11,13.406215,13.49085,13.246127,13.289809,93458448
2011-05-12,13.284598,13.326792,13.177127,13.279882,57874068
2011-05-13,13.268961,13.301474,13.130961,13.143372,84263652
2011-05-16,13.062957,13.086784,12.816991,12.867126,118209672
2011-05-17,12.792916,13.184822,12.782989,13.165958,132011856
2011-05-18,13.143123,13.16273,13.047814,13.149824,78049872
2011-05-19,13.222299,13.316862,13.147591,13.185566,98649252
2011-05-20,13.199216,13.203932,12.984027,13.006366,92607300
2011-05-23,12.821956,12.906343,12.742532,12.866384,91908000
2011-05-24,12.915526,13.004629,12.860426,12.863155,75924000
2011-05-25,12.840073,12.975093,12.838088,12.898152,52011936
2011-05-26,12.849256,12.95896,12.782243,12.859929,84655260
2011-05-27,12.868616,12.95077,12.814508,12.92868,69762168
2011-05-31,13.030442,13.130962,12.993213,13.130219,107384508
2011-06-01,13.105894,13.233964,13.038136,13.045334,118117764
2011-06-02,13.094228,13.161987,12.967896,13.106391,88091820
2011-06-03,12.955981,13.094972,12.943572,12.982786,69870060
2011-06-06,12.994204,13.075614,12.887726,12.932652,77606316
2011-06-07,12.978072,13.021259,12.881275,12.882268,76227696
2011-06-08,12.820218,12.937119,12.801603,12.885742,66069864
2011-06-09,12.906342,12.906342,12.798128,12.825181,67496436
2011-06-10,12.759409,12.824188,12.640521,12.645982,97498404
2011-06-13,12.658143,12.663107,12.463804,12.527343,96994908
2011-06-14,12.612227,12.75941,12.583436,12.617688,93566340
2011-06-15,12.534788,12.61719,12.425084,12.483163,82849068
2011-06-16,12.479688,12.57301,12.327293,12.419127,110169720
2011-06-17,12.563332,12.575991,12.032683,12.038144,209606184
2011-06-20,12.037646,12.068174,11.894435,12.027222,121022856
2011-06-21,12.092002,12.259536,12.030944,12.236204,110505384
2011-06-22,12.197735,12.220072,12.080585,12.087534,96187716
2011-06-23,11.966413,11.984532,11.757926,11.919007,191875932
2011-06-24,11.930425,11.932163,11.740304,11.78647,152071776
2011-06-27,11.764628,12.122034,11.754701,11.983043,137650212
2011-06-28,12.013322,12.315877,12.013322,12.252338,108495396
2011-06-29,12.324068,12.41615,12.220817,12.349632,93626280
2011-06-30,12.459337,12.575494,12.447176,12.568296,97038864
2011-07-01,12.577229,12.93563,12.568294,12.931906,145322532
2011-07-05,13.037889,13.28857,13.037889,13.215102,153814032
2011-07-06,13.24141,13.365757,13.229993,13.287575,107716176
2011-07-07,13.427559,13.667816,13.300481,13.566551,157262580
2011-07-08,13.227759,13.344413,13.086783,13.203932,190617192
2011-07-11,13.10937,13.302965,13.042852,13.087031,113458428
2011-07-12,13.108874,13.388345,13.055263,13.25407,113534352
2011-07-13,13.32828,13.50202,13.315373,13.359553,111496392
2011-07-14,13.380897,13.452379,13.073378,13.128231,265714020
2011-07-15,14.829883,14.898138,14.598066,14.832862,548734716
2011-07-18,14.705536,14.942814,14.693374,14.766344,178553268
2011-07-19,14.796129,15.008091,14.78099,14.955225,118581300
2011-07-20,14.94604,14.962173,14.776521,14.776521,89022888
2011-07-21,14.743759,15.091982,14.743262,15.065425,138641220
2011-07-22,15.025714,15.375922,14.997915,15.3444,140986872
2011-07-25,15.223526,15.522606,15.21459,15.363014,125138736
2011-07-26,15.339932,15.57448,15.319331,15.450877,93622284
2011-07-27,15.318339,15.41191,15.009828,15.071133,157218624
2011-07-28,15.020748,15.288555,14.966392,15.163463,124211664
2011-07-29,14.996922,15.26324,14.98352,14.98352,165330504
2011-08-01,15.170415,15.276643,14.871583,15.059965,158485356
2011-08-02,15.040854,15.131943,14.682704,14.703304,127895976
2011-08-03,14.749717,14.966394,14.485633,14.920974,152874972
2011-08-04,14.755423,14.86339,14.332741,14.333982,196387416
2011-08-05,14.458578,14.643734,13.948777,14.371708,236926836
2011-08-08,13.973102,14.122517,13.510706,13.552155,299564136
2011-08-09,13.923957,14.261757,13.427808,14.231973,258529212
2011-08-10,13.93339,14.001396,13.594598,13.626368,214569216
2011-08-11,13.74575,14.110106,13.611475,13.952003,193030776
2011-08-12,14.134927,14.159747,13.909066,13.992709,126045828
2011-08-15,13.736071,14.022989,13.5529,13.830387,285510204
2011-08-16,13.711252,13.7115,13.161988,13.37792,277298424
2011-08-17,13.403485,13.494326,13.173654,13.232724,163000836
2011-08-18,12.992466,13.02771,12.422105,12.531065,251376372
2011-08-19,12.393563,12.779016,12.18309,12.184579,216183600
2011-08-22,12.509224,12.583684,12.274179,12.364524,196039764
2011-08-23,12.496815,12.941339,12.386615,12.877056,173698128
2011-08-24,12.889714,13.154542,12.837593,12.988,143636220
2011-08-25,13.163974,13.334983,12.864149,12.907336,131588280
2011-08-26,12.906095,13.165711,12.736078,13.076608,143708148
2011-08-29,13.267719,13.389089,13.242899,13.379905,93338568
2011-08-30,13.357816,13.476951,13.174646,13.420114,119440440
2011-08-31,13.520386,13.559105,13.30346,13.426567,107624268
2011-09-01,13.421356,13.497801,13.184822,13.216592,96523380
2011-09-02,13.017287,13.102915,12.92446,13.02647,95951952
2011-09-06,12.677999,12.974845,12.670554,12.96045,108523368
2011-09-07,13.16571,13.301971,13.090009,13.254564,110121768
2011-09-08,13.248856,13.380401,13.201699,13.277647,95124780
2011-09-09,13.189289,13.269955,12.935879,13.026719,130621248
2011-09-12,12.855711,13.203933,12.844293,13.15752,106709184
2011-09-13,13.20418,13.250842,12.99073,13.142628,94073832
2011-09-14,13.218826,13.327041,13.050796,13.20592,107668224
2011-09-15,13.291051,13.526343,13.267719,13.466279,118313568
2011-09-16,13.521877,13.572509,13.480675,13.568539,141230628
2011-09-19,13.411427,13.648457,13.288072,13.568289,98637264
2011-09-20,13.636048,13.862405,13.469009,13.567296,111052836
2011-09-21,13.593604,13.775037,13.374444,13.382882,100471428
2011-09-22,13.061466,13.12426,12.757422,12.922723,175835988
2011-09-23,12.82096,13.065685,12.769831,13.043098,110980908
2011-09-26,13.086285,13.227263,12.738807,13.20145,105262632
2011-09-27,13.358063,13.57772,13.304701,13.386358,120315564
2011-09-28,13.439969,13.502515,13.097454,13.125749,90441468
2011-09-29,13.304454,13.335727,12.891699,13.092492,116147736
2011-09-30,12.911553,13.005622,12.766853,12.783236,108835056
2011-10-03,12.654421,12.707784,12.285846,12.298752,178797024
2011-10-04,12.16249,12.495326,11.928439,12.457102,166185648
2011-10-05,12.319352,12.603541,11.932659,12.526598,181182636
2011-10-06,12.596094,12.787953,12.474477,12.775046,136835028
2011-10-07,12.827664,12.918752,12.665589,12.785221,114121764
2011-10-10,13.03491,13.339946,12.985766,13.3325,92795112
2011-10-11,13.240416,13.571514,13.240416,13.481666,114021864
2011-10-12,13.604526,13.780748,13.517657,13.613709,126984888
2011-10-13,13.651684,13.874318,13.601796,13.87407,227276496
2011-10-14,14.878778,14.882004,14.583421,14.685431,340854804
2011-10-17,14.487865,14.689154,14.345894,14.455351,160167672
2011-10-18,14.400251,14.707274,14.331003,14.656393,151879968
2011-10-19,14.577714,14.694863,14.376176,14.41291,117142740
2011-10-20,14.442693,14.616184,14.383373,14.486624,135024840
2011-10-21,14.631573,14.711989,14.561829,14.655896,135504360
2011-10-24,14.562325,14.891188,14.556865,14.803077,136938924
2011-10-25,14.720675,14.767833,14.466272,14.473966,101518380
2011-10-26,14.632566,14.648202,14.218322,14.552149,114809076
2011-10-27,14.852717,14.958947,14.725639,14.858923,151060788
2011-10-28,14.75592,14.949019,14.749219,14.895409,100219680
2011-10-31,14.770067,14.884239,14.685183,14.709258,102209688
2011-11-01,14.398018,14.532293,14.314871,14.362029,124878996
2011-11-02,14.517153,14.593101,14.407449,14.515166,84751164
2011-11-03,14.569275,14.829884,14.487866,14.829884,106685208
2011-11-04,14.730605,14.885481,14.704048,14.796129,113278608
2011-11-07,14.726137,15.109852,14.699083,15.098682,134161704
2011-11-08,15.115314,15.248597,14.981287,15.198213,121054824
2011-11-09,14.997666,15.124992,14.858674,14.915512,148291560
2011-11-10,15.039115,15.039612,14.682454,14.76982,114621264
2011-11-11,14.9242,15.192007,14.857187,15.09918,158920920
2011-11-14,15.090493,15.340678,15.085033,15.214592,127420452
2011-11-15,15.209629,15.340678,15.152544,15.302952,106932960
2011-11-16,15.191757,15.346137,15.155272,15.176617,104235660
2011-11-17,15.141374,15.196971,14.812013,14.913527,139592268
2011-11-18,14.941573,15.003623,14.736809,14.764854,131376492
2011-11-21,14.588138,14.606504,14.199211,14.418866,119931948
2011-11-22,14.395537,14.518892,14.277394,14.395537,96115788
2011-11-23,14.280123,14.401741,14.150067,14.150067,92938968
2011-11-25,14.027953,14.253318,13.932147,13.973598,62433504
2011-11-28,14.379899,14.614447,14.308666,14.59881,113042844
2011-11-29,14.591116,14.65267,14.428546,14.468258,73198728
2011-11-30,14.841053,14.879772,14.695608,14.876794,135744120
2011-12-01,14.891932,15.289049,14.867112,15.233702,144679176
2011-12-02,15.315113,15.487611,15.295504,15.397266,163264572
2011-12-05,15.577956,15.683688,15.4479,15.528564,127772100
2011-12-06,15.462542,15.602278,15.394288,15.481903,92966940
2011-12-07,15.430028,15.52881,15.341172,15.472469,90201708
2011-12-08,15.414145,15.57324,15.271678,15.290294,96427476
2011-12-09,15.338691,15.614937,15.31412,15.572495,110537352
2011-12-12,15.434992,15.541717,15.395528,15.522109,87268644
2011-12-13,15.605752,15.799347,15.459066,15.528066,160966872
2011-12-14,15.434249,15.495554,15.201934,15.340429,155991852
2011-12-15,15.450876,15.48761,15.355816,15.376912,96247656
2011-12-16,15.495553,15.619652,15.424816,15.536258,178193628
2011-12-19,15.587139,15.5993,15.388332,15.433751,85654260
2011-12-20,15.58689,15.682198,15.58664,15.645713,95432472
2011-12-21,15.636778,15.681701,15.362517,15.532783,99816084
2011-12-22,15.585649,15.679468,15.562318,15.629084,72819108
2011-12-23,15.686168,15.752685,15.650428,15.714462,58089852
2011-12-27,15.687411,15.99617,15.68617,15.890934,64191744
2011-12-28,15.952985,16.00883,15.837571,15.877284,85002912
2011-12-29,15.921708,15.959186,15.765591,15.944295,62952984
2011-12-30,15.934863,16.052508,15.934863,16.031164,71220708
2012-01-03,16.205897,16.583407,16.19175,16.5154,146912940
2012-01-04,16.505969,16.635531,16.396515,16.586636,114445440
2012-01-05,16.433991,16.479659,16.287554,16.356552,131184684
2012-01-06,16.360031,16.38113,16.127717,16.133427,107608284
2012-01-09,16.046058,16.058467,15.418859,15.449388,232671096
2012-01-10,15.630326,15.730846,15.311638,15.466267,175648176
2012-01-11,15.4752,15.62139,15.416129,15.536258,95904000
2012-01-12,15.66681,15.70826,15.54966,15.627595,74932992
2012-01-13,15.543703,15.560829,15.41464,15.512182,92199708
2012-01-17,15.685672,15.685672,15.529307,15.601285,76295628
2012-01-18,15.552887,15.73581,15.44095,15.708756,110357532
2012-01-19,15.909301,15.909301,15.672768,15.874057,251959788
2012-01-20,14.656887,14.668554,14.437729,14.544206,422628948
2012-01-23,14.544455,14.610475,14.473966,14.532541,136379484
2012-01-24,14.552398,14.586153,14.345896,14.418619,122109768
2012-01-25,14.333734,14.363519,14.057489,14.13468,199308492
2012-01-26,14.196481,14.25853,14.012069,14.10018,128918952
2012-01-27,14.166696,14.403478,14.130706,14.395039,144555300
2012-01-30,14.347139,14.395537,14.231725,14.338203,93126780
2012-01-31,14.469996,14.494816,14.275159,14.398266,85610304
2012-02-01,14.518146,14.532045,14.374191,14.416136,92735172
2012-02-02,14.51641,14.554633,14.447163,14.522367,96491412
2012-02-03,14.660116,14.819212,14.595336,14.800844,126613260
2012-02-06,14.76808,15.160731,14.743261,15.117544,147036816
2012-02-07,15.069397,15.124994,14.985258,15.059965,83600316
2012-02-08,15.106377,15.17364,15.00958,15.13641,73382544
2012-02-09,15.190269,15.251823,15.115313,15.17637,90497412
2012-02-10,15.087512,15.093717,14.991212,15.038618,92914992
2012-02-13,15.152543,15.23544,15.14063,15.194736,72579348
2012-02-14,15.178355,15.189772,15.010076,15.134175,72075852
2012-02-15,15.212855,15.212855,14.955472,15.029932,96938964
2012-02-16,14.961925,15.110596,14.835592,15.053759,101134764
2012-02-17,15.015287,15.081309,14.951501,15.007097,97866036
2012-02-21,14.987987,15.335714,14.963415,15.239412,99132768
2012-02-22,15.188778,15.30841,15.058474,15.089003,78601320
2012-02-23,15.065672,15.089002,14.900619,15.043582,82117800
2012-02-24,15.074358,15.181084,15.02869,15.13765,77346576
2012-02-27,15.055496,15.198707,15.017522,15.123007,72483444
2012-02-28,15.140133,15.382623,15.08255,15.348372,113790096
2012-02-29,15.353582,15.527322,15.27664,15.344895,125350524
2012-03-01,15.444423,15.529803,15.342413,15.447898,89418492
2012-03-02,15.437971,15.48761,15.396274,15.419355,62869068
2012-03-05,15.399004,15.450134,15.174384,15.245618,63668268
2012-03-06,15.091733,15.110597,14.739043,15.01504,126849024
2012-03-07,15.116553,15.169668,15.037378,15.060709,50529420
2012-03-08,15.141124,15.177362,15.049539,15.069147,53766180
2012-03-09,15.089252,15.18729,14.891933,14.898138,106717176
2012-03-12,14.891934,15.065674,14.873568,15.019757,66693240
2012-03-13,15.109105,15.334967,15.029682,15.333229,89742168
2012-03-14,15.264232,15.45733,15.22601,15.288803,117358524
2012-03-15,15.303943,15.4752,15.260012,15.416377,97306596
2012-03-16,15.410422,15.535017,15.389572,15.513424,121897980
2012-03-19,15.465769,15.81697,15.419108,15.735312,86825088
2012-03-20,15.659364,15.786937,15.56877,15.72315,61558380
2012-03-21,15.750949,16.068147,15.698828,15.884233,98685216
2012-03-22,15.847501,16.103146,15.661351,16.034891,96311592
2012-03-23,16.048538,16.095696,15.907066,15.949011,77530392
2012-03-26,16.00883,16.120271,15.873314,16.116299,72695232
2012-03-27,16.059212,16.219795,16.003862,16.058964,80207712
2012-03-28,16.18331,16.34613,16.159732,16.275888,101454444
2012-03-29,16.218309,16.296492,15.991457,16.093466,76895028
2012-03-30,16.176364,16.21955,15.909549,15.915506,92335572
2012-04-02,15.90384,16.070878,15.756657,16.056482,91276632
2012-04-03,16.019006,16.082049,15.850975,15.949758,81714204
2012-04-04,15.846257,15.859908,15.663831,15.764352,65038896
2012-04-05,15.692126,15.796122,15.601038,15.694112,92655252
2012-04-09,15.598804,15.76882,15.519628,15.657379,87220692
2012-04-10,15.723895,15.748217,15.50126,15.558594,99180720
2012-04-11,15.735065,15.785449,15.668795,15.784456,87872040
2012-04-12,15.943057,16.210863,15.891184,16.157997,230033736
2012-04-13,16.072119,16.107861,15.476194,15.502504,326045628
2012-04-16,15.462793,15.482896,14.933136,15.042591,227456316
2012-04-17,15.10439,15.330997,15.06592,15.129459,120835044
2012-04-18,15.091732,15.209626,14.961676,15.07684,106673220
2012-04-19,15.033157,15.295503,14.867113,14.874557,131652216
2012-04-20,14.997418,15.111589,14.788434,14.794143,122213664
2012-04-23,14.715712,14.853462,14.648699,14.832366,87824088
2012-04-24,14.848249,15.056488,14.825415,14.923453,77086836
2012-04-25,14.991213,15.17364,14.963414,15.133183,72771156
2012-04-26,15.162717,15.338689,15.132685,15.275895,83616300
2012-04-27,15.264729,15.307419,15.155025,15.263736,65390544
2012-04-30,15.214343,15.291036,14.907073,15.012309,96195708
2012-05-01,14.986001,15.179843,14.896648,15.001885,80011908
2012-05-02,14.921717,15.093223,14.907073,15.072126,64395540
2012-05-03,15.130699,15.26001,15.114069,15.165446,74645280
2012-05-04,15.038868,15.087763,14.812759,14.81673,88207704
2012-05-07,14.767832,15.154278,14.767832,15.079322,79700220
2012-05-08,15.029186,15.311388,14.909306,15.209378,106984908
2012-05-09,15.061205,15.298483,14.936857,15.119035,93058848
2012-05-10,15.213599,15.293767,15.14584,15.230973,61374564
2012-05-11,15.14882,15.253063,15.010324,15.021742,83892024
2012-05-14,14.911293,15.102901,14.906328,14.991212,72903024
2012-05-15,15.02472,15.264232,14.985008,15.167683,83999916
2012-05-16,15.337699,15.639012,15.287563,15.609973,193210596
2012-05-17,15.731589,15.831364,15.418858,15.46403,134017848
2012-05-18,15.514912,15.696594,14.810027,14.901861,238701060
2012-05-21,14.904592,15.281358,14.891934,15.242143,122892984
2012-05-22,15.225511,15.234695,14.792653,14.911788,121953924
2012-05-23,14.932885,15.130203,14.820451,15.126729,126996876
2012-05-24,15.119283,15.187785,14.863887,14.982775,75576348
2012-05-25,14.916753,14.934871,14.601044,14.681708,143132724
2012-05-29,14.787938,14.87034,14.602037,14.751452,104123772
2012-05-30,14.598065,14.690892,14.48315,14.599803,76191732
2012-05-31,14.611965,14.643734,14.370714,14.41688,118613268
2012-06-01,14.191764,14.213109,14.106383,14.171659,122193684
2012-06-04,14.152796,14.407697,14.147585,14.360538,97210692
2012-06-05,14.282606,14.349123,14.059723,14.157514,93502404
2012-06-06,14.308169,14.444431,14.236937,14.409683,83748168
2012-06-07,14.584168,14.591365,14.327282,14.351604,70269660
2012-06-08,14.292532,14.420355,14.261011,14.406704,56359584
2012-06-11,14.500027,14.527577,14.065182,14.110106,106337556
2012-06-12,14.141629,14.154784,13.863894,14.02572,128839032
2012-06-13,13.941828,14.072877,13.866375,13.926191,78089832
2012-06-14,13.931403,14.024974,13.812763,13.875558,93702204
2012-06-15,13.907576,14.011322,13.82691,14.011074,119927952
2012-06-18,13.964166,14.251828,13.880522,14.168433,99776124
2012-06-19,14.236441,14.501767,14.224776,14.433512,82964952
2012-06-20,14.390819,14.395535,14.234454,14.333733,93774132
2012-06-21,14.391563,14.391563,13.991714,14.028447,80371548
2012-06-22,14.097698,14.184071,14.043591,14.184071,89026884
2012-06-25,14.081066,14.099929,13.833364,13.916512,63200736
2012-06-26,13.96764,14.062948,13.886231,14.015294,53953992
2012-06-27,14.090251,14.246368,14.048554,14.129963,67624308
2012-06-28,14.045574,14.053764,13.829889,14.00611,76759164
2012-06-29,14.270443,14.398763,14.20194,14.397273,100679220
2012-07-02,14.440709,14.469997,14.308667,14.407202,66153780
2012-07-03,14.395784,14.604271,14.345896,14.589875,47532420
2012-07-05,14.612957,14.893422,14.607496,14.790668,93742164
2012-07-06,14.704543,14.731101,14.465528,14.543959,86385528
2012-07-09,14.518394,14.608987,14.426561,14.544703,68535396
2012-07-10,14.648452,14.704048,14.364263,14.437731,76847076
2012-07-11,14.303701,14.342172,14.021748,14.176871,139832028
2012-07-12,14.075854,14.195238,13.951009,14.159248,92299608
2012-07-13,14.200699,14.374439,14.111348,14.309162,78960960
2012-07-16,14.305441,14.375433,14.191518,14.269452,58445496
2012-07-17,14.356569,14.412165,14.107625,14.314375,67136796
2012-07-18,14.32058,14.487121,14.299483,14.414399,61866072
2012-07-19,14.54793,14.854208,14.544456,14.719684,186801012
2012-07-20,15.109355,15.213102,14.846761,15.160484,258289452
2012-07-23,14.903847,15.347378,14.848498,15.27689,142325532
2012-07-24,15.264232,15.336955,14.999653,15.079821,80295624
2012-07-25,15.098434,15.224023,15.025216,15.090244,72847080
2012-07-26,15.264231,15.310644,15.140876,15.223526,67340592
2012-07-27,15.360781,15.76063,15.326282,15.759637,141846012
2012-07-30,15.78669,15.949261,15.62412,15.693616,87380532
2012-07-31,15.593344,15.797859,15.592351,15.710245,74549376
2012-08-01,15.817715,15.872567,15.670781,15.703048,73710216
2012-08-02,15.525088,15.835833,15.472967,15.605504,79028892
2012-08-03,15.884729,15.977059,15.788924,15.917739,75808116
2012-08-06,15.875047,16.117538,15.865367,15.95472,71224704
2012-08-07,15.929155,15.990461,15.797114,15.89813,79192728
2012-08-08,15.861147,16.030418,15.847496,15.940074,52835112
2012-08-09,15.996665,16.042829,15.922453,15.943054,42769188
2012-08-10,15.849733,15.940324,15.788676,15.934369,57326616
2012-08-13,16.068894,16.384849,16.050527,16.381376,130585284
2012-08-14,16.362511,16.700061,16.356306,16.596066,146321532
2012-08-15,16.636277,16.734812,16.482891,16.568272,96331572
2012-08-16,16.567523,16.744489,16.55685,16.700558,68639292
2012-08-17,16.731582,16.809269,16.671518,16.806538,87020892
2012-08-20,16.765833,16.849477,16.695344,16.766827,70253676
2012-08-21,16.706516,16.827884,16.434987,16.617165,88799112
2012-08-22,16.564295,16.892414,16.547417,16.807529,76291632
2012-08-23,16.735306,16.889437,16.654144,16.7981,71296632
2012-08-24,16.768314,16.888691,16.73059,16.843519,57006936
2012-08-27,16.455336,16.678963,16.362262,16.609964,104443452
2012-08-28,16.505225,16.818451,16.498773,16.809269,82261656
2012-08-29,16.812247,17.100656,16.781968,17.07633,119492388
2012-08-30,16.982761,17.060943,16.881993,16.919222,65010924
2012-08-31,16.976803,17.090478,16.878517,17.003857,84998916
2012-09-04,16.990455,17.001623,16.716196,16.903337,75508416
2012-09-05,16.877524,17.038853,16.856178,16.895393,68259672
2012-09-06,17.025451,17.371192,16.994922,17.35903,121618260
2012-09-07,17.373923,17.677967,17.316093,17.526566,129190680
2012-09-10,17.616163,17.691862,17.33396,17.393032,102297600
2012-09-11,17.323289,17.390055,17.150541,17.180077,74877048
2012-09-12,17.111078,17.247588,16.899365,17.147564,105586308
2012-09-13,17.202419,17.597303,17.139128,17.523836,106253640
2012-09-14,17.612191,17.696579,17.547909,17.614178,104635260
2012-09-17,17.575215,17.693606,17.498025,17.621628,60271668
2012-09-18,17.567019,17.837059,17.5422,17.827629,82589328
2012-09-19,17.80827,18.082777,17.781217,18.056469,123808068
2012-09-20,17.981263,18.152768,17.900599,18.071856,116179704
2012-09-21,18.173373,18.240635,18.121499,18.217552,254109636
2012-09-24,18.143337,18.615908,18.124722,18.599527,142409448
2012-09-25,18.690618,18.984486,18.55684,18.594069,242097660
2012-09-26,18.611191,18.893891,18.391537,18.70079,226689084
2012-09-27,18.861875,18.933604,18.65587,18.776245,157086756
2012-09-28,18.71792,18.845741,18.64346,18.726604,111228660
2012-10-01,18.839536,18.987214,18.769047,18.907295,126593280
2012-10-02,18.99218,19.011788,18.62162,18.788408,111496392
2012-10-03,18.756886,18.960408,18.669519,18.925163,88243668
2012-10-04,18.931372,19.108587,18.848225,19.062918,98069832
2012-10-05,19.128938,19.220028,18.987465,19.05299,109326564
2012-10-08,18.887938,18.951972,18.717922,18.809507,78265656
2012-10-09,18.854926,18.895878,18.429513,18.468231,120007872
2012-10-10,18.412883,18.553611,18.324275,18.479897,81514404
2012-10-11,18.686896,18.825888,18.622116,18.651651,95260644
2012-10-12,18.660834,18.735789,18.468479,18.484612,96071832
2012-10-15,18.414867,18.461778,18.135892,18.391041,120643236
2012-10-16,18.369945,18.540208,18.278855,18.48337,82245672
2012-10-17,18.464756,18.772275,18.373171,18.751179,91624284
2012-10-18,18.752422,18.848724,16.778249,17.249825,497198304
2012-10-19,17.512418,17.540214,16.678964,16.921951,458828712
2012-10-22,16.902594,16.992443,16.621881,16.844517,162061776
2012-10-23,16.679211,17.059453,16.678963,16.886209,116547336
2012-10-24,17.046298,17.051261,16.760125,16.810509,99760140
2012-10-25,16.877522,16.92716,16.71644,16.821924,95947956
2012-10-26,16.790657,16.952731,16.659113,16.757151,77953968
2012-10-31,16.874049,16.902343,16.753424,16.88497,61418520
2012-11-01,16.865116,17.148062,16.845756,17.065908,81921996
2012-11-02,17.24461,17.263474,17.060446,17.074099,92883024
2012-11-05,16.989213,17.047788,16.767324,16.950991,65370564
2012-11-06,17.013538,17.038854,16.816716,16.920216,63248688
2012-11-07,16.753425,16.833594,16.542207,16.557844,89202708
2012-11-08,16.63429,16.666308,16.163456,16.189766,103776120
2012-11-09,16.248341,16.588125,16.140373,16.456331,124439436
2012-11-12,16.4742,16.624362,16.402719,16.527563,56179764
2012-11-13,16.45559,16.56976,16.337197,16.35755,63704232
2012-11-14,16.397508,16.435235,16.145337,16.196218,66669264
2012-11-15,16.132928,16.381128,15.981526,16.064922,73882044
2012-11-16,16.033401,16.207886,15.785451,16.062937,137390472
2012-11-19,16.274405,16.602525,16.270187,16.584902,94633272
2012-11-20,16.617164,16.827883,16.494552,16.62858,83464452
2012-11-21,16.604258,16.624364,16.391057,16.526819,84403512
2012-11-23,16.62858,16.629325,16.532526,16.578939,36863100
2012-11-26,16.540964,16.554865,16.356802,16.409668,88095816
2012-11-27,16.385347,16.753425,16.331488,16.646948,100247652
2012-11-28,16.579934,16.999391,16.477677,16.968613,121558320
2012-11-29,17.070622,17.222519,16.927162,17.172632,110948940
2012-11-30,17.158238,17.354562,17.018749,17.333466,126417456
2012-12-03,17.429518,17.52011,17.227731,17.256027,87612300
2012-12-04,17.249821,17.26248,17.018998,17.151287,79588332
2012-12-05,17.179089,17.237416,16.935357,17.071619,74421504
2012-12-06,17.065908,17.264963,16.989464,17.15377,58433508
2012-12-07,17.249822,17.296485,16.937589,16.982016,76695228
2012-12-10,17.011305,17.166679,16.971594,17.012051,54613332
2012-12-11,17.125723,17.421575,17.069134,17.296484,107396496
2012-12-12,17.35481,17.461039,17.212097,17.31336,96942960
2012-12-13,17.769057,17.782707,17.362754,17.440937,137658204
2012-12-14,17.353321,17.568014,17.334955,17.422569,85118796
2012-12-17,17.51043,17.917973,17.473697,17.889679,121294584
2012-12-18,17.785934,18.096183,17.747462,17.896877,120075804
2012-12-19,17.887942,17.944781,17.787918,17.873051,76667256
2012-12-20,17.951231,17.985731,17.795114,17.928894,66213720
2012-12-21,17.720656,17.841032,17.635028,17.761858,140898960
2012-12-24,17.734059,17.750687,17.559327,17.609711,33602364
2012-12-26,17.574217,17.693601,17.433736,17.594072,47248704
2012-12-27,17.551137,17.593332,17.339424,17.530041,65830104
2012-12-28,17.415869,17.545427,17.374172,17.374172,56023920
2012-12-31,17.373922,17.636268,17.274643,17.557093,79816104
2013-01-02,17.855924,18.044059,17.784692,17.950983,101550348
2013-01-03,17.992681,18.166419,17.888188,17.961407,92635272
2013-01-04,18.102139,18.403203,18.060937,18.316334,110429460
2013-01-07,18.253787,18.351328,18.132915,18.236412,66161772
2013-01-08,18.256022,18.274886,17.980274,18.200426,66976956
2013-01-09,18.174862,18.325766,18.083772,18.320059,80907012
2013-01-10,18.436956,18.490817,18.205388,18.40345,73354572
2013-01-11,18.416359,18.42703,18.274885,18.36647,51356592
2013-01-14,18.292258,18.421322,17.928646,17.950983,114441444
2013-01-15,17.85369,18.242617,17.674242,17.992682,156950892
2013-01-16,17.929887,17.978039,17.71321,17.750937,80855064
2013-01-17,17.813482,17.861384,17.647437,17.654882,88371540
2013-01-18,17.631054,17.69087,17.406929,17.485857,128942928
2013-01-22,17.489583,17.506461,17.262729,17.445154,151544304
2013-01-23,18.267188,18.590096,18.262224,18.403946,236127636
2013-01-24,18.397495,18.784438,18.379376,18.71941,135172692
2013-01-25,18.634029,18.825391,18.621122,18.706007,88946964
2013-01-28,18.6586,18.753909,18.562547,18.633036,65018916
2013-01-29,18.534253,18.787417,18.529041,18.706255,69814116
2013-01-30,18.707744,18.886696,18.687145,18.709978,69250680
2013-01-31,18.627575,18.804044,18.621121,18.756142,65302632
2013-02-01,18.818442,19.275128,18.81596,19.250307,149694156
2013-02-04,19.053979,19.122979,18.820176,18.838791,121498380
2013-02-05,18.891163,19.138865,18.849963,19.005583,74753172
2013-02-06,18.840034,19.184782,18.825886,19.115534,83040876
2013-02-07,19.103874,19.329983,18.99963,19.209358,113494392
2013-02-08,19.362739,19.525059,19.348591,19.492794,120683196
2013-02-11,19.319804,19.433976,19.204392,19.41958,86625288
2013-02-12,19.402949,19.555591,19.343878,19.376888,74285640
2013-02-13,19.362743,19.4923,19.35877,19.4305,47880072
2013-02-14,19.352812,19.576439,19.304167,19.553606,69342588
2013-02-15,19.543179,19.688624,19.534988,19.679441,109082808
2013-02-19,19.756384,20.029649,19.738761,20.025927,117154728
2013-02-20,19.987457,20.078545,19.652142,19.66877,110457432
2013-02-21,19.806275,19.991183,19.637996,19.744968,140115744
2013-02-22,19.837542,19.886933,19.702026,19.848711,82073844
2013-02-25,19.912996,20.064645,19.619873,19.626823,92063844
2013-02-26,19.731812,19.75539,19.46872,19.610939,88011900
2013-02-27,19.72685,19.973807,19.635264,19.850452,80962956
2013-02-28,19.883214,20.029402,19.881476,19.885696,90541368
2013-03-01,19.801308,20.033126,19.760355,20.009546,86928984
2013-03-04,19.987456,20.422798,19.98001,20.389538,110912976
2013-03-05,20.57395,20.852429,20.573205,20.813959,161602236
2013-03-06,20.874272,20.947986,20.570973,20.63476,114805080
2013-03-07,20.701277,20.764816,20.590084,20.665041,82025892
2013-03-08,20.712199,20.722624,20.477651,20.638237,116359524
2013-03-11,20.642452,20.841259,20.637736,20.720139,63724212
2013-03-12,20.618133,20.647418,20.443399,20.541189,80251668
2013-03-13,20.548385,20.617633,20.409641,20.4841,65586348
2013-03-14,20.525797,20.525797,20.287528,20.39053,65981952
2013-03-15,20.315081,20.359758,20.18701,20.210838,123864012
2013-03-18,19.980011,20.172612,19.892396,20.049259,73458468
2013-03-19,20.134885,20.333695,20.015998,20.136871,83844072
2013-03-20,20.273628,20.290506,20.13985,20.22101,58493448
2013-03-21,20.136127,20.275862,20.100387,20.135382,59044896
2013-03-22,20.221759,20.234169,20.095177,20.111807,59468472
2013-03-25,20.163927,20.333198,20.025183,20.095175,68411520
2013-03-26,20.190979,20.203388,20.049257,20.164173,47628324
2013-03-27,20.021705,20.029646,19.888918,19.92193,86441472
2013-03-28,19.954941,19.989192,19.689617,19.711706,91420488
2013-04-01,19.732059,19.911755,19.688375,19.885447,72219708
2013-04-02,19.9686,20.223996,19.955195,20.179567,81578340
2013-04-03,20.189989,20.208356,19.872543,20.009796,69470460
2013-04-04,19.961397,19.998627,19.639979,19.733551,97806096
2013-04-05,19.509921,19.533003,19.270159,19.435213,137218644
2013-04-08,19.328487,19.348344,19.071601,19.231689,113170716
2013-04-09,19.247822,19.452587,19.188504,19.301186,86205708
2013-04-10,19.431987,19.66604,19.260233,19.612181,79064856
2013-04-11,19.679194,19.684653,19.460281,19.617392,81066852
2013-04-12,19.657107,19.659837,19.432237,19.608955,65402532
2013-04-15,19.507192,19.781451,19.285549,19.407415,98025876
2013-04-16,19.523075,19.75663,19.456807,19.691353,69610320
2013-04-17,19.527047,19.62856,19.312354,19.423052,81398520
2013-04-18,19.492299,19.503469,18.894388,19.009802,132767100
2013-04-19,19.090465,19.941292,19.018489,19.852686,231895872
2013-04-22,19.870803,19.954199,19.235414,19.858643,115220664
2013-04-23,19.880732,20.240619,19.864847,20.051989,91600308
2013-04-24,20.057198,20.302667,20.054468,20.189737,73090836
2013-04-25,20.259235,20.264695,20.045286,20.081772,79608312
2013-04-26,20.044547,20.048022,19.771031,19.891159,99408492
2013-04-29,19.936576,20.419322,19.930371,20.328979,91939968
2013-04-30,20.32749,20.541935,20.294727,20.465738,92175732
2013-05-01,20.433223,20.469461,20.261964,20.362982,58141800
2013-05-02,20.354791,20.713439,20.328729,20.590828,80651268
2013-05-03,20.773255,21.017482,20.749429,20.990677,100403496
2013-05-06,21.053717,21.391019,21.053717,21.383574,85566348
2013-05-07,21.419814,21.441158,21.113536,21.276354,78281640
2013-05-08,21.270642,21.689604,21.169129,21.683399,98633268
2013-05-09,21.614154,21.833066,21.549373,21.630039,87935976
2013-05-10,21.725098,21.854905,21.646915,21.847212,75832092
2013-05-13,21.813953,21.902809,21.677195,21.780199,57882060
2013-05-14,21.779454,22.057188,21.77052,22.017725,63108828
2013-05-15,22.226211,22.74445,22.189478,22.732288,159276564
2013-05-16,22.809478,22.833804,22.387789,22.433954,128255616
2013-05-17,22.586595,22.672719,22.350806,22.565746,111568320
2013-05-20,22.461997,22.849188,22.461997,22.549612,90817092
2013-05-21,22.536955,22.627299,22.278581,22.510895,79240680
2013-05-22,22.401439,22.568973,22.012263,22.075304,102321576
2013-05-23,21.767042,22.088707,21.692582,21.910749,90912996
2013-05-24,21.723857,21.812217,21.618373,21.675707,91780128
2013-05-28,21.92837,22.142814,21.851428,21.873022,90209700
2013-05-29,21.735026,21.791614,21.451583,21.551357,80455464
2013-05-30,21.591317,21.814199,21.5042,21.612165,84743172
2013-05-31,21.546643,21.767043,21.53175,21.623583,78697224
2013-06-03,21.667762,21.691836,21.221499,21.534477,98928972
2013-06-04,21.539944,21.607951,21.197926,21.322769,74669256
2013-06-05,21.407404,21.579654,21.273873,21.33766,84187728
2013-06-06,21.451833,21.502217,21.027909,21.460272,103060836
2013-06-07,21.603728,21.841503,21.477148,21.834801,106877016
2013-06-10,21.893628,22.114523,21.843739,22.095165,93418488
2013-06-11,21.940036,22.015241,21.829588,21.836786,70233696
2013-06-12,21.977021,21.990423,21.584619,21.642448,88103808
2013-06-13,21.567988,21.833065,21.481615,21.767044,82713204
2013-06-14,21.843984,21.958157,21.69581,21.718395,89710200
2013-06-17,21.822392,22.075554,21.798813,21.996628,85766148
2013-06-18,22.056191,22.362719,22.048747,22.353287,86589324
2013-06-19,22.371906,22.606951,22.275854,22.35478,116519364
2013-06-20,22.188732,22.362721,21.923656,21.959148,134745120
2013-06-21,22.0485,22.086724,21.669501,21.864586,159132708
2013-06-24,21.639965,21.750165,21.425771,21.588093,120555324
2013-06-25,21.773496,21.833559,21.457042,21.498989,102025872
2013-06-26,21.686379,21.791863,21.607451,21.683897,73182744
2013-06-27,21.81172,21.957908,21.758356,21.768782,76982940
2013-06-28,21.714921,21.887171,21.697299,21.850685,93878028
2013-07-01,22.00159,22.141326,21.9656,22.037083,68923008
2013-07-02,22.094664,22.11452,21.773745,21.898836,75584340
2013-07-03,21.839022,22.069102,21.804273,22.001097,41838120
2013-07-05,22.089951,22.223977,22.023681,22.176323,68007924
2013-07-08,22.31829,22.493517,22.265424,22.464231,78701220
2013-07-09,22.610921,22.65932,22.287765,22.467958,79096824
2013-07-10,22.423529,22.614393,22.347333,22.486572,68267664
2013-07-11,22.660562,22.854404,22.549369,22.840258,103264632
2013-07-12,22.834298,22.908758,22.716155,22.908758,102625272
2013-07-15,22.941021,23.032854,22.743952,22.950701,78341580
2013-07-16,23.011259,23.032108,22.682894,22.824615,79240680
2013-07-17,22.859118,23.004563,22.742464,22.798309,60183756
2013-07-18,22.809231,22.8343,22.417077,22.602978,145234620
2013-07-19,22.005557,22.411114,21.732539,22.253508,294077628
2013-07-22,22.387538,22.652367,22.263438,22.603472,116011872
2013-07-23,22.603473,22.66056,22.327228,22.432217,81746172
2013-07-24,22.518091,22.593542,22.355272,22.409876,83056860
2013-07-25,22.185754,22.259716,21.992405,22.032614,119923956
2013-07-26,22.014993,22.089453,21.891141,21.974289,71036892
2013-07-29,21.963124,22.209336,21.863595,21.897846,75600324
2013-07-30,21.977019,22.22894,21.863096,22.112535,70153776
2013-07-31,22.163915,22.25128,21.994892,22.033857,86853060
2013-08-01,22.2138,22.450831,22.2138,22.44264,85450464
2013-08-02,22.423282,22.511642,22.358254,22.500969,68487444
2013-08-05,22.47168,22.474907,22.318044,22.462,52335612
2013-08-06,22.454309,22.578905,22.231923,22.252771,60183756
2013-08-07,22.214792,22.299429,22.067113,22.105835,55112832
2013-08-08,22.225963,22.23465,21.972799,22.155722,59460480
2013-08-09,22.103601,22.226708,22.089703,22.09988,52895052
2013-08-12,22.012759,22.015241,21.882454,21.97826,55024920
2013-08-13,22.011022,22.052472,21.747187,21.872526,56735208
2013-08-14,21.801045,21.847211,21.522814,21.588587,83204712
2013-08-15,21.455303,21.467217,21.295463,21.336664,74693232
2013-08-16,21.376873,21.405663,21.259225,21.26841,66936996
2013-08-19,21.288267,21.642943,21.281814,21.485336,72363564
2013-08-20,21.552349,21.645673,21.432965,21.479628,49270680
2013-08-21,21.609436,21.764808,21.506432,21.576674,70221708
2013-08-22,21.660318,21.711199,21.59951,21.685387,34761204
2013-08-23,21.787644,21.791863,21.5871,21.598516,43040916
2013-08-26,21.593301,21.714918,21.495261,21.5037,42057900
2013-08-27,21.335671,21.43768,21.044783,21.100626,69294636
2013-08-28,21.103113,21.231183,21.041559,21.060919,53142804
2013-08-29,21.073818,21.354532,21.061906,21.231674,59080860
2013-08-30,21.239868,21.296457,20.986706,21.019964,74389536
2013-09-03,21.205121,21.498739,21.194944,21.354536,81822096
2013-09-04,21.353789,21.680172,21.225224,21.633759,81566352
2013-09-05,21.680173,21.838523,21.633263,21.830582,51600348
2013-09-06,21.90206,21.93532,21.686127,21.831078,62401536
2013-09-09,21.934077,22.083494,21.901565,22.0413,49334616
2013-09-10,22.090198,22.139341,21.940781,22.05669,51452496
2013-09-11,22.053468,22.262699,21.992409,22.24334,64359576
2013-09-12,22.273369,22.285781,22.089953,22.165651,43776180
2013-09-13,22.201393,22.230679,21.961632,22.06662,52962984
2013-09-16,22.243588,22.263443,21.962379,22.034107,53406540
2013-09-17,22.025418,22.049741,21.866323,21.993153,50325624
2013-09-18,21.999108,22.436434,21.917698,22.420301,77310612
2013-09-19,22.48657,22.48657,22.223727,22.297937,63852084
2013-09-20,22.297937,22.440404,22.229186,22.415087,173638188
2013-09-23,22.242342,22.377361,21.970564,22.002831,71024904
2013-09-24,22.002833,22.092185,21.876251,22.011272,59412528
2013-09-25,22.004073,22.004073,21.732297,21.772753,65894040
2013-09-26,21.799309,21.909758,21.717403,21.796083,50345604
2013-09-27,21.712932,21.779948,21.625817,21.751902,50301648
2013-09-30,21.57047,21.862352,21.551358,21.73999,68827104
2013-10-01,21.847708,22.031872,21.842744,22.015242,67324608
2013-10-02,21.909261,22.073818,21.787395,22.039814,59752188
2013-10-03,22.040058,22.19146,21.645422,21.744453,84595320
2013-10-04,21.717401,21.779699,21.593303,21.65163,54265680
2013-10-07,21.530012,21.692335,21.447114,21.48757,51692256
2013-10-08,21.477148,21.493528,21.137362,21.187996,77670252
2013-10-09,21.252773,21.410875,20.922669,21.242348,105945948
2013-10-10,21.440413,21.564263,21.350316,21.54962,90121788
2013-10-11,21.494768,21.679676,21.476649,21.642694,56299644
2013-10-14,21.510405,21.748428,21.478884,21.744953,49694256
2013-10-15,21.736269,21.981241,21.692586,21.891394,63612324
2013-10-16,21.987196,22.296451,21.94103,22.289005,80223696
2013-10-17,22.163912,22.260957,21.983719,22.059669,170093736
2013-10-18,24.238605,25.203605,24.174571,25.103083,462193344
2013-10-21,25.104325,25.291469,24.80872,24.901796,144986868
2013-10-22,24.943991,25.142549,24.7154,24.993629,88255656
2013-10-23,24.844712,25.682384,24.835528,25.599485,106421472
2013-10-24,25.610898,25.826831,25.43542,25.454035,83600316
2013-10-25,25.535199,25.535199,25.086456,25.197151,81138780
2013-10-28,25.19715,25.401417,25.142298,25.192186,46301652
2013-10-29,25.29395,25.736738,25.15496,25.719364,64135800
2013-10-30,25.748898,25.750884,25.465207,25.574909,52911036
2013-10-31,25.537927,25.850409,25.41482,25.57888,65534400
2013-11-01,25.608914,25.713404,25.442867,25.491018,51280668
2013-11-04,25.601716,25.62331,25.366672,25.467937,45506448
2013-11-05,25.324972,25.605435,25.252249,25.354012,47208744
2013-11-06,25.455279,25.490026,25.201372,25.384541,36479484
2013-11-07,25.38107,25.413832,25.009515,25.01721,67116816
2013-11-08,25.037064,25.279057,25.030859,25.217752,51580368
2013-11-11,25.055926,25.215268,25.018447,25.082729,44459496
2013-11-12,25.011003,25.255727,24.943989,25.112268,48675276
2013-11-13,24.987423,25.635222,24.981219,25.62579,63112824
2013-11-14,25.661781,25.80648,25.573173,25.694294,46621332
2013-11-15,25.685356,25.763043,25.572177,25.652842,51000948
2013-11-18,25.707202,26.029612,25.545625,25.602959,70317612
2013-11-19,25.607175,25.68238,25.391987,25.445351,45218736
2013-11-20,25.563244,25.64788,25.325221,25.373619,38509452
2013-11-21,25.490027,25.77074,25.465208,25.665504,43628328
2013-11-22,25.649369,25.717624,25.545126,25.611395,50117832
2013-11-25,25.742194,26.140057,25.68908,25.959864,64455480
2013-11-26,26.026135,26.346311,25.885654,26.269617,91360548
2013-11-27,26.359467,26.507641,26.309083,26.386272,44899056
2013-11-29,26.362697,26.473392,26.295433,26.298908,47664288
2013-12-02,26.396202,26.466689,26.079748,26.172077,54873072
2013-12-03,26.084464,26.394465,26.036562,26.141798,66976956
2013-12-04,26.094889,26.407868,26.060886,26.263914,47616336
2013-12-05,26.239584,26.300643,26.087937,26.243061,45302652
2013-12-06,26.55207,26.557282,26.311067,26.554054,57094848
2013-12-09,26.581854,26.862815,26.508138,26.759315,59244696
2013-12-10,26.709925,27.111014,26.697514,26.921143,74081844
2013-12-11,26.989147,27.086441,26.6856,26.738218,68403528
2013-12-12,26.794806,26.87845,26.532462,26.556288,63796140
2013-12-13,26.691308,26.713396,26.256712,26.328688,86409504
2013-12-16,26.408365,26.673689,26.358972,26.631247,64015920
2013-12-17,26.627271,26.82434,26.517071,26.553804,61366572
2013-12-18,26.603196,26.928338,26.285254,26.923374,88323588
2013-12-19,26.824589,27.10307,26.782644,26.95986,66561372
2013-12-20,27.011488,27.330919,27.00404,27.317268,130333536
2013-12-23,27.496465,27.69403,27.428956,27.676657,68795136
2013-12-24,27.673428,27.680131,27.502917,27.595743,29338632
2013-12-26,27.649607,27.773457,27.517565,27.735235,53458488
2013-12-27,27.798277,27.805225,27.623047,27.758564,62725212
2013-12-30,27.806715,27.810685,27.525754,27.536673,49394556
2013-12-31,27.605673,27.823095,27.457249,27.815897,54261684
2014-01-02,27.685589,27.742428,27.506887,27.627512,72783144
2014-01-03,27.674172,27.722074,27.424237,27.425974,66601332
2014-01-06,27.624785,27.76998,27.461718,27.731758,70701228
2014-01-07,27.922376,28.286981,27.827068,28.26638,102001896
2014-01-08,28.443592,28.476355,28.128132,28.325201,89610300
2014-01-09,28.380053,28.399413,27.936274,28.052431,83296620
2014-01-10,28.271841,28.271841,27.85412,28.050943,85654260
2014-01-13,27.958858,28.466176,27.728033,27.872238,96659244
2014-01-14,28.243791,28.567692,27.999067,28.527979,99204696
2014-01-15,28.617086,28.666975,28.388743,28.508623,77929992
2014-01-16,28.520534,28.739693,28.493233,28.697252,67288644
2014-01-17,28.712887,28.806707,28.398918,28.556026,107943948
2014-01-21,28.814152,28.89035,28.575137,28.882904,79116804
2014-01-22,28.95513,28.986899,28.762776,28.915667,62793144
2014-01-23,28.79107,28.852871,28.651333,28.793552,77886036
2014-01-24,28.567941,28.630985,27.872736,27.893337,155544300
2014-01-27,27.949679,27.959607,26.861822,27.332407,173969856
2014-01-28,27.558019,27.940991,27.548587,27.872984,88319592
2014-01-29,27.776436,27.841711,27.287484,27.473633,95100804
2014-01-30,28.418774,28.604675,27.978221,28.180254,203452344
2014-01-31,29.072774,29.449789,28.570916,29.311543,222429348
2014-02-03,29.267613,29.330159,28.096363,28.131607,182581236
2014-02-04,28.244786,28.666973,28.220464,28.249006,112363524
2014-02-05,28.378566,28.561985,27.997333,28.374098,95684220
2014-02-06,28.570917,28.795041,28.482061,28.790077,77786136
2014-02-07,28.980448,29.235347,28.804971,29.22393,105342552
2014-02-10,29.083945,29.347037,29.014947,29.111994,77730192
2014-02-11,29.291688,29.582079,29.094121,29.540134,81949968
2014-02-12,29.51085,29.535669,29.321722,29.453516,68911020
2014-02-13,29.306085,29.781387,29.279031,29.781387,73382544
2014-02-14,29.674906,29.892826,29.605163,29.853361,87380532
2014-02-18,29.81886,30.103296,29.783863,30.053904,84271644
2014-02-19,29.915414,30.012709,29.721818,29.841948,84059856
2014-02-20,29.861802,29.954876,29.789328,29.885878,67963968
2014-02-21,29.97771,30.028839,29.854355,29.877934,74417508
2014-02-24,29.916901,30.284235,29.910448,30.094364,66905028
2014-02-25,30.179496,30.391954,30.042491,30.280266,57490452
2014-02-26,30.379543,30.500664,30.125388,30.284483,79208712
2014-02-27,30.240302,30.38525,30.20605,30.260654,50349600
2014-02-28,30.288705,30.384261,29.938248,30.1723,92451456
2014-03-03,29.951403,29.978457,29.588783,29.850634,84107808
2014-03-04,30.156163,30.180982,30.019655,30.153929,58649292
2014-03-05,30.157408,30.356713,30.067064,30.23708,49362588
2014-03-06,30.336855,30.432908,30.245517,30.270586,50673276
2014-03-07,30.449038,30.453754,30.067805,30.150951,60543396
2014-03-10,30.173292,30.221691,29.885381,30.071035,48535416
2014-03-11,30.125635,30.139286,29.700471,29.783617,68451480
2014-03-12,29.694516,29.978704,29.391465,29.965054,78493428
2014-03-13,29.981185,30.044476,29.405612,29.512337,93730176
2014-03-14,29.33686,29.557262,29.102064,29.108765,91664244
2014-03-17,29.26885,29.711141,29.240554,29.587786,86397516
2014-03-18,29.651576,30.07004,29.611615,30.063337,72527400
2014-03-19,30.076743,30.081459,29.645125,29.765253,64451484
2014-03-20,29.782625,30.022387,29.668702,29.713379,67320612
2014-03-21,29.940482,30.022883,29.348279,29.362923,128211660
2014-03-24,29.391466,29.409087,28.442353,28.739695,121362516
2014-03-25,28.939989,29.035297,28.468413,28.759302,96311592
2014-03-26,28.840958,29.078238,28.083705,28.095369,103096800
2014-03-27,28.067573,28.094627,27.354002,27.656309,152735112
2014-03-28,27.773454,28.12565,27.742926,27.801998,90265644
2014-03-31,28.056402,28.170573,27.620812,27.662014,77614308
2014-04-01,27.804976,28.232623,27.748635,28.167845,87152760
2014-04-02,28.341832,28.41381,27.897556,28.173058,83360556
2014-04-03,28.434492,29.173881,28.068517,28.340767,80366000
2014-04-04,28.690375,28.748396,27.001336,27.039024,107274000
2014-04-07,27.016211,27.267137,26.309056,26.809916,79232000
2014-04-08,27.029105,27.764526,27.011749,27.646997,69650000
2014-04-09,28.060083,28.157279,27.54137,28.119591,60632000
2014-04-10,28.1672,28.177614,27.051422,27.110434,65890000
2014-04-11,26.67652,27.155065,26.451381,26.667595,63494000
2014-04-14,26.960174,27.424337,26.80446,27.036543,50824000
2014-04-15,27.324165,27.417892,26.31451,27.210108,79956000
2014-04-16,27.65642,27.968839,27.428306,27.963879,91644000
2014-04-17,27.587986,27.621707,26.74892,26.944305,112294000
2014-04-21,26.977038,26.977038,26.481136,26.747435,48502000
2014-04-22,26.580312,27.175394,26.580312,27.051418,46622000
2014-04-23,26.960669,27.016705,26.190038,26.655193,39114000
2014-04-24,26.86248,26.902649,26.332362,26.502953,41348000
2014-04-25,26.394847,26.474191,25.910847,25.940601,47400000
2014-04-28,26.074497,26.079455,25.340562,25.934652,75056000
2014-04-29,25.979777,26.667592,25.935641,26.596678,50704000
2014-04-30,26.536675,26.597174,26.237646,26.524773,40770000
2014-05-01,26.493534,26.774215,26.424603,26.70578,40086000
2014-05-02,26.850081,26.897688,26.444929,26.474684,35616000
2014-05-05,26.294672,26.566426,26.162762,26.547087,24568000
2014-05-06,26.451875,26.508409,25.898946,25.914318,36700000
2014-05-07,25.948038,26.006554,25.345022,25.687689,61486000
2014-05-08,25.574624,26.151358,25.51214,25.7953,49040000
2014-05-09,25.719928,26.151362,25.503219,26.11516,45224000
2014-05-12,26.374018,26.716687,26.159293,26.700817,38968000
2014-05-13,26.757847,26.976539,26.674536,26.855043,40240000
2014-05-14,26.868926,26.868926,26.436997,26.501465,25618000
2014-05-15,26.438486,26.481135,26.050195,26.239134,36658000
2014-05-16,26.262935,26.324427,25.963906,26.198469,38154000
2014-05-19,26.227234,26.746443,26.067555,26.720655,39530000
2014-05-20,26.778675,27.093571,26.608581,26.798016,48506000
2014-05-21,26.922486,27.262177,26.883308,27.259699,31294000
2014-05-22,27.383673,27.669313,27.324164,27.54484,42994000
2014-05-23,27.677743,28.018427,27.481366,27.95892,53450000
2014-05-27,28.156285,28.507879,27.976274,28.507879,43716000
2014-05-28,28.493001,28.646234,28.263894,28.288689,31632000
2014-05-29,28.434492,28.438954,28.189517,28.294151,28222000
2014-05-30,28.347706,28.39432,28.057602,28.348202,37434000
2014-06-02,28.253983,28.286714,27.606832,27.985701,33210000
2014-06-03,27.815109,27.889495,27.400039,27.498228,40626000
2014-06-04,27.349953,27.70006,27.203166,27.461035,34582000
2014-06-05,27.62716,28.018427,27.525005,28.014956,35868000
2014-06-06,28.175135,28.206873,27.749651,28.069508,34804000
2014-06-09,28.105212,28.365561,28.029339,28.302582,30594000
2014-06-10,28.205877,28.365558,28.074463,28.182076,29676000
2014-06-11,28.064052,28.215302,27.95297,28.142405,22580000
2014-06-12,28.11761,28.11761,27.629147,27.745684,30930000
2014-06-13,27.774443,27.802709,27.459051,27.787832,27066000
2014-06-16,27.634102,27.6708,27.274575,27.388632,39436000
2014-06-17,27.391607,27.460042,27.149112,27.305321,29552000
2014-06-18,27.413427,27.839903,27.352928,27.803207,41212000
2014-06-19,27.827507,28.018429,27.605343,28.017933,52548000
2014-06-20,28.090334,28.106202,27.739236,28.093805,63212000
2014-06-23,27.986198,28.486562,27.944045,28.479124,34456000
2014-06-24,28.475649,28.873856,28.224723,28.392338,56886000
2014-06-25,28.442427,29.124292,28.428046,29.056353,42294000
2014-06-26,29.22347,29.238346,28.742445,28.998827,40248000
2014-06-27,29.032546,29.15305,28.892208,29.044449,40426000
2014-06-30,29.097507,29.144618,28.925429,28.993864,29578000
2014-07-01,29.141642,29.43968,29.0742,29.332067,32864000
2014-07-02,29.370254,29.463979,29.214044,29.29686,23916000
2014-07-03,29.342485,29.46894,29.208593,29.410919,17978000
2014-07-07,29.432245,29.538367,29.156027,29.295872,26734000
2014-07-08,29.07817,29.157514,28.46474,28.682936,42504000
2014-07-09,28.710214,28.965603,28.613513,28.928905,27456000
2014-07-10,28.415149,29.02263,28.370518,28.764265,28724000
2014-07-11,28.811869,29.170407,28.791041,29.092054,30232000
2014-07-14,29.287936,29.49919,29.094037,29.469435,39032000
2014-07-15,29.513571,29.521009,29.025603,29.409927,33476000
2014-07-16,29.599855,29.60531,29.270577,29.288925,28816000
2014-07-17,29.207105,29.233389,28.606074,28.802946,58706000
2014-07-18,29.903348,30.086335,29.303803,30.007488,97432000
2014-07-21,29.821027,29.960376,29.478856,29.676722,44758000
2014-07-22,29.739207,30.19494,29.717387,29.93112,37632000
2014-07-23,29.855743,30.103694,29.821028,30.011456,22120000
2014-07-24,30.028316,30.195929,29.803671,29.903347,27100000
2014-07-25,29.71689,29.803672,29.543325,29.658869,27200000
2014-07-28,29.642507,29.808634,29.386621,29.705486,27162000
2014-07-29,29.640025,29.6792,29.36579,29.454062,27332000
2014-07-30,29.5463,29.677218,29.392074,29.52795,24302000
2014-07-31,29.20661,29.356868,28.647234,28.739967,46190000
2014-08-01,28.690373,28.932372,28.281254,28.444902,44266000
2014-08-04,28.58921,28.951713,28.378452,28.874849,30388000
2014-08-05,28.731533,28.772198,28.28175,28.422091,32876000
2014-08-06,28.241587,28.69484,28.139926,28.489042,26456000
2014-08-07,28.566395,28.678469,28.238109,28.356133,23260000
2014-08-08,28.366551,28.740461,28.217781,28.660124,29866000
2014-08-11,28.712688,28.746906,28.529203,28.625904,24068000
2014-08-12,28.51433,28.558961,28.261917,28.371511,27890000
2014-08-13,28.586238,29.06627,28.524251,28.988415,37988000
2014-08-14,29.094037,29.149082,28.807902,28.992874,25458000
2014-08-15,29.134206,29.231898,28.799969,28.946259,34468000
2014-08-18,29.114369,29.508612,29.087094,29.392075,29320000
2014-08-19,29.535388,29.645478,29.478361,29.610765,20864000
2014-08-20,29.602833,29.604817,29.406952,29.526464,19346000
2014-08-21,29.501173,29.51853,29.31273,29.378189,22640000
2014-08-22,29.42034,29.505635,29.248262,29.38414,17544000
2014-08-25,29.494725,29.534892,29.221482,29.286446,25912000
2014-08-26,29.357361,29.359841,29.131725,29.164951,29434000
2014-08-27,29.149577,29.226939,28.80691,28.911049,27292000
2014-08-28,28.763272,28.995851,28.657149,28.778151,28116000
2014-08-29,28.878815,28.90609,28.675,28.879311,24122000
2014-09-02,28.90857,29.223469,28.881298,29.190243,31660000
2014-09-03,29.343975,29.480845,29.084619,29.234381,31580000
2014-09-04,29.363808,29.654901,29.287935,29.413893,32616000
2014-09-05,29.51258,29.679698,29.434227,29.643993,35982000
2014-09-08,29.711437,29.928642,29.655895,29.834915,31984000
2014-09-09,29.767472,29.783837,29.281985,29.355873,31424000
2014-09-10,29.344471,29.44266,29.116357,29.427782,23202000
2014-09-11,29.258182,29.354882,29.061805,29.313227,30028000
2014-09-12,29.277522,29.331574,28.924935,29.005272,37030000
2014-09-15,28.873362,28.956673,28.614006,28.843609,30908000
2014-09-16,28.809392,29.26562,28.809392,29.197681,31592000
2014-09-17,29.233883,29.559194,29.115364,29.421333,34390000
2014-09-18,29.508614,29.633085,29.407944,29.618704,29890000
2014-09-19,29.728792,30.02187,29.643001,30.02187,83832000
2014-09-22,29.87806,29.942527,29.412904,29.618704,35644000
2014-09-23,29.506132,29.587957,29.270082,29.316698,28074000
2014-09-24,29.33604,29.75954,29.27306,29.675732,35160000
2014-09-25,29.604815,29.658371,28.997335,29.022627,33420000
2014-09-26,29.056349,29.236859,29.010231,29.154043,25782000
2014-09-29,28.853031,29.223966,28.840139,29.14958,22874000
2014-09-30,29.133714,29.307774,28.98544,29.179337,31430000
2014-10-01,29.099494,29.194707,28.664091,28.743933,28954000
2014-10-02,28.663099,28.922952,28.467218,28.80592,30726000
2014-10-03,28.965599,29.173381,28.935844,29.072218,24290000
2014-10-06,29.255702,29.3772,29.030068,29.148092,25722000
2014-10-07,29.00527,29.05238,28.469696,28.469696,30914000
2014-10-08,28.503918,28.994861,28.149348,28.94775,44158000
2014-10-09,28.842122,28.887744,28.218278,28.306549,48234000
2014-10-10,28.140915,28.525733,27.523021,27.531948,59574000
2014-10-13,27.528974,27.814117,26.998359,27.014227,55116000
2014-10-14,27.281518,27.702538,27.00183,27.209612,52198000
2014-10-15,26.881822,26.973067,26.204421,26.814877,76720000
2014-10-16,26.134004,26.827769,26.032343,26.625938,76100000
2014-10-17,26.800991,26.949763,25.708025,25.934156,119930000
2014-10-20,25.809186,26.439479,25.744225,26.400797,54964000
2014-10-21,26.643294,26.717678,26.292691,26.680983,49190000
2014-10-22,26.830743,27.312263,26.790078,26.912071,59474000
2014-10-23,27.189281,27.641545,27.051421,27.455582,43026000
2014-10-24,27.521535,27.522526,27.034559,27.220026,43508000
2014-10-27,27.163495,27.472938,27.135725,27.268625,31934000
2014-10-28,27.359376,27.730805,27.2959,27.717913,34774000
2014-10-29,27.812628,28.016941,27.571125,27.693613,41066000
2014-10-30,27.683697,27.894455,27.380205,27.783869,32250000
2014-10-31,28.182077,28.2034,28.009006,28.160751,46810000
2014-11-03,27.945531,28.125047,27.851309,27.957432,30834000
2014-11-04,27.828005,28.008017,27.686178,27.978262,27726000
2014-11-05,28.107194,28.112648,27.480375,27.569637,32906000
2014-11-06,27.54732,27.611788,27.303336,27.358381,33014000
2014-11-07,27.55228,27.55228,27.242342,27.364828,31782000
2014-11-10,27.393592,27.801718,27.354911,27.682703,26090000
2014-11-11,27.697083,27.894451,27.584017,27.834448,21966000
2014-11-12,27.827509,27.832467,27.547323,27.683697,21882000
2014-11-13,27.810644,27.81114,27.477398,27.593935,30220000
2014-11-14,27.671295,27.671295,27.399046,27.531948,28502000
2014-11-17,27.531948,27.531948,26.998853,27.107952,33612000
2014-11-18,27.171927,27.412935,26.96712,27.002329,36440000
2014-11-19,27.014224,27.186302,26.738503,27.135721,30346000
2014-11-20,26.882314,27.045465,26.853057,26.96513,35016000
2014-11-21,27.326152,27.326152,27.026627,27.070763,50120000
2014-11-24,27.104484,27.333589,26.984475,27.149611,33076000
2014-11-25,27.136221,27.398553,27.121345,27.236393,38072000
2014-11-26,27.236394,27.268627,27.038033,27.162008,29604000
2014-11-28,27.125805,27.254738,27.000838,27.228952,24202000
2014-12-01,27.031086,27.214571,26.710238,26.761316,39888000
2014-12-02,26.751398,26.870416,26.513862,26.708752,41480000
2014-12-03,26.6547,26.848596,26.541138,26.628416,32476000
2014-12-04,26.661643,26.912074,26.525269,26.906618,32598000
2014-12-05,26.615028,26.689414,26.146899,26.187561,61402000
2014-12-08,26.244096,26.47221,26.134006,26.318977,64566000
2014-12-09,26.078463,26.612549,25.955975,26.58577,43322000
2014-12-10,26.575357,26.74694,26.158305,26.185579,46222000
2014-12-11,26.283268,26.631887,26.241117,26.387407,41426000
2014-12-12,26.155822,26.393855,25.859273,25.861753,47314000
2014-12-15,25.973328,26.053168,25.558755,25.580574,52352000
2014-12-16,25.469492,25.56768,24.655719,24.703821,86998000
2014-12-17,24.788128,25.244854,24.750935,25.114927,72788000
2014-12-18,25.588014,25.600908,25.120378,25.520077,77534000
2014-12-19,25.637606,25.827041,25.234439,25.788857,97442000
2014-12-22,25.817122,26.430056,25.816128,26.39683,66390000
2014-12-23,26.506425,26.892732,26.467249,26.717678,57544000
2014-12-24,26.720157,26.793055,26.535681,26.626432,14754000
2014-12-26,26.626433,26.939843,26.555023,26.854052,22270000
2014-12-29,26.803472,26.973567,26.637841,26.645279,44300000
2014-12-30,26.528738,26.671558,26.461792,26.544607,20972000
2014-12-31,26.666599,26.699329,26.29269,26.315502,24648000
2015-01-02,26.411708,26.570398,26.177643,26.26046,26480000
2015-01-05,26.141442,26.183098,25.675296,25.760094,41182000
2015-01-06,25.811666,25.846874,25.070294,25.124348,54456000
2015-01-07,25.338083,25.36486,24.976075,25.050459,46918000
2015-01-08,24.869948,25.166993,24.548107,25.137735,73054000
2015-01-09,25.200718,25.221546,24.728124,24.830774,42000000
2015-01-12,24.757383,24.808956,24.344297,24.649277,57138000
2015-01-13,24.922517,25.221546,24.659194,24.884333,60958000
2015-01-14,24.815897,25.204684,24.703824,25.089138,52800000
2015-01-15,25.235928,25.278575,24.894748,24.993929,51068000
2015-01-16,24.951278,25.333123,24.948303,25.313784,49658000
2015-01-20,25.428335,25.569171,25.259728,25.287994,46796000
2015-01-21,25.332627,25.878615,25.270639,25.806213,46356000
2015-01-22,25.93564,26.721148,25.881588,26.644779,56068000
2015-01-23,26.680985,27.04696,26.567919,26.875378,45966000
2015-01-26,26.853063,26.853063,26.385428,26.616022,30932000
2015-01-27,26.3522,26.420634,25.829519,25.845884,39148000
2015-01-28,26.034822,26.06904,25.407507,25.411474,35822000
2015-01-29,25.434782,25.548343,24.967642,25.451147,79018000
2015-01-30,25.737284,26.932406,25.69662,26.657181,121108000
2015-02-02,26.497003,26.60511,25.872168,26.391872,75378000
2015-02-03,26.2798,26.652222,26.124583,26.446424,47062000
2015-02-04,26.438487,26.617507,26.03631,26.089373,33896000
2015-02-05,26.180121,26.31699,26.06656,26.274343,33176000
2015-02-06,26.33286,26.789584,26.215828,26.475183,42938000
2015-02-09,26.33534,26.475185,26.161279,26.24707,30314000
2015-02-10,26.389391,26.828263,26.241613,26.786608,47430000
2015-02-11,26.765284,26.875374,26.580312,26.679493,38306000
2015-02-12,26.761813,27.192256,26.629904,27.076712,48590000
2015-02-13,27.151097,27.400536,27.10597,27.332102,47382000
2015-02-17,27.332103,27.423348,26.94034,27.027122,39174000
2015-02-18,26.968106,27.153078,26.756357,26.910086,31164000
2015-02-19,26.901164,27.118864,26.815868,27.098532,30834000
2015-02-20,27.154566,27.154566,26.684452,26.867935,38234000
2015-02-23,26.729085,26.743961,26.381954,26.530724,32906000
2015-02-24,26.359638,26.74892,26.332363,26.711729,28406000
2015-02-25,26.701316,27.253253,26.67999,27.142172,40836000
2015-02-26,27.063325,27.776927,27.03109,27.735271,54032000
2015-02-27,27.678735,28.237617,27.623194,27.9009,68328000
2015-03-02,28.11761,28.563424,27.926687,28.515322,50406000
2015-03-03,28.581275,28.804431,28.291173,28.702276,50526000
2015-03-04,28.612021,28.843111,28.391345,28.679464,37964000
2015-03-05,28.743437,28.920968,28.674506,28.833195,35918000
2015-03-06,28.861461,28.900141,28.368535,28.410191,37592000
2015-03-09,28.311999,28.536642,28.219265,28.469696,23478000
2015-03-10,28.191001,28.254477,27.76155,27.763039,40080000
2015-03-11,27.760561,27.977765,27.54286,27.556746,40524000
2015-03-12,27.695099,27.861721,27.548809,27.828497,35602000
2015-03-13,27.732295,27.986692,27.290943,27.423347,35428000
2015-03-16,27.618235,27.956439,27.340034,27.851805,36856000
2015-03-17,27.68568,27.802217,27.493272,27.65196,28892000
2015-03-18,27.657908,28.093311,27.448142,28.075954,35324000
2015-03-19,27.994624,28.115624,27.875609,27.952473,24660000
2015-03-20,28.103229,28.122568,27.992643,28.015949,44320000
2015-03-23,28.068017,28.248526,27.922223,28.036776,30234000
2015-03-24,28.193979,28.855511,28.171663,28.640291,79156000
2015-03-25,28.641778,28.765754,28.117611,28.117611,53070000
2015-03-26,28.001072,28.127032,27.686671,27.950985,49842000
2015-03-27,27.861226,27.972309,27.618235,27.648981,34552000
2015-03-30,27.782877,27.877594,27.611295,27.827011,24788000
2015-03-31,27.668319,27.891971,27.50616,27.507648,34932000
2015-04-01,27.514098,27.696092,27.077704,27.249287,38902000
2015-04-02,27.14614,27.175397,26.800495,26.843639,47760000
2015-04-06,26.721151,27.053406,26.565439,26.974558,33718000
2015-04-07,27.026131,27.282511,26.956705,27.019684,27318000
2015-04-08,27.076212,27.34896,27.076212,27.217049,28386000
2015-04-09,27.2354,27.243334,26.875375,27.176386,32366000
2015-04-10,27.253253,27.267138,27.025635,27.202175,26104000
2015-04-13,27.128286,27.436735,27.091093,27.207132,29326000
2015-04-14,27.104483,27.104483,26.567421,26.767765,47206000
2015-04-15,26.677509,26.936865,26.400299,26.830246,46962000
2015-04-16,26.696848,27.038028,26.684451,26.95323,31722000
2015-04-17,26.645279,26.768759,26.233186,26.418652,49234000
2015-04-20,26.468734,27.066296,26.448897,27.003315,38508000
2015-04-21,27.091588,27.16399,26.888269,26.923477,29128000
2015-04-22,26.930422,27.324167,26.844135,27.233913,31806000
2015-04-23,27.294908,27.828498,27.278543,27.644518,78184000
2015-04-24,28.764759,28.995353,28.184553,28.447878,92168000
2015-04-27,28.403742,28.540114,27.884533,28.073967,48062000
2015-04-28,27.984706,28.158769,27.818084,27.987186,37178000
2015-04-29,27.795769,28.060085,27.720889,27.839409,33622000
2015-04-30,27.699069,27.825524,27.111922,27.213581,47240000
2015-05-01,27.299867,27.335077,26.969597,27.332102,36572000
2015-05-04,27.323669,27.606332,27.145144,27.415411,35260000
2015-05-05,27.282511,27.404008,26.896204,26.92943,28528000
2015-05-06,26.909593,26.973565,26.393855,26.534691,39034000
2015-05-07,26.575356,27.036545,26.453861,26.879839,31844000
2015-05-08,27.218541,27.413429,27.176885,27.222507,28226000
2015-05-11,27.199693,27.441694,27.056379,27.065304,21858000
2015-05-12,26.918025,26.925465,26.530726,26.715698,35282000
2015-05-13,26.801986,26.969103,26.728095,26.753387,24238000
2015-05-14,26.975546,27.259202,26.902648,27.234901,31736000
2015-05-15,27.293917,27.30433,26.90265,27.100513,33440000
2015-05-18,26.968106,27.192253,26.890249,27.109438,26706000
2015-05-19,27.175396,27.443183,27.131758,27.238873,47126000
2015-05-20,27.320197,27.575586,27.031582,27.399046,30840000
2015-05-21,27.284493,27.651957,27.239862,27.612284,34170000
2015-05-22,27.49575,27.683202,27.454095,27.498726,24266000
2015-05-26,27.402519,27.439712,26.925958,27.135229,37474000
2015-05-27,27.209116,27.536906,27.104977,27.485332,34844000
2015-05-28,27.462522,27.560214,27.314248,27.481861,23544000
2015-05-29,27.433265,27.469962,27.028611,27.042496,43446000
2015-06-01,27.211596,27.302841,26.956207,27.235399,33210000
2015-06-02,27.147129,27.710474,27.103489,27.470457,31842000
2015-06-03,27.527486,27.670803,27.381196,27.536909,26710000
2015-06-04,27.38268,27.570132,27.230935,27.358381,26866000
2015-06-05,27.373757,27.439711,27.14465,27.251268,24396000
2015-06-08,27.255239,27.268133,26.924969,26.951252,27336000
2015-06-09,26.948271,27.01869,26.721644,26.885788,30016000
2015-06-10,27.061338,27.511617,27.032081,27.403509,30316000
2015-06-11,27.49724,27.5141,27.233419,27.276564,25872000
2015-06-12,27.133245,27.217547,27.057868,27.149115,25468000
2015-06-15,26.914053,26.979512,26.739497,26.927443,27150000
2015-06-16,27.000839,27.110431,26.856531,27.020178,32526000
2015-06-17,27.047454,27.193248,26.868434,27.10597,24440000
2015-06-18,27.175394,27.634102,27.175394,27.581041,41192000
2015-06-19,27.597904,27.666834,27.386651,27.647493,59290000
2015-06-22,27.741219,28.048677,27.716422,27.754606,34752000
2015-06-23,27.760062,28.013469,27.629144,27.938587,31396000
2015-06-24,27.893463,27.901397,27.612286,27.699564,28924000
2015-06-25,27.785351,27.926187,27.644515,27.668814,26684000
2015-06-26,27.756096,27.770477,27.366318,27.426321,43676000
2015-06-29,27.113409,27.319209,26.790577,26.840664,37756000
2015-06-30,27.031086,27.071254,26.75586,26.780657,34510000
2015-07-01,26.960176,27.066795,26.766775,26.942324,30760000
2015-07-02,27.013732,27.175396,26.955712,27.142668,28124000
2015-07-06,26.890251,27.204159,26.882813,27.057371,25614000
2015-07-07,27.147128,27.324165,26.771236,27.276062,33578000
2015-07-08,27.056381,27.189282,26.838183,26.862978,27662000
2015-07-09,27.207631,27.219036,27.007783,27.00927,29766000
2015-07-10,27.458555,27.735269,27.373757,27.577572,43436000
2015-07-13,27.746179,28.407712,27.706011,28.352171,41792000
2015-07-14,28.489535,29.243801,28.473169,28.969566,74832000
2015-07-15,28.947749,29.193219,28.772695,28.958658,41466000
2015-07-16,29.233385,29.977237,29.155032,29.842352,112642000
2015-07-17,33.721294,34.861869,33.622116,34.694252,257162000
2015-07-20,34.166613,34.603997,33.809068,34.358028,102436000
2015-07-21,33.963291,34.990798,33.927091,34.482502,75604000
2015-07-22,34.41655,35.374135,34.297535,34.470108,83100000
2015-07-23,34.308932,34.518204,33.304235,33.459949,76232000
2015-07-24,33.561116,33.611697,32.391284,32.470131,82622000
2015-07-27,32.311447,33.080095,32.310455,32.643703,58382000
2015-07-28,32.816766,32.932808,32.402689,32.712627,34364000
2015-07-29,32.841567,32.89463,32.374428,32.800407,36756000
2015-07-30,32.602547,33.128697,32.317401,32.955627,39606000
2015-07-31,32.962572,32.977448,32.590646,32.605522,34922000
2015-08-03,32.613451,33.060259,32.613451,32.963558,31348000
2015-08-04,32.944707,33.126209,32.754779,32.792961,26188000
2015-08-05,33.014634,33.71683,33.006204,33.388546,36448000
2015-08-06,33.423261,33.460948,32.765694,33.232834,40660000
2015-08-07,33.115302,33.165883,32.673455,32.947193,27544000
2015-08-10,33.081084,33.305728,32.740897,32.885204,34458000
2015-08-11,34.692264,34.911453,33.935518,34.232067,109880000
2015-08-12,34.439852,34.514733,33.746584,34.290092,58498000
2015-08-13,34.177525,34.417046,33.829404,34.044128,36354000
2015-08-14,33.921633,34.329264,33.865101,34.185947,27598000
2015-08-17,34.119996,34.452249,33.873036,34.421009,24680000
2015-08-18,34.270258,34.502833,33.985113,34.154217,27710000
2015-08-19,34.22265,34.723012,34.058506,34.417538,50194000
2015-08-20,34.172571,34.522674,33.487233,33.695511,57798000
2015-08-21,33.276968,33.368712,31.89142,31.93754,91880000
2015-08-24,29.783838,31.126739,29.411414,30.652161,129788000
2015-08-25,32.058536,32.084816,30.332798,30.372471,71430000
2015-08-26,31.891414,32.852473,31.260132,32.716595,87740000
2015-08-27,33.324074,33.422761,32.288137,33.124226,58974000
2015-08-28,33.015128,33.07662,32.419553,32.714119,38836000
2015-08-31,32.448809,32.948183,32.052585,32.125481,38936000
2015-09-01,31.430727,31.95787,30.996813,31.219969,51458000
2015-09-02,31.638509,31.988615,31.273526,31.981176,37630000
2015-09-03,32.130942,32.295581,31.430729,31.591402,34572000
2015-09-04,31.226912,31.464944,31.068223,31.190214,40478000
2015-09-08,31.787273,31.987617,31.385594,31.930094,39092000
2015-09-09,32.326822,32.598574,31.782319,31.906794,40978000
2015-09-10,31.931093,32.476584,31.821994,32.287151,27850000
2015-09-11,32.244003,32.49691,32.105147,32.496414,34892000
2015-09-14,32.512781,32.527162,32.20879,32.356075,29942000
2015-09-15,32.566335,33.168361,32.399217,32.980911,35546000
2015-09-16,33.004718,33.129685,32.838591,33.003231,26252000
2015-09-17,33.100918,33.819974,32.977439,33.308205,47752000
2015-09-18,32.980416,33.217459,32.730979,32.775116,72544000
2015-09-21,33.002739,33.175808,32.630317,33.075634,39094000
2015-09-22,32.604028,32.670975,31.987125,32.392277,54362000
2015-09-23,32.377407,32.743381,32.269795,32.396748,29160000
2015-09-24,32.182515,32.569317,31.845302,32.477077,38692000
2015-09-25,32.659074,32.659074,31.720828,31.745127,48480000
2015-09-28,31.690578,31.879023,30.638772,30.956644,47646000
2015-09-29,31.018631,31.473868,30.648194,30.875317,42130000
2015-09-30,31.332535,31.70347,31.199635,31.656857,52954000
2015-10-01,31.635535,31.928119,31.297331,31.83687,42506000
2015-10-02,31.639007,32.580723,31.415355,32.580227,48788000
2015-10-05,32.808838,33.375652,32.524684,33.308704,37960000
2015-10-06,33.193154,33.66178,32.882224,33.306717,42774000
2015-10-07,33.592361,33.658813,32.635767,33.225395,44354000
2015-10-08,33.198123,33.319125,32.456253,33.076626,39308000
2015-10-09,33.100921,33.428214,32.846524,33.286884,32124000
2015-10-12,33.18523,33.621126,33.088529,33.544262,26684000
2015-10-13,33.43665,34.14083,33.379619,33.878498,42446000
2015-10-14,33.906266,34.219179,33.666745,33.741627,31292000
2015-10-15,33.981643,34.423491,33.938996,34.366959,47156000
2015-10-16,34.484983,34.525647,34.172567,34.481014,36316000
2015-10-19,34.415555,34.724998,34.326788,34.710617,30172000
2015-10-20,34.608459,34.613914,33.407879,33.721291,52434000
2015-10-21,33.880478,33.964285,33.260106,33.314655,31952000
2015-10-22,33.495161,34.120493,33.309693,33.777824,88632000
2015-10-23,37.195577,37.316578,35.602743,35.671673,126726000
2015-10-26,35.705889,36.446272,35.705889,36.25634,48776000
2015-10-27,36.030703,36.496356,35.910201,36.340641,38778000
2015-10-28,36.349576,36.566283,36.065421,36.543968,39604000
2015-10-29,36.529584,37.033419,36.456685,36.937214,36520000
2015-10-30,36.972428,37.009619,36.524629,36.567276,39984000
2015-11-02,36.425443,37.102347,36.272702,37.080528,39914000
2015-11-03,36.965978,37.276907,36.754227,37.13409,36306000
2015-11-04,37.187642,37.683544,37.152929,37.455925,41840000
2015-11-05,37.629493,38.003405,37.563045,37.721733,45486000
2015-11-06,37.658254,37.838266,37.442039,37.767849,33544000
2015-11-09,37.615113,37.852156,37.148472,37.42915,35538000
2015-11-10,37.365179,37.71826,37.113759,37.602219,29798000
2015-11-11,37.806524,38.138777,37.676101,37.948849,41866000
2015-11-12,37.697429,37.976128,37.4832,37.516426,35452000
2015-11-13,37.392944,37.456915,36.670416,36.700172,48188000
2015-11-16,36.707123,37.277406,36.41553,37.213436,50704000
2015-11-17,37.315089,37.438073,36.897539,36.993248,38864000
2015-11-18,37.171279,37.743053,37.063171,37.688999,36266000
2015-11-19,37.677594,37.848681,37.55114,37.685532,28078000
2015-11-20,38.149694,38.646586,37.891827,38.531536,55478000
2015-11-23,38.554845,38.824119,38.358466,38.516659,34648000
2015-11-24,38.331193,38.481452,37.594779,38.166058,47880000
2015-11-25,38.268211,38.333176,38.012327,38.147709,23612000
2015-11-27,38.142753,38.38277,38.035637,38.282101,14434000
2015-11-30,38.277137,38.433843,37.744045,37.829838,33586000
2015-12-01,38.032663,38.928261,37.983569,38.868256,40398000
2015-12-02,38.940651,39.327453,38.503264,38.573685,46876000
2015-12-03,38.708076,38.902469,37.810001,38.095142,41950000
2015-12-04,38.170024,38.800312,37.961746,38.641129,49800000
2015-12-07,38.683282,38.729898,38.02175,38.332684,36626000
2015-12-08,37.911652,38.613353,37.813465,38.439293,31082000
2015-12-09,38.238954,38.486409,37.292276,37.814957,46550000
2015-12-10,37.866534,37.989518,37.440554,37.690487,32458000
2015-12-11,37.143019,37.561561,37.125661,37.213436,43184000
2015-12-14,37.255085,37.894302,36.511233,37.814461,53864000
2015-12-15,38.074813,38.41996,37.589327,37.69297,49386000
2015-12-16,38.014307,38.75469,37.542211,38.5112,53120000
2015-12-17,38.737826,38.759149,38.149689,38.175972,36510000
2015-12-18,38.047046,38.389715,37.519405,37.532299,67794000
2015-12-21,37.839753,38.003402,37.398401,37.728176,34848000
2015-12-22,37.900254,38.201264,37.748013,38.04208,36338000
2015-12-23,38.218619,38.278625,37.571964,38.110512,30594000
2015-12-24,38.111012,38.144733,37.906207,37.978111,10412000
2015-12-28,38.18441,38.820155,38.071842,38.791393,31156000
2015-12-29,39.026943,39.60715,38.987769,39.372589,38430000
2015-12-30,39.372588,39.496564,39.037358,39.191086,28566000
2015-12-31,39.0681,39.093392,38.547406,38.581623,32752000
2016-01-04,37.797602,37.797602,37.070608,37.660732,67382000
2016-01-05,37.89183,38.144737,37.472793,37.764381,45216000
2016-01-06,37.210959,37.972662,37.093431,37.655285,48206000
2016-01-07,37.018548,37.455931,36.462641,36.746296,63132000
2016-01-08,37.083505,37.198555,36.147243,36.24593,47506000
2016-01-11,36.297498,36.452717,35.683077,36.353039,50896000
2016-01-12,36.733895,37.110285,36.519666,36.961514,46816000
2016-01-13,37.159872,37.341374,35.545219,35.683575,51728000
2016-01-14,35.925078,36.691245,34.961046,36.26973,55558000
2016-01-15,35.20851,35.911203,34.787986,35.233307,76676000
2016-01-19,35.712338,35.970208,35.20156,35.659275,48724000
2016-01-20,35.005673,36.049547,34.107102,35.633488,82440000
2016-01-21,35.713335,36.581162,35.264049,36.035671,51938000
2016-01-22,36.795886,37.1212,36.721504,36.967468,47146000
2016-01-25,36.887134,37.314601,36.324781,36.380322,45340000
2016-01-26,36.459165,36.669921,36.05054,36.388744,30940000
2016-01-27,36.492885,36.492885,35.380084,35.584892,42428000
2016-01-28,36.606942,37.250125,36.230552,37.108299,62104000
2016-01-29,37.141034,37.941914,36.904982,37.755455,75808000
2016-02-01,38.246889,38.560796,37.756939,38.222591,111522000
2016-02-02,39.696908,40.185371,38.710061,38.725437,135846000
2016-02-03,38.991731,39.24712,36.511233,37.161858,131114000
2016-02-04,36.924323,36.956557,35.833837,36.20229,104922000
2016-02-05,35.977643,36.03814,34.720035,34.899551,109556000
2016-02-08,34.102145,34.937246,33.820968,34.919392,89410000
2016-02-09,34.363487,35.752509,34.142811,34.76368,84300000
2016-02-10,35.297765,35.864579,34.980388,35.052788,60314000
2016-02-11,34.531592,35.324042,34.276203,35.028484,65004000
2016-02-12,35.31859,35.506535,34.791445,35.054771,46538000
2016-02-16,35.637953,35.847721,35.217924,35.587868,43444000
2016-02-17,36.052032,36.387263,35.536794,36.298496,49154000
2016-02-18,36.397181,36.498342,35.484225,35.581421,47276000
2016-02-19,35.50158,35.90475,35.36372,35.809536,34918000
2016-02-22,36.176501,36.441314,35.875987,36.15369,37516000
2016-02-23,36.007398,36.245429,35.490174,35.570507,41332000
2016-02-24,35.239245,35.765398,34.813269,35.749527,37092000
2016-02-25,35.850197,36.176499,35.369172,36.157162,36146000
2016-02-26,36.379318,36.506267,35.801097,35.9459,42474000
2016-02-29,35.754486,36.23055,35.54819,35.567036,45068000
2016-03-01,35.769365,36.812248,35.637456,36.804314,60112000
2016-03-02,36.839027,36.851421,36.361967,36.670914,36292000
2016-03-03,36.670911,36.746288,36.182448,36.279644,40534000
2016-03-04,36.438839,36.448755,35.983598,36.211716,48516000
2016-03-07,35.960285,36.062442,34.967987,35.347847,61690000
2016-03-08,35.129155,35.816475,34.911457,35.384048,52530000
2016-03-09,35.465382,36.014346,35.340911,35.973186,39544000
2016-03-10,36.091212,36.525125,35.868058,36.308418,44616000
2016-03-11,36.694224,36.939693,36.533054,36.938206,35380000
2016-03-14,36.943166,37.403858,36.8782,37.204506,32824000
2016-03-15,36.995231,37.341869,36.837534,37.220867,29832000
2016-03-16,37.145492,37.638915,37.019039,37.557587,29306000
2016-03-17,37.571969,37.953316,37.557588,37.613129,44564000
2016-03-18,37.769336,37.794624,37.282855,37.460884,56222000
2016-03-21,37.386503,37.854138,37.255585,37.795624,28774000
2016-03-22,37.611145,37.936455,37.583375,37.690983,22096000
2016-03-23,37.854633,37.955798,37.491632,37.567505,24678000
2016-03-24,37.252117,37.567508,37.217405,37.432625,31116000
2016-03-28,37.498571,37.604201,37.293767,37.355259,21676000
2016-03-29,37.375095,38.044565,37.107807,37.980591,40062000
2016-03-30,38.095638,38.54691,38.064398,38.102085,40396000
2016-03-31,38.102083,38.138779,37.601717,37.832314,32554000
2016-04-01,37.547673,38.186391,37.450473,38.168045,31674000
2016-04-04,38.160108,38.30541,37.777274,37.94241,26924000
2016-04-05,37.595769,37.830826,37.470303,37.617588,24478000
2016-04-06,37.581391,38.106058,37.505022,38.088699,25312000
2016-04-07,37.952321,38.152665,37.564528,37.694454,25498000
2016-04-08,37.9796,38.042084,37.478743,37.662224,23434000
2016-04-11,37.958771,38.046547,37.556597,37.566513,31774000
2016-04-12,37.610648,37.932486,37.270458,37.902733,27388000
2016-04-13,38.199787,38.469557,37.916132,38.279133,35426000
2016-04-14,38.450215,38.660971,38.34409,38.451702,26992000
2016-04-15,38.457151,38.726425,38.428882,38.680305,31712000
2016-04-18,38.689727,39.104303,38.561786,39.061157,33540000
2016-04-19,39.201012,39.223326,38.197802,38.49435,43952000
2016-04-20,38.638658,38.663455,38.247391,38.428394,34262000
2016-04-21,38.546909,38.763617,38.261268,38.680305,77628000
2016-04-22,36.890599,37.386996,36.219151,36.586117,140798000
2016-04-25,36.46611,36.938702,36.453712,36.806297,49442000
2016-04-26,36.915891,36.973909,35.720766,35.971199,55864000
2016-04-27,35.968721,36.05947,35.163376,35.777306,66262000
2016-04-28,35.868051,36.164104,34.871784,34.96402,62590000
2016-04-29,34.917408,35.313631,34.900545,35.103867,58278000
2016-05-02,35.304209,35.477278,35.028488,35.427689,33476000
2016-05-03,35.332969,35.376111,35.076589,35.131634,38620000
2016-05-04,35.048821,35.459425,34.913935,35.276936,34172000
2016-05-05,35.456958,35.583412,35.181733,35.442577,29668000
2016-05-06,35.318098,36.001945,35.3057,35.961777,39952000
2016-05-09,36.037152,36.413542,35.878463,36.157658,38074000
2016-05-10,36.446773,36.696706,36.280647,36.665962,32634000
2016-05-11,36.722495,36.73638,36.096667,36.228081,29834000
2016-05-12,36.299987,36.467108,35.916658,36.105099,27094000
2016-05-13,36.033187,36.26477,35.878959,35.94442,25244000
2016-05-16,35.919127,36.333699,35.704898,36.215675,22538000
2016-05-17,36.253369,36.490904,35.605722,35.714321,33404000
2016-05-18,35.630514,35.981116,35.45794,35.793171,32536000
2016-05-19,35.620597,35.729696,35.22437,35.472321,30598000
2016-05-20,35.529351,36.08674,35.457443,35.789696,34798000
2016-05-23,35.70391,35.878466,35.553155,35.568527,24816000
2016-05-24,35.697464,36.409082,35.687544,36.351063,37884000
2016-05-25,36.448754,36.691249,36.329738,36.602482,32216000
2016-05-26,36.498333,36.751243,36.349565,36.544453,27202000
2016-05-27,36.573227,37.088965,36.548431,37.073593,34802000
2016-05-31,37.131114,37.365179,36.972921,37.135578,42484000
2016-06-01,37.116729,37.260541,36.911921,37.116234,20788000
2016-06-02,36.9992,37.05871,36.547928,36.908451,33916000
2016-06-03,36.770596,36.770596,36.394701,36.491402,24608000
2016-06-06,36.622311,36.622311,36.115998,36.20377,29992000
2016-06-07,36.362964,36.533551,36.240475,36.254856,24314000
2016-06-08,36.671904,36.885637,36.486936,36.841999,32314000
2016-06-09,36.551405,36.891592,36.523139,36.821671,19180000
2016-06-10,36.495859,36.678844,36.226089,36.35899,29050000
2016-06-13,36.191877,36.647114,36.191877,36.294033,23354000
2016-06-14,36.166581,36.498339,36.027234,36.361965,26584000
2016-06-15,36.444777,36.555363,36.265757,36.309399,23234000
2016-06-16,36.099638,36.220144,35.48373,35.915661,45002000
2016-06-17,35.773836,35.773836,34.768644,34.923862,82262000
2016-06-20,35.224376,35.500097,34.981386,35.01709,45654000
2016-06-21,35.211476,35.475794,34.944189,35.153458,30318000
2016-06-22,35.409837,35.417771,35.004685,35.232304,29058000
2016-06-23,35.236268,35.450992,34.72549,35.450497,42500000
2016-06-24,34.22562,34.961043,33.964776,33.979156,95436000
2016-06-27,33.844772,33.886428,33.3573,33.777824,58146000
2016-06-28,34.28513,34.353069,33.961802,34.279675,38246000
2016-06-29,34.428455,34.688305,34.3501,34.474571,43124000
2016-06-30,34.596561,34.900052,34.460187,34.888149,42250000
2016-07-01,34.966012,35.334465,34.898073,35.221401,30984000
2016-07-05,34.961541,35.115764,34.669952,34.955589,28440000
2016-07-06,34.705162,35.357769,34.663506,35.157921,28902000
2016-07-07,35.214458,35.217431,34.746327,35.073124,21174000
2016-07-08,35.23677,35.600762,35.115272,35.59481,29946000
2016-07-11,35.676139,36.14774,35.648865,36.061951,28822000
2016-07-12,36.296014,36.478504,36.076825,36.325272,26468000
2016-07-13,36.474541,36.474541,36.152204,36.175014,20436000
2016-07-14,36.396186,36.505285,36.23006,36.488426,21408000
2016-07-15,36.746292,36.746292,36.430898,36.479996,32342000
2016-07-18,36.593059,37.447497,36.523633,37.351292,38698000
2016-07-19,37.186155,37.519399,37.11772,37.361706,30436000
2016-07-20,37.393442,37.720243,37.393442,37.543701,22502000
2016-07-21,37.539737,37.596768,37.267984,37.411301,19062000
2016-07-22,37.555601,37.661227,37.32451,37.652798,20920000
2016-07-25,37.573455,37.67958,37.394435,37.565521,21466000
2016-07-26,37.565521,37.65181,37.328977,37.571968,23792000
2016-07-27,37.63743,37.909182,37.486675,37.786198,32172000
2016-07-28,38.126883,38.13333,37.643376,37.978111,73464000
2016-07-29,39.55855,39.867494,39.176208,39.242661,101810000
2016-08-01,39.011075,40.043542,38.930242,39.718727,60594000
2016-08-02,39.539706,39.787161,39.400855,39.678062,39928000
2016-08-03,39.49706,39.649301,39.325973,39.618553,29206000
2016-08-04,39.58483,39.682026,39.370601,39.535736,21520000
2016-08-05,39.677566,40.030151,39.563507,40.01577,36146000
2016-08-08,39.969655,40.049001,39.755922,39.931473,24426000
2016-08-09,39.894769,40.333147,39.873445,40.043045,32154000
2016-08-10,40.02172,40.211648,39.993949,40.093128,18370000
2016-08-11,40.191319,40.360423,39.969652,40.078751,25646000
2016-08-12,39.924521,40.02866,39.852613,40.021717,17946000
2016-08-15,40.029654,40.235454,39.871957,39.967667,18596000
2016-08-16,39.845676,39.883366,39.523339,39.731125,21158000
2016-08-17,39.672109,39.951303,39.488624,39.940887,21322000
2016-08-18,39.937918,40.068836,39.752946,39.808487,17292000
2016-08-19,39.661693,39.733106,39.51739,39.654751,22416000
2016-08-22,39.598215,39.637392,39.390928,39.520855,17056000
2016-08-23,39.695915,39.721703,39.473257,39.50301,18350000
2016-08-24,39.516391,39.595737,39.213891,39.354729,25672000
2016-08-25,39.275394,39.41028,39.03885,39.240681,24054000
2016-08-26,39.299692,39.642361,39.146955,39.335892,24978000
2016-08-29,39.32746,39.598716,39.192077,39.464825,15474000
2016-08-30,39.319026,39.572928,39.149922,39.27142,23348000
2016-08-31,39.156375,39.254067,39.03736,39.168774,21428000
2016-09-01,39.274394,39.319523,38.994212,39.245632,26070000
2016-09-02,39.437549,39.528299,39.337871,39.516891,26998000
2016-09-06,39.592272,40.212149,39.445487,40.069828,39790000
2016-09-07,40.065359,40.197764,39.856586,40.068336,22906000
2016-09-08,39.930974,40.089662,39.722197,39.812946,23554000
2016-09-09,39.611116,39.758897,39.07951,39.100834,37752000
2016-09-12,38.904459,39.680542,38.853874,39.613598,37274000
2016-09-13,39.375063,39.463335,38.89503,39.112732,36180000
2016-09-14,39.053718,39.490113,39.053718,39.199017,25842000
2016-09-15,39.176703,39.853111,39.109755,39.733105,31144000
2016-09-16,39.623509,39.623509,39.355722,39.571438,42612000
2016-09-19,39.727163,39.869984,39.352759,39.443508,22990000
2016-09-20,39.672105,39.808479,39.585817,39.661194,20984000
2016-09-21,39.734596,39.965193,39.475239,39.921551,26970000
2016-09-22,40.168004,40.61729,40.054445,40.463066,35186000
2016-09-23,40.422904,40.51514,40.303393,40.413979,28234000
2016-09-26,40.159091,40.171985,39.694429,39.803528,29454000
2016-09-27,39.762856,40.341078,39.762856,40.204208,27346000
2016-09-28,39.874437,40.180411,39.809972,40.170986,29406000
2016-09-29,40.03065,40.361912,39.714761,39.803032,27000000
2016-09-30,39.850637,40.073296,39.746498,39.873447,33204000
2016-10-03,39.798564,39.847658,39.485157,39.690956,29784000
2016-10-04,39.920057,39.994443,39.655743,39.810463,25174000
2016-10-05,39.969648,40.093624,39.707317,39.733105,24276000
2016-10-06,39.874438,40.016763,39.697403,39.824848,21998000
2016-10-07,39.966183,39.966679,39.514416,39.707321,23262000
2016-10-10,39.867001,40.533989,39.783195,40.374805,29922000
2016-10-11,40.374801,40.656969,40.037588,40.146687,34432000
2016-10-12,40.265211,40.391169,40.096111,40.255791,18158000
2016-10-13,39.973126,39.997423,39.603678,39.874439,27380000
2016-10-14,40.041556,40.172474,39.787159,39.900223,22238000
2016-10-17,39.969152,40.341078,39.862039,40.011303,21128000
2016-10-18,40.376786,41.100802,40.333148,40.737804,45786000
2016-10-19,40.806734,41.149898,40.806734,41.003109,30002000
2016-10-20,41.038806,41.083935,40.691181,40.74474,27878000
2016-10-21,40.663918,40.87666,40.580112,40.865253,32316000
2016-10-24,41.16428,41.553561,41.112209,41.444462,28952000
2016-10-25,41.581333,41.581333,40.926743,41.087914,37814000
2016-10-26,41.016993,41.046254,40.482909,40.768051,35898000
2016-10-27,40.813182,40.990216,40.396623,40.532501,59470000
2016-10-28,41.15684,41.606126,40.515141,40.642094,87098000
2016-10-31,40.784415,40.794335,40.068833,40.163052,44854000
2016-11-01,40.211154,40.364391,39.585822,39.943863,47118000
2016-11-02,40.007345,40.007345,38.928263,39.097862,47014000
2016-11-03,38.903461,39.176208,38.612368,38.78891,43504000
2016-11-04,38.248867,39.100826,38.23399,38.734852,39412000
2016-11-07,39.421679,39.920059,39.320019,39.772778,39852000
2016-11-08,39.772785,40.46754,39.653271,40.266205,35382000
2016-11-09,39.762859,40.252809,39.277374,39.949318,61970000
2016-11-10,40.16801,40.170984,38.096629,38.694687,118192000
2016-11-11,38.522115,38.545917,37.963235,38.271191,71852000
2016-11-14,38.271687,38.272678,36.874732,37.352283,73766000
2016-11-15,37.959763,38.692212,37.947369,38.440292,58878000
2016-11-16,38.205231,38.85387,38.002409,38.679314,35968000
2016-11-17,38.80428,39.121657,38.672867,38.985779,30674000
2016-11-18,39.035868,39.240177,38.449713,38.480457,36126000
2016-11-21,38.586082,39.005119,38.49682,38.918339,32616000
2016-11-22,39.126123,39.363162,38.865774,38.928257,27884000
2016-11-23,39.152407,39.152407,38.31582,38.630718,26260000
2016-11-25,38.809743,38.824124,38.590554,38.691719,12270000
2016-11-28,38.598489,39.659222,38.586091,38.967442,51508000
2016-11-29,39.095871,39.495567,38.945116,39.148438,31240000
2016-11-30,39.131579,39.25109,38.340616,38.475994,45582000
2016-12-01,38.608395,38.610873,37.359217,37.903221,57342000
2016-12-02,37.782726,38.209202,37.638915,37.909676,34376000
2016-12-05,38.184403,38.680305,38.034144,38.592033,33770000
2016-12-06,38.689728,38.942144,38.349046,38.490871,34682000
2016-12-07,38.677829,39.275387,38.359457,39.249107,40588000
2016-12-08,39.3225,39.622522,39.072567,39.43259,32250000
2016-12-09,39.637392,40.165528,39.575405,40.140732,38090000
2016-12-12,39.911133,40.234956,39.896752,40.063869,32572000
2016-12-13,40.286529,40.877149,40.264215,40.432819,42564000
2016-12-14,40.461589,40.87517,40.305874,40.55928,35994000
2016-12-15,40.532998,40.812688,40.267193,40.4482,35394000
2016-12-16,40.580109,40.624242,40.074783,40.16008,51978000
2016-12-19,40.132309,40.476465,39.895266,40.291988,25272000
2016-12-20,40.335127,40.489851,40.217599,40.425877,25438000
2016-12-21,40.451667,40.451667,39.925022,40.277111,29192000
2016-12-22,40.123388,40.221079,39.971142,40.152149,22632000
2016-12-23,40.069326,40.216112,39.925514,40.05891,15310000
2016-12-27,40.102552,40.465553,39.959735,40.164539,19520000
2016-12-28,40.333144,40.333144,39.793109,39.898735,24296000
2016-12-29,39.787655,39.957251,39.579873,39.81493,21148000
2016-12-30,39.831295,39.835264,39.157364,39.297707,34718000
2017-01-03,39.702854,40.23942,39.517886,40.069328,39180000
2017-01-04,40.162557,40.338108,39.875928,40.057426,30306000
2017-01-05,40.044037,40.35348,39.965686,40.317776,26810000
2017-01-06,40.415463,41.108239,40.242394,40.922276,40342000
2017-01-09,40.979801,41.181136,40.744249,41.01997,28178000
2017-01-10,41.014512,41.130553,40.819623,40.961945,23948000
2017-01-11,40.992196,41.154849,40.736807,41.152866,26508000
2017-01-12,41.079474,41.178656,40.713995,41.136505,26990000
2017-01-13,41.209402,41.390405,41.136011,41.206429,25804000
2017-01-17,41.159813,41.168738,40.8226,41.033855,28818000
2017-01-18,41.149899,41.150395,40.866241,41.111217,20554000
2017-01-19,41.110224,41.308585,40.860291,40.880619,21410000
2017-01-20,41.114689,41.122131,40.892031,41.069069,26124000
2017-01-23,41.239656,41.930446,41.095349,41.875401,49148000
2017-01-24,42.001854,42.226994,41.76878,42.128311,33768000
2017-01-25,42.327661,42.587511,42.138721,42.570652,33108000
2017-01-26,42.600401,42.697102,42.177399,42.497749,69866000
2017-01-27,42.597931,42.99465,41.74994,41.905155,75050000
2017-01-30,41.509924,41.518354,40.714992,40.853848,70338000
2017-01-31,40.639115,40.816153,40.336615,40.673332,40404000
2017-02-01,40.862281,40.862281,40.279595,40.427872,45020000
2017-02-02,40.415959,40.890042,40.269669,40.577621,33784000
2017-02-03,40.819132,40.967901,40.631679,40.670361,30562000
2017-02-06,40.709542,40.782437,40.380758,40.744255,27018000
2017-02-07,40.936664,41.255031,40.827069,41.121632,33332000
2017-02-08,41.186097,41.370573,40.917318,41.153862,26044000
2017-02-09,41.245604,41.258002,40.98625,41.162788,23884000
2017-02-10,41.306107,41.514385,41.185109,41.40033,28302000
2017-02-13,41.541658,41.742006,41.469754,41.604145,25914000
2017-02-14,41.64431,41.754896,41.448926,41.657204,27266000
2017-02-15,41.596706,41.743496,41.46827,41.52282,27144000
2017-02-16,41.581331,41.789113,41.519839,41.763329,20102000
2017-02-17,41.720676,41.999871,41.644804,41.98053,29224000
2017-02-21,42.051943,42.260716,41.980531,42.115417,25206000
2017-02-22,42.052441,42.339565,41.988467,42.219063,24488000
2017-02-23,42.205171,42.28154,41.779687,42.201202,27734000
2017-02-24,42.035081,42.070289,41.802502,42.043015,26924000
2017-02-27,41.901192,42.184847,41.804987,42.135258,20206000
2017-02-28,42.020206,42.093601,41.727127,41.900196,27662000
2017-03-01,42.220047,42.548335,42.103014,42.486347,36374000
2017-03-02,42.464535,42.473463,42.088148,42.144184,25018000
2017-03-03,42.099053,42.192284,41.889288,42.105995,20100000
2017-03-06,41.995903,42.099051,41.713735,42.016235,20958000
2017-03-07,42.015735,42.316749,41.929451,42.208641,20774000
2017-03-08,42.306339,42.495279,42.213607,42.332127,20576000
2017-03-09,42.334602,42.682723,42.284018,42.540398,26954000
2017-03-10,42.781416,42.857288,42.529004,42.717445,26732000
2017-03-13,42.688682,43.001099,42.688187,42.874645,23332000
2017-03-14,42.833481,43.023413,42.653965,42.940598,21234000
2017-03-15,43.041261,43.137466,42.711982,43.063576,26658000
2017-03-16,43.169701,43.277808,43.020433,43.143417,22090000
2017-03-17,43.325906,43.362605,43.062583,43.260944,37366000
2017-03-20,43.117631,43.160278,42.879105,43.039776,30844000
2017-03-21,43.146392,43.315496,42.037061,42.158558,50760000
2017-03-22,42.125829,42.416926,42.002845,42.141701,27334000
2017-03-23,41.724644,41.73952,41.308584,41.638355,65754000
2017-03-24,41.754894,41.854077,41.115185,41.414707,42114000
2017-03-27,41.065096,41.72415,40.877151,41.581825,38692000
2017-03-28,41.640343,41.923502,41.272382,41.686958,30384000
2017-03-29,41.792084,42.230458,41.724145,42.145164,29146000
2017-03-30,42.249803,42.250794,41.99144,42.125828,18988000
2017-03-31,41.994416,42.129799,41.915569,42.042519,28820000
2017-04-03,42.089625,42.597924,42.029124,42.486347,39388000
2017-04-04,42.052444,42.300395,42.028144,42.279072,26970000
2017-04-05,42.385188,42.676777,42.028634,42.097565,37104000
2017-04-06,42.126821,42.329646,41.854077,41.908627,30672000
2017-04-07,41.903665,41.947303,41.521823,41.759853,22232000
2017-04-10,41.732091,41.989962,41.6949,41.740025,20924000
2017-04-11,41.740019,41.885317,41.387929,41.649765,19486000
2017-04-12,41.579351,41.840195,41.536208,41.728123,22716000
2017-04-13,41.707293,41.840693,41.549104,41.664646,21474000
2017-04-17,41.724149,42.431306,41.706791,42.406013,20982000
2017-04-18,42.277576,42.518088,42.213605,42.349483,18724000
2017-04-19,42.518083,42.657431,42.326665,42.474445,21606000
2017-04-20,42.634627,42.842409,42.523545,42.651489,23776000
2017-04-21,42.678267,42.768524,42.534954,42.595451,23458000
2017-04-24,43.066059,43.637338,42.950514,43.586258,33930000
2017-04-25,43.751389,44.246794,43.603612,44.077694,40760000
2017-04-26,44.204152,44.283498,43.894709,44.092575,26466000
2017-04-27,44.135222,44.302836,43.995379,44.206631,46846000
2017-04-28,46.069247,46.411416,45.782614,45.847084,76918000
2017-05-01,45.828726,46.407443,45.662599,46.258671,46556000
2017-05-02,46.280992,46.763008,46.16842,46.470425,35026000
2017-05-03,46.418851,47.120548,46.377196,47.033768,36496000
2017-05-04,47.125011,47.563885,46.980208,47.344696,38752000
2017-05-05,47.443878,47.529176,47.016412,47.124519,32310000
2017-05-08,46.984183,47.655632,46.981701,47.541576,37534000
2017-05-09,47.672488,47.71563,47.328828,47.443378,33758000
2017-05-10,47.419082,47.443379,47.102696,47.350647,22920000
2017-05-11,47.174596,47.506853,47.041695,47.40271,20622000
2017-05-12,47.499915,47.506359,47.212787,47.365524,24298000
2017-05-15,47.372968,47.740429,47.250479,47.567856,26754000
2017-05-16,47.782577,47.89911,47.623889,47.83514,22030000
2017-05-17,47.591658,47.655628,46.617705,46.722343,48982000
2017-05-18,46.773412,47.317912,46.677703,47.135422,36010000
2017-05-19,47.250479,47.584719,47.209815,47.341228,27206000
2017-05-22,47.457766,47.845564,47.435947,47.808369,27748000
2017-05-23,48.100454,48.326086,47.829689,48.129711,30908000
2017-05-24,48.363276,48.505101,48.183264,48.479813,22660000
2017-05-25,48.548747,49.38087,48.490229,49.186474,39082000
2017-05-26,49.193415,49.411117,48.963318,49.256397,32728000
2017-05-30,49.218213,49.472115,49.161681,49.400208,30324000
2017-05-31,49.402192,49.570301,48.681645,48.949928,34482000
2017-06-01,49.141842,49.24995,48.662304,49.009438,26128000
2017-06-02,49.024311,49.415578,48.948934,49.397724,34710000
2017-06-05,49.485499,49.957099,49.364497,49.782543,27578000
2017-06-06,49.754283,50.01711,49.332272,49.425499,31042000
2017-06-07,49.545009,49.784035,49.38533,49.664524,27482000
2017-06-08,49.799898,49.867837,49.42252,49.80238,33758000
2017-06-09,49.862384,49.862879,47.277743,48.108379,72958000
2017-06-12,47.543056,48.003254,46.45604,47.696289,84042000
2017-06-13,48.2036,48.494693,47.706208,48.127232,40108000
2017-06-14,48.375178,48.583456,47.582228,47.999779,30110000
2017-06-15,47.012445,47.640256,46.633081,47.615459,48552000
2017-06-16,47.502893,47.604058,47.046169,47.538101,51184000
2017-06-19,48.085077,48.563624,48.013173,48.361298,29376000
2017-06-20,48.365757,48.637513,48.013172,48.052349,25946000
2017-06-21,48.141609,48.576019,48.075157,48.528412,23232000
2017-06-22,48.443116,48.623131,48.266577,48.430721,20190000
2017-06-23,48.375179,48.926621,48.323603,48.900337,31280000
2017-06-26,49.094241,49.292107,48.118801,48.206081,30358000
2017-06-27,47.68588,47.964575,46.966326,47.015915,48872000
2017-06-28,47.143364,47.767206,46.424305,47.65662,54912000
2017-06-29,47.177575,47.192947,46.098988,46.506618,64134000
2017-06-30,46.812593,46.862678,46.099485,46.102959,45754000
2017-07-03,46.278509,46.329094,45.39035,45.596149,33896000
2017-07-05,45.831203,46.430748,45.554987,46.2309,41882000
2017-07-06,45.87088,46.423314,45.615491,46.004276,40298000
2017-07-07,46.16792,46.845819,46.10841,46.654896,33266000
2017-07-10,46.711427,47.265847,46.711427,47.160217,29030000
2017-07-11,47.136423,47.35313,46.868635,47.285686,29224000
2017-07-12,47.649184,48.084089,47.459751,47.986397,32042000
2017-07-13,48.142107,48.53387,47.844567,48.045406,30492000
2017-07-14,48.300799,48.476346,48.109876,48.445107,21592000
2017-07-17,48.415845,48.764462,48.142107,48.397991,33210000
2017-07-18,48.269055,49.136387,48.203598,48.942986,28266000
2017-07-19,49.094732,49.37194,48.945961,49.231602,28242000
2017-07-20,49.441365,49.524676,48.82744,49.202839,28368000
2017-07-21,49.044644,49.347639,48.805122,49.28466,29266000
2017-07-24,49.297555,49.8971,49.107623,49.506329,79690000
2017-07-25,48.137148,48.436175,47.794975,48.054333,118672000
2017-07-26,48.240293,48.298312,47.617938,47.869854,44432000
2017-07-27,48.061771,48.078634,46.468937,47.235104,74358000
2017-07-28,47.010956,47.695298,46.878051,47.523716,36276000
2017-07-31,47.606537,47.665551,46.700524,46.887482,45670000
2017-08-01,47.002028,47.33329,46.860698,46.940041,28052000
2017-08-02,47.029799,47.066002,46.243796,46.993599,40788000
2017-08-03,47.066004,47.110633,46.586961,46.629608,22478000
2017-08-04,46.810607,46.988636,46.604811,46.901855,25092000
2017-08-07,46.987651,47.059063,46.788299,46.899876,28916000
2017-08-08,46.827474,47.234113,46.737716,46.822514,30102000
2017-08-09,46.537865,46.801188,46.31322,46.618698,28018000
2017-08-10,46.366776,46.431242,45.711195,45.800953,54148000
2017-08-11,45.806909,46.285453,45.68343,46.123295,32334000
2017-08-14,46.568611,46.666303,46.341488,46.561668,23012000
2017-08-15,46.665806,46.766971,46.448108,46.519516,22130000
2017-08-16,46.676714,47.105667,46.616709,46.826477,26906000
2017-08-17,46.761025,46.803672,46.001801,46.002792,33914000
2017-08-18,45.969059,46.169403,45.794008,45.929386,26748000
2017-08-21,45.90906,46.03204,45.553497,45.666065,26024000
2017-08-22,45.968071,46.711923,45.928894,46.634563,35502000
2017-08-23,46.465967,46.884013,46.378691,46.742683,22690000
2017-08-24,46.798711,46.927642,46.155524,46.460506,25892000
2017-08-25,46.575558,46.650936,46.123794,46.143631,23746000
2017-08-28,46.212071,46.359352,45.925934,46.026108,20988000
2017-08-29,45.620451,46.524974,45.588712,46.403973,23172000
2017-08-30,46.400006,46.905328,46.319669,46.794743,22406000
2017-08-31,46.927141,47.467676,46.924663,47.37048,33866000
2017-09-01,47.481076,47.523723,47.124522,47.20932,20858000
2017-09-05,46.954918,47.179563,46.396533,46.688126,29148000
2017-09-06,46.806645,46.837885,46.25173,46.714905,27830000
2017-09-07,46.825485,47.135423,46.492237,47.105171,22332000
2017-09-08,47.09575,47.145339,46.615221,46.684647,19998000
2017-09-11,46.971782,47.243535,46.664322,46.777885,26748000
2017-09-12,46.95789,47.015908,46.49075,46.9445,25696000
2017-09-13,46.887477,47.251965,46.849786,47.13245,21908000
2017-09-14,46.912271,47.01294,46.533402,46.621178,28548000
2017-09-15,46.619199,46.701519,46.180821,46.381165,39886000
2017-09-18,46.367275,46.459015,45.890714,46.10643,29474000
2017-09-19,46.287928,46.512569,45.953193,46.459011,24854000
2017-09-20,46.502167,47.110636,46.49076,46.988644,40080000
2017-09-21,47.017901,47.249485,46.583987,46.989136,27414000
2017-09-22,46.752093,47.110629,46.656384,46.77639,21496000
2017-09-25,46.587454,46.60233,45.846576,46.331074,37468000
2017-09-26,46.450586,46.817057,46.372731,46.487282,33454000
2017-09-27,46.750613,47.875812,46.711436,47.601578,46692000
2017-09-28,47.420569,47.912997,47.385856,47.845062,28018000
2017-09-29,47.904074,48.390554,47.904074,48.286911,40622000
2017-10-02,48.382622,48.486265,47.703236,47.976974,30782000
2017-10-03,47.981433,48.223436,47.740924,48.205582,21666000
2017-10-04,48.189716,48.320634,47.884734,47.942757,21156000
2017-10-05,48.240789,48.921166,48.115822,48.855705,35618000
2017-10-06,48.598333,49.30549,48.524443,49.274742,31060000
2017-10-09,49.342186,49.612947,49.168621,49.20879,25910000
2017-10-10,49.357068,49.46468,48.653384,48.985142,23268000
2017-10-11,49.046626,49.965533,48.992076,49.870319,36300000
2017-10-12,49.780561,50.162404,49.644683,49.870319,30614000
2017-10-13,50.041904,50.322085,49.940243,49.980412,26552000
2017-10-16,50.067688,50.185216,49.665513,50.053802,21420000
2017-10-17,49.959089,50.31217,49.890159,50.135628,20260000
2017-10-18,50.138113,50.398954,49.853959,50.22192,25596000
2017-10-19,49.825693,49.953141,49.456248,49.681385,34284000
2017-10-20,49.939752,50.019094,49.702709,49.841564,32120000
2017-10-23,49.847015,49.877267,48.752064,48.873066,32786000
2017-10-24,48.920669,49.057538,48.453529,49.019352,28902000
2017-10-25,48.909266,49.313922,48.485272,49.166641,30574000
2017-10-26,49.514269,49.912974,49.117546,49.164658,47396000
2017-10-27,51.126938,52.745064,50.921634,51.259838,103682000
2017-10-30,51.036185,51.565312,50.697485,51.233059,46804000
2017-10-31,51.226621,51.62334,50.894364,51.228603,30326000
2017-11-01,51.391257,51.963527,51.276207,51.702682,43262000
2017-11-02,51.57325,51.847485,51.011393,51.721027,26694000
2017-11-03,51.710113,52.102371,51.457202,52.069145,27770000
2017-11-06,52.025014,52.198083,51.67292,51.706642,18294000
2017-11-07,52.05229,52.238752,51.722518,52.188168,26104000
2017-11-08,52.072126,52.698945,51.923358,52.480751,24276000
2017-11-09,51.970459,52.113275,51.367937,51.956573,35892000
2017-11-10,51.765656,51.902525,51.634242,51.779541,19442000
2017-11-13,51.613415,52.00716,51.537046,51.633251,18814000
2017-11-14,51.460679,51.687802,51.044615,51.655071,21012000
2017-11-15,51.325792,51.555393,51.115528,51.395714,18106000
2017-11-16,51.511758,52.156927,51.474567,51.993774,23768000
2017-11-17,52.059728,52.119234,51.262814,51.369926,26712000
2017-11-20,51.375382,51.509277,51.210742,51.308933,17526000
2017-11-21,51.575731,52.088991,51.531101,52.084526,22206000
2017-11-22,52.127169,52.33892,51.933272,52.16486,14538000
2017-11-24,52.287349,52.569022,52.164861,52.392975,16492000
2017-11-27,52.494633,53.212201,52.306188,53.161121,35430000
2017-11-28,53.259309,53.557345,52.294781,52.728695,36424000
2017-11-29,52.37611,52.50455,51.060484,51.443817,55866000
2017-11-30,51.570766,51.779044,51.081312,51.383808,45092000
2017-12-01,51.09818,51.43688,50.428218,50.83337,37762000
2017-12-04,50.968744,51.144295,50.047358,50.178772,38778000
2017-12-05,50.135128,51.409099,49.705184,50.562099,38998000
2017-12-06,50.409365,51.552913,50.34936,51.212727,28710000
2017-12-07,51.378854,52.016085,51.343645,51.800369,30866000
2017-12-08,52.159404,52.388014,51.864343,52.038902,31170000
2017-12-11,52.124693,52.367188,51.778059,52.167339,23254000
2017-12-12,52.069648,52.689525,51.81525,52.008652,33882000
2017-12-13,52.17279,52.341395,51.900043,52.138573,27680000
2017-12-14,52.341895,52.916643,52.248168,52.440083,30962000
2017-12-15,52.752995,53.321796,52.57001,53.160625,63760000
2017-12-18,53.381311,53.879198,53.079805,53.809772,30292000
2017-12-19,53.707119,53.803819,53.174022,53.546444,26350000
2017-12-20,53.602971,53.618343,52.992019,53.237988,28728000
2017-12-21,53.32874,53.434366,53.011859,53.1036,25640000
2017-12-22,53.061449,53.146743,52.944416,53.004917,17788000
2017-12-26,52.994,53.004912,52.498099,52.855644,18376000
2017-12-27,52.892843,52.975658,52.485209,52.575462,22324000
2017-12-28,52.677124,52.805564,52.237259,52.364708,19884000
2017-12-29,52.341894,52.468843,52.203534,52.238247,23606000
2018-01-02,52.219407,53.357996,52.219407,53.220631,31766000
2018-01-03,53.256343,54.355758,53.231551,54.128635,31318000
2018-01-04,54.404847,54.75148,54.264508,54.33889,26052000
2018-01-05,54.720241,55.22259,54.638417,55.059437,30250000
2018-01-08,55.094646,55.499303,55.045057,55.25383,24644000
2018-01-09,55.463596,55.463596,54.955792,55.183411,26808000
2018-01-10,54.896276,55.182908,54.746517,55.051991,20734000
2018-01-11,55.159611,55.285569,54.8705,55.146717,22424000
2018-01-12,55.050022,56.10133,54.946379,56.069099,38586000
2018-01-16,56.548128,56.973117,55.871224,56.071568,36462000
2018-01-17,56.352254,56.49904,55.714028,56.488132,27830000
2018-01-18,56.500522,56.562014,55.762126,56.332909,27498000
2018-01-19,56.435061,56.720203,56.160827,56.706318,30552000
2018-01-22,56.722189,57.865737,56.623006,57.73085,29550000
2018-01-23,58.051206,58.442473,57.884088,58.326431,39138000
2018-01-24,58.763321,58.865973,57.891525,58.084431,37128000
2018-01-25,58.551573,58.764315,58.111708,58.622486,29984000
2018-01-26,58.889775,58.891262,57.922769,58.891262,42170000
2018-01-29,58.913085,59.408986,58.717697,58.837708,31494000
2018-01-30,58.403295,58.909608,58.244107,58.385937,37338000
2018-01-31,58.7053,58.829775,58.124601,58.626453,36022000
2018-02-01,58.317504,58.885808,57.98872,58.595207,73514000
2018-02-02,55.908912,56.101322,55.103072,55.501282,117842000
2018-02-05,54.579405,55.292513,52.403889,52.684071,83550000
2018-02-06,51.275206,53.923317,51.078331,53.777027,76630000
2018-02-07,53.80381,53.88117,52.298748,52.337925,51942000
2018-02-08,52.5591,52.760435,49.823213,49.972481,66792000
2018-02-09,50.87353,52.154939,49.441367,51.884674,98360000
2018-02-12,52.400407,52.841759,51.845991,52.295773,56240000
2018-02-13,52.069644,52.626046,51.916907,52.274948,31586000
2018-02-14,52.283874,53.332704,52.059728,53.195339,41304000
2018-02-15,53.728435,54.256571,52.924082,54.120693,37396000
2018-02-16,54.220863,54.961245,54.130113,54.325996,39948000
2018-02-20,54.190123,55.356977,54.053254,54.727184,33754000
2018-02-21,55.000426,56.344318,54.921575,55.231018,41486000
2018-02-22,55.499798,55.811719,54.804544,55.040096,28010000
2018-02-23,55.474507,55.987271,54.967698,55.942142,25292000
2018-02-26,56.129094,56.741037,56.004127,56.716244,30912000
2018-02-27,56.716248,56.743523,55.381776,55.41748,42964000
2018-02-28,55.640135,55.92032,54.697925,54.743546,49292000
2018-03-01,55.022244,55.108034,52.927058,53.131371,55338000
2018-03-02,52.465373,53.899027,52.075101,53.762653,50162000
2018-03-05,53.464618,54.607667,53.174017,54.289299,28648000
2018-03-06,54.653286,54.828342,54.2764,54.593777,23382000
2018-03-07,54.193094,55.352514,54.048786,55.294987,30748000
2018-03-08,55.40211,56.108271,55.40211,56.006119,33862000
2018-03-09,56.507961,57.574149,56.249598,57.566216,42662000
2018-03-12,57.774985,58.425114,57.484883,57.818626,44306000
2018-03-13,58.111212,58.417185,56.263484,56.528294,43140000
2018-03-14,56.820381,57.512658,56.649295,56.973614,41870000
2018-03-15,57.007335,57.648535,56.317536,57.058907,33382000
2018-03-16,57.293973,57.366373,56.104304,56.25605,58656000
2018-03-19,55.429876,55.509714,53.999695,54.552628,63656000
2018-03-20,54.469805,54.824377,53.677355,54.340874,54598000
2018-03-21,54.180705,54.980593,53.9149,54.251617,44898000
2018-03-22,53.557843,53.751739,52.051789,52.225853,69312000
2018-03-23,52.13759,52.901774,50.82345,50.906761,49880000
2018-03-26,52.099396,52.529344,50.114799,52.272465,65984000
2018-03-27,52.75895,52.790689,49.472116,49.934296,60816000
2018-03-28,49.684858,50.829397,48.796698,49.847015,77698000
2018-03-29,50.146049,51.972949,49.790487,51.431919,69338000
2018-04-02,50.959818,51.550437,49.304996,50.216461,65068000
2018-04-03,50.391017,50.829891,49.453764,50.516479,51322000
2018-04-04,49.502359,51.213716,49.417065,51.063457,50724000
2018-04-05,51.890624,51.906491,50.780301,51.208759,35836000
2018-04-06,50.735669,51.375382,49.900076,50.083561,40134000
2018-04-09,50.583929,51.801368,50.542273,50.586411,33220000
2018-04-10,51.090738,51.633751,50.354324,51.400181,36620000
2018-04-11,51.177026,51.368941,50.542273,50.83287,34060000
2018-04-12,51.150743,51.804337,50.881964,51.439354,32896000
2018-04-13,51.915421,52.217422,51.085281,51.377365,25410000
2018-04-16,51.848969,52.140558,51.272235,51.876244,29776000
2018-04-17,52.625054,53.805298,52.421237,53.525608,54584000
2018-04-18,53.508255,53.656528,53.087235,53.328739,31126000
2018-04-19,53.012852,54.425674,53.012852,54.025978,39884000
2018-04-20,53.769097,54.2888,53.165584,53.424446,42434000
2018-04-23,53.705123,53.954069,52.896805,53.250381,69590000
2018-04-24,52.525871,52.788202,50.227866,50.712856,128220000
2018-04-25,51.065444,51.378855,50.433664,50.730217,57860000
2018-04-26,51.237523,52.16982,50.604256,51.737888,50926000
2018-04-27,51.848473,52.153947,50.958331,51.149746,40746000
2018-04-30,51.297036,51.492915,50.497643,50.511528,34492000
2018-05-01,50.398456,51.659533,50.116288,51.610935,35326000
2018-05-02,51.276199,51.771109,50.738642,50.881958,34698000
2018-05-03,50.848236,51.112054,49.9814,50.894352,39282000
2018-05-04,50.562598,52.162874,50.485238,52.119232,36892000
2018-05-07,52.262548,52.813495,52.083032,52.538765,34400000
2018-05-08,52.794644,52.824896,52.150966,52.495617,26030000
2018-05-09,52.768871,54.251615,52.670184,54.001183,47160000
2018-05-10,54.301201,55.015795,54.24566,54.820408,36414000
2018-05-11,54.569481,54.995957,54.411289,54.716763,30504000
2018-05-14,54.82537,55.449215,54.787187,54.87645,39338000
2018-05-15,54.395422,54.505512,53.496847,53.798851,35738000
2018-05-16,53.809763,54.270456,53.638181,53.76017,25628000
2018-05-17,53.629751,54.102839,53.379814,53.619831,25738000
2018-05-18,52.863087,53.24642,52.79763,53.043594,35482000
2018-05-21,53.507764,54.216903,53.458175,53.75621,25180000
2018-05-22,54.043336,54.142514,53.173522,53.324772,22226000
2018-05-23,53.061454,53.954078,52.910699,53.852913,23740000
2018-05-24,53.899522,53.910429,53.175506,53.827614,20604000
2018-05-25,53.882166,54.03193,53.686287,53.759678,22224000
2018-05-29,53.358986,53.623799,52.718281,52.965736,36076000
2018-05-30,53.234023,53.507266,52.890363,53.431889,28686000
2018-05-31,53.656532,55.045058,53.458175,54.549156,79368000
2018-06-01,55.187381,56.441515,55.14473,56.284809,63202000
2018-06-04,56.458367,57.418435,56.383981,57.179409,44754000
2018-06-05,57.259746,57.579105,56.902697,57.079235,32964000
2018-06-06,57.166026,57.262231,56.35027,56.877411,34934000
2018-06-07,56.759885,56.823856,55.844451,56.25605,36108000
2018-06-08,56.096863,56.472259,55.701132,56.171249,27284000
2018-06-11,56.182641,56.916577,56.106273,56.577377,24796000
2018-06-12,56.58333,56.966663,56.58333,56.938892,26092000
2018-06-13,57.141724,57.30835,56.700372,56.742523,34302000
2018-06-14,57.138255,57.821607,57.058414,57.530018,35422000
2018-06-15,57.520592,57.718458,57.211649,57.488361,44438000
2018-06-18,57.162059,58.721176,57.078253,58.693901,33038000
2018-06-19,58.025924,58.655717,57.604409,58.451408,47282000
2018-06-20,58.680011,59.582055,58.617032,58.718193,51686000
2018-06-21,58.789613,59.028635,57.697141,57.992699,44966000
2018-06-22,58.094351,58.268412,57.507201,57.985252,34220000
2018-06-25,57.276607,57.325701,55.535993,56.497051,57682000
2018-06-26,56.738061,56.87344,55.987266,56.166782,34688000
2018-06-27,56.334401,56.840718,55.377311,55.389214,34538000
2018-06-28,55.163571,56.235215,54.850163,55.877174,29726000
2018-06-29,56.151408,56.600198,55.889077,55.996685,31562000
2018-07-02,55.310357,56.681028,54.876443,56.637386,23216000
2018-07-03,56.999898,57.024196,55.264739,55.35648,16448000
2018-07-05,55.76907,56.738063,55.695676,56.596729,28594000
2018-07-06,56.620537,57.336123,56.395892,57.280582,21820000
2018-07-09,57.524564,57.917813,57.387199,57.885578,21584000
2018-07-10,58.019965,58.194026,57.651509,57.878632,21334000
2018-07-11,57.307357,58.538186,57.294963,58.092869,33252000
2018-07-12,58.261469,59.606848,58.174189,59.570648,44148000
2018-07-13,59.647019,60.025887,59.274597,59.727356,32612000
2018-07-16,59.697104,59.940099,59.180871,59.335098,26784000
2018-07-17,58.652244,60.438479,58.615545,60.156807,40162000
2018-07-18,59.931166,60.578813,59.734295,60.148373,38948000
2018-07-19,59.837943,60.325415,59.3956,59.463539,38338000
2018-07-20,59.470478,60.042252,59.33906,59.403034,37938000
2018-07-23,59.292954,60.256987,59.111947,60.053665,65446000
2018-07-24,63.029062,63.227423,61.697072,62.39183,107600000
2018-07-25,62.117598,63.388095,61.94056,63.27404,51104000
2018-07-26,62.839639,63.842353,62.632353,63.748131,54686000
2018-07-27,63.92764,64.042687,61.71443,62.130989,48362000
2018-07-30,61.742196,62.130985,60.706755,60.997849,43896000
2018-07-31,61.080668,61.551776,60.311032,60.858009,39382000
2018-08-01,61.447641,61.784355,60.744949,61.14415,36994000
2018-08-02,60.425581,61.710463,60.403762,61.547806,34704000
2018-08-03,61.748649,61.815101,60.96711,61.400528,21264000
2018-08-06,61.571608,61.613759,61.022149,61.376221,22114000
2018-08-07,62.087347,62.785083,62.076935,62.277279,42506000
2018-08-08,62.32092,63.064772,62.092806,62.549534,34344000
2018-08-09,62.618957,63.076672,62.488535,62.704746,27326000
2018-08-10,62.442907,62.543081,61.846835,62.112141,26602000
2018-08-13,62.04718,62.779625,61.840389,61.920227,27500000
2018-08-14,62.111645,62.512828,61.468958,62.391335,28080000
2018-08-15,61.704015,62.085857,60.809408,61.105957,37052000
2018-08-16,61.590452,61.675254,60.481617,60.701302,32176000
2018-08-17,60.601131,60.844617,59.706525,60.294167,33092000
2018-08-20,60.532694,60.793043,59.939597,60.596664,22218000
2018-08-21,60.649735,61.132743,60.253508,60.371532,23082000
2018-08-22,60.213333,60.823789,60.163744,60.58675,22296000
2018-08-23,60.494017,61.25225,60.467733,60.557491,24666000
2018-08-24,60.797508,61.362836,60.570385,61.330605,24454000
2018-08-27,61.697072,62.377945,61.52549,62.298599,28580000
2018-08-28,62.280255,62.312986,61.639055,61.782372,27330000
2018-08-29,62.235618,62.839131,62.126519,62.714161,36926000
2018-08-30,62.652173,62.954178,61.849311,62.207848,30104000
2018-08-31,62.097271,62.11413,60.785114,61.085136,42308000
2018-09-04,60.624937,60.890246,59.833478,60.069031,41458000
2018-09-05,59.965388,60.245574,58.285274,59.463539,53988000
2018-09-06,59.437254,59.458082,57.703582,58.71423,46854000
2018-09-07,58.119643,58.940363,57.984264,58.396854,32658000
2018-09-10,58.72464,58.846633,58.050709,58.271385,27670000
2018-09-11,58.075014,59.058883,57.819625,59.011772,29254000
2018-09-12,58.615542,59.046482,57.830034,58.099808,35716000
2018-09-13,58.501488,58.906145,57.981782,58.622486,40068000
2018-09-14,58.913084,58.913084,58.195016,58.416187,24176000
2018-09-17,58.405779,58.606618,57.448193,57.516132,34096000
2018-09-18,57.656468,58.582318,57.595471,57.877144,32314000
2018-09-19,57.968886,58.331387,57.456121,58.232208,25962000
2018-09-20,58.549584,59.210621,58.330395,59.090115,29244000
2018-09-21,59.25625,59.33857,58.122621,58.125595,91222000
2018-09-24,57.495304,58.773735,57.103046,58.494545,31150000
2018-09-25,58.727119,59.352447,58.22328,59.205166,33152000
2018-09-26,59.195254,59.867199,58.784151,59.2136,37650000
2018-09-27,59.508166,60.344255,59.411466,59.87315,36274000
2018-09-28,59.710984,59.9272,59.40055,59.859261,35612000
2018-10-01,60.152839,60.708246,59.666358,59.931168,33164000
2018-10-02,59.838933,60.724119,59.491308,59.887035,40180000
2018-10-03,60.103243,60.211351,59.61478,60.079937,26246000
2018-10-04,59.75761,59.800753,57.71549,58.371071,46576000
2018-10-05,58.318002,58.615542,57.242888,57.912849,31852000
2018-10-08,57.524565,58.311064,56.304648,57.322239,46190000
2018-10-09,57.093621,57.601426,56.739549,56.789139,33690000
2018-10-10,56.354232,56.38498,54.128131,54.160366,58980000
2018-10-11,53.509739,55.345568,53.353529,54.089943,67696000
2018-10-12,55.523104,55.830069,54.302692,55.567738,49370000
2018-10-15,55.441773,55.630214,54.460878,54.670151,30074000
2018-10-16,55.217624,56.352743,55.131835,56.18959,38378000
2018-10-17,56.532759,56.879889,55.243416,55.917347,35652000
2018-10-18,56.036858,56.153395,53.871754,54.445511,46152000
2018-10-19,54.733131,55.588065,54.401869,54.806026,41286000
2018-10-22,55.169527,55.624764,54.549155,55.112995,27116000
2018-10-23,54.117221,55.441776,53.508256,55.28854,37686000
2018-10-24,55.293008,55.373345,52.320573,52.422729,49286000
2018-10-25,53.572229,55.43285,53.336676,54.727184,72956000
2018-10-26,51.986827,55.39218,51.684326,53.743309,106438000
2018-10-29,54.377567,54.987032,49.947185,51.312401,81290000
2018-10-30,50.582434,52.114272,50.282911,52.045341,59768000
2018-10-31,52.972189,54.945878,52.972189,54.082016,70916000
2018-11-01,54.122676,54.544191,53.449241,53.853897,40132000
2018-11-02,54.003661,54.449973,52.945406,53.135338,43438000
2018-11-05,53.186916,53.227581,51.27621,52.353802,45358000
2018-11-06,52.318586,53.548423,52.248664,53.040123,28660000
2018-11-07,53.73042,55.041582,53.586608,54.957775,43388000
2018-11-08,54.911158,54.956779,53.773557,54.282848,33694000
2018-11-09,53.756706,53.971431,52.776806,53.409576,34860000
2018-11-12,53.216667,53.26477,51.591103,52.037907,34002000
2018-11-13,52.308174,52.896312,51.59358,51.968975,25750000
2018-11-14,52.565547,52.852675,51.628789,52.296768,34666000
2018-11-15,52.142051,53.501315,51.637716,53.113522,41584000
2018-11-16,52.8249,53.182445,52.312632,52.975655,35366000
2018-11-19,52.733659,52.962273,50.724269,50.949902,45684000
2018-11-20,49.95165,51.442332,49.699734,51.100159,54458000
2018-11-21,51.837063,52.303211,51.546961,51.743835,29698000
2018-11-23,51.25141,51.722519,51.004451,51.082806,14178000
2018-11-26,51.772102,52.416771,51.562334,52.364208,31558000
2018-11-27,52.136101,52.900781,51.846494,52.182713,33048000
2018-11-28,52.439592,54.195084,51.720037,54.142021,46042000
2018-11-29,53.732404,54.556593,53.656531,54.280376,31004000
2018-11-30,54.332452,55.027702,53.715053,55.027702,59668000
2018-12-03,56.143972,56.284806,55.130842,55.360447,57532000
2018-12-04,55.193333,55.25532,52.604231,52.688038,45630000
2018-12-06,51.821694,53.528587,51.696728,53.462135,47436000
2018-12-07,53.172028,53.806781,51.542494,51.90004,42682000
2018-12-10,51.719537,52.545709,51.226613,52.227341,33652000
2018-12-11,52.909697,53.081279,52.0746,52.647366,33852000
2018-12-12,53.412541,54.139034,53.159134,53.246414,28960000
2018-12-13,53.342629,53.974904,52.813006,53.237,24986000
2018-12-14,52.56654,53.146744,52.038404,52.154446,36358000
2018-12-17,51.921368,52.683569,50.414822,50.862125,49932000
2018-12-18,51.2762,52.55017,51.10164,51.742844,43640000
2018-12-19,51.935249,53.344602,50.55367,51.348598,58264000
2018-12-20,50.879482,51.942697,49.979919,50.759476,53674000
2018-12-21,51.179006,51.458197,48.657348,49.156223,104656000
2018-12-24,48.81256,50.191165,48.482289,48.829918,36360000
2018-12-26,49.49046,51.992777,49.225647,51.963024,46318000
2018-12-27,50.889403,52.235278,49.93727,52.213459,45996000
2018-12-28,52.540751,52.775312,51.672923,51.905006,34398000
2018-12-31,52.457928,52.713817,51.228591,51.819706,33110000
2019-01-02,50.938986,52.604719,50.843772,52.301723,31868000
2019-01-03,52.102873,52.875982,50.699471,50.853199,41960000
2019-01-04,51.700692,53.557349,51.418029,53.461639,46022000
2019-01-07,53.605455,53.691244,52.696468,53.355026,47446000
2019-01-08,53.854886,54.219374,52.979621,53.823647,35414000
2019-01-09,53.953574,54.134577,53.278153,53.639172,26998000
2019-01-10,53.306423,53.547927,52.797628,53.499329,26598000
2019-01-11,53.05649,53.228568,52.388511,52.787216,30864000
2019-01-14,52.235277,52.488683,51.997742,52.144527,28490000
2019-01-15,52.466855,53.967453,52.289817,53.880173,37518000
2019-01-16,54.053251,54.666185,53.954568,54.02895,38280000
2019-01-17,53.953575,54.583863,53.71901,54.505512,24896000
2019-01-18,54.975134,55.441778,54.513449,54.911163,44892000
2019-01-22,54.350791,54.498076,53.105582,53.48941,39632000
2019-01-23,53.89754,54.199545,52.94095,53.776047,25194000
2019-01-24,53.68182,53.954072,53.062439,53.755711,29114000
2019-01-25,54.263016,54.715775,54.142514,54.624035,23260000
2019-01-28,54.056725,54.220369,53.290058,53.550407,29334000
2019-01-29,53.608922,53.791911,52.864079,53.064423,19704000
2019-01-30,53.426432,54.525351,53.390728,54.449478,29452000
2019-01-31,55.156134,55.921309,54.8095,55.833038,40232000
2019-02-01,55.654509,56.255049,55.255808,55.472515,33116000
2019-02-04,55.491862,56.6488,55.417476,56.603176,78408000
2019-02-05,56.018507,57.166024,55.71948,57.121391,82296000
2019-02-06,56.992457,57.227018,55.459624,55.684269,48256000
2019-02-07,55.135304,55.143733,54.231276,54.842228,38298000
2019-02-08,54.295249,54.802062,54.263514,54.667175,21766000
2019-02-11,54.735115,55.215148,54.549152,54.654282,18498000
2019-02-12,55.09514,56.178687,55.09514,55.916851,35036000
2019-02-13,56.187611,56.674092,55.838496,55.968918,28042000
2019-02-14,55.788907,56.340845,55.396649,55.997185,21106000
2019-02-15,56.498041,56.498041,55.378295,55.522602,27826000
2019-02-19,55.37433,56.019,55.37433,55.863785,21980000
2019-02-20,55.981317,56.082977,55.131839,55.570213,24090000
2019-02-21,55.48046,55.498809,54.448984,54.757931,33272000
2019-02-22,55.030174,55.404579,54.573946,55.370361,29436000
2019-02-25,55.636661,55.808738,55.248867,55.408546,26208000
2019-02-26,55.261756,55.86031,54.881401,55.640625,35026000
2019-02-27,55.243908,55.825103,54.973643,55.684269,22092000
2019-02-28,55.491368,56.234725,55.462111,55.865772,27422000
2019-03-01,56.086446,57.02866,56.086446,56.955265,34086000
2019-03-04,57.254789,57.798298,56.445972,57.198257,35490000
2019-03-05,57.326203,58.342307,57.178426,57.980297,40094000
2019-03-06,58.107739,58.255516,57.675808,57.769535,23602000
2019-03-07,57.549359,57.702096,56.617558,57.070812,30086000
2019-03-08,56.230257,57.199746,56.046773,57.027172,23694000
2019-03-11,57.127838,58.511899,57.106514,58.479668,30032000
2019-03-12,58.630418,59.791321,58.630418,59.371788,42220000
2019-03-13,59.802234,59.861244,59.40452,59.461548,25888000
2019-03-14,59.459567,59.741239,59.07326,59.137726,27302000
2019-03-15,59.408988,59.59346,58.863989,59.027142,51886000
2019-03-18,58.996893,59.257738,58.589758,58.940361,24442000
2019-03-19,59.097553,59.677265,58.98548,59.630154,29788000
2019-03-20,59.577592,60.995375,59.487834,60.818832,41508000
2019-03-21,60.499966,61.315226,60.330366,61.299854,28150000
2019-03-22,60.938847,61.175887,59.805711,59.887535,34422000
2019-03-25,59.48635,59.9763,59.012268,59.378242,27576000
2019-03-26,59.76554,59.887533,58.603646,59.004333,30752000
2019-03-27,59.107481,59.107481,57.734328,58.417683,29428000
2019-03-28,58.293213,58.379993,57.694659,58.133034,22402000
2019-03-29,58.525293,58.713243,57.840951,58.362144,30890000
2019-04-01,58.890275,59.518085,58.83176,59.457588,27706000
2019-04-02,59.510642,59.796284,59.073755,59.782894,18288000
2019-04-03,60.137958,60.529721,59.760085,60.044235,22180000
2019-04-04,60.068038,60.527244,59.956461,60.472694,21022000
2019-04-05,60.465254,60.519308,60.005553,60.07597,20012000
2019-04-08,60.059112,60.199947,59.74124,59.918774,21750000
2019-04-09,59.60189,59.862731,59.427826,59.64156,19668000
2019-04-10,59.760579,59.951498,59.540894,59.828018,15510000
2019-04-11,59.949524,60.139952,59.733313,59.983742,16998000
2019-04-12,60.282768,60.651225,60.167226,60.635357,24312000
2019-04-15,60.702794,60.96116,60.230202,60.823795,23796000
2019-04-16,60.99587,61.292418,60.749901,61.090588,22622000
2019-04-17,61.342992,61.744675,61.139675,61.498707,30366000
2019-04-18,61.739718,61.786334,61.46251,61.564667,24750000
2019-04-22,61.326642,62.202899,61.162993,62.174137,19084000
2019-04-23,62.316951,63.199159,62.085364,63.008732,31868000
2019-04-24,63.008734,63.177838,62.474155,62.486053,23396000
2019-04-25,62.994354,63.118329,62.384398,62.847569,31344000
2019-04-26,63.147087,63.421322,62.731523,63.347431,27228000
2019-04-29,63.500655,64.316915,63.064264,64.278725,72368000
2019-04-30,59.043507,59.556763,58.665134,59.456593,133178000
2019-05-01,59.38419,59.470974,58.103772,58.185101,74340000
2019-05-02,58.149394,58.485616,57.441742,57.847389,45098000
2019-05-03,58.387922,59.081689,58.196507,58.989948,41588000
2019-05-06,58.119639,59.281537,58.077984,59.183846,31774000
2019-05-07,58.804479,59.248804,57.772507,58.459827,36604000
2019-05-08,58.381968,58.72811,57.902929,58.059139,25520000
2019-05-09,57.653496,58.222292,57.258756,57.919792,29556000
2019-05-10,57.96294,58.331889,56.848649,57.903431,31650000
2019-05-13,56.792609,57.126349,55.8137,56.363651,45626000
2019-05-14,56.647804,56.774258,55.716003,55.78196,40392000
2019-05-15,55.667412,58.432065,55.610384,58.060139,59302000
2019-05-16,58.111703,59.218556,57.943594,58.739513,35308000
2019-05-17,58.309576,58.828288,57.842932,57.959965,25362000
2019-05-20,57.177429,57.177429,56.440519,56.763847,30602000
2019-05-21,57.250819,57.425379,56.696899,57.248837,20562000
2019-05-22,57.09065,57.712013,57.078251,57.318764,18826000
2019-05-23,56.833773,57.031139,56.193564,56.797569,25214000
2019-05-24,57.127839,57.244872,56.369607,56.463829,18554000
2019-05-28,56.606158,57.350506,56.466807,56.510944,20948000
2019-05-29,56.170746,56.284805,55.141752,55.537979,36230000
2019-05-30,55.548395,55.87817,55.337635,55.610878,18088000
2019-05-31,54.828847,55.213664,54.715284,54.871494,31582000
2019-06-03,52.909207,52.912677,50.930562,51.511261,96890000
2019-06-04,51.796396,52.488181,51.376863,52.292297,60512000
2019-06-05,52.317596,52.407354,51.226614,51.803841,46988000
2019-06-06,51.881704,52.06965,51.35109,51.958569,29020000
2019-06-07,52.281894,53.231546,52.126675,52.980618,43828000
2019-06-10,53.408573,54.293263,53.323279,53.694214,28510000
2019-06-11,54.399884,54.748009,53.536026,53.608921,33508000
2019-06-12,53.554877,53.682322,53.041617,53.512726,23670000
2019-06-13,53.79092,54.380049,53.684798,54.103336,20814000
2019-06-14,54.040361,54.289303,53.630748,53.86977,24582000
2019-06-17,54.00862,54.612625,53.95407,54.246155,19770000
2019-06-18,55.119432,55.480447,54.588322,54.808998,34526000
2019-06-19,54.908179,55.016782,54.352273,54.772797,26714000
2019-06-20,55.625258,55.675843,54.896283,55.203743,24018000
2019-06-21,55.038111,55.866761,55.031168,55.807255,50774000
2019-06-24,55.540952,55.71799,55.209195,55.377304,24236000
2019-06-25,55.296968,55.327712,53.785458,53.933239,31644000
2019-06-26,54.102839,54.307151,53.244436,53.573215,34698000
2019-06-27,53.892089,53.976887,53.351554,53.390236,24078000
2019-06-28,53.419988,53.696205,53.249893,53.696205,33672000
2019-07-01,54.600728,54.975136,54.317569,54.549156,29196000
2019-07-02,54.788673,55.188369,54.532788,55.173988,20630000
2019-07-03,55.466566,55.937179,55.285563,55.689228,20154000
2019-07-05,55.509712,56.267449,55.41698,56.169262,29794000
2019-07-08,55.832052,55.898504,55.132337,55.381775,29888000
2019-07-09,55.060921,55.930734,54.903719,55.753696,29472000
2019-07-10,56.151901,56.648794,56.069581,56.577881,30710000
2019-07-11,56.838228,57.189327,56.509448,56.735081,26004000
2019-07-12,56.678058,56.904686,56.461351,56.797569,21878000
2019-07-15,56.797567,57.062381,56.532758,57.053951,21164000
2019-07-16,56.866497,57.454143,56.866497,57.200241,25352000
2019-07-17,57.074283,57.4472,56.861045,56.866997,19538000
2019-07-18,56.631943,56.937916,56.178692,56.891796,25450000
2019-07-19,56.994929,57.107002,56.098836,56.113712,23184000
2019-07-22,56.308116,56.533752,55.799325,56.493584,28914000
2019-07-23,56.703851,56.972134,56.178196,56.931965,20648000
2019-07-24,56.166782,56.803518,55.962965,56.519367,27192000
2019-07-25,56.480688,56.710789,55.724938,56.331425,54762000
2019-07-26,60.896691,62.899634,60.896691,61.750633,121216000
2019-07-29,61.615742,61.937583,61.005782,61.583012,41382000
2019-07-30,60.847097,61.338538,60.763786,60.89669,28616000
2019-07-31,60.741468,61.239352,59.913809,60.410702,39960000
2019-08-01,60.382437,61.308283,59.855292,60.092335,35426000
2019-08-02,59.656942,59.979274,59.012268,59.32568,34910000
2019-08-05,58.167745,58.361646,56.669133,57.264214,47840000
2019-08-06,57.798299,58.585789,57.600434,58.07402,36014000
2019-08-07,57.415454,58.509909,57.070307,58.313534,30686000
2019-08-08,58.835232,59.819597,58.218828,59.815136,30116000
2019-08-09,59.507673,59.72934,58.758861,58.957718,20418000
2019-08-12,58.516358,58.794557,57.956982,58.24361,22064000
2019-08-13,58.236178,59.77744,58.168738,59.346004,28434000
2019-08-14,58.321472,58.654717,57.57762,57.735317,35430000
2019-08-15,57.94261,58.338833,57.673336,57.986744,28506000
2019-08-16,58.555543,58.706793,58.169236,58.477188,24916000
2019-08-19,59.10302,59.973825,59.032107,59.529991,24450000
2019-08-20,59.277573,59.408986,58.667612,58.691414,20206000
2019-08-21,59.300878,59.535935,58.909116,59.090614,14152000
2019-08-22,59.20071,59.44767,58.462314,59.087646,17352000
2019-08-23,58.772747,59.293445,57.028662,57.206196,36254000
2019-08-26,57.497293,58.112705,57.269178,58.078983,21166000
2019-08-27,58.665136,58.764315,57.750693,58.061127,23460000
2019-08-28,57.766064,58.441977,57.536959,58.206425,16810000
2019-08-29,58.834729,59.467995,58.778197,59.222527,19636000
2019-08-30,59.525531,59.525531,58.800025,59.038555,18064000
2019-09-03,58.608106,58.966643,57.708544,57.99815,25908000
2019-09-04,58.48909,58.758364,58.096336,58.628933,21312000
2019-09-05,59.193767,60.202433,59.145665,60.112675,26394000
2019-09-06,59.961426,60.150363,59.669833,59.821583,18972000
2019-09-09,59.859259,60.527238,59.169461,59.769501,31854000
2019-09-10,59.314268,60.004066,59.310299,59.790829,27922000
2019-09-11,59.701072,60.622458,59.621231,60.499969,23522000
2019-09-12,60.672045,61.611777,60.626916,61.242332,31644000
2019-09-13,61.100506,61.543844,60.851068,61.493259,23676000
2019-09-16,61.017688,61.443172,60.757339,61.076702,28218000
2019-09-17,61.076702,61.24382,60.666094,60.989918,20806000
2019-09-18,61.00777,61.30531,60.324915,61.127281,17440000
2019-09-19,61.110919,61.706991,61.110424,61.429783,16554000
2019-09-20,61.176375,61.630621,60.6775,60.987934,37692000
2019-09-23,60.825781,61.47591,60.687424,61.228455,20798000
2019-09-24,61.491771,61.844356,60.035806,60.417152,35804000
2019-09-25,60.302104,61.889486,59.964395,61.786339,26798000
2019-09-26,61.597889,61.723355,61.08612,61.605328,23166000
2019-09-27,61.632108,61.739225,60.261932,60.795029,34122000
2019-09-30,60.529717,60.867425,60.173662,60.556496,24470000
2019-10-01,60.623448,61.137699,59.783391,59.805706,24504000
2019-10-02,59.334597,59.44667,58.15088,58.413212,33030000
2019-10-03,58.681993,59.061853,57.680274,58.983997,28368000
2019-10-04,59.225003,60.126056,59.060363,60.05167,24282000
2019-10-07,59.855298,60.445918,59.72438,59.917286,17040000
2019-10-08,59.447173,59.848852,58.98648,59.018715,20086000
2019-10-09,59.574123,59.9277,59.414936,59.627182,15948000
2019-10-10,59.438739,60.282761,59.402044,59.977783,12842000
2019-10-11,60.699814,60.93388,60.184572,60.287224,22330000
2019-10-14,60.196968,60.791552,60.097293,60.389378,13296000
2019-10-15,60.574354,61.845347,60.545592,61.602852,27584000
2019-10-16,61.581527,62.195453,61.41887,61.640541,22986000
2019-10-17,62.057096,62.669535,61.981223,62.126522,20958000
2019-10-18,62.220251,62.389847,61.498714,61.710464,31624000
2019-10-21,61.923207,62.161733,61.491276,61.704018,18094000
2019-10-22,61.713938,61.924698,61.484337,61.551285,22862000
2019-10-23,61.502188,62.386379,61.502188,62.366047,21282000
2019-10-24,62.439442,62.627387,62.104211,62.439442,20224000
2019-10-25,62.086851,62.880297,61.945521,62.696812,27104000
2019-10-28,63.227436,64.429499,63.09404,63.920704,65428000
2019-10-29,63.277015,63.515049,62.265871,62.516304,52654000
2019-10-30,62.243062,62.881289,62.019908,62.518288,29204000
2019-10-31,62.483574,62.806902,61.961885,62.424065,31904000
2019-11-01,62.771194,63.128244,62.46919,63.091049,28812000
2019-11-04,63.282476,64.095259,63.282476,63.951942,30632000
2019-11-05,64.030784,64.33031,63.940534,64.042686,25148000
2019-11-06,63.975749,64.119557,63.587956,64.02137,24626000
2019-11-07,64.183518,65.590393,64.157239,64.811333,45140000
2019-11-08,64.542556,65.315669,64.542556,64.91349,30392000
2019-11-11,64.66554,64.710177,64.262378,64.381889,17234000
2019-11-12,64.396263,64.930846,64.181538,64.328819,28852000
2019-11-13,64.128961,64.592136,64.077885,64.277733,20538000
2019-11-14,64.219232,65.246743,64.166665,64.920929,28948000
2019-11-15,65.213511,66.130432,65.056801,66.130432,39286000
2019-11-18,66.070919,66.149274,65.268552,65.451042,27984000
2019-11-19,65.787764,65.787764,65.050858,65.091522,21864000
2019-11-20,65.030523,65.122263,63.932103,64.559418,28892000
2019-11-21,64.429984,65.018617,64.008464,64.474121,25546000
2019-11-22,64.615942,64.809343,63.939534,64.153267,27776000
2019-11-25,64.28173,64.983427,64.249495,64.74688,23590000
2019-11-26,64.958611,65.161932,64.667521,65.111847,21910000
2019-11-27,65.231852,65.341942,64.93679,65.068695,18808000
2019-11-29,64.794465,64.960588,64.627344,64.669991,12802000
2019-12-02,64.594132,64.736956,63.494221,63.914749,26538000
2019-12-03,63.408927,64.32982,63.329089,64.206337,25270000
2019-12-04,64.769682,65.670736,64.618428,65.406418,35506000
2019-12-05,65.806113,65.854715,65.177315,65.804131,24408000
2019-12-06,66.091253,66.573269,66.01588,66.420532,32968000
2019-12-09,66.394256,67.321097,66.255896,66.59906,30842000
2019-12-10,66.447811,66.847507,66.153241,66.594101,17606000
2019-12-11,66.862384,66.941231,66.505335,66.661545,20480000
2019-12-12,66.609975,67.173812,66.361532,66.871811,29114000
2019-12-13,66.842542,67.013629,66.533103,66.791466,33170000
2019-12-16,67.194643,67.617645,66.976944,67.47731,28128000
2019-12-17,67.562103,67.657317,66.984873,67.189186,32948000
2019-12-18,67.293812,67.414314,66.969497,67.041397,23330000
2019-12-19,67.0414,67.320102,66.884698,67.266045,28922000
2019-12-20,67.596312,67.640941,66.982882,67.007179,50090000
2019-12-23,67.379615,67.534334,66.847513,66.977936,19936000
2019-12-24,66.957104,67.04637,66.657585,66.670471,13468000
2019-12-26,66.775598,67.601279,66.724023,67.565071,23662000
2019-12-27,67.640947,67.792201,67.09546,67.176788,23212000
2019-12-30,67.284388,67.293809,66.343662,66.436394,19994000
2019-12-31,66.242007,66.483511,66.060509,66.420532,19514000
2020-01-02,66.867828,67.873016,66.772614,67.873016,27278000
2020-01-03,66.847506,68.124451,66.813781,67.51796,23408000
2020-01-06,67.027511,69.342877,66.996275,69.317589,46768000
2020-01-07,69.44901,69.599764,69.007658,69.183701,34330000
2020-01-08,69.169312,70.013833,69.060712,69.676125,35314000
2020-01-09,70.513695,70.84843,69.9325,70.407578,33200000
2020-01-10,70.887624,71.15888,70.398169,70.862328,26258000
2020-01-13,71.174246,71.483193,70.6843,71.411293,30730000
2020-01-14,71.409809,71.540231,70.803318,70.943169,26076000
2020-01-15,71.06366,71.44848,70.996216,71.370125,21550000
2020-01-16,71.680054,71.940407,71.409789,71.913628,26080000
2020-01-17,72.527551,73.420667,72.230507,73.369591,52424000
2020-01-21,73.343816,73.883363,72.907919,73.50499,48930000
2020-01-22,73.875925,74.413973,73.525322,73.58532,28458000
2020-01-23,73.76781,74.062872,73.409269,73.625977,26650000
2020-01-24,74.029147,74.097581,72.559293,72.707573,29786000
2020-01-27,70.990274,71.240207,70.393204,70.999695,34132000
2020-01-28,71.496098,72.143745,70.931762,71.930511,29724000
2020-01-29,72.325229,72.606905,71.67709,72.237953,21566000
2020-01-30,71.315572,72.166041,71.161843,72.116455,27110000
2020-01-31,72.79137,72.881128,70.768092,71.05175,43822000
2020-02-03,72.483425,73.705828,72.233492,73.522339,71636000
2020-02-04,72.128366,72.765594,70.518669,71.678085,95880000
2020-02-05,72.580609,72.628712,70.898021,71.709808,36376000
2020-02-06,72.003904,73.470785,71.929522,73.193573,37822000
2020-02-07,72.768071,73.653749,72.669884,73.349266,28360000
2020-02-10,73.256031,74.825555,73.155362,74.814644,38302000
2020-02-11,75.043271,75.866968,74.655477,74.884087,34852000
2020-02-12,75.171706,75.391886,74.815156,75.309074,31042000
2020-02-13,74.881089,75.672052,74.583545,75.049202,22914000
2020-02-14,75.105741,75.379479,74.660416,75.314018,23198000
2020-02-18,75.096329,75.900678,74.93119,75.349236,25642000
2020-02-19,75.734053,75.909604,75.425606,75.618507,22746000
2020-02-20,75.327907,75.727604,74.59645,75.227737,25962000
2020-02-21,74.612323,74.928216,73.31852,73.56498,42520000
2020-02-24,70.569249,71.23029,69.762918,70.411057,49560000
2020-02-25,70.963491,71.253589,68.455223,68.747803,51580000
2020-02-26,69.177252,70.104093,68.263304,68.953598,49776000
2020-02-27,67.399941,67.908736,65.173341,65.208549,62290000
2020-02-28,63.193197,66.572266,62.890697,66.413582,80198000
2020-03-02,67.015621,68.804827,65.716854,68.747803,55430000
2020-03-03,69.311149,69.832338,65.917195,66.337723,56602000
2020-03-04,67.391016,68.572255,66.302017,68.513741,47598000
2020-03-05,66.726013,67.126708,64.548514,65.199135,54380000
2020-03-06,62.977005,64.603557,62.345225,64.255936,64640000
2020-03-09,59.754134,62.123055,59.410969,60.291195,69252000
2020-03-10,62.205374,63.269577,60.227716,63.235855,54872000
2020-03-11,61.901882,62.331331,59.068795,60.048695,54732000
2020-03-12,55.670878,58.950273,54.969177,55.121914,94326000
2020-03-13,58.267915,60.222263,55.158612,60.215816,79400000
2020-03-16,54.03391,56.804015,52.916645,53.21022,96520000
2020-03-17,54.084992,55.838497,52.025018,55.444752,83194000
2020-03-18,52.562575,54.796609,51.424974,54.112267,93044000
2020-03-19,53.964976,57.158086,52.344867,55.127865,74064000
2020-03-20,56.081483,56.457378,52.669683,52.972679,82878000
2020-03-23,52.385537,52.908218,50.030006,52.274456,83672000
2020-03-24,54.746524,56.201993,53.876214,56.037354,72468000
2020-03-25,55.768082,56.838732,53.706621,54.629494,90324000
2020-03-26,55.279117,58.093854,54.153918,57.669361,76562000
2020-03-27,55.911388,57.080724,54.747507,55.057941,62794000
2020-03-30,56.167777,57.078251,54.474273,56.845673,58736000
2020-03-31,56.965677,58.189063,56.370097,57.621258,65228000
2020-04-01,55.739315,56.008093,54.226319,54.65329,51970000
2020-04-02,54.549151,55.678319,54.208469,55.393673,56410000
2020-04-03,55.278622,55.480949,53.313366,54.187141,51374000
2020-04-06,56.185625,59.049453,55.788903,58.674553,63320000
2020-04-07,60.351695,60.538653,58.379992,58.643314,61620000
2020-04-08,59.661892,60.247056,58.71224,59.855293,40334000
2020-04-09,60.409712,60.598649,59.132268,59.833969,54028000
2020-04-13,59.582551,60.228216,58.631908,60.024399,38702000
2020-04-14,61.490284,63.264617,60.923466,62.742931,63358000
2020-04-15,61.814611,63.232889,61.194238,62.349689,42236000
2020-04-16,62.837642,63.146093,61.402505,62.356121,57896000
2020-04-17,63.559681,63.97128,62.781116,63.425789,51050000
2020-04-20,62.974018,63.317678,62.30703,62.5406,35292000
2020-04-21,61.626162,61.987672,59.756116,60.111183,49648000
2020-04-22,61.546813,63.469422,61.352916,62.404724,46296000
2020-04-23,62.768217,63.879534,62.509854,63.037491,34202000
2020-04-24,62.235622,63.361815,61.690131,63.30677,37402000
2020-04-27,64.07046,64.174603,62.734502,63.022125,44186000
2020-04-28,63.634069,63.711425,61.014715,61.12431,80700000
2020-04-29,66.698742,67.450032,65.792732,66.558899,108358000
2020-04-30,66.022332,66.946691,65.533369,66.783043,55842000
2020-05-01,65.661807,67.017605,64.946224,65.32608,48872000
2020-05-04,64.87035,65.680654,64.269314,65.602791,30806000
2020-05-05,66.326804,67.988569,66.204319,66.898079,39666000
2020-05-06,67.343404,67.873523,66.705178,66.720055,31732000
2020-05-07,67.507554,68.236038,67.072649,67.902786,30652000
2020-05-08,68.524653,69.259577,68.038173,68.64962,33326000
2020-05-11,68.275198,70.196316,68.211228,69.60421,32718000
2020-05-12,69.833824,70.136816,68.16214,68.195366,33918000
2020-05-13,68.243972,68.698718,65.856206,66.863876,40368000
2020-05-14,66.129439,67.312161,65.622627,67.286873,36660000
2020-05-15,66.860407,68.165614,66.401197,68.09024,41544000
2020-05-18,67.520941,69.06716,67.154963,68.691269,47094000
2020-05-19,68.706152,69.053773,68.124957,68.156693,31586000
2020-05-20,68.888637,70.022765,68.802352,69.88044,38262000
2020-05-21,69.971185,70.242442,69.147987,69.760925,30894000
2020-05-22,69.619589,70.269219,69.225348,70.082764,28544000
2020-05-26,71.507011,71.663221,70.388259,70.485947,44590000
2020-05-27,70.418,70.683309,69.158413,70.431885,31684000
2020-05-28,69.426192,71.630969,69.380572,70.330719,35170000
2020-05-29,70.439325,71.247647,70.218653,71.088463,37044000
2020-06-01,70.700665,71.488156,70.531062,71.155403,25162000
2020-06-02,71.16184,71.558563,70.497826,71.524345,23442000
2020-06-03,71.543683,71.856595,70.994224,71.372597,27732000
2020-06-04,71.250125,71.475269,69.724238,70.135338,26982000
2020-06-05,70.201788,71.722226,69.804074,71.410797,42642000
2020-06-08,70.729423,71.856105,70.640157,71.808502,33878000
2020-06-09,71.669651,72.788403,71.526826,72.008842,33624000
2020-06-10,72.476489,73.03487,72.121921,72.634682,31762000
2020-06-11,71.460876,71.985047,69.347347,69.520416,47144000
2020-06-12,70.70861,71.137567,68.72203,70.066917,36676000
2020-06-15,68.905005,70.665948,68.791441,70.454697,30468000
2020-06-16,71.856103,72.261255,70.863808,71.730644,30648000
2020-06-17,72.051495,72.510697,71.168291,72.031654,30610000
2020-06-18,71.898262,72.052981,70.727435,71.11821,34862000
2020-06-19,71.409796,71.632951,70.368401,70.648094,52784000
2020-06-22,70.666443,71.952808,70.377828,71.938423,29442000
2020-06-23,72.00488,73.155374,71.65775,72.598969,37752000
2020-06-24,72.564256,73.184625,70.913895,71.047791,31592000
2020-06-25,70.974394,71.524845,70.395182,71.464348,23958000
2020-06-26,71.044308,71.262007,67.194626,67.568535,97640000
2020-06-29,67.459454,69.327022,67.028514,69.285858,45074000
2020-06-30,69.271464,70.616343,68.778037,70.321281,40286000
2020-07-01,70.376842,71.830329,70.129383,71.50898,42182000
2020-07-02,71.996939,73.815905,71.958749,72.89402,57218000
2020-07-06,73.797575,74.881119,73.243651,74.367859,44712000
2020-07-07,74.193286,75.44246,73.874419,73.88533,42364000
2020-07-08,74.424877,74.939128,74.003357,74.563728,31766000
2020-07-09,74.877647,75.830277,74.166529,75.31057,41836000
2020-07-10,75.042281,76.435271,74.420921,76.319725,35918000
2020-07-13,76.861749,78.17192,74.71053,74.991707,42954000
2020-07-14,74.027664,75.51586,73.687473,75.419655,38108000
2020-07-15,75.537177,76.186807,74.277591,75.222282,31026000
2020-07-16,74.459587,75.174185,73.80351,75.125092,26484000
2020-07-17,75.223768,75.5471,74.29098,75.220795,34264000
2020-07-20,75.12905,77.807413,74.519093,77.551033,30166000
2020-07-21,78.601861,78.702031,76.994639,77.158287,27486000
2020-07-22,77.147865,77.706746,76.52898,77.60112,24482000
2020-07-23,77.654686,77.873875,74.811183,75.215843,33910000
2020-07-24,74.345044,75.150384,73.769796,74.792343,29902000
2020-07-27,75.042783,76.24782,74.996663,75.84465,27124000
2020-07-28,75.624962,75.675047,74.410997,74.566216,30910000
2020-07-29,74.633151,76.038036,74.534464,75.551064,22676000
2020-07-30,74.284533,76.412946,74.145682,76.287979,36042000
2020-07-31,74.238923,74.634155,72.104064,73.787651,91468000
2020-08-03,73.938891,74.272627,72.982789,73.530266,45482000
2020-08-04,73.726163,74.043539,72.601456,73.061157,37212000
2020-08-05,73.23571,73.889304,72.957999,73.348274,29134000
2020-08-06,73.202478,74.696129,72.991718,74.630669,33306000
2020-08-07,74.833502,75.381471,73.704331,74.304375,27718000
2020-08-10,73.928989,74.739785,73.268939,74.227524,20546000
2020-08-11,74.087661,74.902929,73.303644,73.420181,31098000
2020-08-12,73.746489,74.963928,73.641356,74.74424,22512000
2020-08-13,74.792339,76.218554,74.792339,75.210876,22388000
2020-08-14,75.060124,75.366597,74.335613,74.614807,21942000
2020-08-17,75.177166,75.564468,74.633162,75.190552,19990000
2020-08-18,75.680507,77.230199,75.459834,77.151352,28378000
2020-08-19,76.988187,77.799982,76.36881,76.59742,30472000
2020-08-20,76.367325,78.360851,76.094086,78.166458,26382000
2020-08-21,77.945782,78.941557,77.475177,78.132744,34838000
2020-08-24,78.9708,79.779622,78.106446,78.607803,25638000
2020-08-25,78.357379,79.784586,78.247288,79.634331,25150000
2020-08-26,79.656649,81.962095,79.39283,81.532639,52188000
2020-08-27,81.655618,81.724053,80.277013,80.758537,31350000
2020-08-28,80.805642,81.394767,80.614223,81.299553,22418000
2020-08-31,81.504858,81.550978,80.600339,80.808617,26422000
2020-09-01,80.939043,82.280949,80.808621,82.075645,22652000
2020-09-02,82.716841,85.597535,82.329047,85.165604,49522000
2020-09-03,84.279418,84.303224,79.726548,80.807617,63726000
2020-09-04,79.790536,81.079383,76.26815,78.41243,55850000
2020-09-08,75.624968,77.139943,75.203449,75.555542,54032000
2020-09-09,76.810168,77.29714,75.633393,76.727356,39242000
2020-09-10,76.873632,78.038004,75.376999,75.677017,33024000
2020-09-11,75.781177,76.304349,74.039075,75.166756,30706000
2020-09-14,75.954728,77.211839,74.63861,74.823082,42660000
2020-09-15,75.768283,76.913814,75.481159,76.126816,23042000
2020-09-16,76.491802,77.081426,74.95996,74.984756,22128000
2020-09-17,73.681512,74.318747,72.523586,73.742508,40008000
2020-09-18,73.804993,74.147166,70.994224,71.95974,63056000
2020-09-21,70.994228,71.412766,69.559091,70.920837,56908000
2020-09-22,71.921557,72.598465,70.88909,72.392662,33950000
2020-09-23,72.009355,72.058448,69.559108,69.891853,37726000
2020-09-24,69.559113,71.310137,69.532826,70.559837,34552000
2020-09-25,70.668424,71.704356,69.807043,71.363182,30326000
2020-09-28,72.996192,73.045778,71.72123,72.335152,30784000
2020-09-29,72.5955,72.996679,72.104055,72.700134,31816000
2020-09-30,72.448214,73.700862,72.191342,72.679306,40924000
2020-10-01,73.574904,74.14073,73.234713,73.785164,32884000
2020-10-02,72.383251,73.345301,71.774286,72.183403,31222000
2020-10-05,72.533013,73.626477,72.406064,73.533745,21602000
2020-10-06,73.170249,73.617549,71.658248,71.956284,26096000
2020-10-07,72.367377,72.84642,71.074066,72.358948,36108000
2020-10-08,72.671859,73.791602,72.671859,73.563492,26076000
2020-10-09,74.031135,74.972853,73.740538,74.903427,32966000
2020-10-12,76.269626,78.769957,75.838187,77.588226,55344000
2020-10-13,78.204147,78.608308,77.292682,77.71122,39072000
2020-10-14,78.084629,78.543331,76.661387,77.531197,33174000
2020-10-15,76.591967,77.925943,76.424853,77.135971,31210000
2020-10-16,77.451365,78.238855,77.244578,77.742462,34194000
2020-10-19,78.150588,78.547311,75.521817,75.87043,29734000
2020-10-20,75.531224,78.04693,75.401793,76.918259,41670000
2020-10-21,77.849068,80.095009,77.714681,78.649452,60322000
2020-10-22,78.600369,80.009719,78.227452,79.674492,30512000
2020-10-23,80.090547,81.03623,79.934829,80.979698,30548000
2020-10-26,80.08806,80.81108,77.746414,78.565147,35826000
2020-10-27,78.795254,79.443393,78.203148,79.288673,25902000
2020-10-28,76.8652,77.053638,74.805722,74.920769,45174000
2020-10-29,75.22922,78.785823,75.205914,77.205887,55406000
2020-10-30,82.688579,83.376891,79.422074,80.143112,99878000
2020-11-02,80.511573,82.232351,80.050381,80.550255,44228000
2020-11-03,80.869609,82.27003,79.944751,81.608498,31432000
2020-11-04,84.579951,87.776039,84.452011,86.57695,71342000
2020-11-05,87.796859,88.856605,86.337917,87.402618,39758000
2020-11-06,86.849195,87.700164,86.122202,87.265259,28622000
2020-11-09,89.0629,90.099824,87.157149,87.34906,53440000
2020-11-10,85.779542,87.247905,85.102633,86.173782,43022000
2020-11-11,86.703393,87.422449,86.438584,86.645378,31838000
2020-11-12,86.386017,87.525601,86.186169,86.426682,26474000
2020-11-13,86.683558,88.128116,86.087486,87.886612,29744000
2020-11-16,87.48395,88.981574,87.344599,87.974396,25468000
2020-11-17,87.668426,88.128627,87.253361,87.36097,21314000
2020-11-18,87.112026,87.526599,86.215929,86.318581,20108000
2020-11-19,85.951128,87.451726,85.791944,87.207741,20106000
2020-11-20,87.37782,87.693214,86.038888,86.107323,27694000
2020-11-23,86.297751,86.583885,84.808065,85.669937,22530000
2020-11-24,85.666965,87.599986,85.331239,87.472046,27984000
2020-11-25,87.665934,87.793375,86.701402,87.483437,19600000
2020-11-27,87.503789,89.113986,87.503789,88.618576,14790000
2020-11-30,88.054729,88.287304,86.675624,87.000938,32418000
2020-12-01,87.608923,90.339355,87.428908,89.032158,37350000
2020-12-02,89.032133,90.885815,88.526811,90.500496,29424000
2020-12-03,90.280822,91.435773,90.105271,90.345291,24728000
2020-12-04,90.26497,90.725164,89.936183,90.440521,20544000
2020-12-07,90.033375,90.714747,89.413006,90.106773,22288000
2020-12-08,89.684753,90.054197,88.82982,89.824097,19936000
2020-12-09,89.776009,90.669133,87.377831,88.16433,31728000
2020-12-10,87.40758,88.022001,85.965996,87.658012,28688000
2020-12-11,87.278641,88.137048,86.918618,88.012573,18628000
2020-12-14,87.810259,88.756434,86.739602,86.894821,33050000
2020-12-15,87.271695,87.476998,86.369657,87.332199,21352000
2020-12-16,87.730405,87.730405,86.736128,87.13929,24676000
2020-12-17,87.473532,87.611393,85.847968,86.312126,34880000
2020-12-18,86.592814,86.701413,85.047087,85.603485,85256000
2020-12-21,84.75599,86.138069,84.005691,86.017067,33974000
2020-12-22,85.757703,85.92036,84.589857,85.305939,20370000
2020-12-23,85.489929,86.490653,85.354543,85.703163,22974000
2020-12-24,85.74135,86.406355,85.510757,85.997238,9312000
2020-12-28,86.530324,88.617573,86.377095,87.970917,27650000
2020-12-29,88.628997,88.690485,87.036158,87.167572,19726000
2020-12-30,87.526585,87.663454,85.691751,86.100868,21026000
2020-12-31,86.151472,87.154678,86.09295,86.913673,21070000
2021-01-04,87.278644,87.40212,84.657312,85.59903,37324000
2021-01-05,85.547452,86.62554,85.141309,86.289322,20360000
2021-01-06,84.316125,86.483711,84.10983,85.437851,46588000
2021-01-07,85.630257,88.162331,85.630257,87.989761,41936000
2021-01-08,88.129611,89.230513,87.33914,89.15464,35484000
2021-01-11,88.12266,88.487648,86.888862,87.094658,34796000
2021-01-12,86.552635,87.670396,85.115515,86.159386,29528000
2021-01-13,85.658025,87.099617,85.658025,86.646362,23432000
2021-01-14,86.726698,87.653047,85.596043,85.836555,29212000
2021-01-15,85.742331,86.664708,84.883932,85.672905,31444000
2021-01-19,86.435622,89.452686,85.931291,88.492126,41660000
2021-01-20,90.569945,94.207385,90.229762,93.232941,64152000
2021-01-21,93.906362,95.812104,93.200193,93.435249,58634000
2021-01-22,93.797761,94.438961,93.055891,93.85231,32744000
2021-01-25,94.853053,95.303333,92.196012,93.937614,50586000
2021-01-26,93.526502,95.002304,93.037547,94.615501,31462000
2021-01-27,92.977045,93.252766,89.127362,90.201485,82512000
2021-01-28,90.79955,93.625687,90.79955,91.900452,55278000
2021-01-29,90.949297,91.619758,89.339607,90.619026,44530000
2021-02-01,91.473476,94.991897,91.473476,93.877609,40252000
2021-02-02,94.872389,96.669532,94.537155,95.169434,66332000
2021-02-03,102.433895,104.467585,99.852228,102.100151,97882000
2021-02-04,102.186436,102.616876,100.920894,101.839806,48596000
2021-02-05,102.133876,103.937966,101.659797,103.585381,29866000
2021-02-08,104.139301,104.883153,102.321825,103.371643,28828000
2021-02-09,102.889623,104.065407,102.651593,102.918884,21892000
2021-02-10,103.303195,104.083747,101.770862,103.468826,25102000
2021-02-11,103.692971,103.841736,102.595043,103.58139,20480000
2021-02-12,103.136076,104.114486,102.828612,103.892822,18990000
2021-02-16,103.730171,106.377791,103.730171,104.669907,31004000
2021-02-17,103.840764,105.252104,103.561578,105.062668,20294000
2021-02-18,104.387249,105.229788,103.808528,104.427414,22546000
2021-02-19,104.525607,105.060682,103.317589,103.584381,37938000
2021-02-22,101.838314,103.16386,101.56061,101.87104,29466000
2021-02-23,99.87404,102.775558,98.695775,102.161629,34658000
2021-02-24,100.669957,103.560072,100.54549,103.336418,22608000
2021-02-25,101.953851,103.296257,99.502115,99.971237,41548000
2021-02-26,100.665505,101.983114,99.230368,100.2668,40042000
2021-03-01,101.560605,102.960534,100.88717,102.634727,26060000
2021-03-02,102.395704,103.878452,101.990559,102.377853,25564000
2021-03-03,101.756478,102.948621,98.882723,99.746094,33892000
2021-03-04,99.917678,102.879201,99.449547,100.862869,49216000
2021-03-05,102.212713,104.446743,100.557887,103.993988,53100000
2021-03-08,103.348816,104.820645,99.437638,99.552193,36868000
2021-03-09,101.647397,102.350085,100.945692,101.18174,33920000
2021-03-10,102.225111,102.225111,100.138853,100.974945,27100000
2021-03-11,102.06741,104.698163,101.979634,104.166061,27702000
2021-03-12,102.969461,103.028967,100.78799,101.659782,33818000
2021-03-15,101.410844,101.907238,100.558393,101.879967,26168000
2021-03-16,102.452725,104.817678,102.120472,103.340393,31900000
2021-03-17,102.575712,104.089695,101.368193,103.257576,26382000
2021-03-18,101.56952,102.589592,100.131409,100.238525,31700000
2021-03-19,100.654588,101.017086,99.325569,100.51722,46072000
2021-03-22,100.550456,101.577468,99.874539,100.702202,33536000
2021-03-23,101.161401,102.359499,100.568803,101.229836,28510000
2021-03-24,101.747055,102.532562,100.618383,100.793442,25218000
2021-03-25,100.620866,101.443565,98.986373,100.78997,35616000
2021-03-26,100.75675,101.133632,99.371198,100.406647,27978000
2021-03-29,100.279193,101.620608,99.45054,101.451004,26492000
2021-03-30,101.807566,102.288091,100.972964,101.484734,27312000
2021-03-31,101.877985,103.457929,101.511015,102.280655,42570000
2021-04-01,103.754975,105.912142,103.714311,105.616089,39880000
2021-04-05,106.477461,110.53592,106.381256,110.038528,48510000
2021-04-06,109.639823,110.486826,109.187067,109.557503,35240000
2021-04-07,109.74794,111.30507,109.74794,111.033813,24134000
2021-04-08,112.27208,112.65839,111.231183,111.599144,28664000
2021-04-09,111.351687,112.766493,110.946036,112.602844,26146000
2021-04-12,111.782125,111.919486,110.477902,111.31102,25024000
2021-04-13,111.626906,112.245791,111.233157,111.797493,25682000
2021-04-14,112.442162,112.442162,110.88454,111.17662,21002000
2021-04-15,112.170416,113.858959,111.635832,113.325859,29174000
2021-04-16,113.523722,113.771673,112.615231,113.201881,26282000
2021-04-19,112.578551,114.260148,112.578551,113.549522,30290000
2021-04-20,113.932833,114.007714,111.930885,113.016411,22288000
2021-04-21,112.671268,113.065509,111.320925,112.983688,23204000
2021-04-22,112.837394,113.505872,111.097774,111.702774,24146000
2021-04-23,112.420845,114.360813,112.135704,114.053848,29066000
2021-04-26,114.281461,115.273763,113.924411,114.549744,32038000
2021-04-27,114.931597,114.972262,113.370994,113.610023,44386000
2021-04-28,118.644405,120.57247,116.696508,116.985123,81106000
2021-04-29,118.482244,119.222622,117.719543,118.657295,41234000
2021-04-30,117.430443,118.116272,116.36624,116.710396,44856000
2021-05-03,117.276209,118.10139,115.817766,116.193657,28242000
2021-05-04,114.729263,115.296573,111.909074,114.396019,44818000
2021-05-05,115.477084,115.79297,114.467923,114.789764,26636000
2021-05-06,114.371227,115.909515,113.712176,115.909515,25190000
2021-05-07,117.225643,117.590623,116.346405,116.632538,28898000
2021-05-10,115.452782,115.594615,113.290652,113.648201,30914000
2021-05-11,111.234146,113.079391,110.780392,112.572578,34186000
2021-05-12,110.397075,111.477645,108.781923,109.110703,46376000
2021-05-13,110.393599,111.05414,109.43155,110.538406,33204000
2021-05-14,112.001303,113.299571,111.577802,112.985168,31996000
2021-05-17,112.250754,113.550513,111.851058,113.507866,21598000
2021-05-18,114.173855,114.438173,112.182312,112.196198,22204000
2021-05-19,110.508147,112.817059,110.359874,112.64399,23684000
2021-05-20,113.611007,114.652395,113.240072,114.40197,32352000
2021-05-21,114.92068,114.994078,113.526699,113.76622,40632000
2021-05-24,114.79571,117.307943,114.650411,117.084297,31832000
2021-05-25,117.627804,118.222884,116.784773,117.175049,22440000
2021-05-26,117.356047,118.470342,117.353073,118.039902,21572000
2021-05-27,118.473323,118.473323,116.847266,117.165634,35224000
2021-05-28,117.747819,117.829639,116.678161,116.876518,21482000
2021-06-01,117.74881,118.307691,116.74907,118.083046,23354000
2021-06-02,118.478286,118.700949,116.653865,117.557899,21158000
2021-06-03,116.325069,116.88494,115.521211,116.416809,18696000
2021-06-04,117.492435,118.968236,117.152244,118.697472,24458000
2021-06-07,118.492667,119.239992,118.074129,119.130394,24120000
2021-06-08,119.611908,119.984326,118.757466,118.938965,24240000
2021-06-09,119.583149,119.655049,118.862603,119.41008,17942000
2021-06-10,119.359501,120.801584,119.20379,120.758438,25904000
2021-06-11,120.999951,121.085244,119.956572,120.513969,21958000
2021-06-14,120.616115,121.442287,119.908962,121.441795,22098000
2021-06-15,121.446242,121.769074,120.063672,120.424194,21562000
2021-06-16,120.575447,120.886876,118.49068,119.782501,26472000
2021-06-17,119.708113,121.51815,119.51223,120.745537,25842000
2021-06-18,120.372135,120.606201,119.031221,119.126434,46116000
2021-06-21,119.512723,120.999928,118.915653,120.813965,27414000
2021-06-22,120.751989,121.396662,120.071615,121.327728,22390000
2021-06-23,121.092674,122.08646,120.835802,121.1259,19148000
2021-06-24,121.694192,122.046777,121.297477,121.495834,21362000
2021-06-25,120.999942,121.627756,120.56851,121.504272,34594000
2021-06-28,121.672866,121.778499,120.410306,121.53154,28526000
2021-06-29,121.66495,122.012579,120.69348,121.27021,23108000
2021-06-30,120.994477,121.25483,120.359724,121.088699,24474000
2021-07-01,120.727196,121.58213,120.535286,121.440804,18110000
2021-07-02,122.140506,124.376027,122.050748,124.230728,25982000
2021-07-06,124.618521,125.391634,123.561258,125.155586,26404000
2021-07-07,126.11962,126.240614,125.118888,125.437256,24060000
2021-07-08,123.009329,124.56596,123.005364,124.018982,23790000
2021-07-09,124.000139,124.703819,123.530517,124.489594,18632000
2021-07-12,125.143691,126.027885,124.581337,125.934654,17668000
2021-07-13,125.997136,127.00778,125.636121,126.297653,19240000
2021-07-14,126.909094,128.266383,126.865948,127.185806,23742000
2021-07-15,127.594434,127.645011,125.492801,125.963905,24218000
2021-07-16,126.616512,126.763793,125.119387,125.929192,20424000
2021-07-19,125.055916,125.17047,122.492598,123.556808,27968000
2021-07-20,124.498526,126.001606,123.331179,125.174942,26312000
2021-07-21,125.099562,126.550076,124.990463,126.503464,20746000
2021-07-22,126.796032,127.429794,126.453859,127.36879,14302000
2021-07-23,129.36132,132.305492,128.736494,131.924637,41506000
2021-07-26,132.235573,133.136619,131.216984,132.936279,30572000
2021-07-27,133.150029,133.29731,129.037519,130.818787,54710000
2021-07-28,135.194609,137.163338,134.168589,134.978394,95130000
2021-07-29,135.033949,135.540762,134.43193,134.664505,31716000
2021-07-30,133.928089,134.195381,133.154484,133.622116,25576000
2021-08-02,134.009414,134.227113,132.697261,133.749069,21634000
2021-08-03,134.027251,134.619357,132.226643,134.518204,20762000
2021-08-04,134.240016,134.53756,133.384583,134.017853,19676000
2021-08-05,134.568294,135.232316,133.740632,135.134613,17870000
2021-08-06,134.926833,135.353801,134.101653,134.625809,20488000
2021-08-09,134.828146,136.05947,134.230077,135.79068,17760000
2021-08-10,136.216196,136.643178,135.246715,135.685593,19414000
2021-08-11,136.056979,136.553864,135.154435,135.16188,15352000
2021-08-12,134.860864,136.174516,134.315385,136.069382,16506000
2021-08-13,136.124947,136.726482,135.90973,136.598526,15948000
2021-08-16,136.397696,137.228341,134.189945,137.175766,22384000
2021-08-17,136.620838,137.132115,134.966512,135.54126,21716000
2021-08-18,135.381079,135.980631,134.212242,134.338699,19258000
2021-08-19,133.33352,135.234798,133.149539,134.56781,21782000
2021-08-20,134.885147,136.426409,134.141295,136.302933,31194000
2021-08-23,136.838533,139.719719,136.479501,138.893555,28454000
2021-08-24,139.458865,140.915333,139.188108,140.103546,19268000
2021-08-25,140.464064,141.023935,140.217112,140.914337,15848000
2021-08-26,140.58807,141.250094,140.198286,140.281113,20610000
2021-08-27,140.491337,143.327893,140.337109,142.823563,28780000
2021-08-30,143.216299,144.773935,142.981242,143.405243,24434000
2021-08-31,143.957192,143.981481,143.098293,143.511368,22448000
2021-09-01,143.811398,145.055116,143.695852,144.025131,21936000
2021-09-02,144.025646,144.326655,142.011288,142.112457,32342000
2021-09-03,141.907639,142.973324,141.233205,142.561234,19850000
2021-09-07,142.65545,143.379962,142.441717,143.097794,20124000
2021-09-08,142.918797,143.216326,141.827808,142.513138,18344000
2021-09-09,142.661409,143.127558,142.003849,142.364365,15314000
2021-09-10,143.030375,143.532239,139.584368,139.721237,36840000
2021-09-13,140.7859,141.778202,140.092141,141.165771,22094000
2021-09-14,141.823314,142.187809,140.588025,141.376007,19674000
2021-09-15,141.601146,143.266384,140.188823,143.24556,27408000
2021-09-16,142.770509,143.117147,141.23421,142.4328,26190000
2021-09-17,141.858059,142.274115,139.318547,139.645844,53384000
2021-09-20,137.028942,137.86057,135.204529,137.582367,46518000
2021-09-21,138.603929,138.86379,137.144495,137.893311,25332000
2021-09-22,138.162097,139.732114,137.415763,139.13356,25056000
2021-09-23,139.831799,140.534986,139.250604,140.058426,20952000
2021-09-24,139.386484,141.163802,139.091422,141.04924,22984000
2021-09-27,139.650295,140.775002,138.919336,139.915604,21882000
2021-09-28,137.518423,137.956302,134.250435,134.716583,45772000
2021-09-29,135.857148,136.026751,132.767691,133.252182,30848000
2021-09-30,133.160926,134.431416,132.461204,132.580215,37996000
2021-10-01,133.345379,135.788201,132.973952,135.423706,35360000
2021-10-04,134.846007,134.846007,129.975767,132.563873,51202000
2021-10-05,132.942242,136.099648,132.942242,134.90799,32404000
2021-10-06,133.645435,136.620844,133.447078,136.437363,24364000
2021-10-07,137.753477,138.89406,137.514456,138.083755,25110000
2021-10-08,138.432846,139.180663,138.076296,138.639648,26526000
2021-10-11,138.150206,139.558565,137.720742,137.775299,17954000
2021-10-12,138.33665,138.363437,134.647143,135.330505,36332000
2021-10-13,136.276191,136.868797,135.399934,136.454224,19654000
2021-10-14,138.330702,140.178922,137.68702,139.993958,31894000
2021-10-15,140.453653,140.556304,139.601201,140.209167,30274000
2021-10-18,139.920075,141.625478,139.913129,141.60762,20396000
2021-10-19,142.212099,142.484854,141.431064,142.062836,20164000
2021-10-20,142.163027,142.369329,140.217603,140.606888,23288000
2021-10-21,140.60687,140.990707,139.348276,140.722916,26292000
2021-10-22,138.009328,139.43058,134.940696,136.438812,50588000
2021-10-25,136.422465,136.868773,134.313885,136.320312,34412000
2021-10-26,138.12192,138.934691,137.170782,138.16655,49236000
2021-10-27,138.262279,147.431492,138.262279,145.018936,85782000
2021-10-28,145.928397,145.951703,143.441444,144.653427,36206000
2021-10-29,143.88877,147.026836,143.463785,146.832443,43320000
2021-11-01,146.832431,146.832431,142.051435,142.320709,46924000
2021-11-02,143.394337,145.407195,143.152334,144.240341,33482000
2021-11-03,144.704524,145.466734,143.405765,145.396317,27494000
2021-11-04,145.918488,148.50611,145.108683,147.052124,38412000
2021-11-05,147.946723,149.095235,146.982206,147.631836,38354000
2021-11-08,148.596824,149.380356,147.213754,147.809341,23052000
2021-11-09,148.009721,148.606291,146.03801,147.6978,19530000
2021-11-10,146.290908,146.856243,143.352699,144.697571,29970000
2021-11-11,145.28869,146.326121,144.40697,144.571609,16518000
2021-11-12,145.413651,147.629846,144.219026,147.459244,22360000
2021-11-15,147.679917,148.323599,146.365282,147.235092,23508000
2021-11-16,146.935106,147.543072,146.104961,146.663849,18904000
2021-11-17,146.814079,147.341716,146.033043,146.83342,19594000
2021-11-18,147.026336,149.346167,146.672267,148.610245,35608000
2021-11-19,148.746085,149.728974,147.678418,147.705688,33682000
2021-11-22,148.108367,148.601287,144.949478,145.102707,30594000
2021-11-23,144.954936,145.457784,142.933648,144.586975,27218000
2021-11-24,144.281011,145.05065,143.189537,144.922211,18040000
2021-11-26,143.165248,143.372534,140.679793,141.017502,30470000
2021-11-29,142.819583,145.098251,142.71395,144.33754,32596000
2021-11-30,143.819851,144.803225,140.440781,140.73436,42068000
2021-12-01,142.819611,144.754123,139.756927,139.895279,34020000
2021-12-02,140.092161,142.685231,139.065142,141.794098,29194000
2021-12-03,142.5032,143.216301,139.150902,140.837463,41230000
2021-12-06,141.867958,142.673299,139.001149,141.981522,30618000
2021-12-07,144.402996,146.321648,144.037018,146.062286,32240000
2021-12-08,146.386596,147.176576,145.205864,146.971756,24270000
2021-12-09,146.381172,147.877806,145.909076,146.428284,23270000
2021-12-10,147.48106,147.756282,145.50142,146.788284,24458000
2021-12-13,146.570095,146.757057,144.324661,144.631134,27070000
2021-12-14,142.787861,143.295657,140.057422,142.727356,38446000
2021-12-15,142.233442,145.518289,140.516628,145.240585,36370000
2021-12-16,145.964124,146.466473,142.429828,143.260971,33650000
2021-12-17,141.331873,142.655437,140.141713,140.563232,50416000
2021-12-20,138.852376,140.612335,138.178941,140.446198,27192000
2021-12-21,140.889058,142.689682,139.350777,142.296432,28756000
2021-12-22,141.89475,145.299108,141.89475,145.214798,26322000
2021-12-23,145.299114,147.028322,145.251504,145.712204,26384000
2021-12-27,146.048896,147.127975,145.963103,146.694061,15976000
2021-12-28,147.020872,147.083359,144.857266,145.484573,18200000
2021-12-29,145.442438,146.208613,144.453617,145.45285,17788000
2021-12-30,145.491514,146.09255,144.797755,145.00206,15688000
2021-12-31,144.852805,145.495988,143.664627,143.664627,18136000
2022-01-03,143.865935,144.655415,142.53494,143.802963,28646000
2022-01-04,144.204173,145.284251,142.538451,143.215851,28400000
2022-01-05,143.236164,143.315011,136.559353,136.64563,54618000
2022-01-06,135.875509,138.792895,135.439113,136.618362,37348000
2022-01-07,137.013058,137.313583,134.653561,135.893814,29760000
2022-01-10,133.97074,137.681571,132.072927,137.532791,44408000
2022-01-11,136.87573,139.066622,135.572006,138.590546,28730000
2022-01-12,139.992946,141.439002,139.541189,140.271149,26108000
2022-01-13,140.37977,141.679045,137.274439,137.450989,31436000
2022-01-14,135.955324,139.588307,135.875494,138.337143,29662000
2022-01-18,135.058745,136.007402,134.328286,134.883194,34872000
2022-01-19,135.404375,136.828609,133.908741,134.008911,28648000
2022-01-20,135.133137,136.497865,131.874562,132.214752,29908000
2022-01-21,131.506631,133.759996,129.020178,129.283005,55652000
2022-01-24,124.945336,130.127512,123.479455,129.731781,76622000
2022-01-25,127.684697,128.338292,125.463553,125.894485,46960000
2022-01-26,130.044187,131.909764,126.099782,128.173645,49130000
2022-01-27,130.22766,131.565102,127.875594,127.94751,31950000
2022-01-28,128.596166,132.263367,127.431794,132.257904,34362000
2022-01-31,133.062259,134.362517,131.125765,134.194397,39986000
2022-02-01,136.466577,136.663451,133.267024,136.515671,68644000
2022-02-02,150.010163,150.304226,144.32962,146.786804,123200000
2022-02-03,144.511107,148.448065,141.496018,141.917038,71518000
2022-02-04,142.268671,143.687441,139.36318,142.118408,57998000
2022-02-07,143.067545,143.067545,137.761394,138.059937,54974000
2022-02-08,137.886858,138.852373,135.890858,138.256302,54284000
2022-02-09,139.807978,141.356186,139.037839,140.43132,40144000
2022-02-10,138.558333,140.324725,136.826144,137.483704,39330000
2022-02-11,137.46386,138.015787,132.306474,133.181747,39958000
2022-02-14,132.164172,135.182727,132.164172,134.41507,34302000
2022-02-15,136.442798,136.976397,134.708142,135.488693,26680000
2022-02-16,135.526358,136.954057,133.817974,136.608917,25022000
2022-02-17,135.126177,135.98954,131.39254,131.452545,38950000
2022-02-18,132.37294,132.971009,129.129256,129.334061,45620000
2022-02-22,128.773695,131.096991,127.172427,128.749405,44990000
2022-02-23,130.569346,130.968543,126.482124,126.54213,32786000
2022-02-24,123.929218,131.909759,123.929218,131.603287,54456000
2022-02-25,132.457253,134.162655,130.671505,133.357315,36406000
2022-02-28,131.959354,134.638701,131.5056,133.949905,38864000
2022-03-01,133.772859,135.13857,132.126478,132.962555,26496000
2022-03-02,133.524439,134.153729,131.980695,133.468399,23520000
2022-03-03,134.895099,135.321083,131.935067,132.80191,24604000
2022-03-04,131.837837,132.754259,129.269057,130.825195,30430000
2022-03-07,130.410157,130.655127,125.259718,125.342537,45112000
2022-03-08,125.215096,130.17411,124.644313,126.062592,40428000
2022-03-09,130.174114,132.639244,128.835674,132.326324,37026000
2022-03-10,130.189973,132.179526,129.83937,131.343933,27102000
2022-03-11,132.394262,132.698752,128.568884,128.805923,31526000
2022-03-14,129.182312,129.340006,124.248095,124.918549,38812000
2022-03-15,125.935175,128.79009,124.689966,128.138962,30920000
2022-03-16,129.66137,132.240048,127.679247,132.187988,35576000
2022-03-17,132.057551,132.981419,131.101449,132.741898,28264000
2022-03-18,132.33081,135.127202,131.174368,135.009674,44566000
2022-03-21,135.047328,135.926566,132.993306,134.98584,26832000
2022-03-22,134.985831,139.893768,134.985831,138.721451,35496000
2022-03-23,137.5655,138.444239,136.705118,137.141998,25154000
2022-03-24,138.058949,140.458126,136.621337,140.411514,26396000
2022-03-25,140.752677,140.870705,138.592038,140.511673,24126000
2022-03-28,139.745501,140.838473,138.665423,140.295959,35050000
2022-03-29,141.478191,142.614793,140.874174,141.337341,34318000
2022-03-30,141.292219,141.550581,140.439268,140.774994,19884000
2022-03-31,140.888568,140.943125,137.884904,137.927551,37524000
2022-04-01,138.356483,139.319516,137.173753,139.001648,25942000
2022-04-04,139.207943,142.533954,139.160332,141.799515,25942000
2022-04-05,141.69788,141.818374,139.231766,139.438553,21418000
2022-04-06,137.612641,138.218141,134.406141,135.428696,32468000
2022-04-07,134.895076,136.040123,133.127187,134.774582,26234000
2022-04-08,134.472085,134.557878,131.875549,132.194916,25142000
2022-04-11,130.742902,131.009694,127.613766,127.767494,36884000
2022-04-12,130.52125,130.52125,125.749682,126.667595,32710000
2022-04-13,126.950767,129.265635,126.693887,128.829239,27928000
2022-04-14,129.40993,129.40993,125.563214,125.691162,31598000
2022-04-18,125.958968,127.161523,125.147672,126.629921,20808000
2022-04-19,126.644805,129.264648,125.958476,128.943314,26490000
2022-04-20,129.819044,130.321892,126.454851,126.990417,31696000
2022-04-21,128.190501,129.032041,123.505718,123.791359,36446000
2022-04-22,123.975343,124.374049,117.950145,118.654816,56884000
2022-04-25,118.124708,122.26697,117.539547,122.06514,46128000
2022-04-26,121.292025,121.505758,117.539538,117.677399,73054000
2022-04-27,113.531174,116.280946,111.812385,113.357613,91820000
2022-04-28,115.460734,118.668717,113.179584,117.550957,48884000
2022-04-29,115.7776,116.953384,112.881538,113.174118,42676000
2022-05-02,112.475392,115.788509,111.67699,115.627342,35534000
2022-05-03,115.476088,117.471104,115.083338,116.372185,24968000
2022-05-04,116.072172,121.847438,114.172369,121.258804,49916000
2022-05-05,119.218652,120.046807,114.062764,115.550468,45840000
2022-05-06,114.240309,116.607744,113.080893,114.797699,39710000
2022-05-09,112.321655,114.133682,111.082401,111.588715,40802000
2022-05-10,114.560659,115.297073,111.975027,113.457275,39900000
2022-05-11,112.308275,115.410632,112.308275,112.671272,37534000
2022-05-12,110.464528,113.358109,108.924257,111.919006,53836000
2022-05-13,113.594143,116.90875,112.673756,115.099205,35038000
2022-05-16,114.01318,115.217725,112.955924,113.506866,25990000
2022-05-17,115.88273,115.941744,113.928385,115.518242,23054000
2022-05-18,114.057318,114.45404,110.641049,110.982231,35126000
2022-05-19,110.51807,112.08363,109.098302,109.479156,34144000
2022-05-20,111.033314,111.263914,104.929268,108.015259,48962000
2022-05-23,108.689193,111.228206,107.849628,110.574112,37184000
2022-05-24,104.904966,105.585839,101.049328,105.101341,76780000
2022-05-25,104.124912,105.627001,103.005169,104.937698,40258000
2022-05-26,104.810745,107.758875,104.362447,106.908905,37948000
2022-05-27,108.585536,111.397296,108.243855,111.395805,37914000
2022-05-31,111.822282,114.786286,111.159758,112.82946,50012000
2022-06-01,113.913516,116.141599,112.321669,112.958405,36606000
2022-06-02,113.065514,116.933047,112.020653,116.658318,37992000
2022-06-03,115.111101,115.367981,112.587956,113.602074,26136000
2022-06-06,115.747838,118.368679,115.211772,115.862892,33542000
2022-06-07,114.533876,116.726259,114.108891,116.189194,31590000
2022-06-08,115.804372,117.598549,115.644197,116.23333,26108000
2022-06-09,115.373932,117.329275,113.835151,113.894165,25798000
2022-06-10,111.523262,112.350425,109.461301,110.250282,41452000
2022-06-13,105.911146,107.899707,105.249122,105.520378,47252000
2022-06-14,105.661712,107.039818,104.932736,105.840729,33706000
2022-06-15,107.65523,110.510136,106.78691,108.864738,39698000
2022-06-16,106.34208,107.757876,104.276155,105.164314,51684000
2022-06-17,105.164319,107.808465,104.184911,106.265221,51376000
2022-06-21,108.036569,111.567391,107.709771,110.629639,47416000
2022-06-22,109.650248,112.417371,109.477671,110.573616,30774000
2022-06-23,111.31151,111.818323,109.594705,111.321922,28362000
2022-06-24,112.068754,117.111078,112.026599,117.007927,41164000
2022-06-27,117.303489,117.607472,114.235342,114.883987,36420000
2022-06-28,114.853238,116.347888,110.931155,111.089348,35792000
2022-06-29,110.637586,112.232898,109.963651,110.785858,24716000
2022-06-30,109.098303,109.979025,105.874944,108.069801,43170000
2022-07-01,107.048236,108.354441,105.855594,107.846146,35476000
2022-07-05,106.222566,112.447613,104.864785,112.334549,39342000
2022-07-06,112.373234,114.641981,110.562198,113.63282,37432000
2022-07-07,114.136662,118.212473,113.892185,117.809303,40936000
2022-07-08,116.288872,118.70391,115.943226,118.37513,38238000
2022-07-11,117.030736,117.030736,114.385099,114.728264,31196000
2022-07-12,115.262345,116.015126,112.75805,113.085838,29960000
2022-07-13,110.78536,113.25991,110.289958,110.440712,43722000
2022-07-14,109.307088,110.182354,107.484649,109.462799,37004000
2022-07-15,111.0824,112.213055,109.99092,110.861221,46770000
2022-07-18,111.716662,112.748138,107.481667,108.136253,43164600
2022-07-19,109.94134,113.085353,108.661913,112.877075,36530900
2022-07-20,112.242312,114.454036,111.557973,112.966331,35600400
2022-07-21,113.343219,113.61101,110.199207,113.402725,32676200
2022-07-22,110.090105,111.419117,105.626993,107.015518,48901200
2022-07-25,107.521347,108.969378,105.428643,106.628723,34690900
2022-07-26,105.726177,106.321257,103.216917,104.159126,47991000
2022-07-27,108.364364,112.976248,107.12461,112.133209,59858500
2022-07-28,111.448881,113.402726,110.546337,113.283714,32816600
2022-07-29,112.153062,115.753303,112.133222,115.366501,37223400
2022-08-01,114.354853,115.763211,113.402715,113.918457,26034300
2022-08-02,113.065522,115.396257,112.787818,114.186256,20236000
2022-08-03,114.7615,117.64765,114.53339,117.112076,28499000
2022-08-04,116.516982,117.806321,115.931814,117.221161,21602900
2022-08-05,115.277232,117.141818,115.049114,116.507065,19159500
2022-08-08,117.419524,119.165099,115.9219,116.338463,19138300
2022-08-09,116.179779,116.358304,114.761501,115.673958,19086500
2022-08-10,117.806324,119.928781,117.439362,118.718781,30930400
2022-08-11,120.285823,120.4941,117.588118,117.865822,24293700
2022-08-12,119.274198,120.682556,118.480753,120.682556,19096300
2022-08-15,120.13706,121.297475,119.621326,121.079277,19494800
2022-08-16,120.523875,121.42642,119.651092,120.7024,19041200
2022-08-17,119.135358,120.295765,118.401418,118.57003,22847000
2022-08-18,118.451005,119.82961,117.746826,119.184937,17987700
2022-08-19,118.084032,118.173299,115.802891,116.249199,21809500
2022-08-22,114.255688,114.682164,112.916756,113.303558,21456600
2022-08-23,112.549784,114.067241,112.500191,112.926666,15870400
2022-08-24,112.569627,113.839133,111.944794,112.758072,17734600
2022-08-25,113.303546,115.76322,113.174614,115.693794,16956800
2022-08-26,113.779617,114.17634,109.286752,109.435516,37245700
2022-08-29,109.088383,110.040513,107.908143,108.523056,21191200
2022-08-30,109.266903,109.594199,106.916335,108.046989,27513300
2022-08-31,109.742982,109.94134,107.243635,107.332901,28627000
2022-09-01,107.3924,109.54461,106.479943,108.840431,28360900
2022-09-02,109.683465,109.832237,106.380767,106.965927,24160700
2022-09-06,106.420445,107.144457,104.9129,105.934456,25068300
2022-09-07,106.182395,109.078465,106.023711,108.552803,23167000
2022-09-08,107.154375,108.701585,106.281592,107.491585,24238300
2022-09-09,108.175938,110.080198,108.126345,109.742989,23197700
2022-09-12,110.080172,110.705013,109.028864,109.951241,22966800
2022-09-13,106.916352,107.412253,103.236756,103.464874,38172900
2022-09-14,103.712814,104.416993,102.810278,104.13929,26395100
2022-09-15,103.177243,104.407077,101.511014,102.066429,34188300
2022-09-16,101.233317,102.284626,100.112583,101.957336,42797200
2022-09-19,100.915941,102.482991,100.717584,102.225121,23036800
2022-09-20,101.243225,101.530849,99.696008,100.310928,26517100
2022-09-21,100.836587,102.036667,98.456259,98.466179,31487300
2022-09-22,98.009951,100.410111,97.980198,99.31913,34298600
2022-09-23,98.813299,98.84306,96.671009,97.930595,31625400
2022-09-26,97.295854,99.061262,96.998318,97.36528,27072700
2022-09-27,98.614955,99.180282,96.075942,96.700775,30072800
2022-09-28,96.849545,99.874539,96.313971,99.229874,32466300
2022-09-29,97.83143,97.83143,95.173398,96.621429,31047200
2022-09-30,96.254462,98.089295,94.77667,94.865936,32941500
2022-10-03,95.966842,98.476102,95.728804,97.831429,27982000
2022-10-04,99.616671,101.005189,99.557158,100.806831,28850800
2022-10-05,99.011666,101.09445,97.99011,100.598549,22176900
2022-10-06,99.854706,102.086263,99.76544,100.588638,22324000
2022-10-07,99.031501,99.705927,97.494211,97.871094,27502800
2022-10-10,98.18847,98.287649,96.214785,97.057816,18225100
2022-10-11,96.631343,98.436424,95.520521,96.383392,26507100
2022-10-12,96.502414,97.940525,95.946999,96.760277,21876400
2022-10-13,94.370041,98.962085,93.606348,98.247986,34574500
2022-10-14,99.170362,99.864629,95.580041,95.768478,25410700
2022-10-17,98.049626,100.102658,98.019873,99.150528,28419200
2022-10-18,102.284617,102.621834,99.150524,99.943962,24060700
2022-10-19,99.190191,100.191906,98.109122,98.813301,23811100
2022-10-20,99.180281,101.481263,98.575281,99.150528,25323200
2022-10-21,97.047898,100.479535,96.918967,100.30101,32458700
2022-10-24,100.965527,101.907737,99.160446,101.679619,27176400
2022-10-25,102.056508,103.960767,101.877983,103.623558,40611400
2022-10-26,95.639537,97.504123,93.913802,94.151833,88114100
2022-10-27,93.745184,94.647728,91.047487,91.464043,60710900
2022-10-28,91.513643,95.758565,91.374791,95.500694,43697300
2022-10-31,94.637812,95.242812,93.209621,93.735275,31675000
2022-11-01,94.667567,95.242814,89.629215,89.728394,47161400
2022-11-02,90.194546,90.432576,86.167822,86.257088,57038300
2022-11-03,85.612419,85.810776,82.656843,82.746109,61288000
2022-11-04,84.69995,85.929783,83.023801,85.870277,51124900
2022-11-07,86.564538,88.171261,86.138062,87.764618,34078900
2022-11-08,88.171257,89.579615,86.87199,88.171257,30429000
2022-11-09,87.724952,88.706842,86.564545,86.604218,31769100
2022-11-10,91.493811,93.616268,90.859058,93.16996,51620100
2022-11-11,93.913811,96.135447,93.150118,95.619713,33090500
2022-11-14,94.310512,95.996581,93.735272,94.915512,30179500
2022-11-15,97.454547,99.319134,95.91725,97.633072,41640800
2022-11-16,97.097494,98.823228,96.839623,98.039703,29105200
2022-11-17,96.175121,98.466183,95.996596,97.553726,26052600
2022-11-18,97.96036,98.089299,95.580039,96.631348,28342300
2022-11-21,96.492487,97.593388,94.578307,94.816338,21647400
2022-11-22,95.163474,96.423068,93.279055,96.254463,23438500
2022-11-23,96.294136,97.950452,96.294136,97.652908,18868100
2022-11-25,97.434707,97.83143,96.601597,96.661102,9701400
2022-11-28,96.24454,96.780114,94.826262,95.262657,26237500
2022-11-29,94.945273,95.332075,93.33855,94.409698,20061700
2022-11-30,94.042741,100.211756,93.646019,100.162163,43647500
2022-12-01,100.191916,101.411836,99.428231,100.162163,28687100
2022-12-02,98.238079,99.943973,98.089307,99.616684,21480700
2022-12-05,98.585189,100.548955,98.188467,98.664536,24405100
2022-12-06,98.486018,98.962079,95.629621,96.185036,24910700
2022-12-07,95.619717,96.085858,93.943568,94.161766,31045400
2022-12-08,94.598142,94.796507,92.683963,92.941833,32213300
2022-12-09,93.001343,93.487332,91.989708,92.069054,28225400
2022-12-12,91.95004,92.793071,90.859058,92.54512,29420000
2022-12-13,96.958645,98.714132,94.25102,94.8461,40593700
2022-12-14,94.419619,96.075936,92.832736,94.290688,28733600
2022-12-15,92.366593,92.872414,89.272173,90.115204,40107000
2022-12-16,90.016012,90.58134,88.786172,89.520111,58011800
2022-12-19,89.520123,89.817659,87.486924,87.715042,29493000
2022-12-20,87.387739,88.448968,86.723233,88.290276,23453800
2022-12-21,88.349794,89.480449,87.596022,88.845695,24745600
2022-12-22,87.437334,87.814216,85.612413,87.040611,27658300
2022-12-23,86.395941,88.815942,86.356268,88.498566,23003000
2022-12-27,88.072083,88.210935,86.296755,86.673637,20097300
2022-12-28,86.26701,87.318319,85.235534,85.314873,19523200
2022-12-29,85.909952,88.121668,85.900032,87.724945,23333500
2022-12-30,86.267014,87.576193,85.860371,87.506767,23986300
2023-01-03,88.855599,90.303637,87.79437,88.389458,28131200
2023-01-04,89.609375,89.906919,86.554621,87.357986,34854800
2023-01-05,86.752994,86.852173,85.195864,85.493401,27194400
2023-01-06,86.078567,86.971191,84.164387,86.624054,41381500
2023-01-09,87.635686,89.311835,87.139785,87.29847,29003900
2023-01-10,85.275212,87.943156,85.12644,87.695206,30467800
2023-01-11,88.448976,90.849137,88.280371,90.769791,26862000
2023-01-12,90.730117,91.11692,89.014295,90.38298,30258100
2023-01-13,90.105267,91.434286,89.391168,91.364861,26329200
2023-01-17,91.305357,91.493801,89.311838,90.541672,32602400
2023-01-18,91.384705,92.039299,89.897001,90.37307,29116700
2023-01-19,89.976359,92.842669,89.887093,92.287262,37000400
2023-01-20,94.320445,97.494218,94.241099,97.216507,63191100
2023-01-23,97.147087,99.219958,96.700778,98.972008,40005100
2023-01-24,97.295854,98.793479,96.40323,96.899132,33078500
2023-01-25,94.786583,95.37175,92.991422,94.439453,42330000
2023-01-26,95.708968,96.770197,94.598147,96.720604,30114000
2023-01-27,96.512331,99.49766,96.512331,98.55545,33879800
2023-01-30,96.68093,97.484287,95.609781,96.145355,27226200
2023-01-31,96.07594,98.069458,96.026347,98.029785,29870700
2023-02-01,97.900849,100.360523,96.780114,99.60675,35531100
2023-02-02,104.932742,106.965933,104.744297,106.856834,69883800
2023-02-03,102.086256,106.92625,101.739126,103.921089,65309300
2023-02-06,101.56061,103.504542,101.044868,102.056511,31999600
2023-02-07,102.373878,107.293219,102.2747,106.757645,49010200
2023-02-08,101.213482,102.294544,97.236351,98.55545,94743500
2023-02-09,99.180272,99.210025,92.862486,94.231178,119455000
2023-02-10,94.667568,95.956915,93.477408,93.794785,54980700
2023-02-13,93.963397,94.419625,93.070773,93.834465,50076100
2023-02-14,93.655942,94.072497,91.503731,93.903893,54726100
2023-02-15,93.715434,96.32388,93.378225,96.145355,50169000
2023-02-16,94.588237,96.879299,93.963397,94.727089,42462600
2023-02-17,94.072493,94.776672,92.445937,93.576591,34284100
2023-02-21,92.237655,92.336834,90.968149,91.037575,33629300
2023-02-22,90.948313,91.354956,89.867252,90.898727,30884000
2023-02-23,91.166499,91.186339,89.024209,90.144943,41206400
2023-02-24,88.706848,89.153156,87.853897,88.399384,36585100
2023-02-27,89.133308,89.420932,88.607647,89.133308,27502300
2023-02-28,88.597743,90.482169,88.587823,89.321754,30142000
2023-03-01,89.242411,90.283799,88.934947,89.619293,31111200
2023-03-02,88.925027,91.523546,88.855594,91.245842,32204400
2023-03-03,91.721932,92.961686,91.692172,92.882339,35160100
2023-03-06,93.249295,95.183315,93.229462,94.350197,32639300
2023-03-07,94.201428,94.885767,92.76331,93.090607,27835500
2023-03-08,93.348478,95.173391,93.229459,93.477409,34103300
2023-03-09,93.279055,94.746918,91.146677,91.563232,28813500
2023-03-10,91.414454,92.029375,89.658967,89.887077,35941000
2023-03-13,89.351501,91.811175,88.686995,90.363144,37335600
2023-03-14,91.801254,93.586502,91.682243,93.199699,36050200
2023-03-15,92.455857,96.135444,91.88061,95.322166,50622100
2023-03-16,95.411435,100.360537,94.717176,99.497665,65492000
2023-03-17,99.438143,101.996988,99.279451,100.786995,61028500
2023-03-20,99.299293,100.915928,99.051342,100.390274,32960400
2023-03-21,100.42003,104.238469,100.390277,104.059944,42110300
2023-03-22,103.415268,105.71625,102.482979,102.522652,43427400
2023-03-23,104.198785,105.428626,103.603705,104.73436,40797800
2023-03-24,104.129375,104.625277,102.988801,104.575691,30393300
2023-03-27,103.762407,103.901259,101.094455,101.62011,31120900
2023-03-28,101.600281,101.610194,98.922409,100.201836,32057900
2023-03-29,101.441595,101.649873,99.824959,100.558891,28779600
2023-03-30,100.082821,100.330772,98.962079,100.062981,33086200
2023-03-31,100.469619,103.038384,100.211748,102.8797,36863400
2023-04-03,101.550687,103.673144,101.094458,103.504539,25035400
2023-04-04,103.474777,104.714531,103.187154,103.86158,24420100
2023-04-05,104.912884,105.23026,102.810267,103.613625,28290500
2023-04-06,104.397157,108.275102,103.47478,107.53125,48711500
2023-04-10,106.103064,106.708057,104.25831,105.56749,27067400
2023-04-11,105.676588,105.855112,103.821914,104.48642,26311800
2023-04-12,105.706342,105.874946,103.484698,103.782242,24370300
2023-04-13,104.972407,106.608883,104.972407,106.549377,24843600
2023-04-14,106.013804,108.047003,105.964211,107.977577,26578000
2023-04-17,103.802082,105.289786,103.663223,105.101341,37571200
2023-04-18,105.617072,105.666665,103.216911,103.643387,26596400
2023-04-19,102.730932,104.119457,102.22511,103.326012,20905700
2023-04-20,103.058233,105.379048,103.01856,104.426918,27820800
2023-04-21,104.605435,105.131089,103.921088,104.545929,25800100
2023-04-24,104.625273,105.755927,103.841747,105.101341,23542800
2023-04-25,104.962483,105.815434,102.98879,102.998711,46664100
2023-04-26,104.059936,105.478214,101.788707,102.859856,53347600
2023-04-27,103.593786,107.481658,102.69125,106.708046,50089200
2023-04-28,106.162562,106.470018,104.228542,106.460098,36139800
2023-05-01,105.964201,107.104776,105.944369,106.321251,26681700
2023-05-02,106.261753,106.321259,102.85987,104.456673,30997200
2023-05-03,104.66494,106.608873,104.099613,104.545929,21795400
2023-05-04,104.625278,104.734377,103.117741,103.831841,23419500
2023-05-05,103.960761,105.012069,103.256582,104.704613,26639300
2023-05-08,104.317816,107.075026,104.297983,106.886581,26511400
2023-05-09,107.501492,109.247067,106.311332,106.470016,36360100
2023-05-10,107.084948,112.014209,107.045275,110.833961,63153400
2023-05-11,114.454041,116.953381,113.472158,115.614449,78900000
2023-05-12,115.723547,117.062479,115.15822,116.546745,41102300
2023-05-15,115.158217,117.508792,115.059038,115.554939,36266800
2023-05-16,115.535101,119.760183,115.475595,118.53035,45035600
2023-05-17,118.629536,120.672647,117.915437,119.849449,33323600
2023-05-18,119.958541,122.299196,119.83953,121.823135,35234200
2023-05-19,122.537233,124.937394,121.148708,121.753708,41353400
2023-05-22,121.932221,125.39361,121.733856,124.024925,35253000
2023-05-23,123.142226,123.608367,121.208207,121.555336,34046300
2023-05-24,120.127156,120.910681,118.877483,119.908958,34182600
2023-05-25,123.499288,124.292733,120.960275,122.467819,42317000
2023-05-26,122.160348,124.23322,121.446249,123.588547,35635900
2023-05-30,124.610103,124.629943,120.999941,122.65625,35076700
2023-05-31,121.743789,123.043048,121.495838,121.862808,37325800
2023-06-01,121.813217,123.4001,121.61486,122.705841,30772700
2023-06-02,122.973622,125.11592,122.745512,123.648048,26980100
2023-06-05,122.993461,126.385424,122.824848,124.977066,32305500
2023-06-06,124.977064,127.238366,124.332391,126.266403,26638300
2023-06-07,125.929194,127.982218,121.118952,121.495834,52539000
2023-06-08,121.22806,122.219863,120.24617,121.138794,29389200
2023-06-09,121.247898,122.745523,120.910689,121.228065,23778300
2023-06-12,121.783457,123.03313,120.662723,122.626488,28306400
2023-06-13,123.955508,124.134033,122.17026,122.814934,22278300
2023-06-14,122.090923,123.03314,120.454447,122.65625,30592300
2023-06-15,122.130593,124.431575,121.396661,124.064606,35246300
2023-06-16,124.897723,125.076248,122.269444,122.517395,45535600
2023-06-20,121.922322,123.548878,121.138797,122.090927,26097500
2023-06-21,121.39667,121.654541,119.11552,119.561836,30306300
2023-06-22,119.016323,122.229762,117.855916,122.140503,26952200
2023-06-23,120.385006,121.783451,120.067629,121.337135,34913600
2023-06-26,119.77011,120.999944,117.300516,117.369942,33969900
2023-06-27,116.12027,118.103876,115.1483,117.360023,39535900
2023-06-28,116.13018,119.403132,115.89215,119.194855,27091400
2023-06-29,118.26257,119.075848,117.330281,118.123718,24090900
2023-06-30,119.184929,120.087473,118.708868,118.718781,29532200
2023-07-03,118.262559,119.204776,117.846004,118.917152,14467900
2023-07-05,118.262564,121.604942,118.252652,120.751991,27584800
2023-07-06,118.817978,119.31388,117.429453,119.125435,24745200
2023-07-07,119.115523,120.057741,118.421264,118.50061,21709500
2023-07-10,117.330279,117.340192,115.187981,115.495438,35315200
2023-07-11,115.336748,116.745106,114.404451,116.179779,23078800
2023-07-12,117.826169,119.343626,117.439367,117.955101,30404400
2023-07-13,119.938711,123.806743,119.462642,123.519119,44297900
2023-07-14,123.776986,125.740751,122.477719,124.391899,33283100
2023-07-17,124.907638,126.058126,123.181896,123.628212,25716200
2023-07-18,123.578617,123.657963,121.952061,122.745506,26193600
2023-07-19,123.578626,124.153874,120.801583,121.029694,37224000
2023-07-20,120.424681,123.072792,117.250915,118.222878,37906800
2023-07-21,119.631259,119.998221,117.756752,119.036171,72937900
2023-07-24,120.66273,121.991742,119.988304,120.533791,29686100
2023-07-25,120.365183,122.140511,120.027966,121.208214,52509600
2023-07-26,129.003803,129.906332,127.268148,128.210358,61682100
2023-07-27,130.590676,132.147814,127.734279,128.339279,44952100
2023-07-28,129.707977,132.64372,129.499707,131.493225,36591200
2023-07-31,131.641962,132.435407,130.699753,131.63205,28055500
2023-08-01,129.707972,131.542813,129.608786,130.471664,23166800
2023-08-02,128.388873,129.023626,126.514366,127.327652,26273300
2023-08-03,126.920996,128.329354,126.375501,127.397057,20089500
2023-08-04,128.22026,130.431976,126.861495,127.059853,26147200
2023-08-07,128.101245,130.531159,127.962393,130.451813,22746300
2023-08-08,129.549286,130.43199,128.478137,130.322891,23535200
2023-08-09,130.580758,130.957633,127.942559,128.597153,24912900
2023-08-10,130.243551,130.967563,128.388869,128.626907,20857800
2023-08-11,127.605339,128.864917,127.11935,128.497955,19591100
2023-08-14,128.329364,130.293129,127.902896,130.253464,24695600
2023-08-15,130.025343,130.342712,128.220255,128.716156,19770700
2023-08-16,127.645012,129.212062,126.821821,127.645012,25216100
2023-08-17,128.736015,130.908065,128.230186,128.855026,33446300
2023-08-18,127.456565,128.190504,125.344028,126.415176,30504800
2023-08-21,126.137471,127.67476,125.52255,127.317711,25248700
2023-08-22,127.456562,129.212057,127.268132,128.021896,22054900
2023-08-23,129.112892,132.316426,128.805435,131.284943,27819700
2023-08-24,132.851972,133.149515,128.507886,128.716156,28500700
2023-08-25,128.478129,129.68813,126.206907,128.815353,26762900
2023-08-28,130.23361,131.453523,129.073202,129.936066,20543300
2023-08-29,131.156001,135.450509,131.156001,133.466904,43075600
2023-08-30,133.67517,135.162874,132.970999,134.766159,28315800
2023-08-31,134.895095,136.868788,134.676897,135.053787,30053800
2023-09-01,136.333237,136.333237,133.744631,134.547989,21543700
2023-09-05,134.329777,135.30174,133.476826,134.657074,19403100
2023-09-06,134.905029,135.410843,132.574286,133.357819,18684500
2023-09-07,132.494936,134.468629,131.860183,134.151245,18844300
2023-09-08,133.804118,135.539773,133.744613,135.26207,23558300
2023-09-11,135.420763,136.35306,134.676911,135.797653,20763400
2023-09-12,135.143032,135.748033,134.081811,134.230576,18405500
2023-09-13,133.98261,135.77777,133.050313,135.58934,20749500
2023-09-14,136.472055,137.563029,135.123203,136.967957,24751000
2023-09-15,136.84896,137.384542,135.361255,136.273712,38919600
2023-09-18,135.490167,138.019266,135.490167,137.077057,21861300
2023-09-19,136.293534,137.275425,135.500089,136.908447,20353700
2023-09-20,136.948112,136.948112,132.524665,132.643692,29927500
2023-09-21,130.362561,131.146078,129.003796,129.370758,31503900
2023-09-22,129.688126,130.94772,128.537646,129.182312,26397300
2023-09-25,128.765757,130.094769,127.902893,130.035263,20094600
2023-09-26,128.706266,129.291426,126.177166,127.516106,25718700
2023-09-27,127.516117,129.827005,127.516117,129.469955,22746500
2023-09-28,128.775679,132.207324,128.726086,131.225433,22513100
2023-09-29,132.187453,132.951145,129.291391,129.787292,30859800
2023-10-02,130.134447,133.318126,130.094767,133.070175,22288000
2023-10-03,132.842053,133.159422,130.759261,131.344421,22989400
2023-10-04,131.701465,134.45869,131.443602,134.131393,26752300
2023-10-05,133.962814,134.37937,132.356083,133.962814,19832600
2023-10-06,132.911482,137.027472,132.911482,136.452225,27597600
2023-10-09,135.817475,137.801081,134.498376,137.285339,19278100
2023-10-10,137.364664,138.574664,136.204257,136.928268,27786600
2023-10-11,137.44402,139.95328,137.44402,139.397873,25884300
2023-10-12,139.893762,140.062366,137.126624,137.830811,24765500
2023-10-13,138.23747,138.852383,135.500085,136.234024,23420500
2023-10-16,137.037378,138.485417,136.858861,137.959763,28501900
2023-10-17,137.49363,138.753209,136.055504,138.574692,23515800
2023-10-18,138.306893,139.566487,136.253869,136.829117,23375000
2023-10-19,137.364686,138.515181,136.253872,136.620834,26066000
2023-10-20,136.204263,136.73983,133.972707,134.488449,26335700
2023-10-23,133.933049,136.531583,132.851988,135.381088,26317900
2023-10-24,136.700187,138.217644,136.293544,137.67215,44814300
2023-10-25,127.109453,127.258217,124.044778,124.580353,84366200
2023-10-26,122.259516,123.310832,120.275911,121.277634,57061100
2023-10-27,121.87272,122.299195,119.224608,121.168541,44566500
2023-10-30,122.200013,124.372063,121.743784,123.439766,28940100
2023-10-31,124.034852,124.342316,121.684284,123.062889,26292300
2023-11-01,123.052972,125.453133,122.705842,125.41346,30082400
2023-11-02,127.367316,127.922723,125.889532,126.444939,27124600
2023-11-03,126.970599,128.468216,126.811907,128.041748,26393100
2023-11-06,127.992152,129.271571,127.615262,129.182312,19052700
2023-11-07,129.638545,130.828705,128.815347,129.896408,29757300
2023-11-08,129.896414,131.126255,129.707969,130.759277,26425800
2023-11-09,130.878296,131.463456,129.003789,129.172394,23747800
2023-11-10,129.033534,131.711398,128.349188,131.503113,26913300
2023-11-13,130.699791,131.503149,130.174137,131.007248,18324800
2023-11-14,133.089993,134.587609,132.22713,132.524658,32395200
2023-11-15,133.76443,133.923122,132.475099,133.516479,23861500
2023-11-16,134.081844,136.095203,133.21898,135.807571,28013200
2023-11-17,134.885183,134.944688,132.55444,134.200836,37240600
2023-11-20,132.594105,135.53976,132.524672,135.133118,27815500
2023-11-21,135.172795,136.055499,134.845514,135.847229,22635300
2023-11-22,136.343094,138.277105,136.343094,137.354736,17813900
2023-11-24,136.898546,136.997733,134.875275,135.569534,12514300
2023-11-27,134.914934,137.285343,134.885182,135.291824,23436500
2023-11-28,134.964518,136.124926,134.309925,136.075333,18730000
2023-11-29,136.442306,137.15639,133.734674,133.883453,23967200
2023-11-30,133.942966,134.438867,130.203865,131.443619,38988300
2023-12-01,130.779114,131.027064,129.598866,130.779114,31442300
2023-12-04,128.815358,128.964122,126.851585,128.210358,36669900
2023-12-05,127.892958,131.056812,127.1987,129.916245,27384800
2023-12-06,130.362567,130.759282,128.815357,128.954208,23576200
2023-12-07,133.933064,137.424215,133.595855,135.807571,56767100
2023-12-08,133.099921,135.281884,132.931316,133.883453,32260100
2023-12-11,131.294859,132.246981,130.283216,132.197388,31138000
2023-12-12,130.729499,131.909746,130.184004,131.433685,29032800
2023-12-13,132.286649,132.405661,130.491489,131.483292,30104800
2023-12-14,132.286673,132.623883,128.626918,130.858475,38722400
2023-12-15,130.541054,132.41556,130.104658,131.513031,50847100
2023-12-18,131.542815,136.025753,131.344443,134.686829,32258000
2023-12-19,135.718276,136.343116,134.964511,135.529831,25476800
2023-12-20,137.830819,140.538436,136.938203,137.205978,49107200
2023-12-21,138.346597,139.536758,138.039126,139.268967,27488300
2023-12-22,139.616055,140.826056,139.55655,140.330154,26532200
2023-12-26,140.429373,141.510435,140.032658,140.359955,16780300
2023-12-27,140.429346,140.915334,138.743284,139.219345,19628600
2023-12-28,139.625985,139.983034,138.604429,139.08049,16045700
2023-12-29,138.485416,139.209428,137.642378,138.544922,18733000
2024-01-02,137.414274,138.30689,135.361235,137.037384,23711200
2024-01-03,136.124926,138.485421,135.956321,137.781235,24212100
2024-01-04,137.285346,138.019286,135.232322,135.271988,27137700
2024-01-05,135.629044,136.035687,134.042154,134.617401,22513900
2024-01-08,135.172789,137.870494,135.143036,137.701889,21404000
2024-01-09,137.364673,140.330168,137.017536,139.794586,24759600
2024-01-10,139.844172,141.827777,139.754913,141.113678,21320200
2024-01-11,142.313759,144.029573,139.487116,140.915314,24008700
2024-01-12,141.500492,142.026146,140.657469,141.480652,18785500
2024-01-16,140.835987,143.166729,140.290492,141.321976,22670500
2024-01-17,140.191322,140.677295,137.761393,140.310333,20968600
2024-01-18,140.885578,143.027875,140.826072,142.303848,25746400
2024-01-19,143.553543,145.249518,143.196494,145.180099,34271900
2024-01-22,145.894222,147.173641,144.64454,144.79332,32200400
2024-01-23,144.694089,145.973508,144.307286,145.834656,21636100
2024-01-24,147.322372,148.621646,146.885991,147.481064,25233500
2024-01-25,148.839843,151.795411,148.314174,150.625076,29149100
2024-01-26,149.861398,151.289581,149.772124,150.942459,26115500
2024-01-29,150.813552,152.519454,150.188711,152.251663,27784300
2024-01-30,151.547457,152.360727,149.950654,150.218445,36331800
2024-01-31,142.442703,142.819593,138.723443,138.951569,71910000
2024-02-01,140.955006,141.887303,139.635907,140.002884,40466500
2024-02-02,138.118456,141.450914,135.381085,141.212891,62499600
2024-02-05,141.649277,144.277548,141.609596,142.502213,38505400
2024-02-06,143.464242,144.168428,142.016218,142.918762,29128200
2024-02-07,143.573349,144.4263,142.750151,144.346954,25208900
2024-02-08,144.634597,145.130499,143.910586,144.713943,22563800
2024-02-09,145.477621,148.215006,144.981719,147.77861,26829500
2024-02-12,147.203383,148.11584,146.161987,146.320679,21564100
2024-02-13,143.732059,145.467713,142.512145,143.950256,27837700
2024-02-14,144.88255,145.318946,142.908857,144.743698,22704200
2024-02-15,141.966663,142.343553,139.308639,141.599701,37590700
2024-02-16,141.817888,142.016245,138.991244,139.368134,31468900
2024-02-20,138.515157,140.915318,138.346553,139.963181,25144700
2024-02-21,140.290496,141.520337,139.526804,141.381485,23223300
2024-02-22,143.741985,143.811419,141.629455,142.908875,27191900
2024-02-23,142.492291,143.494007,142.254253,142.779922,19493800
2024-02-26,140.974853,141.272397,136.263789,136.442322,53641800
2024-02-27,136.888641,138.108555,135.966257,137.741592,33099200
2024-02-28,136.769599,136.878698,134.30002,135.26207,37328600
2024-02-29,136.154677,137.721727,135.281886,137.325012,42133000
2024-03-01,137.295258,137.731653,135.797641,136.015839,31151100
2024-03-04,134.547974,134.547974,130.828714,132.256912,55999400
2024-03-05,130.798941,132.147793,129.598853,131.582458,40194800
2024-03-06,132.028793,132.485029,129.777412,130.322891,35318600
2024-03-07,131.70148,133.833865,130.53116,133.278458,37738200
2024-03-08,133.109828,136.958011,132.901543,134.299988,39370400
2024-03-11,135.014104,137.959759,135.014104,136.541473,32437800
2024-03-12,135.906734,138.237476,135.906734,137.364685,27563400
2024-03-13,137.860602,139.933466,137.850689,138.644119,23347200
2024-03-14,140.032625,142.412945,139.308613,141.926971,42753400
2024-03-15,141.331877,142.006295,138.882123,140.02269,49475400
2024-03-18,147.391806,150.902781,145.963607,146.469421,69273700
2024-03-19,146.945495,147.57032,144.882543,145.824753,24070400
2024-03-20,146.786797,147.639748,145.537131,147.520737,21311500
2024-03-21,148.244742,149.137358,145.695802,146.390076,24755600
2024-03-22,147.897635,150.337477,147.758783,149.534119,29211800
2024-03-25,148.710905,149.1473,146.608288,148.839844,19229300
2024-03-26,148.988598,151.011869,148.75056,149.434906,22149100
2024-03-27,149.940727,150.396963,147.679418,149.63327,22879200
2024-03-28,149.613464,150.188696,148.93903,149.692795,24485400
2024-04-01,149.454782,154.46339,149.375436,154.215439,31730800
2024-04-02,152.241706,153.431866,150.902767,153.293015,24586000
2024-04-03,152.340899,153.808762,151.47802,153.65007,24705000
2024-04-04,152.241706,153.5013,149.216705,149.296051,34724700
2024-04-05,148.80017,152.16238,148.373702,151.249924,23459200
2024-04-08,151.527634,153.997229,151.359029,153.580673,20702000
2024-04-09,154.810486,157.26024,153.917869,155.316315,31079500
2024-04-10,154.929526,155.326241,153.412053,154.860092,22838600
2024-04-11,155.62378,158.371063,155.177472,158.103287,27166400
2024-04-12,156.665183,158.906652,155.851897,156.437057,25353700
2024-04-15,157.557803,157.934693,153.3228,153.590591,27136500
2024-04-16,152.926084,154.374107,152.172304,153.134354,20779500
2024-04-17,154.344306,155.792344,153.312838,154.195541,21763100
2024-04-18,154.066634,155.653525,153.352535,154.73114,19883000
2024-04-19,154.919594,155.078286,151.051569,152.826889,32615600
2024-04-22,153.045079,156.347784,152.797129,154.998932,26446200
2024-04-23,155.673391,157.66691,154.998957,156.962723,21151600
2024-04-24,156.199036,158.261988,155.881652,157.825592,22779100
2024-04-25,150.089505,155.207211,149.633269,154.721222,57109700
2024-04-26,172.940673,173.277898,168.259362,170.540512,64665300
2024-04-29,167.674175,168.160163,163.855743,164.788025,45610000
2024-04-30,164.252452,166.722046,161.267131,161.445648,33562900
2024-05-01,162.953165,165.75004,161.753077,162.516769,33493200
2024-05-02,163.43918,165.36328,162.546563,165.254181,24294500
2024-05-03,166.186479,166.583209,161.713454,165.86911,34662400
2024-05-06,166.087323,166.761742,164.669037,166.722076,21871300
2024-05-07,167.118764,170.352036,167.009665,169.846222,28039700
2024-05-08,167.614657,168.755224,167.356794,167.991547,19569100
2024-05-09,168.001468,169.290815,166.80138,168.566803,15346700
2024-05-10,166.652604,168.457692,164.827691,167.267517,29799900
2024-05-13,162.913522,167.892377,162.655659,167.753525,31327600
2024-05-14,168.37836,169.846224,167.41631,168.94368,25127100
2024-05-15,169.231307,171.234738,169.112281,171.095886,26948400
2024-05-16,171.869493,173.684494,171.274421,172.752197,27867900
2024-05-17,172.752212,174.825091,172.266238,174.616806,24479300
2024-05-20,174.745745,177.304598,174.636646,175.469757,22554400
2024-05-21,175.449911,176.689664,174.368849,176.392136,16989400
2024-05-22,175.192037,175.697851,173.773766,174.934174,17880000
2024-05-23,175.61853,176.788851,171.532293,172.12738,21024900
2024-05-24,173.545645,174.329177,172.226545,173.555573,16579400
2024-05-28,173.019982,175.816873,172.940636,174.953995,20572200
2024-05-29,173.991951,175.390396,173.287779,174.458099,23388700
2024-05-30,173.763855,173.783696,170.381804,170.699188,22931500
2024-05-31,170.45123,171.64139,168.051069,171.085983,37638900
2024-06-03,171.125648,173.099341,169.75697,171.750488,27459100
2024-06-04,171.859588,172.424923,170.480983,172.365402,26879600
2024-06-05,173.763837,175.201948,172.504243,173.972122,22068500
2024-06-06,174.458098,175.697851,174.309333,175.281296,23251000
2024-06-07,175.598657,176.411927,172.8712,173.029892,19661400
2024-06-10,173.734901,175.810145,171.540495,173.774612,23726700
2024-06-11,174.97609,175.591709,172.543387,175.37326,21540600
2024-06-12,176.991748,179.136504,174.866855,176.534988,27864700
2024-06-13,174.866875,175.492433,173.645562,173.923584,20913300
2024-06-14,172.990187,175.810136,172.920674,175.542038,18063600
2024-06-17,174.221442,177.100965,173.576022,175.988876,19618500
2024-06-18,175.889582,176.137817,172.871048,173.85405,21869900
2024-06-20,174.132068,176.038513,173.754761,175.055511,20160100
2024-06-21,175.75056,179.573389,175.363313,178.362,57759000
2024-06-24,178.888277,179.61312,177.40879,177.95491,18298000
2024-06-25,178.352083,182.989116,178.153498,182.730957,23130200
2024-06-26,181.340824,183.207543,181.191874,182.582001,19839000
2024-06-27,182.879868,184.736678,182.721009,184.101196,18848900
2024-06-28,183.018892,183.823172,180.675551,180.864197,29156600
2024-07-01,181.737999,182.582005,180.020215,181.698288,16006100
2024-07-02,180.764919,184.260076,180.278373,183.932404,17372500
2024-07-03,183.545162,184.776399,182.701156,184.508316,10242100
2024-07-05,184.548031,189.512737,184.488457,189.254578,20967500
2024-07-08,188.559502,188.8276,186.454472,187.695648,21035900
2024-07-09,188.96661,190.009201,187.387837,187.645996,15121400
2024-07-10,187.814791,190.396443,187.695642,189.83046,15952500
2024-07-11,188.509857,189.512722,183.773524,184.260071,25625800
2024-07-12,183.773535,185.789204,183.187703,183.763611,22898400
2024-07-15,183.614652,186.911223,183.614652,185.213287,16474000
2024-07-16,186.037424,187.348098,182.075584,182.621704,18290700
2024-07-17,181.678419,182.254327,178.630083,179.742188,20734100
2024-07-18,180.645775,181.211759,175.224325,176.435715,25315700
2024-07-19,177.617304,179.017339,175.879657,176.405914,18881900
2024-07-22,179.315226,181.410332,178.957766,180.387604,24100300
2024-07-23,180.764903,182.313889,180.258494,180.506729,36352700
2024-07-24,172.374561,174.946275,170.607128,171.411407,49585200
2024-07-25,171.302215,172.195856,166.009836,166.099197,44852000
2024-07-26,165.970087,166.903454,162.901903,165.821152,41336900
2024-07-29,167.638257,169.226954,166.80419,168.333313,20293800
2024-07-30,169.038286,170.021288,167.250989,169.087921,18959700
2024-07-31,172.017098,173.019963,168.809888,170.329086,25729100
2024-08-01,169.048186,172.821365,167.687862,169.554581,24531400
2024-08-02,165.265118,167.320498,163.507608,165.483566,29130100
2024-08-05,154.402326,163.269282,153.836342,158.125854,53630700
2024-08-06,158.205305,159.436558,155.305919,157.172638,49004600
2024-08-07,160.111746,161.829529,157.351371,157.818054,25138600
2024-08-08,159.376956,162.534516,159.079086,160.88623,25578800
2024-08-09,158.880481,162.633797,157.93719,162.514648,28602300
2024-08-12,163.189881,163.735986,160.697589,161.144409,15895300
2024-08-13,162.2565,163.567174,161.819603,163.001205,18551700
2024-08-14,161.25363,162.067849,156.596749,159.237961,40591100
2024-08-15,159.367021,160.498973,158.483304,160.161377,31524300
2024-08-16,160.330205,163.89486,159.992608,161.809692,24208600
2024-08-19,164.113297,165.513348,163.100493,165.493484,22416200
2024-08-20,165.721856,167.449579,165.642434,165.999878,18341500
2024-08-21,163.984189,165.672201,163.507582,164.67926,22902000
2024-08-22,166.079321,166.406993,162.157206,162.643753,22493300
2024-08-23,163.557256,165.006942,162.673539,164.450897,13955700
2024-08-26,165.205524,166.367263,163.299079,164.987076,14190400
2024-08-27,164.669317,165.265088,163.299069,163.517502,11821900
2024-08-28,163.874983,164.431043,160.389765,161.700455,16407400
2024-08-29,163.15014,164.798426,159.118802,160.638,19699800
2024-08-30,161.47207,162.504737,160.548642,162.226715,22123800
2024-09-03,160.578446,160.707533,155.375429,156.249222,38945300
2024-09-04,155.554136,157.877614,154.85908,155.345612,19353800
2024-09-05,155.196684,158.324442,154.878935,156.130051,18688700
2024-09-06,156.189661,156.715918,149.487307,149.854691,37912100
2024-09-09,151.634372,152.519261,146.37475,147.856201,39260500
2024-09-10,149.586204,150.401504,147.488318,147.806488,31118800
2024-09-11,149.059274,150.630204,146.673059,150.29216,29607700
2024-09-12,152.916975,153.931123,151.773569,153.801865,29621500
2024-09-13,154.53761,157.470685,154.318887,156.555969,29591200
2024-09-16,156.406802,157.341408,155.700887,157.152496,18379800
2024-09-17,158.107008,159.628223,157.470683,158.405289,20715600
2024-09-18,158.942203,159.578528,157.689442,158.892487,23677300
2024-09-19,162.770084,162.849612,160.413681,161.209091,26587700
2024-09-20,162.561292,162.789968,161.129558,162.650772,40896400
2024-09-23,163.406408,164.539862,160.741787,160.920761,24150900
2024-09-24,162.093987,162.282899,159.767426,161.358231,23332100
2024-09-25,160.542946,161.875249,160.373924,160.562836,18869200
2024-09-26,162.700494,163.137971,161.348302,161.795715,20319300
2024-09-27,161.875243,164.74865,161.696284,163.008698,21101300
2024-09-30,162.382324,165.196062,162.322655,164.897797,20413900
2024-10-01,166.727243,168.188805,163.635098,166.031265,28338100
2024-10-02,165.464543,166.558234,163.784243,164.907761,17760200
2024-10-03,163.466088,165.683281,162.978896,164.907761,15073100
2024-10-04,167.095073,167.264095,164.529885,166.100815,19047400
2024-10-07,166.757073,167.512704,161.815606,162.044281,22463100
2024-10-08,162.998757,163.784215,161.934893,163.436234,23072700
2024-10-09,162.511577,163.893596,158.822886,160.93071,31181800
2024-10-10,159.94637,162.133751,159.479067,161.149429,14144100
2024-10-11,161.199152,162.958979,160.314263,162.30278,15344300
2024-10-14,162.70048,165.275606,162.461853,164.012909,19016100
2024-10-15,164.838148,166.717296,163.684819,164.510056,20247200
2024-10-16,163.585358,164.848071,162.799901,164.211746,16406000
2024-10-17,164.778495,165.41482,161.825546,161.994568,21453400
2024-10-18,162.253075,163.764353,162.143706,162.48175,19757700
2024-10-21,162.014456,163.55556,161.686349,163.128036,20946500
2024-10-22,162.044277,164.818267,162.044277,164.191879,16568100
2024-10-23,163.814041,164.867968,161.000287,161.845413,18280500
2024-10-24,161.895136,162.392265,160.085578,161.785767,22412500
2024-10-25,162.730317,164.639291,162.481752,164.321136,19828900
2024-10-28,167.781146,167.781146,163.008701,165.762802,32138600
2024-10-29,166.767024,169.401819,166.130699,168.705826,42169000
2024-10-30,179.642633,180.974951,173.060646,173.458359,68890800
2024-10-31,172.136001,175.804817,170.018225,170.127594,44769000
2024-11-01,169.093568,171.330649,167.910397,170.306549,31796500
2024-11-04,168.954336,169.749746,167.045362,168.268311,21492700
2024-11-05,168.457224,169.550915,167.870615,168.765457,18242100
2024-11-06,172.802165,175.924136,172.503884,175.496597,33695500
2024-11-07,176.391415,180.040342,176.172676,179.712234,25352900
2024-11-08,179.612802,179.861366,177.057565,177.326019,22006200
2024-11-11,177.554703,179.513393,177.445334,179.314545,17450400
2024-11-12,178.787602,181.442271,178.360063,180.577255,25134900
2024-11-13,179.423912,179.921041,177.514922,177.852982,23184000
2024-11-14,177.256441,177.793349,173.319185,174.571945,31007500
2024-11-15,172.732551,173.1402,170.236967,171.49968,32504600
2024-11-18,172.424322,174.432729,171.907304,174.293533,20135300
2024-11-19,172.722619,177.843045,172.563534,177.097351,23434900
2024-11-20,176.321827,176.659872,172.782269,174.969635,18997100
2024-11-21,172.901562,173.130253,162.760128,166.667572,59734400
2024-11-22,164.89781,165.504308,162.958993,163.814056,38604600
2024-11-25,165.136398,167.661823,164.659158,166.687439,33135300
2024-11-26,166.667582,168.845011,166.617866,168.149017,20486700
2024-11-27,168.029717,168.506957,167.055348,168.258392,19266500
2024-11-29,167.532582,168.457236,166.200279,167.979996,14257200
2024-12-02,167.801017,171.092011,167.602169,170.505402,23789100
2024-12-03,170.505441,171.688596,169.869116,170.356293,22248700
2024-12-04,170.167352,173.905774,170.077872,173.368866,31615100
2024-12-05,174.353204,175.049182,171.340601,171.648819,21356200
2024-12-06,171.042334,174.074826,170.873311,173.706955,21462400
2024-12-09,173.159458,175.448861,172.850872,174.562958,25389600
2024-12-10,182.00857,185.502413,180.216851,184.317886,54813000
2024-12-11,184.45723,194.709834,183.999355,194.500793,67894100
2024-12-12,194.102633,194.281798,190.82778,191.07663,34817500
2024-12-13,190.130998,191.843085,188.767308,188.946487,25143500
2024-12-16,191.982422,198.084217,191.733573,195.75499,44934900
2024-12-17,196.342271,200.493079,194.082713,194.520691,43504000
2024-12-18,194.321627,196.093435,186.876054,187.533005,34166100
2024-12-19,190.748139,192.14169,187.513095,187.642487,32265200
2024-12-20,184.925063,192.002345,184.367643,190.52916,63462900
2024-12-23,191.733585,194.202183,189.27495,193.734344,25675000
2024-12-24,193.94336,195.20752,192.88824,195.20752,10403300
2024-12-26,194.251949,195.844592,193.485503,194.69989,12046600
2024-12-27,194.052864,194.421172,189.772649,191.87294,18891400
2024-12-30,188.926564,191.663909,188.249685,190.35994,14264700
2024-12-31,190.200686,191.076642,187.642506,188.428879,17466900
2025-01-02,189.772645,191.116439,186.637147,188.558258,20370800
2025-01-03,190.489344,192.320888,189.105741,190.90741,18596200
2025-01-06,193.08732,197.307813,192.957928,195.96402,29563600
2025-01-07,196.202933,200.075031,193.704489,194.590393,26487200
2025-01-08,191.683841,195.386708,191.494713,193.05748,24864800
2025-01-10,193.405875,195.61566,189.434231,191.156265,26665200
2025-01-13,189.19532,190.300197,186.497785,190.130981,21823700
2025-01-14,190.359932,191.096517,187.443407,188.787201,17174900
2025-01-15,192.201415,195.456371,190.977079,194.650101,21776000
2025-01-16,193.246583,194.580412,191.922701,192.022247,17815400
2025-01-17,195.625582,196.322358,192.858377,195.098022,27735100
2025-01-21,198.153906,201.359074,196.959416,197.138596,29971300
2025-01-22,198.14395,199.557413,196.620992,197.457123,26200600
2025-01-23,197.228176,199.37824,194.301703,197.068909,26951400
2025-01-24,197.188375,199.975478,197.088829,199.288666,23877500
2025-01-27,191.524537,195.973967,189.85226,190.927292,41728900
2025-01-28,191.862992,194.580425,189.802511,194.40126,24157900
2025-01-29,194.660061,195.884397,192.539858,194.510757,18218300
2025-01-30,197.08883,200.473177,196.760347,199.945618,24354700
2025-01-31,201.070438,204.534419,200.871361,203.081146,32001100
2025-02-03,199.766447,202.812363,199.179166,200.303955,27838300
2025-02-04,202.454037,206.097198,201.876704,205.430283,43856400
2025-02-05,190.190741,191.863003,187.164722,190.449539,70373900
2025-02-06,188.62795,191.215991,187.851541,190.718292,29297400
2025-02-07,190.170806,190.300197,182.396749,184.487076,49315000
2025-02-10,186.487848,187.333927,185.004699,185.611893,23105600
2025-02-11,184.17852,186.079734,183.431971,184.467194,21239500
2025-02-12,182.376841,184.258142,180.993238,182.765045,22072600
2025-02-13,183.4718,185.422772,182.297222,185.283417,21402500
2025-02-14,184.208378,185.542208,183.471793,184.377594,20448400
2025-02-18,184.745881,185.104225,180.903644,182.924301,29916700
2025-02-19,183.22293,184.606532,182.745128,184.417404,19549400
2025-02-20,183.949594,184.457242,181.879164,183.710693,20441500
2025-02-21,184.297963,184.487091,178.255904,178.833237,35199200
2025-02-24,181.152506,182.277296,178.066766,178.42511,29854200
2025-02-25,177.22067,177.917461,173.886096,174.612732,41913400
2025-02-26,174.264363,175.26971,170.790418,171.93512,35431300
2025-02-27,173.18932,173.756689,167.167158,167.724579,39991000
2025-02-28,167.903726,169.824852,166.002527,169.496368,48130600
2025-03-03,171.138797,172.572173,165.166408,166.24144,40770500
2025-03-04,165.474997,172.492542,165.03702,170.133453,45388000
2025-03-05,169.73529,172.980282,168.282002,172.223785,30954900
2025-03-06,169.745238,174.00554,169.715377,171.55687,28302000
2025-03-07,170.47188,174.164814,169.486446,173.059921,27385800
2025-03-10,167.67857,167.877891,163.12437,165.296829,43604000
2025-03-11,164.340164,166.173802,160.812388,163.47316,39587400
2025-03-12,166.00438,167.060714,162.964916,166.532547,28372400
2025-03-13,165.466267,165.555967,161.549853,162.197601,31756200
2025-03-14,162.705822,165.914696,161.888648,164.918152,31995900
2025-03-17,164.459738,165.725354,163.104437,163.72229,31184300
2025-03-18,163.114401,163.682438,156.178459,160.114807,42074800
2025-03-19,161.201055,165.296854,160.443687,163.3237,34275600
2025-03-20,161.011697,164.320216,160.403804,162.237442,28138500
2025-03-21,160.652947,163.672476,160.334046,163.42334,36625800
2025-03-24,166.492708,167.738389,164.569369,167.100586,30879100
2025-03-25,168.396085,170.040392,167.738377,169.970627,24174400
2025-03-26,168.416027,169.02392,164.270398,164.489639,28901600
2025-03-27,164.061139,164.848402,161.440221,161.679398,24508300
2025-03-28,159.93544,161.260847,153.099144,153.796722,48669300
2025-03-31,152.580925,155.002521,150.139394,154.105637,54603500
2025-04-01,153.089162,157.553692,153.089162,156.527252,30672900
2025-04-02,154.613876,157.862621,154.165434,156.497345,25041700
2025-04-03,150.58784,152.252067,149.870327,150.199188,46883400
2025-04-04,147.498554,150.547993,144.877652,145.096893,62259500
2025-04-07,141.060876,152.321832,140.044397,146.242905,76794100
2025-04-08,150.697456,151.713936,142.535754,144.199982,52200200
2025-04-09,143.920947,158.998669,143.412715,158.161575,70406200
2025-04-10,155.999078,157.175009,149.411918,152.291946,48022000
2025-04-11,152.371646,157.125167,152.291936,156.597,33636200
2025-04-14,159.447119,161.161177,157.015548,158.52034,30333000
2025-04-15,158.580145,159.098337,154.673692,155.769882,27551500
2025-04-16,152.570985,155.351338,150.986468,152.800186,28187400
2025-04-17,153.756854,154.145506,147.986868,150.63768,33046600
2025-04-21,148.365555,148.435305,145.595162,147.159729,26049100
2025-04-22,148.375493,151.664092,148.026696,150.946579,26971800
2025-04-23,155.072298,156.985662,153.278515,154.813202,31128800
2025-04-24,155.610425,159.038541,155.251668,158.729614,45894000
2025-04-25,164.499599,165.526038,160.483511,161.400345,56034000
2025-04-28,161.868726,162.58624,158.051974,160.055023,29745800
2025-04-29,159.766033,160.18458,156.975706,159.606583,26809000
2025-04-30,157.434093,158.719644,154.863006,158.251266,34981100
2025-05-01,159.895561,161.390378,158.360889,160.74263,30203200
2025-05-02,162.845343,164.39995,161.310656,163.463196,25715000
2025-05-05,162.436768,164.818509,162.157736,163.642593,21341800
2025-05-06,161.60962,164.230537,160.63301,162.665955,21277200
2025-05-07,163.513031,164.42985,147.329142,150.856918,127490100
2025-05-08,154.4644,155.39118,152.371651,153.746887,57498700
2025-05-09,153.63729,154.514254,151.674096,152.222198,32435300
2025-05-12,156.945811,158.550248,155.71009,157.91246,44138800
2025-05-13,158.241281,160.015144,155.620379,158.978729,42382100
2025-05-14,159.407259,166.422926,159.058463,164.798553,48755900
2025-05-15,165.266926,165.635658,161.808915,163.393433,33146700
2025-05-16,167.15041,168.764822,165.0477,165.615738,42846900
2025-05-19,163.941539,166.064184,163.652548,165.964523,30426100
2025-05-20,165.854892,167.917746,162.337091,163.413361,46607700
2025-05-21,163.124387,172.54173,162.994831,167.977554,73416000
2025-05-22,171.256181,176.159178,170.120121,170.279556,74864400
2025-05-23,168.475821,169.37272,167.309865,167.887863,35211400
2025-05-27,169.572029,172.571623,169.412578,172.302551,37995700
2025-05-28,172.561658,174.664368,171.315978,171.76442,34784000
2025-05-29,173.398748,173.817295,170.040398,171.266144,29317300
2025-05-30,170.757909,171.614938,166.861416,171.146561,52639900
2025-06-02,167.260032,169.283017,166.81159,168.445923,38612300
2025-06-03,166.91126,167.89783,164.70889,165.605774,45084900
2025-06-04,166.163829,167.63871,165.785137,167.469299,26900800
2025-06-05,169.751399,170.339356,167.010901,167.628769,36379100
2025-06-06,170.239691,173.897008,170.239691,173.079834,35731800
2025-06-09,174.147438,176.073105,173.977822,175.693954,28935900
2025-06-10,175.803707,180.702668,174.516615,178.198318,61766100
2025-06-11,179.365681,179.964323,176.352469,176.951126,31646800
2025-06-12,175.783756,176.32255,174.35698,175.30484,20941900
2025-06-13,172.052165,176.731619,172.002275,174.277145,27663100
2025-06-16,174.337016,176.542052,174.257194,176.372437,27389200
2025-06-17,175.304823,176.961093,174.187346,175.55426,24973000
2025-06-18,175.614144,176.16291,172.810466,172.930206,28707500
2025-06-20,173.558786,173.947908,165.087889,166.265228,75659900
2025-06-23,165.896054,166.96364,161.635653,164.818481,57671000
2025-06-24,166.544585,167.841664,165.756368,166.394928,40524300
2025-06-25,167.252999,171.972357,167.173177,170.296127,35479000
2025-06-26,172.042185,173.29936,169.557795,173.149689,31796700
2025-06-27,173.149681,178.27812,171.343755,178.128464,108140200
2025-06-30,180.373419,180.822404,174.187366,175.833649,63378900
2025-07-01,175.344768,175.693972,173.139732,175.444534,35904500
2025-07-02,175.145186,178.457727,174.676257,178.23822,29128900
2025-07-03,178.098538,179.265905,176.651803,179.126221,21689700
2025-07-07,178.657279,178.896744,175.284876,176.39238,34175600
2025-07-08,177.450006,177.549772,172.421333,173.96785,40442500
2025-07-09,174.855864,179.036443,172.381446,176.222778,43025600
2025-07-10,175.23499,178.028681,173.987802,177.220505,29252400
2025-07-11,176.392382,181.021946,176.083082,179.784744,34282900
2025-07-14,180.602891,183.256912,179.27588,181.151657,32536600
2025-07-15,182.398859,183.805691,181.191589,181.590683,33448300
2025-07-16,182.827884,183.915429,181.620599,182.558487,33104200
2025-07-17,181.730366,183.646046,180.074095,183.16713,31992600
2025-07-18,184.983015,186.000725,183.296829,184.643784,34014500
2025-07-21,185.831108,189.862015,185.731327,189.672455,45803100
2025-07-22,191.069312,191.218968,187.038405,190.909668,44660200
2025-07-23,191.069302,192.096985,188.754513,189.802155,58681900
2025-07-24,196.586879,197.504808,190.570441,191.737808,74881700
2025-07-25,191.548216,193.892937,190.829834,192.745514,39785900
2025-07-28,193.214467,193.613576,190.410789,192.146881,38139500
2025-07-29,191.997198,195.479354,191.647994,195.309738,41389200
2025-07-30,195.160096,197.155598,194.252139,196.087997,32445400
2025-07-31,195.269843,195.549212,190.660223,191.468399,51329200
2025-08-01,188.60487,190.400825,187.3976,188.704651,34832200
2025-08-04,189.862017,194.830827,189.692401,194.601334,31547400
2025-08-05,194.272096,197.415006,193.453933,194.232178,31602300
2025-08-06,194.062566,196.187781,193.234431,195.648987,21562900
2025-08-07,196.616797,197.095713,193.892941,196.078018,26321800
2025-08-08,196.776444,202.154321,196.726554,200.966995,39161800
2025-08-11,200.48808,201.026859,198.622291,200.547943,25832400
2025-08-12,200.917105,204.04007,200.13886,202.882675,30397900
2025-08-13,203.670901,204.069995,197.065779,201.505783,28342900
2025-08-14,201.046818,203.980208,200.777421,202.483582,25230400
2025-08-15,203.391546,205.975718,200.827319,203.441422,34931400
2025-08-18,203.740735,204.808336,202.03459,203.042313,18526600
2025-08-19,202.573377,202.982458,199.510289,201.116669,24240200
2025-08-20,200.278552,200.827318,196.157851,198.871735,28955500
2025-08-21,199.300735,202.024591,198.981448,199.300735,19774600
2025-08-22,202.274036,208.070967,200.84726,205.62648,42827000
2025-08-25,205.965723,210.046536,204.818316,208.021103,29928900
2025-08-26,207.043296,207.382543,205.237369,206.674133,28464100
2025-08-27,205.237371,208.440159,205.187481,207.013367,23022900
2025-08-28,206.783891,211.742714,206.434672,211.164017,32339300
2025-08-29,210.036556,214.167245,209.727256,212.431168,39728400
2025-09-02,207.971205,211.203909,205.736238,210.874664,47523000
2025-09-03,225.701232,230.789752,224.284412,230.14122,103336100
2025-09-04,229.133508,231.847392,225.601476,231.777557,51684200
2025-09-05,231.67776,235.229751,231.378432,234.471466,46588900
2025-09-08,235.150541,237.806936,233.35298,233.722473,32474700
2025-09-09,233.852317,240.143773,232.91359,239.304916,38061000
2025-09-10,238.575882,241.332147,237.527319,238.84552,35141100
2025-09-11,239.554574,241.921354,235.929494,240.0439,30599300
2025-09-12,240.043888,241.751575,237.677108,240.473312,26771600
2025-09-15,244.328078,252.067564,244.328078,251.268646,58383800
2025-09-16,251.73801,252.696699,249.13155,250.81926,34109700
2025-09-17,250.879177,251.258666,245.945876,249.191467,34108000
2025-09-18,251.338549,253.645427,249.461109,251.68808,31239500
2025-09-19,252.906428,255.652698,251.46838,254.374435,55571400
2025-09-22,254.084809,255.432984,249.960423,252.187393,32290500
2025-09-23,252.696706,254.014922,250.140181,251.318588,26628000
2025-09-24,251.318575,252.007641,246.105656,246.804703,28201000
2025-09-25,244.068429,246.155606,240.413406,245.456543,31020400
2025-09-26,246.734816,249.081618,245.636302,246.205521,18503200
2025-09-29,247.51375,250.809261,242.44064,243.718903,32505800
2025-09-30,242.480588,242.959932,238.92542,242.770203,34724300
2025-10-01,240.423385,245.965859,238.286289,244.567749,31658200
2025-10-02,244.817398,246.47515,241.971274,245.356674,25483300
2025-10-03,244.158317,245.965859,241.332154,245.017151,30249600
2025-10-06,244.447912,250.979048,244.248186,250.09024,28894700
2025-10-07,247.933179,250.100233,245.18691,245.426575,23181300
2025-10-08,244.627682,245.676245,243.489229,244.288132,21307100
2025-10-09,244.13833,244.42793,238.82554,241.202316,27892100
2025-10-10,241.102461,243.758856,235.520049,236.249069,33180300
2025-10-13,239.884114,244.168287,239.384793,243.818756,24995000
2025-10-14,240.902713,246.784722,240.183689,245.116989,22111600
2025-10-15,246.914552,251.767959,245.656267,250.689423,27007700
2025-10-16,251.428428,256.611374,249.760695,251.118851,27997200
2025-10-17,250.419782,253.875095,247.473788,252.956345,29671600
2025-10-20,254.344473,256.980875,253.88509,256.201935,22350200
2025-10-21,254.394401,254.53421,243.818757,250.120209,47312100
2025-10-22,254.024898,256.012189,248.951788,251.348541,35029400
2025-10-23,252.636793,254.693996,251.508337,252.736664,19901400
2025-10-24,256.231887,261.324974,254.973617,259.567383,28655100
2025-10-27,264.460719,269.773508,263.921443,268.904663,35235200
2025-10-28,269.324137,270.362734,266.138462,267.107147,29738600
2025-10-29,267.386755,274.966454,267.306877,274.19751,43580300
2025-10-30,291.194414,291.194414,279.680058,281.098145,74876000
2025-10-31,282.825751,285.611974,276.654143,280.808502,39267900
2025-11-03,281.797164,285.142625,279.420388,283.335083,29786000
2025-11-04,276.374515,280.888372,275.88519,277.163452,30078400
2025-11-05,278.491634,286.031408,276.963711,283.924255,31010300
2025-11-06,284.942878,287.9588,280.75859,284.363678,37173600
2025-11-07,282.825784,283.395018,274.816675,278.451721,34479600
2025-11-10,284.034134,290.405453,282.476223,289.706421,29557300
2025-11-11,287.359627,291.523983,286.930218,290.914795,19842100
2025-11-12,291.284273,291.613842,283.305123,286.321014,24829900
2025-11-13,281.956952,282.456274,276.863865,278.192078,29494000
2025-11-14,271.041787,278.182081,270.332759,276.035004,31647200
2025-11-17,285.392279,293.551209,283.185286,284.633301,52670200
2025-11-18,287.529394,288.408174,277.82258,283.894318,49158700
2025-11-19,286.770422,303.397827,286.241142,292.41275,68198900
2025-11-20,304.126836,306.00429,288.278371,289.057312,62025200
2025-11-21,296.017884,303.50771,293.451363,299.253479,74137700
2025-11-24,310.707892,319.046569,309.179969,318.147766,85165100
2025-11-25,325.767421,328.383862,317.219037,323.00119,88632100
2025-11-26,320.244951,324.059776,316.360244,319.515961,51373400
2025-11-28,322.931311,326.406601,316.360251,319.745636,26018600
2025-12-01,317.269015,319.416092,313.464186,314.46283,41183000
2025-12-02,316.310262,317.948051,313.484115,315.381531,35854700
2025-12-03,315.461434,321.143686,313.673854,319.19635,41838300
2025-12-04,321.792848,321.922647,314.273065,317.189087,31240900
2025-12-05,319.056523,322.721557,318.73698,320.834106,28851700
2025-12-08,319.824863,320.214603,311.001087,313.499329,33909400
2025-12-09,312.150255,317.766297,311.680585,316.856934,30194000
2025-12-10,315.607817,321.083974,314.458632,319.984741,33428900
2025-12-11,319.854817,320.894094,308.382913,312.210205,42353700
2025-12-12,313.47935,314.64851,305.345061,309.072449,35940200
2025-12-15,311.100999,311.200935,304.665527,308.003174,29151900
2025-12-16,304.735484,310.551367,302.377128,306.35434,30585000
2025-12-17,307.793327,307.873257,295.911677,296.511261,43930400
2025-12-18,301.507753,303.746168,299.019515,302.247223,33518000
2025-12-19,301.517766,307.033872,300.758291,306.943939,59943200
2025-12-22,309.662009,309.911833,305.085213,309.562073,26429900
2025-12-23,309.412195,314.718457,309.102415,314.128876,25478700
2025-12-24,314.548563,314.858343,311.700593,313.869049,10097400
2025-12-26,314.258778,314.868334,312.060314,313.289459,10899000
2025-12-29,311.150955,313.799084,310.401482,313.339417,19621800
2025-12-30,312.280185,316.727067,312.240205,313.629242,17380900
2025-12-31,312.629927,314.358691,311.220916,312.779816,16377700
2026-01-02,316.677083,322.27315,310.111697,314.928314,32009400
2026-01-05,317.43656,318.795588,314.408692,316.317352,30195600
2026-01-06,316.177414,320.714229,311.560669,314.118866,31212100
2026-01-07,314.138844,325.920559,313.968981,321.75351,35104400
2026-01-08,328.738575,330.087631,321.273829,325.21106,31896100
2026-01-09,326.859897,330.597257,325.570796,328.338867,26214200
2026-01-12,325.570791,333.805015,324.771366,331.626526,33923900
2026-01-13,334.714402,340.250483,333.38532,335.733673,33517600
2026-01-14,334.82431,336.283274,330.247545,335.60376,28525600
2026-01-15,337.412468,337.452448,330.507325,332.545898,28442400
2026-01-16,334.174754,334.414576,327.469483,329.767853,40341600
2026-01-20,320.644289,327.499479,320.204596,321.773499,35361000
2026-01-21,320.694273,332.246139,319.12537,328.149017,35386600
2026-01-22,334.214748,334.914238,328.518746,330.307495,26253600
2026-01-23,332.2561,333.455268,327.219667,327.69931,27280000
2026-01-26,327.579395,335.603745,326.769968,333.025574,26042100
2026-01-27,335.134067,337.672288,333.245412,334.314636,21636200
2026-01-28,335.823604,337.302574,331.706507,335.773651,27434400
2026-01-29,340.0606,342.049221,326.310301,338.012054,39785600
2026-01-30,339.760831,339.760831,332.056263,337.762238,31024000
2026-02-02,335.983496,344.587424,335.393914,343.448242,32006100
2026-02-03,347.095646,348.754481,337.232594,339.471008,36506700
2026-02-04,342.71873,343.068489,328.288885,332.805725,70618400
2026-02-05,312.000356,332.455957,306.244399,331.016968,88205800
2026-02-06,326.949842,330.147603,319.69497,322.632874,56380500
2026-02-09,320.704228,327.469485,317.036827,324.091858,39640100
2026-02-10,320.744199,321.443718,314.388657,318.355865,39170000
2026-02-11,318.745616,320.834143,309.442168,310.741241,45406400
2026-02-12,311.870446,316.01752,306.983902,308.782623,47761300
2026-02-13,307.51354,308.4129,303.496348,305.504944,38499700
2026-02-17,299.828938,304.225837,296.041596,301.807526,39247600
2026-02-18,301.87749,305.165184,301.038084,303.116608,28482100
2026-02-19,301.607689,305.255115,299.828942,302.636963,25834400
2026-02-20,304.105918,316.277343,303.686201,314.758423,53210800
2026-02-23,318.825554,319.295224,309.652018,311.270874,31423000
2026-02-24,310.301567,312.050336,305.7148,310.681305,25615600
2026-02-25,311.840465,313.419371,309.222313,312.679871,29963600
2026-02-26,312.420098,312.919746,302.137327,307.163788,36431200
2026-02-27,303.926075,312.150267,303.586288,311.54071,44640600
2026-03-02,303.016688,308.272967,301.088023,306.304352,34790200
2026-03-03,298.379945,303.726187,296.501262,303.366425,35497000
2026-03-04,302.676957,305.255129,300.538448,302.916779,29536200
2026-03-05,302.826819,303.086615,297.780353,300.668335,35752300
2026-03-06,295.881714,300.318593,294.972351,298.309998,25576900
2026-03-09,294.359985,306.799988,294.079987,306.359985,29312100
2026-03-10,306.170013,309.51001,305.570007,307.040009,23239700
2026-03-11,306.75,311.420013,305.920013,308.700012,24125700
2026-03-12,306.820007,308.940002,301.029999,303.549988,24928300
2026-03-13,307.01001,307.690002,300.440002,302.279999,23693100
2026-03-16,304.350006,306.48999,303.019989,305.559998,23519700
2026-03-17,305.859985,311.420013,305.5,310.920013,21955200
2026-03-18,309.269989,312.470001,306.929993,307.690002,20009800
2026-03-19,304.01001,308.059998,302.350006,307.130005,25075800
2026-03-20,305.459991,306.0,298.269989,301.0,44364100
2026-03-23,302.109985,305.980011,300.929993,302.059998,29326900
2026-03-24,299.200012,299.920013,290.329987,290.440002,36864300
2026-03-25,293.440002,296.0,289.23999,290.929993,29460700
2026-03-26,287.910004,287.950012,278.5,280.920013,39080600
2026-03-27,277.279999,279.369995,273.950012,274.339996,35890600
2026-03-30,276.420013,277.089996,272.109985,273.5,35141200
2026-03-31,278.040009,288.079987,277.089996,287.559998,43875400
2026-04-01,290.839996,300.519989,290.410004,297.390015,37684500
2026-04-02,290.690002,298.079987,289.450012,295.769989,21666500
2026-04-06,295.869995,300.619995,295.179993,299.98999,16945500
2026-04-07,302.730011,305.630005,297.720001,305.459991,23205400
2026-04-08,320.450012,322.079987,315.019989,317.320007,33547100
2026-04-09,315.910004,319.540009,311.059998,318.48999,23739200
2026-04-10,320.019989,321.829987,316.320007,317.23999,19152600
2026-04-13,317.140015,321.630005,315.470001,321.309998,18866400
2026-04-14,324.790009,333.290009,323.75,332.910004,27721400
2026-04-15,332.890015,337.480011,330.899994,337.119995,24918800
2026-04-16,338.75,339.880005,334.519989,336.019989,20541500
2026-04-17,337.649994,342.320007,336.23999,341.679993,25581900
2026-04-20,340.76001,341.399994,336.609985,337.420013,18784200
2026-04-21,337.690002,339.339996,331.350006,332.290009,23123800
2026-04-22,337.019989,339.820007,335.170013,339.320007,20293000
2026-04-23,341.179993,341.959991,336.179993,338.890015,18650300
2026-04-24,338.730011,345.269989,335.390015,344.399994,26426100
2026-04-27,345.980011,353.179993,342.730011,350.339996,28576900
2026-04-28,348.549988,352.420013,346.119995,349.779999,27824100
2026-04-29,347.570007,355.790009,344.209991,349.940002,35376300
2026-04-30,374.070007,385.839996,365.820007,384.799988,72040000
2026-05-01,381.630005,386.76001,379.049988,385.690002,30105200
2026-05-04,385.630005,387.380005,379.790009,383.25,26298600
2026-05-05,386.230011,392.820007,384.019989,388.429993,23878600
2026-05-06,394.25,399.850006,392.76001,398.040009,31308500
2026-05-07,399.920013,400.100006,392.679993,397.98999,24433500
2026-05-08,397.0,402.0,396.359985,400.799988,21461800
2026-05-11,393.649994,397.440002,388.470001,388.640015,30753700
2026-05-12,387.339996,388.519989,382.769989,387.350006,26017500
2026-05-13,385.600006,403.700012,385.0,402.619995,28144600
2026-05-14,397.279999,402.929993,395.839996,401.070007,21136700
2026-05-15,396.320007,399.540009,393.179993,396.779999,20309700
2026-05-18,395.690002,408.609985,394.529999,396.940002,26837200
2026-05-19,396.959991,397.149994,386.109985,387.660004,39545700
2026-05-20,387.700012,393.859985,382.899994,388.910004,31744400
2026-05-21,385.700012,392.5,383.019989,387.660004,24852800
2026-05-22,387.350006,388.73999,381.769989,382.970001,20442100
2026-05-26,384.51001,389.26001,382.600006,388.880005,27747400
2026-05-27,386.670013,393.880005,385.899994,388.829987,23087300
2026-05-28,388.0,391.869995,385.160004,390.130005,24357500
2026-05-29,385.23999,385.23999,378.459991,380.339996,44415800
2026-06-01,376.519989,378.559998,373.519989,376.369995,28672100
2026-06-02,366.589996,373.540009,358.440002,361.850006,50412300
2026-06-03,362.029999,366.450012,358.079987,358.98999,55441600
2026-06-04,358.899994,373.25,358.209991,372.190002,44055500
2026-06-05,366.339996,372.079987,364.119995,368.529999,37375600
