Date,Open,High,Low,Close,Volume
2009-01-02,6.155241,6.458053,6.155241,6.423114,300500
2009-01-05,6.392056,6.39788,6.287237,6.364881,321500
2009-01-06,6.401762,6.543462,6.401762,6.48717,478500
2009-01-07,6.401761,6.401761,6.254237,6.298882,322000
2009-01-08,6.298883,6.310529,6.207651,6.302765,1541500
2009-01-09,6.287237,6.298883,6.13583,6.196004,879000
2009-01-12,6.205709,6.236767,6.098948,6.133888,356500
2009-01-13,6.11836,6.186298,6.034892,6.114478,1802500
2009-01-14,6.046539,6.04848,5.864075,5.914544,563000
2009-01-15,5.906779,5.992187,5.753432,5.945601,1021000
2009-01-16,6.032951,6.100889,5.858251,6.03101,994500
2009-01-20,6.01354,6.038775,5.722374,5.730139,960500
2009-01-21,5.800018,6.017422,5.761196,5.999952,791000
2009-01-22,5.842723,5.88931,5.71461,5.800019,953000
2009-01-23,5.724315,5.951424,5.689375,5.877663,2100500
2009-01-26,5.908721,6.02907,5.846606,5.908721,2593500
2009-01-27,5.916486,5.996071,5.88737,5.951426,1017000
2009-01-28,6.042658,6.176594,6.019365,6.118361,1388500
2009-01-29,6.089243,6.106713,5.953366,5.982482,669500
2009-01-30,6.017423,6.031011,5.819431,5.825254,619000
2009-02-02,5.759255,5.889309,5.759255,5.860193,480000
2009-02-03,5.867957,6.009658,5.780607,5.984423,606000
2009-02-04,6.027128,6.133889,5.97666,6.017423,337500
2009-02-05,5.951425,6.225121,5.92425,6.166888,1300000
2009-02-06,6.188239,6.366821,6.188239,6.353233,558000
2009-02-09,6.339644,6.362937,6.275588,6.327997,351500
2009-02-10,6.281413,6.345469,6.032951,6.06595,382500
2009-02-11,6.114478,6.168829,6.02907,6.124184,835000
2009-02-12,6.021305,6.141654,5.94172,6.139713,859500
2009-02-13,6.161064,6.219297,6.128066,6.128066,288500
2009-02-17,5.90484,6.0116,5.881546,5.916486,330000
2009-02-18,5.947541,6.001892,5.846604,5.899014,342500
2009-02-19,5.933955,5.953366,5.811666,5.815548,188500
2009-02-20,5.76702,5.852429,5.726257,5.796137,502000
2009-02-23,5.809723,5.833016,5.607848,5.621436,325000
2009-02-24,5.648613,5.833018,5.62532,5.80196,883000
2009-02-25,5.768961,5.815548,5.635025,5.730139,496000
2009-02-26,5.743726,5.743726,5.594261,5.607849,317000
2009-02-27,5.522441,5.699081,5.522441,5.600085,1545500
2009-03-02,5.499148,5.563204,5.427327,5.446738,4736500
2009-03-03,5.483618,5.501088,5.378798,5.407915,2082500
2009-03-04,5.458384,5.600084,5.456443,5.520499,455000
2009-03-05,5.473914,5.557381,5.390446,5.398211,1751000
2009-03-06,5.427328,5.468091,5.301156,5.409858,1440500
2009-03-09,5.367152,5.501088,5.306978,5.316683,681500
2009-03-10,5.394328,5.677729,5.382681,5.664141,1363000
2009-03-11,5.71461,5.796137,5.679671,5.74955,761500
2009-03-12,5.755373,5.926191,5.677729,5.912603,3487000
2009-03-13,5.899015,5.904838,5.790313,5.862134,1034500
2009-03-16,5.904839,5.904839,5.737904,5.743727,3123500
2009-03-17,5.763138,5.912603,5.720434,5.912603,587500
2009-03-18,5.930072,6.17271,5.916485,6.108654,355500
2009-03-19,6.24453,6.24453,6.147475,6.190179,2112000
2009-03-20,6.172711,6.238708,5.990247,6.023245,569000
2009-03-23,6.139712,6.411467,6.108655,6.411467,943500
2009-03-24,6.397879,6.397879,6.256178,6.271707,929500
2009-03-25,6.31247,6.407584,6.182415,6.351292,519000
2009-03-26,6.446406,6.624988,6.434759,6.624988,1166500
2009-03-27,6.580344,6.580344,6.423114,6.428937,684500
2009-03-30,6.417288,6.417288,6.19212,6.277529,476500
2009-03-31,6.374585,6.539579,6.359056,6.41923,654000
2009-04-01,6.339645,6.555108,6.335763,6.516286,942000
2009-04-02,6.632753,6.85598,6.615282,6.735631,1906000
2009-04-03,6.73369,6.830745,6.69875,6.830745,379500
2009-04-06,6.780276,6.780276,6.609459,6.714279,1132500
2009-04-07,6.70069,6.70069,6.535697,6.578401,440000
2009-04-08,6.621106,6.780276,6.621106,6.727867,423000
2009-04-09,6.846275,6.914213,6.811335,6.904508,1429500
2009-04-13,6.900625,6.900625,6.755042,6.832686,467000
2009-04-14,6.782218,6.807453,6.69681,6.716221,375500
2009-04-15,6.685162,6.712337,6.582283,6.677397,552000
2009-04-16,6.788041,6.894802,6.690986,6.848216,611500
2009-04-17,6.850156,6.914213,6.762806,6.867626,384500
2009-04-20,6.698751,6.712339,6.60752,6.630813,564000
2009-04-21,6.654105,6.793864,6.654105,6.793864,1825000
2009-04-22,6.696808,6.953033,6.687102,6.826861,1047000
2009-04-23,6.791924,6.813276,6.68128,6.80357,1251000
2009-04-24,6.869566,7.079205,6.811333,7.028737,1128000
2009-04-27,6.92586,7.069502,6.892861,6.972446,503500
2009-04-28,6.9608,6.9608,6.848216,6.904508,491500
2009-04-29,6.931683,7.092794,6.931683,7.01515,820500
2009-04-30,7.08697,7.180143,7.030678,7.075324,1789000
2009-05-01,7.065619,7.12191,7.036502,7.090853,1063500
2009-05-04,7.15491,7.182085,7.112205,7.174321,748000
2009-05-05,7.164615,7.187908,7.08503,7.174321,1526000
2009-05-06,7.248083,7.257788,7.042326,7.141322,1217500
2009-05-07,7.139381,7.141322,6.848216,6.918095,2336000
2009-05-08,6.960799,7.057854,6.896743,6.951094,1528000
2009-05-11,6.888978,7.06756,6.838509,7.007385,1891000
2009-05-12,6.989917,7.052032,6.902567,6.976329,1251500
2009-05-13,6.902567,6.90839,6.774454,6.80163,1738000
2009-05-14,6.813275,6.960799,6.813275,6.921977,786500
2009-05-15,6.906448,7.067559,6.896742,6.991856,339500
2009-05-18,7.026797,7.108323,6.978269,7.108323,841500
2009-05-19,7.05203,7.213142,7.038442,7.137439,517500
2009-05-20,7.156851,7.26167,7.083088,7.102499,848000
2009-05-21,7.036502,7.100558,6.953034,7.024855,1046500
2009-05-22,7.044266,7.090853,6.947211,7.007385,1655500
2009-05-26,6.92586,7.220908,6.916154,7.185967,1748500
2009-05-27,7.185969,7.259731,7.096678,7.104443,606000
2009-05-28,7.152968,7.222848,7.065618,7.197613,835500
2009-05-29,7.201496,7.271376,7.149087,7.271376,380500
2009-06-01,7.380077,7.494603,7.370372,7.475192,4893500
2009-06-02,7.448017,7.581953,7.448017,7.527603,1233500
2009-06-03,7.479074,7.508191,7.387842,7.484898,287500
2009-06-04,7.533425,7.5606,7.473251,7.554777,386500
2009-06-05,7.611069,7.622716,7.504308,7.566424,948000
2009-06-08,7.560601,7.570306,7.430547,7.525661,336500
2009-06-09,7.568364,7.64795,7.545071,7.597481,500500
2009-06-10,7.647951,7.647951,7.492662,7.587776,575500
2009-06-11,7.603305,7.706183,7.603305,7.632421,227000
2009-06-12,7.603305,7.667361,7.541189,7.667361,508000
2009-06-15,7.605246,7.607187,7.424723,7.481015,268000
2009-06-16,7.535366,7.539248,7.376195,7.376195,678000
2009-06-17,7.38202,7.517897,7.38202,7.457723,961000
2009-06-18,7.45772,7.45772,7.374253,7.432486,1819000
2009-06-19,7.494603,7.568364,7.488779,7.498485,304500
2009-06-22,7.420841,7.420841,7.215084,7.215084,740500
2009-06-23,7.255847,7.25973,7.180144,7.230613,3389000
2009-06-24,7.27914,7.4189,7.27914,7.372313,183500
2009-06-25,7.327667,7.486838,7.292727,7.486838,184500
2009-06-26,7.459662,7.486837,7.413075,7.446074,172000
2009-06-29,7.475191,7.533424,7.415017,7.486838,125000
2009-06-30,7.502367,7.552836,7.424723,7.475192,466000
2009-07-01,7.510133,7.609129,7.510133,7.527603,521000
2009-07-02,7.459664,7.459664,7.327669,7.362609,407000
2009-07-06,7.333491,7.333491,7.199555,7.246141,890000
2009-07-07,7.253906,7.253906,7.073383,7.083088,260500
2009-07-08,7.077265,7.094735,6.984092,7.075324,285000
2009-07-09,7.075323,7.170437,7.071441,7.127733,154500
2009-07-10,7.090853,7.19179,7.090853,7.164614,172500
2009-07-13,7.174322,7.2772,7.046209,7.269435,276000
2009-07-14,7.269434,7.304374,7.218966,7.300492,186500
2009-07-15,7.407253,7.580012,7.407253,7.570306,1174000
2009-07-16,7.55866,7.653774,7.54119,7.636304,181000
2009-07-17,7.624657,7.669302,7.603305,7.667361,863000
2009-07-20,7.68095,7.746948,7.667363,7.739183,1240500
2009-07-21,7.75665,7.816824,7.715887,7.814883,3782500
2009-07-22,7.793534,7.857591,7.764418,7.830415,366000
2009-07-23,7.822651,8.057524,7.803239,8.022584,363500
2009-07-24,7.94688,7.99929,7.851767,7.99929,848500
2009-07-27,7.99929,7.99929,7.873119,7.931352,271000
2009-07-28,7.913881,7.993466,7.861471,7.98376,963500
2009-07-29,7.964353,7.979881,7.892531,7.964353,240500
2009-07-30,7.970174,8.040054,7.871177,7.877001,719000
2009-07-31,7.89447,7.985702,7.886706,7.908058,385000
2009-08-03,7.935233,7.975997,7.892529,7.962409,382000
2009-08-04,7.946878,8.036169,7.927467,8.014817,491000
2009-08-05,8.014819,8.014819,7.832354,7.886706,313000
2009-08-06,7.908057,7.954644,7.875059,7.917763,241000
2009-08-07,8.034229,8.100227,8.001231,8.074992,402500
2009-08-10,8.024525,8.074994,7.99735,8.030349,301500
2009-08-11,8.012878,8.030349,7.935234,7.941058,471000
2009-08-12,7.946878,8.205045,7.935231,8.137106,261500
2009-08-13,8.175931,8.175931,8.08664,8.160402,1568500
2009-08-14,8.131283,8.162341,8.030346,8.102166,903500
2009-08-17,7.972115,7.972115,7.820709,7.832355,477000
2009-08-18,7.843999,7.931349,7.843999,7.906115,1156000
2009-08-19,7.836236,7.968231,7.828471,7.954643,283000
2009-08-20,7.92941,8.03617,7.900294,8.018701,233000
2009-08-21,8.057524,8.15652,8.028407,8.146814,440000
2009-08-24,8.172047,8.203104,8.111872,8.140988,280500
2009-08-25,8.148754,8.173988,8.100226,8.119637,388000
2009-08-26,8.123519,8.140989,8.069169,8.104109,209500
2009-08-27,8.086638,8.123519,7.985701,8.119637,222500
2009-08-28,8.160401,8.24581,8.022583,8.057523,301500
2009-08-31,8.001234,8.001234,7.929412,7.964353,278500
2009-09-01,7.929411,8.059464,7.80518,7.836238,860000
2009-09-02,7.789649,7.855646,7.778002,7.814883,450000
2009-09-03,7.830413,7.888647,7.750828,7.886706,1693000
2009-09-04,7.894473,8.049762,7.877004,8.043939,229000
2009-09-08,8.092465,8.131287,8.053643,8.131287,428500
2009-09-09,8.139047,8.201163,8.106049,8.191457,253500
2009-09-10,8.172049,8.300162,8.172049,8.294338,328500
2009-09-11,8.317629,8.358393,8.276866,8.346746,226000
2009-09-14,8.307927,8.373925,8.305985,8.370042,181000
2009-09-15,8.354513,8.371983,8.302103,8.350631,241500
2009-09-16,8.317631,8.383628,8.259398,8.383628,166000
2009-09-17,8.335102,8.399158,8.309867,8.362277,489500
2009-09-18,8.393331,8.403036,8.329274,8.368096,185000
2009-09-21,8.305982,8.379744,8.296277,8.338981,244000
2009-09-22,8.375867,8.387514,8.319575,8.358397,261000
2009-09-23,8.383629,8.498154,8.360337,8.364219,384000
2009-09-24,8.406918,8.441858,8.296276,8.337039,295000
2009-09-25,8.333162,8.364219,8.282693,8.307927,156000
2009-09-28,8.344807,8.496213,8.344807,8.449627,125500
2009-09-29,8.445745,8.519507,8.434099,8.439922,1190500
2009-09-30,8.449625,8.511741,8.323454,8.453507,1079000
2009-10-01,8.393333,8.393333,8.189517,8.205047,563000
2009-10-02,8.113815,8.238046,8.106051,8.187577,435000
2009-10-05,8.206989,8.309867,8.170108,8.298221,398500
2009-10-06,8.31569,8.453509,8.31569,8.449627,1024500
2009-10-07,8.416626,8.469035,8.410803,8.451566,587500
2009-10-08,8.509797,8.626263,8.496209,8.591324,378000
2009-10-09,8.593268,8.676735,8.564152,8.668971,415000
2009-10-12,8.690324,8.740791,8.624325,8.668971,317500
2009-10-13,8.670908,8.756317,8.643733,8.731083,1564500
2009-10-14,8.810672,8.820378,8.748557,8.797085,493000
2009-10-15,8.760202,8.820376,8.748555,8.820376,748500
2009-10-16,8.758263,8.814554,8.709735,8.781556,1018000
2009-10-19,8.77767,8.878607,8.758259,8.857256,505500
2009-10-20,8.833962,8.833962,8.680615,8.754377,665500
2009-10-21,8.740792,8.888317,8.727205,8.733028,558500
2009-10-22,8.709734,8.785437,8.585503,8.77185,832000
2009-10-23,8.835903,8.868901,8.690321,8.717496,404500
2009-10-26,8.733024,8.84949,8.65538,8.680614,1517000
2009-10-27,8.635971,8.725262,8.552504,8.558327,358000
2009-10-28,8.521446,8.533092,8.325394,8.342864,266000
2009-10-29,8.426333,8.54474,8.391392,8.536975,504000
2009-10-30,8.49039,8.517565,8.323455,8.340924,568000
2009-11-02,8.335103,8.391395,8.247753,8.327338,1694500
2009-11-03,8.296277,8.346745,8.247749,8.338981,1127000
2009-11-04,8.358395,8.517565,8.35063,8.399158,1215500
2009-11-05,8.455448,8.591326,8.453507,8.558327,331000
2009-11-06,8.523387,8.674793,8.509799,8.618502,997000
2009-11-09,8.667032,8.812614,8.667032,8.812614,376500
2009-11-10,8.799025,8.824259,8.750497,8.77379,525500
2009-11-11,8.806793,8.812616,8.692268,8.769912,192500
2009-11-12,8.785437,8.816494,8.696146,8.703911,426000
2009-11-13,8.738851,8.830082,8.733028,8.818437,132000
2009-11-16,8.849491,8.932959,8.849491,8.907724,219500
2009-11-17,8.892199,8.921316,8.849495,8.913551,260000
2009-11-18,8.882492,8.882492,8.762143,8.833964,276000
2009-11-19,8.767964,8.781552,8.649556,8.711672,270000
2009-11-20,8.663148,8.690324,8.618503,8.647619,409500
2009-11-23,8.752439,8.82232,8.752439,8.777674,142500
2009-11-24,8.775731,8.775731,8.684499,8.723321,233000
2009-11-25,8.762144,8.787378,8.73691,8.762144,144500
2009-11-27,8.571916,8.853376,8.43798,8.604915,150500
2009-11-30,8.558329,8.585505,8.476803,8.577741,1146000
2009-12-01,8.620443,8.758262,8.620443,8.734968,3616000
2009-12-02,8.752434,8.812609,8.721377,8.746612,314000
2009-12-03,8.740795,8.822321,8.682562,8.682562,138000
2009-12-04,8.731088,8.82426,8.674795,8.764086,444000
2009-12-07,8.731087,8.775732,8.680618,8.696147,246500
2009-12-08,8.661207,8.661207,8.540858,8.595209,518000
2009-12-09,8.575799,8.626267,8.531153,8.622385,173500
2009-12-10,8.680616,8.696144,8.649557,8.663145,183000
2009-12-11,8.698088,8.700028,8.608797,8.651501,169500
2009-12-14,8.721382,8.777674,8.686442,8.775733,202500
2009-12-15,8.731087,8.804849,8.705853,8.740792,188000
2009-12-16,8.777672,8.865022,8.777672,8.810671,191500
2009-12-17,8.762143,8.762143,8.696146,8.713615,125000
2009-12-18,8.79514,8.874725,8.791257,8.872784,242000
2009-12-21,8.899964,8.96402,8.899964,8.952374,160000
2009-12-22,8.979545,9.026132,8.942664,9.014485,302000
2009-12-23,9.041662,9.146482,9.041662,9.146482,223500
2009-12-24,9.160067,9.216359,9.160067,9.214418,85500
2009-12-28,9.204715,9.229949,9.175598,9.19695,102500
2009-12-29,9.208598,9.241597,9.19501,9.226068,295000
2009-12-30,9.202772,9.247417,9.179478,9.214418,178000
2009-12-31,9.224126,9.224126,9.097954,9.097954,318000
2010-01-04,9.173656,9.274594,9.173656,9.245478,336000
2010-01-05,9.239656,9.261007,9.191128,9.253243,226000
2010-01-06,9.243537,9.268771,9.181421,9.206656,219500
2010-01-07,9.183364,9.195011,9.123189,9.16007,219500
2010-01-08,9.144541,9.22995,9.130954,9.220244,230500
2010-01-11,9.224127,9.237715,9.146483,9.181423,176000
2010-01-12,9.101836,9.103777,9.006722,9.035839,189000
2010-01-13,9.05525,9.169775,9.05525,9.148422,57000
2010-01-14,9.140658,9.243536,9.134834,9.23383,440000
2010-01-15,9.239654,9.262947,9.090189,9.163951,135000
2010-01-19,9.163954,9.266832,9.142601,9.261008,233000
2010-01-20,9.171718,9.171718,8.991196,9.134837,216000
2010-01-21,9.146481,9.210537,8.98537,9.02225,408500
2010-01-22,9.022255,9.022255,8.754383,8.769912,256500
2010-01-25,8.818434,8.828139,8.72332,8.766024,297500
2010-01-26,8.752439,8.84173,8.707794,8.756322,128000
2010-01-27,8.723317,8.802902,8.688377,8.785433,1845000
2010-01-28,8.773791,8.785438,8.558328,8.64956,287000
2010-01-29,8.694204,8.707792,8.486506,8.505917,827500
2010-02-01,8.533093,8.599091,8.5098,8.599091,453000
2010-02-02,8.608794,8.682557,8.556385,8.663145,248500
2010-02-03,8.61268,8.688383,8.61268,8.667031,229000
2010-02-04,8.60103,8.610734,8.406919,8.406919,459500
2010-02-05,8.420507,8.469035,8.311806,8.469035,519000
2010-02-08,8.463214,8.500095,8.412745,8.412745,191500
2010-02-09,8.463212,8.523386,8.385568,8.469035,280500
2010-02-10,8.480684,8.502037,8.404981,8.449627,717500
2010-02-11,8.447686,8.583563,8.408863,8.552505,173000
2010-02-12,8.465158,8.548625,8.437982,8.544743,630500
2010-02-16,8.606853,8.667028,8.587442,8.657322,276500
2010-02-17,8.686439,8.766024,8.686439,8.766024,126000
2010-02-18,8.766025,8.851434,8.766025,8.849493,262000
2010-02-19,8.8592,8.93102,8.8592,8.886375,358500
2010-02-22,8.905786,8.923256,8.849494,8.863082,205500
2010-02-23,8.84173,8.872789,8.744676,8.775733,234500
2010-02-24,8.843671,8.938785,8.826201,8.91161,140000
2010-02-25,8.802908,8.882494,8.713617,8.880552,146500
2010-02-26,8.886374,8.886374,8.826199,8.866962,1414000
2010-03-01,8.898022,8.995077,8.870847,8.989254,401500
2010-03-02,8.991192,9.061072,8.979545,8.997016,103500
2010-03-03,9.020309,9.094071,9.018368,9.033896,979000
2010-03-04,9.033899,9.103779,8.977607,9.103779,180000
2010-03-05,9.150367,9.222187,9.150367,9.212481,327500
2010-03-08,9.206656,9.257124,9.206656,9.237713,240000
2010-03-09,9.200834,9.350299,9.200834,9.29983,306000
2010-03-10,9.290121,9.381354,9.290121,9.360002,172500
2010-03-11,9.332828,9.408531,9.31924,9.400766,321000
2010-03-12,9.424062,9.435709,9.375535,9.426003,236000
2010-03-15,9.414354,9.464822,9.394943,9.451235,145000
2010-03-16,9.47259,9.480354,9.42018,9.474531,327000
2010-03-17,9.488118,9.554115,9.488118,9.521117,181500
2010-03-18,9.511411,9.583231,9.511411,9.550233,298000
2010-03-19,9.464821,9.583228,9.431823,9.464821,320500
2010-03-22,9.437647,9.554113,9.431824,9.538585,207500
2010-03-23,9.536643,9.573524,9.505585,9.573524,210500
2010-03-24,9.592937,9.604583,9.546351,9.559938,175500
2010-03-25,9.610404,9.631755,9.495879,9.499761,216000
2010-03-26,9.513351,9.521116,9.385238,9.437648,111000
2010-03-29,9.460941,9.464823,9.404649,9.437648,282000
2010-03-30,9.427942,9.472588,9.379414,9.455117,404500
2010-03-31,9.441532,9.482296,9.408534,9.426003,206500
2010-04-01,9.439586,9.519171,9.332825,9.414351,261000
2010-04-05,9.441527,9.546348,9.433764,9.536642,224500
2010-04-06,9.49394,9.575467,9.472589,9.550233,401500
2010-04-07,9.53082,9.548291,9.455117,9.488116,184500
2010-04-08,9.470649,9.538587,9.431827,9.517235,189500
2010-04-09,9.515294,9.635643,9.503647,9.635643,90000
2010-04-12,9.635642,9.672523,9.616231,9.664759,55000
2010-04-13,9.639524,9.670581,9.602643,9.651171,132500
2010-04-14,9.693876,9.763756,9.689994,9.763756,146500
2010-04-15,9.74046,9.750165,9.70552,9.726872,184000
2010-04-16,9.717168,9.744344,9.616231,9.664759,430500
2010-04-19,9.622052,9.686109,9.548291,9.629817,271500
2010-04-20,9.670579,9.792869,9.664756,9.785104,201500
2010-04-21,9.806456,9.823926,9.748223,9.816162,142000
2010-04-22,9.728812,9.880219,9.666697,9.870513,781500
2010-04-23,9.866634,9.891869,9.802578,9.891869,430000
2010-04-26,9.901571,9.93457,9.882161,9.901571,129500
2010-04-27,9.874394,9.909334,9.699696,9.722988,226500
2010-04-28,9.742403,9.742403,9.651171,9.70164,312500
2010-04-29,9.728813,9.771517,9.674462,9.765694,104000
2010-04-30,9.719107,9.719107,9.556054,9.561878,256000
2010-05-03,9.577407,9.688051,9.577407,9.660875,424500
2010-05-04,9.557997,9.557997,9.35224,9.412415,295000
2010-05-05,9.36971,9.416296,9.319241,9.340592,348000
2010-05-06,9.319243,13.587731,3.882209,9.055252,820000
2010-05-07,9.035839,9.101836,8.711674,8.822317,1008500
2010-05-10,9.016424,9.243534,9.016424,9.239652,438500
2010-05-11,9.210538,9.365826,9.154246,9.245478,448500
2010-05-12,9.257127,9.540528,9.257127,9.521117,224000
2010-05-13,9.507526,9.662816,9.507526,9.53082,118500
2010-05-14,9.435706,9.435706,9.208597,9.2843,154500
2010-05-17,9.321179,9.371648,9.138715,9.301767,368500
2010-05-18,9.363883,9.406588,9.16395,9.214418,243500
2010-05-19,9.196952,9.214423,9.018371,9.088251,301000
2010-05-20,8.929078,8.940725,8.734968,8.734968,467500
2010-05-21,8.591326,8.89608,8.552504,8.849493,825000
2010-05-24,8.779614,8.898022,8.762144,8.791261,523000
2010-05-25,8.624324,8.748555,8.49233,8.748555,722500
2010-05-26,8.75632,8.927137,8.672852,8.715556,636500
2010-05-27,8.833965,9.0009,8.833965,9.0009,362500
2010-05-28,8.942665,8.98537,8.868903,8.91549,459000
2010-06-01,8.841729,8.987313,8.793202,8.793202,490000
2010-06-02,8.802905,8.98537,8.736908,8.98537,290000
2010-06-03,8.998957,9.185303,8.971782,9.162009,219000
2010-06-04,8.983429,9.05525,8.769908,8.787377,150000
2010-06-07,8.799028,8.853378,8.601035,8.606858,248000
2010-06-08,8.601035,8.626269,8.478745,8.606858,259000
2010-06-09,8.634032,8.771851,8.571917,8.601034,437000
2010-06-10,8.703911,8.853375,8.688382,8.853375,239500
2010-06-11,8.773789,8.987311,8.773789,8.975664,209500
2010-06-14,9.045543,9.07466,8.948488,8.950429,129500
2010-06-15,8.977606,9.204715,8.977606,9.193069,150000
2010-06-16,9.16395,9.21636,9.113482,9.177538,162500
2010-06-17,9.185304,9.231891,9.148423,9.220244,189500
2010-06-18,9.241595,9.270712,9.195008,9.23383,162500
2010-06-21,9.311477,9.338652,9.146483,9.167835,171000
2010-06-22,9.185302,9.224124,9.016426,9.016426,199500
2010-06-23,8.989253,9.020311,8.903844,8.93102,142500
2010-06-24,8.909667,8.913549,8.777672,8.787377,480000
2010-06-25,8.847553,8.921315,8.77379,8.845612,196500
2010-06-28,8.833964,8.88055,8.764084,8.787377,472000
2010-06-29,8.667029,8.670911,8.385569,8.44186,369500
2010-06-30,8.410805,8.505919,8.333161,8.352571,474500
2010-07-01,8.346749,8.383629,8.193402,8.364219,707500
2010-07-02,8.36616,8.41857,8.325397,8.360337,315500
2010-07-06,8.482622,8.562207,8.348686,8.406919,2143500
2010-07-07,8.412747,8.676736,8.412747,8.665091,1979000
2010-07-08,8.727207,8.73303,8.61074,8.692267,1629500
2010-07-09,8.674794,8.750497,8.672853,8.750497,485500
2010-07-12,8.734964,8.820373,8.713612,8.785433,1197000
2010-07-13,8.866964,9.010606,8.865023,8.98343,169000
2010-07-14,9.0009,9.059133,8.962078,9.026134,237500
2010-07-15,9.026134,9.039722,8.905786,9.026134,588500
2010-07-16,8.983431,8.99702,8.766027,8.775733,289000
2010-07-19,8.81067,8.892196,8.783495,8.870845,204500
2010-07-20,8.711675,8.979548,8.676735,8.977607,1812000
2010-07-21,8.995076,8.997018,8.824259,8.837847,175500
2010-07-22,8.91161,9.127073,8.91161,9.117367,182500
2010-07-23,9.123188,9.274594,9.086308,9.274594,239000
2010-07-26,9.272656,9.369711,9.268774,9.36777,130000
2010-07-27,9.400767,9.400767,9.286242,9.328947,1744500
2010-07-28,9.307591,9.313414,9.156185,9.189184,99000
2010-07-29,9.191129,9.228011,9.043605,9.129014,131500
2010-07-30,9.045543,9.204714,9.006721,9.171715,320000
2010-08-02,9.276536,9.371651,9.249361,9.35224,174500
2010-08-03,9.338653,9.342535,9.249362,9.266832,330500
2010-08-04,9.325064,9.44153,9.299829,9.429883,96000
2010-08-05,9.371651,9.373592,9.284301,9.323123,99500
2010-08-06,9.266831,9.3173,9.156188,9.3173,62500
2010-08-09,9.328945,9.373589,9.32118,9.350296,21000
2010-08-10,9.270715,9.270715,9.148425,9.212481,84000
2010-08-11,9.026135,9.026135,8.915492,8.940726,314500
2010-08-12,8.793201,8.855316,8.769908,8.833964,192000
2010-08-13,8.804845,8.888313,8.804845,8.816492,292500
2010-08-16,8.771851,8.863083,8.733029,8.812614,212500
2010-08-17,8.882491,9.041661,8.880549,8.981486,312000
2010-08-18,8.969843,9.05137,8.890258,9.012547,275500
2010-08-19,9.152306,9.200832,9.033898,9.096013,563000
2010-08-20,9.134837,9.354182,9.134837,9.348359,871500
2010-08-23,9.369708,9.420177,9.255183,9.264888,125000
2010-08-24,9.193069,9.251301,9.097954,9.193069,2075000
2010-08-25,9.134832,9.231888,9.09601,9.214418,271500
2010-08-26,9.229948,9.278476,9.152304,9.158127,1057000
2010-08-27,9.229948,9.338649,9.080483,9.325062,426000
2010-08-30,9.295948,9.319241,9.183363,9.187245,1612500
2010-08-31,9.16007,9.220245,9.094073,9.167835,235000
2010-09-01,9.276539,9.459003,9.276539,9.453179,238500
2010-09-02,9.441528,9.556053,9.418235,9.552171,199500
2010-09-03,9.695814,9.695814,9.590995,9.656992,291500
2010-09-07,9.660875,9.707461,9.623994,9.633698,187500
2010-09-08,9.664756,9.748222,9.664756,9.722988,149000
2010-09-09,9.847219,9.862747,9.788986,9.812279,120000
2010-09-10,9.816164,9.86275,9.781224,9.839457,449500
2010-09-13,9.911281,10.054922,9.911281,10.03163,343500
2010-09-14,10.027743,10.111211,9.988921,10.054918,175500
2010-09-15,10.010274,10.0918,9.983099,10.078213,185000
2010-09-16,10.058802,10.093741,10.021921,10.066566,528000
2010-09-17,10.151974,10.186914,10.097623,10.177208,494000
2010-09-20,10.225736,10.371319,10.204384,10.357731,414500
2010-09-21,10.384905,10.384905,10.258734,10.283968,1046500
2010-09-22,10.115091,10.132561,9.977273,10.012213,724500
2010-09-23,9.950099,10.095682,9.950099,9.988921,1561000
2010-09-24,10.132561,10.190795,10.113151,10.190795,426000
2010-09-27,10.204384,10.225737,10.132563,10.159739,983000
2010-09-28,10.194677,10.214089,10.04133,10.194677,2278000
2010-09-29,10.204384,10.204384,10.122858,10.14421,352500
2010-09-30,10.200502,10.235441,10.03939,10.066566,225000
2010-10-01,10.161681,10.175268,10.066566,10.111212,210000
2010-10-04,10.08015,10.111209,9.922921,9.977272,130500
2010-10-05,10.109269,10.206323,10.089857,10.192736,57500
2010-10-06,10.184975,10.184975,9.827811,9.905456,1189500
2010-10-07,9.979215,10.05686,9.897689,10.052978,559500
2010-10-08,10.054917,10.07627,9.948157,10.047153,447500
2010-10-11,10.04327,10.058799,9.983096,9.983096,504000
2010-10-12,9.981159,10.14227,9.905456,10.120918,540000
2010-10-13,10.171382,10.334435,10.169441,10.274261,180000
2010-10-14,10.293675,10.293675,10.184974,10.247088,191000
2010-10-15,10.322787,10.322787,10.18691,10.309199,221500
2010-10-18,10.289792,10.289792,10.214089,10.276204,240000
2010-10-19,10.136447,10.190798,10.033569,10.103448,2798500
2010-10-20,10.142269,10.217972,10.097624,10.169444,92000
2010-10-21,10.223793,10.311142,10.087916,10.196617,183500
2010-10-22,10.27038,10.39267,10.247087,10.386847,120500
2010-10-25,10.427611,10.501372,10.412082,10.452846,134000
2010-10-26,10.435376,10.528548,10.369378,10.503314,313000
2010-10-27,10.466435,10.575137,10.437318,10.56349,136000
2010-10-28,10.625603,10.650837,10.499431,10.615897,309500
2010-10-29,10.619779,10.705187,10.619779,10.656659,421500
2010-11-01,10.714894,10.767303,10.579016,10.641131,681000
2010-11-02,10.718776,10.790597,10.705189,10.778951,206500
2010-11-03,10.790598,10.790598,10.639192,10.726542,776500
2010-11-04,10.870184,10.905124,10.808068,10.854655,1304500
2010-11-05,10.901239,10.918709,10.810007,10.837183,386000
2010-11-08,10.844947,10.903181,10.784774,10.872123,93500
2010-11-09,10.901243,10.934241,10.821657,10.833303,73500
2010-11-10,10.837186,10.920653,10.788658,10.907065,60000
2010-11-11,10.780891,10.88571,10.681894,10.8663,318000
2010-11-12,10.794478,10.823595,10.637249,10.701305,220000
2010-11-15,10.728483,10.755658,10.67025,10.67025,296500
2010-11-16,10.586785,10.592608,10.433438,10.478083,94000
2010-11-17,10.478083,10.582903,10.476142,10.538258,147000
2010-11-18,10.608133,10.77895,10.608133,10.6916,284500
2010-11-19,10.67025,10.769246,10.67025,10.732365,235500
2010-11-22,10.678014,10.850773,10.658603,10.844949,201000
2010-11-23,10.740128,10.755656,10.573193,10.666366,218500
2010-11-24,10.751773,10.92259,10.751773,10.883768,108500
2010-11-26,10.821656,10.88183,10.755659,10.864361,114000
2010-11-29,10.79448,10.806126,10.652779,10.769245,255500
2010-11-30,10.654722,10.732366,10.621724,10.693544,269000
2010-12-01,10.827475,11.002175,10.827475,10.965294,232500
2010-12-02,11.002175,11.089524,10.974999,11.089524,149500
2010-12-03,11.062352,11.194348,11.05847,11.184642,149000
2010-12-06,11.157467,11.192406,11.106998,11.172996,154000
2010-12-07,11.320518,11.320518,11.190465,11.194347,496000
2010-12-08,11.238991,11.306929,11.209875,11.301106,106500
2010-12-09,11.365164,11.365164,11.258403,11.277814,140000
2010-12-10,11.293345,11.402047,11.273934,11.396223,235000
2010-12-13,11.423399,11.423399,11.299168,11.299168,117500
2010-12-14,11.312755,11.343812,11.260345,11.279756,103000
2010-12-15,11.273932,11.361282,11.188523,11.231227,130500
2010-12-16,11.244815,11.369045,11.231226,11.363222,201500
2010-12-17,11.438926,11.444748,11.390398,11.400104,250500
2010-12-20,11.392339,11.435043,11.303049,11.378752,244000
2010-12-21,11.444748,11.497158,11.421455,11.489394,405000
2010-12-22,11.497158,11.497158,11.415632,11.438926,1210000
2010-12-23,11.442806,11.442806,11.386514,11.407866,227000
2010-12-27,11.403984,11.452512,11.287518,11.435041,49500
2010-12-28,11.44669,11.475807,11.355458,11.398163,218000
2010-12-29,11.42728,11.448631,11.403986,11.425339,426500
2010-12-30,11.444752,11.444752,11.384577,11.390401,278000
2010-12-31,11.398164,11.398164,11.297227,11.339931,136000
2011-01-03,11.402046,11.563157,11.402046,11.481631,265000
2011-01-04,11.520452,11.520452,11.330223,11.438926,466500
2011-01-05,11.403988,11.576746,11.403988,11.572864,227500
2011-01-06,11.621388,11.636917,11.549567,11.62527,3453000
2011-01-07,11.640802,11.640802,11.40981,11.53404,368000
2011-01-10,11.481632,11.607804,11.409811,11.586452,679500
2011-01-11,11.638861,11.648567,11.555394,11.563158,269000
2011-01-12,11.629153,11.650504,11.592272,11.623329,838000
2011-01-13,11.627211,11.646622,11.568978,11.627211,1345000
2011-01-14,11.638857,11.732031,11.619446,11.726207,186500
2011-01-18,11.722328,11.817442,11.722328,11.809678,607500
2011-01-19,11.813559,11.819383,11.6738,11.718446,392000
2011-01-20,11.648567,11.648567,11.415635,11.535983,1732500
2011-01-21,11.555392,11.617508,11.469984,11.473866,487500
2011-01-24,11.475806,11.532097,11.39622,11.495216,839500
2011-01-25,11.440866,11.440866,11.316635,11.384573,2910000
2011-01-26,11.413694,11.537924,11.405929,11.510749,243500
2011-01-27,11.549567,11.609742,11.508804,11.549567,670000
2011-01-28,11.58451,11.644684,11.258405,11.339931,334500
2011-01-31,11.372929,11.436985,11.312754,11.421455,694500
2011-02-01,11.462218,11.689327,11.462218,11.646623,529000
2011-02-02,11.617506,11.807734,11.617506,11.768912,421000
2011-02-03,11.745623,11.782504,11.629157,11.761151,211500
2011-02-04,11.766972,11.846558,11.714562,11.836852,445500
2011-02-07,11.864028,11.93779,11.825206,11.898968,668000
2011-02-08,11.935851,11.935851,11.840736,11.924204,484000
2011-02-09,11.922258,11.922258,11.784439,11.813556,344500
2011-02-10,11.763091,11.959142,11.724268,11.943613,182000
2011-02-11,11.937789,12.025139,11.914496,12.017374,139500
2011-02-14,12.021255,12.091136,12.021255,12.077548,277500
2011-02-15,12.054257,12.091138,11.984376,12.005729,143500
2011-02-16,11.986315,12.120251,11.986315,12.081429,244000
2011-02-17,12.05814,12.139667,12.03873,12.124138,259000
2011-02-18,12.14937,12.248367,12.135783,12.203722,240500
2011-02-22,12.104729,12.104729,11.821328,11.831033,1322000
2011-02-23,11.803855,11.819385,11.510748,11.601981,961500
2011-02-24,11.631095,11.747561,11.524334,11.67574,289000
2011-02-25,11.8155,11.9572,11.8155,11.922261,758000
2011-02-28,11.959143,11.959143,11.765033,11.865971,370500
2011-03-01,11.895085,11.895085,11.530158,11.574803,842000
2011-03-02,11.528217,11.741738,11.528217,11.640801,416500
2011-03-03,11.730092,11.906732,11.730092,11.862087,314000
2011-03-04,11.877612,11.883436,11.737853,11.813556,367000
2011-03-07,11.871793,11.889263,11.541805,11.63886,421500
2011-03-08,11.648565,11.844617,11.600037,11.782501,313500
2011-03-09,11.76115,11.836853,11.677682,11.790266,736000
2011-03-10,11.650502,11.650502,11.491332,11.555388,337000
2011-03-11,11.489395,11.625272,11.450573,11.592274,287500
2011-03-14,11.539863,11.578685,11.41175,11.520452,248000
2011-03-15,11.174936,11.431162,11.095351,11.369046,1009500
2011-03-16,11.281695,11.400103,11.126407,11.165229,852500
2011-03-17,11.275871,11.306929,11.153581,11.171052,567000
2011-03-18,11.322459,11.363222,11.198228,11.229285,169000
2011-03-21,11.355457,11.55345,11.355457,11.485511,334000
2011-03-22,11.495216,11.495216,11.403984,11.435041,484000
2011-03-23,11.382634,11.524335,11.299167,11.487454,166500
2011-03-24,11.609745,11.848502,11.609745,11.821326,455500
2011-03-25,11.935849,11.9572,11.836852,11.836852,2691000
2011-03-28,11.881497,11.881497,11.774736,11.782501,651000
2011-03-29,11.782501,11.877615,11.733974,11.860146,317000
2011-03-30,11.928085,11.990201,11.90091,11.974672,222500
2011-03-31,11.972731,12.040669,11.937791,12.034845,621500
2011-04-01,12.083372,12.195956,12.073666,12.1319,445000
2011-04-04,12.16684,12.190133,12.110547,12.147429,227000
2011-04-05,12.164899,12.184309,12.110547,12.126077,600500
2011-04-06,12.207603,12.227014,12.013493,12.089196,271500
2011-04-07,12.073663,12.153248,11.99796,12.06784,194000
2011-04-08,12.126081,12.135786,11.945557,12.01932,192000
2011-04-11,12.098903,12.116373,11.982436,12.036788,703000
2011-04-12,12.009613,12.009613,11.883442,11.908676,414500
2011-04-13,12.017375,12.085313,11.964965,12.048432,548000
2011-04-14,11.957203,12.044553,11.895087,12.03873,803500
2011-04-15,12.005729,12.120254,11.976613,12.106667,611000
2011-04-18,11.996023,11.996023,11.765032,11.88344,882000
2011-04-19,11.900909,11.918379,11.811618,11.895085,1406500
2011-04-20,12.093078,12.238661,12.093078,12.223132,288000
2011-04-21,12.294954,12.312423,12.209545,12.260014,345000
2011-04-25,12.279423,12.293011,12.205661,12.281364,284000
2011-04-26,12.310481,12.368714,12.263894,12.320187,1766000
2011-04-27,12.331836,12.419185,12.248368,12.419185,192500
2011-04-28,12.430831,12.535651,12.430831,12.494887,537000
2011-04-29,12.485183,12.518182,12.432774,12.512359,350000
2011-05-02,12.560883,12.560883,12.380359,12.399771,215000
2011-05-03,12.393952,12.401716,12.195959,12.300778,255000
2011-05-04,12.260014,12.265837,12.042611,12.151313,365000
2011-05-05,12.098903,12.32019,12.081434,12.118315,1469500
2011-05-06,12.275542,12.399773,12.14937,12.227015,530500
2011-05-09,12.227015,12.384245,12.194017,12.324071,615000
2011-05-10,12.378419,12.545354,12.349302,12.524002,646000
2011-05-11,12.578354,12.654057,12.405596,12.479358,514500
2011-05-12,12.44636,12.706467,12.436654,12.69288,550000
2011-05-13,12.67153,12.696764,12.537594,12.541476,352000
2011-05-16,12.504592,12.516239,12.238661,12.25419,1056000
2011-05-17,12.190132,12.289128,12.15131,12.267776,833500
2011-05-18,12.254189,12.448299,12.211484,12.411418,459000
2011-05-19,12.446358,12.516238,12.370655,12.489062,475500
2011-05-20,12.529827,12.582236,12.444418,12.502651,358000
2011-05-23,12.32601,12.32601,12.162957,12.228955,278000
2011-05-24,12.263895,12.287188,12.149369,12.188191,2154500
2011-05-25,12.164899,12.308541,12.164899,12.258072,193500
2011-05-26,12.225072,12.45024,12.22119,12.432771,240500
2011-05-27,12.459943,12.504588,12.421121,12.446356,500000
2011-05-31,12.568649,12.599708,12.450242,12.599708,278000
2011-06-01,12.580294,12.622998,12.296893,12.304658,368000
2011-06-02,12.31048,12.351243,12.215367,12.285246,429500
2011-06-03,12.135781,12.215367,12.056196,12.065902,459500
2011-06-06,12.050375,12.058138,11.949437,11.949437,233000
2011-06-07,11.99214,12.02708,11.883438,11.945553,787500
2011-06-08,11.912554,11.912554,11.733972,11.776676,480500
2011-06-09,11.799968,11.883436,11.765028,11.834908,568500
2011-06-10,11.790268,11.801914,11.656332,11.666038,511000
2011-06-13,11.683504,11.728148,11.627211,11.656328,731500
2011-06-14,11.75144,11.862083,11.747558,11.823261,2136500
2011-06-15,11.718447,11.75921,11.563158,11.563158,865000
2011-06-16,11.561214,11.592272,11.386515,11.497157,505000
2011-06-17,11.590331,11.6408,11.489394,11.506864,443000
2011-06-20,11.495216,11.652445,11.481628,11.627211,326500
2011-06-21,11.683505,11.930025,11.666036,11.922261,643500
2011-06-22,11.854321,11.92226,11.801911,11.811617,508500
2011-06-23,11.747561,11.918378,11.646624,11.918378,492000
2011-06-24,11.871793,11.879556,11.726209,11.745621,197500
2011-06-27,11.745619,11.988257,11.681562,11.937788,2063000
2011-06-28,11.966906,12.139665,11.941672,12.137723,428000
2011-06-29,12.180429,12.215369,12.098902,12.184311,236000
2011-06-30,12.236718,12.329891,12.228954,12.296892,580500
2011-07-01,12.322129,12.423067,12.263896,12.403655,438500
2011-07-05,12.395894,12.45995,12.366776,12.456067,161500
2011-07-06,12.459949,12.566709,12.436655,12.545357,323000
2011-07-07,12.652115,12.733641,12.636586,12.702583,777000
2011-07-08,12.56477,12.667648,12.500713,12.667648,507000
2011-07-11,12.555062,12.572533,12.326012,12.370658,466500
2011-07-12,12.353184,12.360949,12.166838,12.168779,176000
2011-07-13,12.228955,12.357068,12.155193,12.180428,763500
2011-07-14,12.207604,12.265836,11.930026,11.982435,2096000
2011-07-15,12.036786,12.054255,11.930024,12.023197,550500
2011-07-18,11.970789,11.980494,11.765032,11.862087,1045500
2011-07-19,11.997965,12.207604,11.997965,12.184311,2366000
2011-07-20,12.184309,12.184309,11.933906,11.963023,870000
2011-07-21,11.997964,12.081431,11.881497,11.926143,748000
2011-07-22,11.957197,12.087252,11.92614,12.071722,737000
2011-07-25,11.95526,12.083373,11.918379,12.005729,471000
2011-07-26,12.00767,12.063963,11.92032,12.009611,1850000
2011-07-27,11.935849,11.935849,11.572862,11.590333,206500
2011-07-28,11.572861,11.71068,11.528216,11.576744,3363000
2011-07-29,11.475806,11.607801,11.370986,11.469982,480500
2011-08-01,11.619449,11.633037,11.235111,11.367105,691500
2011-08-02,11.314696,11.446691,11.134173,11.134173,441000
2011-08-03,11.153583,11.283638,10.936179,11.277814,1138500
2011-08-04,11.174936,11.174936,10.707129,10.707129,1345500
2011-08-05,10.794479,10.844948,10.252912,10.555724,4862500
2011-08-08,10.223794,10.381023,9.746282,9.750164,1066000
2011-08-09,9.84528,10.303381,9.678345,10.303381,1000500
2011-08-10,10.080151,10.171382,9.790927,9.792868,533500
2011-08-11,9.849162,10.390731,9.849162,10.254853,912000
2011-08-12,10.328611,10.388785,10.183028,10.309199,216500
2011-08-15,10.384908,10.514962,10.324734,10.514962,369500
2011-08-16,10.421789,10.450905,10.219914,10.342204,256000
2011-08-17,10.384908,10.464493,10.126741,10.206326,478000
2011-08-18,9.950099,9.950099,9.484234,9.554113,269000
2011-08-19,9.534705,9.744344,9.356123,9.361946,1614000
2011-08-22,9.573528,9.635644,9.412416,9.453179,501000
2011-08-23,9.51141,9.876337,9.451235,9.872455,303500
2011-08-24,9.853045,9.981158,9.7754,9.961746,474500
2011-08-25,9.975334,10.039391,9.726873,9.752108,578500
2011-08-26,9.726874,10.118977,9.656994,10.085979,277000
2011-08-29,10.188854,10.503312,10.188854,10.501371,343000
2011-08-30,10.439256,10.590663,10.388789,10.528547,701000
2011-08-31,10.600368,10.81389,10.561546,10.652778,246000
2011-09-01,10.678017,10.769249,10.47226,10.478083,514000
2011-09-02,10.283972,10.297559,10.095685,10.173329,215500
2011-09-06,9.907396,10.054919,9.787047,10.041331,230000
2011-09-07,10.175267,10.402376,10.175267,10.396552,144000
2011-09-08,10.363554,10.412081,10.212148,10.237382,241000
2011-09-09,10.087917,10.200501,9.919041,10.000567,148500
2011-09-12,9.880218,10.151972,9.874394,10.151972,188500
2011-09-13,10.175264,10.32667,10.138383,10.309199,163000
2011-09-14,10.357731,10.693542,10.295615,10.580958,221500
2011-09-15,10.666366,10.788656,10.596487,10.767303,294500
2011-09-16,10.798361,10.829418,10.734304,10.81583,262000
2011-09-19,10.676072,10.800303,10.538254,10.738188,1076500
2011-09-20,10.771184,10.8333,10.530488,10.530488,1193500
2011-09-21,10.631426,10.780891,10.435374,10.435374,979500
2011-09-22,10.169444,10.250971,9.872455,10.041331,599500
2011-09-23,9.963688,10.210209,9.928748,10.206326,196000
2011-09-26,10.262616,10.417905,10.045213,10.404317,209500
2011-09-27,10.594548,10.771187,10.569313,10.639193,552000
2011-09-28,10.676071,10.720716,10.394611,10.394611,126000
2011-09-29,10.633369,10.658603,10.183032,10.414023,465500
2011-09-30,10.25485,10.381022,10.124797,10.126738,279500
2011-10-03,10.014158,10.157799,9.748226,9.75405,901000
2011-10-04,9.622052,10.089858,9.581289,10.089858,703000
2011-10-05,9.998627,10.344144,9.977275,10.315027,685500
2011-10-06,10.283966,10.59066,10.229615,10.588719,390000
2011-10-07,10.612014,10.646954,10.439256,10.48002,395500
2011-10-10,10.648899,10.837186,10.629487,10.833303,361000
2011-10-11,10.780892,10.961415,10.780892,10.924534,948000
2011-10-12,11.025469,11.132231,10.992471,11.011882,564000
2011-10-13,10.959473,11.143878,10.951709,11.120584,541000
2011-10-14,11.256464,11.347696,11.184643,11.324403,279000
2011-10-17,11.312758,11.31664,11.054592,11.081767,572000
2011-10-18,11.07594,11.361283,10.942004,11.303049,694000
2011-10-19,11.336049,11.336049,11.09147,11.101174,344000
2011-10-20,11.085644,11.143878,10.8663,11.106997,918500
2011-10-21,11.233172,11.287522,11.16135,11.287522,674000
2011-10-24,11.308872,11.611684,11.308872,11.596155,512500
2011-10-25,11.549567,11.582567,11.398162,11.419514,1633500
2011-10-26,11.504923,11.514628,11.169112,11.402044,323000
2011-10-27,11.7398,11.928088,11.576748,11.844621,682500
2011-10-28,11.716503,11.935849,11.716503,11.916437,476000
2011-10-31,11.821326,11.821326,11.650508,11.650508,1601500
2011-11-01,11.382631,11.458334,11.204049,11.289458,1986000
2011-11-02,11.405928,11.5321,11.324402,11.458338,369000
2011-11-03,11.55345,11.836851,11.460277,11.811617,498000
2011-11-04,11.745617,11.825203,11.613622,11.772793,1035000
2011-11-07,11.741738,11.803853,11.51657,11.788324,632000
2011-11-08,11.875675,11.961084,11.714563,11.931967,263000
2011-11-09,11.545689,11.551513,11.295286,11.31858,1737500
2011-11-10,11.423397,11.43116,11.207934,11.370986,325500
2011-11-11,11.512689,11.650507,11.495219,11.603921,937000
2011-11-14,11.613627,11.70486,11.54957,11.586452,109500
2011-11-15,11.555392,11.79803,11.520452,11.745621,206000
2011-11-16,11.666034,11.809676,11.539862,11.549567,90500
2011-11-17,11.555391,11.555391,11.147759,11.213757,1773500
2011-11-18,11.186582,11.186582,11.002178,11.031294,1256000
2011-11-21,10.881829,10.881829,10.660543,10.81389,1201000
2011-11-22,10.751775,10.825537,10.633368,10.699366,646500
2011-11-23,10.612016,10.615898,10.414023,10.414023,683000
2011-11-25,10.37326,10.497491,10.334438,10.334438,61000
2011-11-28,10.600367,10.81777,10.600367,10.775066,674500
2011-11-29,10.777011,10.835244,10.662486,10.678015,225500
2011-11-30,11.013824,11.221523,11.013824,11.221523,2731000
2011-12-01,11.176879,11.285582,11.161351,11.198232,863000
2011-12-02,11.301109,11.326343,11.159408,11.16329,268000
2011-12-05,11.402045,11.600038,11.384575,11.512689,476500
2011-12-06,11.502984,11.526278,11.427281,11.454456,159000
2011-12-07,11.398165,11.409811,11.205995,11.380694,381500
2011-12-08,11.299166,11.351576,11.116703,11.120584,219000
2011-12-09,11.145817,11.431159,11.145817,11.407866,369500
2011-12-12,11.186582,11.186582,11.068174,11.178817,3210000
2011-12-13,11.266167,11.312754,10.909004,10.95365,3200000
2011-12-14,10.889593,10.910945,10.645014,10.695483,300000
2011-12-15,10.792538,10.802244,10.612016,10.683837,189500
2011-12-16,10.747894,10.990532,10.747894,10.796421,1601000
2011-12-19,10.850774,10.850774,10.534374,10.56349,59000
2011-12-20,10.699363,10.854651,10.699363,10.841063,175500
2011-12-21,10.676074,10.676074,10.225738,10.400436,1359000
2011-12-22,10.426069,10.515396,10.404708,10.513454,730000
2011-12-23,10.538699,10.579478,10.461023,10.579478,4636500
2011-12-27,10.556174,10.661037,10.556174,10.604722,430500
2011-12-28,10.606666,10.606666,10.420244,10.443546,263500
2011-12-29,10.449373,10.558119,10.449373,10.542584,417000
2011-12-30,10.519277,10.571708,10.499858,10.509568,253000
2012-01-03,10.713471,10.802798,10.583363,10.583363,477500
2012-01-04,10.55035,10.552292,10.445488,10.494035,1447500
2012-01-05,10.484323,10.666861,10.439659,10.618314,1207000
2012-01-06,10.606666,10.674633,10.548409,10.655213,532000
2012-01-09,10.678518,10.678518,10.521224,10.624145,346500
2012-01-10,10.719297,10.816393,10.719297,10.777555,162500
2012-01-11,10.783378,10.862996,10.783378,10.847461,467500
2012-01-12,10.882418,10.921256,10.808626,10.91543,725000
2012-01-13,10.862996,10.862996,10.729005,10.83581,473000
2012-01-17,10.942614,10.977568,10.841635,10.882415,674000
2012-01-18,10.884356,11.130978,10.86688,11.130978,241000
2012-01-19,11.179526,11.323227,11.179526,11.297982,238000
2012-01-20,11.299925,11.395079,11.299925,11.385369,233500
2012-01-23,11.410614,11.474696,11.239727,11.346531,928500
2012-01-24,11.311573,11.4611,11.311573,11.447507,347500
2012-01-25,11.51742,11.546549,11.406732,11.527129,1117500
2012-01-26,11.577618,11.672771,11.428092,11.476639,1450500
2012-01-27,11.451393,11.571791,11.451393,11.531012,70500
2012-01-30,11.453336,11.540722,11.369835,11.476639,818000
2012-01-31,11.540721,11.540721,11.431975,11.492174,110500
2012-02-01,11.567908,11.744622,11.52907,11.71161,124000
2012-02-02,11.746558,11.884434,11.746558,11.791223,285500
2012-02-03,11.91939,12.033962,11.91939,12.004834,141500
2012-02-06,11.973762,11.99124,11.929099,11.950459,135000
2012-02-07,11.944637,12.024255,11.894148,12.000952,85500
2012-02-08,12.016485,12.020369,11.898028,12.020369,225000
2012-02-09,12.051439,12.173779,12.026194,12.169895,212500
2012-02-10,12.055325,12.055325,11.942695,11.993184,1064000
2012-02-13,12.070856,12.138822,12.039785,12.103868,417500
2012-02-14,12.094163,12.148536,12.055325,12.148536,123500
2012-02-15,12.19708,12.21844,12.039785,12.072798,218000
2012-02-16,12.094162,12.311655,12.094162,12.296119,337000
2012-02-17,12.321367,12.321367,12.166015,12.171842,228500
2012-02-21,12.18349,12.202908,12.041731,12.09222,2530500
2012-02-22,12.127175,12.247573,12.11164,12.121349,96000
2012-02-23,12.103873,12.206794,12.010662,12.183492,390000
2012-02-24,12.286407,12.38156,12.265046,12.325245,337500
2012-02-27,12.235921,12.362144,12.160186,12.31748,149000
2012-02-28,12.301945,12.377679,12.257281,12.319422,220500
2012-02-29,12.331074,12.385447,12.228153,12.237863,159000
2012-03-01,12.247573,12.430111,12.247573,12.397099,200000
2012-03-02,12.387391,12.418461,12.268935,12.309715,212000
2012-03-05,12.284471,12.292238,12.111641,12.181549,248500
2012-03-06,12.072802,12.090279,11.94852,11.9893,385500
2012-03-07,12.022312,12.138826,11.999009,12.121349,232000
2012-03-08,12.210674,12.313594,12.189312,12.300001,91000
2012-03-09,12.329134,12.433997,12.319425,12.414578,259500
2012-03-12,12.424287,12.435938,12.346611,12.420403,188500
2012-03-13,12.494195,12.707805,12.47866,12.707805,802500
2012-03-14,12.721397,12.721397,12.562161,12.606825,366500
2012-03-15,12.622359,12.727221,12.57187,12.727221,237000
2012-03-16,12.73693,12.73693,12.649544,12.667021,213500
2012-03-19,12.659256,12.771887,12.604883,12.703919,1180000
2012-03-20,12.610708,12.61265,12.515555,12.59129,255000
2012-03-21,12.637893,12.723337,12.637893,12.670906,361000
2012-03-22,12.571867,12.591287,12.488366,12.564099,352000
2012-03-23,12.564102,12.593231,12.480601,12.585464,174500
2012-03-26,12.678746,12.851708,12.676802,12.840048,213000
2012-03-27,12.865313,12.865313,12.791464,12.797295,179000
2012-03-28,12.78369,12.832275,12.610727,12.690407,250000
2012-03-29,12.655425,12.838104,12.655425,12.814783,311500
2012-03-30,12.824502,12.843936,12.735105,12.801181,264500
2012-04-02,12.752594,12.968311,12.70401,12.941104,2913500
2012-04-03,12.925557,12.962482,12.803122,12.896406,2562000
2012-04-04,12.729276,12.77203,12.597124,12.672916,429000
2012-04-05,12.602954,12.704011,12.558255,12.696237,605000
2012-04-09,12.488293,12.562143,12.41833,12.513557,1012000
2012-04-10,12.501897,12.527161,12.227877,12.245368,599500
2012-04-11,12.31339,12.40473,12.278408,12.363918,698000
2012-04-12,12.38335,12.573802,12.38335,12.558255,462000
2012-04-13,12.525214,12.610723,12.503837,12.521327,255000
2012-04-16,12.591294,12.591294,12.377519,12.459142,435000
2012-04-17,12.532993,12.73705,12.532993,12.680692,1436000
2012-04-18,12.622389,12.696238,12.577691,12.63988,735500
2012-04-19,12.612671,12.847823,12.48052,12.571859,470500
2012-04-20,12.602953,12.686519,12.538821,12.542707,831000
2012-04-23,12.412501,12.412501,12.227877,12.381406,385500
2012-04-24,12.348368,12.348368,12.097669,12.142367,217500
2012-04-25,12.231765,12.408615,12.231765,12.37752,1104000
2012-04-26,12.466914,12.704009,12.466914,12.655424,395000
2012-04-27,12.669029,12.746765,12.60101,12.694293,432000
2012-04-30,12.670973,12.672916,12.585463,12.604897,140000
2012-05-01,12.604896,12.816726,12.604896,12.717613,252500
2012-05-02,12.575746,12.78952,12.575746,12.773973,115000
2012-05-03,12.766199,12.838106,12.610728,12.645709,765000
2012-05-04,12.548538,12.548538,12.295896,12.328934,251500
2012-05-07,12.253141,12.313386,12.214273,12.255085,190000
2012-05-08,12.15403,12.169577,11.909161,12.152086,1777500
2012-05-09,12.016046,12.216215,11.946083,12.173461,485000
2012-05-10,12.239535,12.239535,11.845025,11.926648,208500
2012-05-11,11.885836,12.1171,11.885836,12.01993,110000
2012-05-14,11.903331,12.035482,11.876123,11.924708,115000
2012-05-15,11.959687,12.15014,11.932479,11.967461,165000
2012-05-16,12.006329,12.006329,11.792554,11.823649,331000
2012-05-17,11.817819,11.837254,11.633197,11.637083,356500
2012-05-18,11.668176,11.675949,11.462175,11.487439,900500
2012-05-21,11.483553,11.79061,11.359175,11.77312,304500
2012-05-22,11.782838,11.903328,11.751743,11.878064,975000
2012-05-23,11.759517,11.928592,11.654573,11.905272,235000
2012-05-24,11.90916,11.90916,11.648745,11.734255,450500
2012-05-25,11.747859,11.817821,11.722594,11.745915,119000
2012-05-29,11.817817,11.914987,11.708987,11.813931,1969000
2012-05-30,11.699273,11.707047,11.572952,11.625423,172000
2012-05-31,11.611817,11.621534,11.41359,11.557402,271500
2012-06-01,11.304762,11.378611,11.176497,11.176497,215000
2012-06-04,11.1901,11.279496,11.077383,11.225081,1045500
2012-06-05,11.186214,11.421365,11.186214,11.407762,319000
2012-06-06,11.497158,11.769235,11.489385,11.751743,54000
2012-06-07,11.897499,11.897499,11.627366,11.642914,787500
2012-06-08,11.62931,11.718706,11.536026,11.703158,61000
2012-06-11,11.790612,11.790612,11.436914,11.444687,120500
2012-06-12,11.456347,11.530196,11.398045,11.52631,70500
2012-06-13,11.491326,11.574892,11.399986,11.417477,99000
2012-06-14,11.43108,11.51659,11.312533,11.495213,143500
2012-06-15,11.524368,11.806161,11.524368,11.7945,202500
2012-06-18,11.718708,11.858633,11.613763,11.833368,123500
2012-06-19,11.940893,12.092561,11.940893,12.00506,160500
2012-06-20,11.970063,12.073119,11.909785,12.001174,132500
2012-06-21,11.946728,11.946728,11.610337,11.627837,2793500
2012-06-22,11.655061,11.845618,11.655061,11.824228,2648500
2012-06-25,11.68617,11.68617,11.517002,11.565614,217000
2012-06-26,11.666728,11.695894,11.577283,11.670616,131000
2012-06-27,11.723117,11.795062,11.684228,11.742562,140000
2012-06-28,11.688115,11.692004,11.427558,11.571448,775500
2012-06-29,11.820339,12.080896,11.820339,12.077007,300500
2012-07-02,12.096453,12.096453,11.985619,12.090619,379000
2012-07-03,12.082842,12.217009,12.078952,12.217009,46000
2012-07-05,12.176176,12.222842,12.131453,12.189787,152000
2012-07-06,11.995338,11.995338,11.600614,11.688114,287000
2012-07-09,11.684225,11.701726,11.464502,11.501447,147000
2012-07-10,11.57145,11.643394,11.342004,11.390615,353000
2012-07-11,11.38867,11.474226,11.246725,11.330337,820500
2012-07-12,11.281725,11.301169,11.120335,11.242836,184500
2012-07-13,11.277837,11.464505,11.275892,11.450893,345500
2012-07-16,11.41395,11.439228,11.318672,11.375061,136500
2012-07-17,11.314782,11.435339,11.254505,11.402283,108500
2012-07-18,11.398389,11.736724,11.398389,11.697835,512000
2012-07-19,11.742562,11.909785,11.742562,11.882563,263500
2012-07-20,11.839784,11.839784,11.62395,11.629783,187000
2012-07-23,11.408115,11.415892,11.262281,11.390615,104000
2012-07-24,11.382836,11.382836,11.145613,11.200058,1670500
2012-07-25,11.262279,11.421724,11.238946,11.318668,168000
2012-07-26,11.466449,11.594783,11.408116,11.478116,159000
2012-07-27,11.544229,11.837842,11.544229,11.795064,64500
2012-07-30,11.804783,11.804783,11.563671,11.60256,96500
2012-07-31,11.602559,11.658948,11.54617,11.553947,104000
2012-08-01,11.528669,11.561725,11.425613,11.452835,81500
2012-08-02,11.365339,11.534507,11.295339,11.431451,184000
2012-08-03,11.625896,11.795063,11.57534,11.769785,180000
2012-08-06,11.820339,11.985617,11.808672,11.935061,412500
2012-08-07,11.991446,12.182003,11.991446,12.102281,59000
2012-08-08,12.078953,12.131453,12.045897,12.061453,199000
2012-08-09,12.108118,12.162562,12.071173,12.113951,297000
2012-08-10,12.096454,12.158676,12.071176,12.158676,44500
2012-08-13,12.172288,12.183954,12.034231,12.100343,238000
2012-08-14,12.141175,12.143119,11.993397,12.010897,336000
2012-08-15,12.045897,12.152842,12.045897,12.139231,184000
2012-08-16,12.236453,12.390065,12.201453,12.366732,150500
2012-08-17,12.40173,12.448397,12.36673,12.43673,86000
2012-08-20,12.407565,12.407565,12.283119,12.339509,106500
2012-08-21,12.413399,12.467845,12.318121,12.360899,180000
2012-08-22,12.300621,12.417288,12.296731,12.378399,353000
2012-08-23,12.339509,12.372564,12.246175,12.308397,1149500
2012-08-24,12.166452,12.28312,12.112008,12.261731,252000
2012-08-27,12.288951,12.360895,12.232561,12.27145,255500
2012-08-28,12.271454,12.323955,12.222843,12.267566,75500
2012-08-29,12.314233,12.329788,12.218954,12.30451,50000
2012-08-30,12.250063,12.250063,12.108118,12.133395,100000
2012-08-31,12.253953,12.267564,12.065341,12.246175,66000
2012-09-04,12.236454,12.349232,12.148954,12.318121,97000
2012-09-05,12.306455,12.358955,12.259787,12.353122,44500
2012-09-06,12.419232,12.740067,12.378398,12.701178,200000
2012-09-07,12.683677,12.6934,12.637011,12.656455,110500
2012-09-10,12.625343,12.679788,12.603954,12.623399,78000
2012-09-11,12.594231,12.672009,12.580619,12.65062,84000
2012-09-12,12.679789,12.742011,12.652566,12.695344,95500
2012-09-13,12.687565,12.885899,12.660343,12.810065,371000
2012-09-14,12.823677,12.973401,12.823677,12.9384,95500
2012-09-17,12.932565,12.932565,12.847009,12.872287,119000
2012-09-18,12.831455,12.880067,12.773121,12.775066,93500
2012-09-19,12.796454,12.808121,12.728399,12.780899,98500
2012-09-20,12.714787,12.777009,12.693397,12.763398,367500
2012-09-21,12.827566,12.860621,12.72451,12.730343,107000
2012-09-24,12.672009,12.672009,12.54173,12.588397,95000
2012-09-25,12.615824,12.615824,12.359073,12.359073,111500
2012-09-26,12.343514,12.343514,12.121774,12.219028,528500
2012-09-27,12.267655,12.454383,12.250149,12.417426,207500
2012-09-28,12.448548,12.450493,12.329898,12.390195,89000
2012-10-01,12.423263,12.423263,12.220974,12.271546,611500
2012-10-02,12.310449,12.376581,12.254041,12.320174,198000
2012-10-03,12.357129,12.442712,12.322117,12.386305,66000
2012-10-04,12.310447,12.386305,12.220973,12.376579,345000
2012-10-05,12.456324,12.467995,12.259871,12.275432,108000
2012-10-08,12.211248,12.285162,12.149005,12.180127,372500
2012-10-09,12.084815,12.106212,11.95644,11.972001,105000
2012-10-10,11.977837,12.005068,11.884473,11.919484,189000
2012-10-11,12.005068,12.088707,11.93699,11.981727,134500
2012-10-12,11.995339,12.078978,11.966163,12.038132,48000
2012-10-15,12.063421,12.112049,11.997288,12.110103,366000
2012-10-16,12.125664,12.285161,12.125664,12.27738,1142500
2012-10-17,12.197632,12.211248,12.04786,12.075092,497000
2012-10-18,12.059529,12.075091,11.979781,12.003122,107500
2012-10-19,11.958383,11.97589,11.76193,11.783326,1201000
2012-10-22,11.789162,11.802778,11.670512,11.754151,580500
2012-10-23,11.639392,11.84168,11.61216,11.800834,775000
2012-10-24,11.855295,11.870856,11.709414,11.754151,118500
2012-10-25,11.870859,11.907816,11.65301,11.730813,407000
2012-10-26,11.726922,11.773604,11.643284,11.726922,112500
2012-10-31,11.763876,11.789162,11.709414,11.754151,677500
2012-11-01,11.777492,12.028408,11.75026,12.024518,1797500
2012-11-02,12.078979,12.078979,11.936988,11.946713,61500
2012-11-05,11.915593,11.956439,11.859185,11.936989,130500
2012-11-06,11.970057,12.121774,11.970057,12.040081,217000
2012-11-07,11.952549,11.958384,11.767766,11.775546,175000
2012-11-08,11.761934,11.761934,11.598547,11.598547,179000
2012-11-09,11.569365,11.711356,11.55186,11.588817,268000
2012-11-12,11.614101,11.614101,11.497395,11.516847,584500
2012-11-13,11.448774,11.499347,11.405982,11.425433,176500
2012-11-14,11.460445,11.4974,11.285387,11.297057,162500
2012-11-15,11.297057,11.3593,11.258156,11.337904,603500
2012-11-16,11.361247,11.456555,11.279553,11.446831,189000
2012-11-19,11.526576,11.596598,11.52074,11.592709,230500
2012-11-20,11.56548,11.56548,11.43516,11.495457,306500
2012-11-21,11.526576,11.688018,11.526576,11.688018,82500
2012-11-23,11.721087,11.814451,11.719143,11.804726,40500
2012-11-26,11.750263,11.822231,11.723032,11.812506,44500
2012-11-27,11.812505,11.845572,11.744428,11.744428,274000
2012-11-28,11.721086,11.890308,11.639393,11.886418,177000
2012-11-29,11.985616,11.999232,11.938934,11.977836,164500
2012-11-30,11.968113,11.991454,11.925322,11.98562,106500
2012-12-03,12.010904,12.0323,11.898089,11.907815,164000
2012-12-04,11.940879,11.954495,11.851405,11.938934,53000
2012-12-05,11.900033,11.900033,11.732756,11.859186,284000
2012-12-06,11.841681,11.927265,11.841681,11.890308,176000
2012-12-07,11.927264,11.927264,11.824175,11.903923,91500
2012-12-10,11.981726,12.016738,11.964221,11.983671,222000
2012-12-11,12.028409,12.217082,12.012848,12.191796,77000
2012-12-12,12.254038,12.254038,12.127608,12.139278,217500
2012-12-13,12.141225,12.187907,12.016739,12.065367,339500
2012-12-14,12.078982,12.178181,12.078982,12.143169,207500
2012-12-17,12.13928,12.310447,12.13928,12.27738,215000
2012-12-18,12.308501,12.446602,12.308501,12.446602,223500
2012-12-19,12.502289,12.566543,12.467241,12.467241,167000
2012-12-20,12.476978,12.476978,12.40883,12.438036,174500
2012-12-21,12.33484,12.412724,12.278375,12.402988,93500
2012-12-24,12.377674,12.377674,12.315367,12.36015,67500
2012-12-26,12.365992,12.418564,12.243326,12.262796,123500
2012-12-27,12.264743,12.274479,12.085611,12.23359,211000
2012-12-28,12.145969,12.225799,12.134286,12.163493,138000
2012-12-31,12.097294,12.315368,12.087559,12.272532,290500
2013-01-02,12.562649,12.658056,12.500342,12.644426,286500
2013-01-03,12.638585,12.638585,12.449717,12.48087,154500
2013-01-04,12.515918,12.589908,12.498395,12.558754,143500
2013-01-07,12.537334,12.537334,12.475027,12.50618,134500
2013-01-08,12.488656,12.533439,12.416614,12.50618,113000
2013-01-09,12.558754,12.656109,12.556807,12.636638,150000
2013-01-10,12.704786,12.706733,12.549018,12.673632,1156000
2013-01-11,12.675581,12.757358,12.667792,12.755411,68500
2013-01-14,12.753465,12.7963,12.722311,12.790459,170500
2013-01-15,12.724256,12.841081,12.691156,12.823558,852500
2013-01-16,12.802139,12.819663,12.733991,12.741779,872500
2013-01-17,12.788513,12.848873,12.77683,12.802142,93500
2013-01-18,12.761254,12.784619,12.695053,12.774883,477000
2013-01-22,12.780721,12.780721,12.656107,12.708678,122000
2013-01-23,12.827453,12.897548,12.807982,12.839135,524500
2013-01-24,12.835242,13.029952,12.835242,12.913126,566000
2013-01-25,12.981275,13.168196,12.981275,13.146778,569500
2013-01-28,13.197401,13.240238,13.175984,13.193507,237500
2013-01-29,12.991007,13.026055,12.897547,12.998796,463000
2013-01-30,13.008536,13.053318,12.899498,12.91118,306500
2013-01-31,12.996849,13.10978,12.952065,12.992954,204000
2013-02-01,13.064999,13.199348,13.055264,13.162354,360500
2013-02-04,13.072787,13.137041,12.95596,12.963749,163500
2013-02-05,13.043582,13.113678,12.996852,13.084471,138000
2013-02-06,13.055262,13.09615,13.000743,13.059155,300500
2013-02-07,13.033843,13.039685,12.901441,12.98906,128000
2013-02-08,12.99685,13.094204,12.749568,13.057209,41000
2013-02-11,13.082519,13.082519,12.983218,13.035789,135500
2013-02-12,13.029951,13.1312,13.028004,13.107835,511500
2013-02-13,13.090312,13.092258,12.97738,13.05137,1553000
2013-02-14,13.018267,13.086416,12.992955,13.072786,80000
2013-02-15,13.105888,13.168195,13.076682,13.12536,103500
2013-02-19,13.142885,13.224663,13.140938,13.224663,126500
2013-02-20,13.230501,13.249972,13.064998,13.070839,111000
2013-02-21,13.026058,13.026058,12.878079,12.903391,188000
2013-02-22,12.992957,13.084471,12.961804,13.084471,121000
2013-02-25,13.138987,13.18377,12.864446,12.866393,121000
2013-02-26,12.893656,12.926756,12.800195,12.878078,124000
2013-02-27,12.88197,13.111727,12.866393,13.061103,105500
2013-02-28,13.022163,13.135094,13.020216,13.055264,157000
2013-03-01,13.045527,13.207136,12.961802,13.1974,167000
2013-03-04,13.17793,13.362904,13.105887,13.355116,133000
2013-03-05,13.407688,13.534249,13.407688,13.526461,265500
2013-03-06,13.553718,13.619919,13.549824,13.594606,231000
2013-03-07,13.614079,13.641338,13.582925,13.63355,75500
2013-03-08,13.656914,13.690015,13.575136,13.649126,129000
2013-03-11,13.621868,13.684175,13.598504,13.678334,328000
2013-03-12,13.614079,13.617973,13.530353,13.60629,187500
2013-03-13,13.629656,13.670544,13.580978,13.641338,94000
2013-03-14,13.695858,13.767901,13.695858,13.748429,229000
2013-03-15,13.736744,13.736744,13.62576,13.63939,82000
2013-03-18,13.468044,13.621865,13.448574,13.534246,95000
2013-03-19,13.555669,13.563457,13.300599,13.378483,244500
2013-03-20,13.536195,13.555665,13.462205,13.524512,150500
2013-03-21,13.335645,13.442734,13.290862,13.384322,254000
2013-03-22,13.374587,13.409635,13.314227,13.397952,451500
2013-03-25,13.431853,13.439646,13.190259,13.254554,1389000
2013-03-26,13.320798,13.385093,13.262348,13.311056,650000
2013-03-27,13.26235,13.404579,13.25066,13.388992,395500
2013-03-28,13.346125,13.531218,13.346125,13.523424,179500
2013-04-01,13.525372,13.525372,13.313004,13.350022,110500
2013-04-02,13.445493,13.461079,13.361714,13.387042,96000
2013-04-03,13.418215,13.418215,13.155189,13.178569,103500
2013-04-04,13.162984,13.170778,13.085051,13.164932,503500
2013-04-05,12.936976,13.053877,12.860991,13.03829,329500
2013-04-08,13.03634,13.065565,12.940872,13.05972,273500
2013-04-09,13.086996,13.162981,13.007114,13.122066,439000
2013-04-10,13.149346,13.408475,13.149346,13.392888,298000
2013-04-11,13.330539,13.330539,13.238967,13.264296,202500
2013-04-12,13.231175,13.268193,13.110378,13.266245,131000
2013-04-15,13.217538,13.242867,12.995428,13.00517,174500
2013-04-16,13.065564,13.240914,13.065564,13.219482,108000
2013-04-17,13.151293,13.151293,12.919441,12.991529,650000
2013-04-18,13.012959,13.022701,12.814229,12.837609,221500
2013-04-19,12.876576,12.938922,12.765521,12.888266,137500
2013-04-22,12.923335,12.98763,12.849298,12.958405,77500
2013-04-23,13.03634,13.155188,13.007115,13.106481,94500
2013-04-24,13.094789,13.196102,13.094789,13.196102,109000
2013-04-25,13.069464,13.207795,13.059722,13.139604,458000
2013-04-26,13.13376,13.190261,13.124018,13.168829,225000
2013-04-29,13.192207,13.33054,13.192207,13.307159,177000
2013-04-30,13.254554,13.291572,13.12986,13.285727,926000
2013-05-01,13.277934,13.385092,13.196103,13.203897,351000
2013-05-02,13.205844,13.373401,13.205844,13.353918,280500
2013-05-03,13.427959,13.56824,13.427959,13.517583,153000
2013-05-06,13.52927,13.577979,13.521477,13.572134,132000
2013-05-07,13.605251,13.65396,13.501989,13.558492,137500
2013-05-08,13.490302,13.599409,13.486405,13.589667,63500
2013-05-09,13.51953,13.562394,13.474718,13.486408,258500
2013-05-10,13.554598,13.655912,13.544857,13.650067,92000
2013-05-13,13.62474,13.62474,13.54291,13.568238,255500
2013-05-14,13.620842,13.722156,13.609152,13.722156,217000
2013-05-15,13.714361,13.798139,13.714361,13.796191,127500
2013-05-16,13.800091,13.955958,13.800091,13.866334,146500
2013-05-17,13.850746,13.963749,13.813727,13.963749,180500
2013-05-20,13.942319,13.9657,13.879972,13.901404,169500
2013-05-21,13.936473,13.948163,13.868282,13.87023,1428500
2013-05-22,13.850748,13.957907,13.562393,13.622792,375500
2013-05-23,13.443543,13.650066,13.424059,13.593565,1393500
2013-05-24,13.459127,13.494198,13.340279,13.494198,191000
2013-05-28,13.601355,13.708514,13.574079,13.646168,562000
2013-05-29,13.579928,13.632534,13.453287,13.579928,5744500
2013-05-30,13.574081,13.724104,13.574081,13.696827,488500
2013-05-31,13.57798,13.724106,13.478615,13.540961,3548500
2013-06-03,13.550702,13.568237,13.359764,13.511735,509000
2013-06-04,13.455234,13.54096,13.324695,13.363662,311500
2013-06-05,13.351971,13.392886,13.240916,13.244812,180000
2013-06-06,13.252603,13.346123,13.159083,13.346123,220000
2013-06-07,13.40068,13.55265,13.379249,13.55265,68000
2013-06-10,13.558492,13.558492,13.44354,13.472765,110000
2013-06-11,13.314952,13.416266,13.275985,13.283778,63500
2013-06-12,13.388989,13.388989,13.180516,13.207792,158000
2013-06-13,13.196104,13.346126,13.139602,13.332488,2185500
2013-06-14,13.322745,13.359764,13.229225,13.229225,517000
2013-06-17,13.361713,13.463026,13.316901,13.398731,95000
2013-06-18,13.437697,13.500044,13.408472,13.464973,446000
2013-06-19,13.52732,13.544856,13.416265,13.424058,86000
2013-06-20,13.291572,13.320797,13.10648,13.127912,1576000
2013-06-21,13.092841,13.092841,12.874627,12.993477,771000
2013-06-24,12.905798,12.919436,12.738241,12.835657,572500
2013-06-25,12.901907,12.983736,12.837611,12.931131,335500
2013-06-26,13.009502,13.120628,13.009502,13.085535,475500
2013-06-27,13.15377,13.346778,13.151819,13.305836,838500
2013-06-28,13.255147,13.323383,13.165467,13.253198,212500
2013-07-01,13.321436,13.442309,13.317536,13.327284,100500
2013-07-02,13.311685,13.364323,13.190811,13.276592,201500
2013-07-03,13.198608,13.413061,13.198608,13.354573,33500
2013-07-05,13.444257,13.561232,13.360426,13.561232,127000
2013-07-08,13.617771,13.639215,13.522241,13.547585,283000
2013-07-09,13.588526,13.650912,13.530039,13.637265,719500
2013-07-10,13.625566,13.750339,13.625566,13.740591,792500
2013-07-11,13.857565,14.042775,13.857565,14.042775,188000
2013-07-12,14.021331,14.130508,14.021331,14.091516,815500
2013-07-15,14.105163,14.126608,14.023281,14.126608,52000
2013-07-16,14.136355,14.136355,14.07007,14.087616,62000
2013-07-17,14.142205,14.181197,14.085667,14.126608,171500
2013-07-18,14.187042,14.235782,14.112958,14.138303,63000
2013-07-19,13.976493,14.023282,13.935551,13.982341,202000
2013-07-22,13.984289,13.995986,13.943348,13.972591,91500
2013-07-23,14.019382,14.052526,13.986239,14.003786,115500
2013-07-24,14.142206,14.222138,14.103214,14.103214,126000
2013-07-25,14.155851,14.155851,14.052524,14.144154,58500
2013-07-26,14.07592,14.109063,13.968694,14.107114,57000
2013-07-29,14.066173,14.101265,14.025231,14.07592,32000
2013-07-30,14.11296,14.220187,14.11296,14.171448,61500
2013-07-31,14.214337,14.360556,14.214337,14.29427,118000
2013-08-01,14.358607,14.53017,14.356657,14.512623,374000
2013-08-02,14.481429,14.504825,14.430741,14.491178,147000
2013-08-05,14.459987,14.551618,14.459987,14.518475,199000
2013-08-06,14.506772,14.506772,14.3781,14.42684,529500
2013-08-07,14.407345,14.409295,14.282573,14.38395,853500
2013-08-08,14.442441,14.545768,14.399551,14.518475,1836500
2013-08-09,14.506773,14.56721,14.458034,14.504824,279000
2013-08-12,14.469731,14.604252,14.434639,14.580857,252500
2013-08-13,14.594506,14.649093,14.487279,14.621799,136500
2013-08-14,14.57891,14.62375,14.543818,14.590608,106500
2013-08-15,14.442439,14.442439,14.276725,14.298171,263000
2013-08-16,14.266974,14.346908,14.261126,14.268924,195500
2013-08-19,14.253331,14.331314,14.142206,14.151953,664500
2013-08-20,14.150002,14.296221,14.128558,14.229935,599000
2013-08-21,14.177295,14.319613,14.157799,14.181194,1141000
2013-08-22,14.218239,14.602304,14.136357,14.368356,2899000
2013-08-23,14.469732,14.534068,14.440489,14.467783,261000
2013-08-26,14.448286,14.557462,14.440488,14.456084,150000
2013-08-27,14.280622,14.309867,14.114909,14.140253,290000
2013-08-28,14.175347,14.224086,14.148053,14.153902,173500
2013-08-29,14.126605,14.317663,14.109059,14.276722,163500
2013-08-30,14.376155,14.438542,14.290374,14.30987,224500
2013-09-03,14.405399,14.483382,14.280626,14.348862,331000
2013-09-04,14.34886,14.438541,14.278675,14.403448,502500
2013-09-05,14.407347,14.465835,14.403449,14.411247,87500
2013-09-06,14.426841,14.471681,14.265026,14.389799,209000
2013-09-09,14.426843,14.625699,14.426843,14.590608,217000
2013-09-10,14.697832,14.764117,14.676386,14.764117,98000
2013-09-11,14.775817,14.842103,14.752422,14.818707,169500
2013-09-12,14.791411,14.834302,14.740722,14.752419,156000
2013-09-13,14.779714,14.779714,14.699782,14.742672,29500
2013-09-16,14.871344,14.918134,14.80116,14.814807,161000
2013-09-17,14.849898,14.900586,14.822604,14.879141,209500
2013-09-18,14.94543,15.155984,14.941531,15.152084,160500
2013-09-19,15.16183,15.206671,15.148183,15.200822,48000
2013-09-20,15.247613,15.26126,15.124789,15.157932,588000
2013-09-23,15.124788,15.165729,14.968822,15.035108,145500
2013-09-24,15.000742,15.006599,14.817186,14.908964,773500
2013-09-25,14.910917,15.031985,14.908964,14.955829,380000
2013-09-26,15.014412,15.113999,15.012459,15.039797,164000
2013-09-27,15.012458,15.065181,14.957781,14.973404,147000
2013-09-30,14.830857,14.928493,14.744938,14.895296,219500
2013-10-01,14.895294,15.035889,14.895294,15.000741,783000
2013-10-02,14.938257,15.053467,14.899203,15.031987,277500
2013-10-03,15.002695,15.014411,14.739078,14.82695,157500
2013-10-04,14.785941,15.037842,14.785941,15.010503,1883000
2013-10-07,14.889439,14.973406,14.817188,14.819141,1232000
2013-10-08,14.7918,14.821092,14.444218,14.487178,305000
2013-10-09,14.512565,14.512565,14.321199,14.420788,335000
2013-10-10,14.416881,14.678545,14.416881,14.676592,695000
2013-10-11,14.649253,14.801565,14.649253,14.801565,115500
2013-10-14,14.678545,14.867957,14.647301,14.858194,200500
2013-10-15,14.819139,14.823044,14.618009,14.623867,990000
2013-10-16,14.672684,14.826948,14.672684,14.77032,247500
2013-10-17,14.713695,14.850386,14.713695,14.850386,749000
2013-10-18,14.883579,14.98512,14.881626,14.977309,125000
2013-10-21,15.076897,15.110093,14.998789,15.037843,146500
2013-10-22,15.115951,15.133525,14.951923,15.035889,211000
2013-10-23,14.983166,14.983166,14.817186,14.867956,215500
2013-10-24,14.82695,14.973404,14.815233,14.908964,1275500
2013-10-25,15.035888,15.104233,14.924584,14.951921,150500
2013-10-28,14.983165,14.985117,14.828901,14.926537,5185000
2013-10-29,14.953877,15.002695,14.860147,14.969499,102000
2013-10-30,15.06518,15.084707,14.879672,14.912868,237000
2013-10-31,14.918726,14.97926,14.883577,14.897246,74500
2013-11-01,14.946065,14.987073,14.840619,14.903106,217500
2013-11-04,14.963639,15.067133,14.926537,15.059321,247500
2013-11-05,14.994882,15.049558,14.942159,15.037843,194500
2013-11-06,15.12181,15.199918,15.096424,15.19406,154500
2013-11-07,15.315129,15.34442,14.961689,14.967546,260500
2013-11-08,15.008552,15.155006,14.987073,15.155006,91000
2013-11-11,15.184297,15.238973,15.092519,15.235067,64000
2013-11-12,15.250686,15.293646,15.215537,15.289741,107000
2013-11-13,15.237019,15.445959,15.237019,15.442054,114000
2013-11-14,15.383473,15.387379,15.289743,15.37371,131500
2013-11-15,15.404954,15.436198,15.363948,15.426435,53500
2013-11-18,15.447912,15.447912,15.274121,15.305364,1307000
2013-11-19,15.276074,15.276074,15.08666,15.100329,483000
2013-11-20,15.127671,15.254596,15.125717,15.139386,119500
2013-11-21,15.223351,15.320987,15.223351,15.311223,34500
2013-11-22,15.36785,15.424479,15.356134,15.424479,111000
2013-11-25,15.379565,15.379565,15.297552,15.326842,51000
2013-11-26,15.313176,15.346373,15.23702,15.303412,224500
2013-11-27,15.330749,15.365898,15.324891,15.344418,68000
2013-11-29,15.320986,15.395188,15.320986,15.361993,298000
2013-12-02,15.342468,15.369805,15.244833,15.256549,226500
2013-12-03,15.242875,15.305361,15.215536,15.238969,268500
2013-12-04,15.238973,15.383473,15.21554,15.346373,363000
2013-12-05,15.33661,15.33661,15.217495,15.256549,341000
2013-12-06,15.38152,15.469393,15.356135,15.451818,446000
2013-12-09,15.496729,15.50454,15.416668,15.45377,324500
2013-12-10,15.428385,15.438149,15.352229,15.361993,226000
2013-12-11,15.35418,15.377613,15.072989,15.074942,354000
2013-12-12,15.053462,15.053462,14.969495,14.971448,295500
2013-12-13,15.102281,15.217491,15.102281,15.211633,585500
2013-12-16,15.240924,15.26631,15.211634,15.252641,188500
2013-12-17,15.252643,15.309273,15.197968,15.295604,108000
2013-12-18,15.28193,15.502586,15.172578,15.502586,394500
2013-12-19,15.510401,15.611943,15.510401,15.526024,187000
2013-12-20,15.578742,15.764249,15.578742,15.74277,401500
2013-12-23,15.83267,15.887387,15.815083,15.861981,122000
2013-12-24,15.869796,15.924513,15.865888,15.914742,44000
2013-12-26,15.967502,15.981183,15.918648,15.93819,95000
2013-12-27,15.96359,15.988996,15.908874,15.924508,60000
2013-12-30,15.883475,15.996816,15.871749,15.992908,131000
2013-12-31,16.01245,16.06912,16.006587,16.037853,124500
2014-01-02,15.946007,15.969457,15.879566,15.93819,639500
2014-01-03,15.936235,15.973364,15.903013,15.942098,112500
2014-01-06,15.92842,15.963595,15.824848,15.832666,238000
2014-01-07,15.901061,16.086707,15.897153,16.061302,90500
2014-01-08,16.053487,16.135562,15.979229,16.104296,89000
2014-01-09,16.15901,16.15901,15.967501,16.033943,307000
2014-01-10,16.057392,16.125787,15.975317,16.116016,129000
2014-01-13,16.100385,16.116018,15.805306,15.858068,530500
2014-01-14,15.858066,16.116016,15.8268,16.116016,351500
2014-01-15,16.16878,16.40328,16.16878,16.383738,2417000
2014-01-16,16.368105,16.438454,16.332929,16.383738,441500
2014-01-17,16.409142,16.415004,16.303618,16.375921,155500
2014-01-21,16.434546,16.50685,16.303618,16.389601,6153500
2014-01-22,16.438457,16.454091,16.364198,16.422825,319000
2014-01-23,16.311442,16.334892,16.200054,16.330984,3645500
2014-01-24,16.2958,16.309479,16.041758,16.041758,194000
2014-01-27,16.024171,16.024171,15.690009,15.764268,256000
2014-01-28,15.817028,15.998766,15.817028,15.998766,226000
2014-01-29,15.893245,15.977273,15.809216,15.846345,311500
2014-01-30,15.908879,16.159013,15.908879,16.119928,1553000
2014-01-31,16.020266,16.131654,15.932328,16.039808,222000
2014-02-03,16.031987,16.090612,15.492636,15.574711,816000
2014-02-04,15.639202,15.748635,15.584485,15.697826,667500
2014-02-05,15.668516,15.756454,15.504367,15.729095,421000
2014-02-06,15.766221,15.875654,15.766221,15.828755,203000
2014-02-07,15.928413,16.1336,15.906918,16.114059,103500
2014-02-10,16.119925,16.139467,16.020263,16.137514,149500
2014-02-11,16.149238,16.301663,16.149238,16.264534,281000
2014-02-12,16.30362,16.344657,16.233269,16.325115,205500
2014-02-13,16.260627,16.590881,16.254764,16.58111,431000
2014-02-14,16.565478,16.614331,16.512715,16.588928,216500
2014-02-18,16.606517,16.71595,16.579159,16.704226,212500
2014-02-19,16.698364,16.747217,16.598702,16.610426,407000
2014-02-20,16.633875,16.776529,16.547892,16.766758,271500
2014-02-21,16.813651,16.89768,16.813651,16.831238,148500
2014-02-24,16.84883,16.977805,16.774572,16.88596,492000
2014-02-25,16.909412,16.909412,16.782392,16.8332,1456500
2014-02-26,16.893777,17.032521,16.860556,16.923088,147500
2014-02-27,16.944584,17.161497,16.944584,17.151728,78000
2014-02-28,17.181042,17.208401,16.772622,16.94068,1963000
2014-03-03,16.796067,16.796067,16.592833,16.75112,1020000
2014-03-04,16.966081,17.182994,16.966081,17.145864,369000
2014-03-05,17.122413,17.16345,17.0931,17.161495,325500
2014-03-06,17.186907,17.194723,17.106785,17.114603,199500
2014-03-07,17.149773,17.149773,16.864465,16.913319,89500
2014-03-10,16.917226,16.923089,16.747213,16.811701,138000
2014-03-11,16.844925,16.934817,16.727676,16.774574,318500
2014-03-12,16.694451,16.846876,16.575247,16.842968,105500
2014-03-13,16.907456,16.91918,16.457996,16.518576,223000
2014-03-14,16.508806,16.608467,16.479492,16.485355,118500
2014-03-17,16.583065,16.780436,16.583065,16.66514,298000
2014-03-18,16.710082,16.9524,16.704221,16.930902,148000
2014-03-19,16.903555,16.903555,16.645604,16.756992,316000
2014-03-20,16.762851,16.874239,16.661234,16.858604,154000
2014-03-21,16.872276,16.872276,16.467764,16.467764,335500
2014-03-24,16.551799,16.555707,16.162919,16.329023,569500
2014-03-25,16.409221,16.546143,16.176453,16.305552,354500
2014-03-26,16.413133,16.426825,16.023882,16.023882,725000
2014-03-27,15.996498,16.119728,15.838058,16.029749,2641500
2014-03-28,16.080608,16.209707,16.004324,16.039532,1684500
2014-03-31,16.098209,16.329021,16.098209,16.28599,737500
2014-04-01,16.325105,16.56961,16.32315,16.55983,556000
2014-04-02,16.602871,16.604828,16.430739,16.481596,5123000
2014-04-03,16.501148,16.501148,16.06104,16.092337,512500
2014-04-04,16.172539,16.203837,15.708959,15.773508,783500
2014-04-07,15.701134,15.791111,15.433156,15.570079,388500
2014-04-08,15.577904,15.775463,15.489882,15.730474,292000
2014-04-09,15.783285,16.035613,15.74612,16.019964,342500
2014-04-10,15.992582,15.992582,15.421418,15.468364,1327000
2014-04-11,15.360783,15.464453,15.139749,15.178871,13065500
2014-04-14,15.259068,15.444891,15.204298,15.345133,1900000
2014-04-15,15.372517,15.554429,15.176913,15.513352,807000
2014-04-16,15.591593,15.712867,15.497703,15.701132,323500
2014-04-17,15.628758,15.818494,15.552474,15.787198,274500
2014-04-21,15.798935,15.869353,15.689398,15.806761,344000
2014-04-22,15.840009,15.986713,15.802846,15.926076,330500
2014-04-23,15.890868,15.890868,15.669836,15.72265,9775500
2014-04-24,15.875219,15.890866,15.501616,15.669834,582500
2014-04-25,15.579859,15.630716,15.380342,15.399903,271000
2014-04-28,15.480099,15.48401,15.024342,15.210165,1900500
2014-04-29,15.255157,15.380343,15.198432,15.358828,655500
2014-04-30,15.307972,15.52118,15.23951,15.517268,485000
2014-05-01,15.484014,15.742212,15.474233,15.552476,532000
2014-05-02,15.595508,15.687443,15.521178,15.542695,319000
2014-05-05,15.446844,15.587679,15.374472,15.536822,529500
2014-05-06,15.501619,15.552476,15.302102,15.302102,221500
2014-05-07,15.388167,15.419464,15.104542,15.325574,1092000
2014-05-08,15.237553,15.562256,15.173004,15.272762,556000
2014-05-09,15.282543,15.399906,15.16518,15.347093,565000
2014-05-12,15.456628,15.77155,15.442935,15.736341,393500
2014-05-13,15.750035,15.783288,15.59942,15.605289,5757500
2014-05-14,15.581815,15.662013,15.485969,15.51531,417500
2014-05-15,15.493793,15.493793,15.266892,15.448804,2139000
2014-05-16,15.497705,15.626804,15.362739,15.617024,1347000
2014-05-19,15.570078,15.822406,15.550517,15.808714,161500
2014-05-20,15.781333,15.824366,15.618982,15.691356,203000
2014-05-21,15.69331,15.746124,15.624849,15.726563,425000
2014-05-22,15.675709,15.928038,15.669841,15.877181,224000
2014-05-23,15.886958,16.037574,15.810673,16.021925,368500
2014-05-27,16.063003,16.213617,16.057134,16.172541,1428000
2014-05-28,16.186233,16.186233,15.996499,16.008234,6064500
2014-05-29,16.049308,16.160803,16.049308,16.158846,138000
2014-05-30,16.156891,16.156891,15.908474,15.974978,454500
2014-06-02,15.984759,15.984759,15.804804,15.900649,290000
2014-06-03,15.8361,15.857617,15.736342,15.798935,293500
2014-06-04,15.744164,15.851747,15.697219,15.804802,462000
2014-06-05,15.849791,16.010188,15.779375,15.986715,417500
2014-06-06,16.051271,16.209709,16.051271,16.199928,247500
2014-06-09,16.178406,16.293813,16.143198,16.229263,892000
2014-06-10,16.213613,16.246866,16.16667,16.242954,152000
2014-06-11,16.184279,16.284036,16.16863,16.272301,492500
2014-06-12,16.264471,16.274252,16.096253,16.143198,2300500
2014-06-13,16.180366,16.309465,16.119729,16.30164,492500
2014-06-16,16.250779,16.42878,16.199922,16.42878,492000
2014-06-17,16.391618,16.667419,16.383794,16.624386,3566000
2014-06-18,16.741744,16.818029,16.645899,16.812162,3471500
2014-06-19,16.861068,16.902144,16.718277,16.798475,444000
2014-06-20,16.722191,16.724148,16.608741,16.722191,701000
2014-06-23,16.733926,16.802387,16.681112,16.798475,301000
2014-06-24,16.785356,16.865621,16.671808,16.695301,340000
2014-06-25,16.67181,16.769695,16.624824,16.769695,318500
2014-06-26,16.754032,16.767736,16.644401,16.742287,274500
2014-06-27,16.716834,16.812763,16.716834,16.810804,185000
2014-06-30,16.828428,16.871498,16.781442,16.83626,2600500
2014-07-01,16.84017,17.096628,16.84017,17.030067,1022500
2014-07-02,17.037898,17.06139,16.963505,16.97525,304000
2014-07-03,17.012447,17.055517,16.96742,17.043772,566000
2014-07-07,17.00462,17.00462,16.830385,16.838215,163500
2014-07-08,16.826467,16.826467,16.413391,16.511276,745000
2014-07-09,16.550431,16.611118,16.452545,16.509317,1646500
2014-07-10,16.321377,16.587624,16.229365,16.48974,222000
2014-07-11,16.503447,16.503447,16.42318,16.481911,190500
2014-07-14,16.583711,16.693344,16.564136,16.615036,127500
2014-07-15,16.622864,16.667891,16.458416,16.534767,197000
2014-07-16,16.615038,16.660065,16.542602,16.605249,167500
2014-07-17,16.587627,16.693345,16.454504,16.47604,76500
2014-07-18,16.509314,16.663973,16.509314,16.654184,2948500
2014-07-21,16.613076,16.673765,16.511275,16.616991,177500
2014-07-22,16.67181,16.810807,16.656149,16.736414,168500
2014-07-23,16.783397,16.783397,16.644399,16.665934,152000
2014-07-24,16.703134,16.846047,16.703134,16.83626,268500
2014-07-25,16.787308,16.840166,16.75207,16.808844,766000
2014-07-28,16.824515,16.846049,16.677688,16.783403,134000
2014-07-29,16.799055,16.87932,16.76773,16.808844,100000
2014-07-30,16.887155,16.988955,16.844085,16.983082,63500
2014-07-31,16.842131,16.912609,16.609165,16.609165,158000
2014-08-01,16.591548,16.64832,16.358581,16.431015,178000
2014-08-04,16.46234,16.634616,16.409481,16.59742,466000
2014-08-05,16.540645,16.681599,16.495617,16.571968,366000
2014-08-06,16.474081,16.648316,16.462335,16.562178,183500
2014-08-07,16.61895,16.660062,16.436883,16.499531,256000
2014-08-08,16.5289,16.599378,16.478,16.59742,90000
2014-08-11,16.634613,16.752076,16.634613,16.72271,2078500
2014-08-12,16.663973,16.712915,16.554342,16.63265,108000
2014-08-13,16.716836,16.812765,16.697261,16.802977,94000
2014-08-14,16.82647,16.848004,16.777526,16.842131,137500
2014-08-15,16.934139,16.934139,16.662018,16.787312,202500
2014-08-18,16.873456,16.994832,16.873456,16.990917,395000
2014-08-19,17.016361,17.141653,17.016361,17.127949,164500
2014-08-20,17.120127,17.120127,17.000707,17.077057,111500
2014-08-21,17.079007,17.169062,17.053558,17.16123,108500
2014-08-22,17.192554,17.331551,17.180808,17.276735,224000
2014-08-25,17.31589,17.31589,17.137737,17.194511,65500
2014-08-26,17.196477,17.274785,17.194519,17.270868,60000
2014-08-27,17.272823,17.304146,17.176896,17.202345,1842500
2014-08-28,17.143614,17.165148,17.07118,17.12208,79500
2014-08-29,17.157316,17.353088,17.157316,17.292398,121000
2014-09-02,17.339386,17.43727,17.284571,17.42944,3329500
2014-09-03,17.476426,17.480341,17.382456,17.425526,3343500
2014-09-04,17.468598,17.507751,17.343305,17.370712,63500
2014-09-05,17.372665,17.509706,17.364835,17.505791,166500
2014-09-08,17.501873,17.631081,17.464676,17.55669,104000
2014-09-09,17.544944,17.544944,17.411821,17.419651,165000
2014-09-10,17.443145,17.535157,17.407907,17.529285,71000
2014-09-11,17.460766,17.619341,17.460766,17.617382,293500
2014-09-12,17.607592,17.607592,17.372666,17.398117,216000
2014-09-15,17.364832,17.364832,17.080966,17.141653,210500
2014-09-16,17.127951,17.276737,17.084883,17.255203,140500
2014-09-17,17.194517,17.245417,17.092716,17.147532,3172000
2014-09-18,17.190601,17.294359,17.190601,17.290443,114000
2014-09-19,17.351127,17.37462,17.118162,17.2043,136500
2014-09-22,17.135783,17.135783,16.932182,17.030067,108000
2014-09-23,16.985043,17.049647,16.91065,16.91065,137500
2014-09-24,16.926116,17.116121,16.869312,17.092615,130000
2014-09-25,17.057367,17.067161,16.755709,16.755709,260500
2014-09-26,16.785087,16.883028,16.740033,16.877151,157000
2014-09-29,16.745913,16.973136,16.714573,16.955507,280500
2014-09-30,16.95159,17.00056,16.869321,16.939837,318000
2014-10-01,16.908496,16.908496,16.644055,16.675396,232500
2014-10-02,16.675395,16.798802,16.520649,16.769419,344000
2014-10-03,16.86148,17.035815,16.86148,17.006433,389500
2014-10-06,17.073032,17.12788,16.918287,16.973133,1177000
2014-10-07,16.826219,16.884983,16.632296,16.640131,666500
2014-10-08,16.667554,16.957458,16.485386,16.957458,364000
2014-10-09,16.904576,17.002518,16.622507,16.642096,407500
2014-10-10,16.59704,16.677352,16.087749,16.087749,810500
2014-10-13,16.072076,16.179811,15.846813,15.874236,613000
2014-10-14,15.978058,16.064247,15.838983,15.868364,263000
2014-10-15,15.662687,16.019192,15.255254,15.940838,440500
2014-10-16,15.7097,16.015273,15.7097,15.923209,2115500
2014-10-17,16.115173,16.350231,16.079913,16.217031,1177000
2014-10-20,16.123012,16.313017,16.021153,16.313017,1621500
2014-10-21,16.432499,16.663639,16.432499,16.663639,3473500
2014-10-22,16.642095,16.642095,16.356108,16.363943,297500
2014-10-23,16.442295,16.759623,16.442295,16.64797,183500
2014-10-24,16.716527,16.959419,16.696938,16.949625,138500
2014-10-27,16.871272,16.951584,16.804673,16.912407,774000
2014-10-28,16.975094,17.253244,16.975094,17.253244,4261000
2014-10-29,17.245408,17.272832,17.116127,17.174891,105000
2014-10-30,17.127879,17.368812,17.127879,17.337471,178500
2014-10-31,17.552946,17.637173,17.552946,17.621504,207500
2014-11-03,17.643048,17.725318,17.609748,17.641088,178500
2014-11-04,17.607787,17.703768,17.588198,17.664591,902000
2014-11-05,17.797795,17.797795,17.607789,17.662636,3659000
2014-11-06,17.676345,17.88202,17.676345,17.86635,4349000
2014-11-07,17.893776,17.970169,17.848724,17.946663,666500
2014-11-10,17.946665,18.038729,17.927078,18.038729,131000
2014-11-11,18.052443,18.06028,17.993679,18.046568,144500
2014-11-12,17.976047,18.046565,17.97017,18.021099,99000
2014-11-13,18.040686,18.130791,17.972128,18.034809,125500
2014-11-14,18.046567,18.105331,17.995638,18.097496,67500
2014-11-17,18.064197,18.113166,17.960379,17.979967,141500
2014-11-18,17.991718,18.115123,17.991718,18.030893,88500
2014-11-19,18.009344,18.009344,17.756656,17.850679,193000
2014-11-20,17.754703,17.868313,17.70965,17.838932,146000
2014-11-21,18.115123,18.150381,17.915324,17.962336,132500
2014-11-24,17.962339,18.017185,17.913369,18.017185,160000
2014-11-25,18.028938,18.148425,18.028938,18.064196,71500
2014-11-26,18.070073,18.162137,18.023061,18.160177,73500
2014-11-28,18.150382,18.326676,18.150382,18.205229,44500
2014-12-01,18.154299,18.203271,18.079864,18.095535,178000
2014-12-02,18.107289,18.152341,18.02306,18.095535,476000
2014-12-03,18.097489,18.191511,17.995631,18.171925,88500
2014-12-04,18.146468,18.203274,18.097498,18.173891,773500
2014-12-05,18.185641,18.230693,18.164093,18.20327,59500
2014-12-08,18.160175,18.197392,17.844805,17.901611,113500
2014-12-09,17.72532,17.929037,17.615627,17.929037,135500
2014-12-10,17.901613,17.938831,17.564697,17.574492,119000
2014-12-11,17.607794,17.874193,17.56274,17.592123,3082000
2014-12-12,17.543149,17.727277,17.529437,17.541189,184000
2014-12-15,17.639134,17.748827,17.42954,17.507893,230500
2014-12-16,17.404075,17.601915,17.274793,17.276751,255500
2014-12-17,17.313966,17.699854,17.276749,17.646965,108000
2014-12-18,17.936875,18.263998,17.936875,18.258121,256000
2014-12-19,18.338427,18.526473,18.328633,18.418737,98000
2014-12-22,18.422655,18.520596,18.422655,18.461832,105500
2014-12-23,18.540183,18.685134,18.528429,18.600906,235000
2014-12-24,18.63168,18.73165,18.612078,18.641481,44000
2014-12-26,18.67089,18.731656,18.66501,18.66501,54000
2014-12-29,18.61992,18.633642,18.508191,18.519951,201500
2014-12-30,18.468989,18.523874,18.298452,18.331776,170500
2014-12-31,18.382736,18.480746,18.190636,18.190636,128000
2015-01-02,18.261208,18.357257,17.957378,18.094591,175500
2015-01-05,18.022066,18.041669,17.828007,17.87113,212000
2015-01-06,17.914245,17.955409,17.481042,17.561409,264000
2015-01-07,17.700594,17.74568,17.569262,17.669231,158000
2015-01-08,17.826043,18.08283,17.826043,18.045586,149000
2015-01-09,18.082833,18.098513,17.829966,17.87113,271500
2015-01-12,17.900531,17.929935,17.696671,17.78488,151500
2015-01-13,17.906411,18.182798,17.577097,17.737833,508000
2015-01-14,17.573177,17.680988,17.447724,17.637863,210500
2015-01-15,17.714314,17.714314,17.355598,17.355598,144000
2015-01-16,17.365397,17.777039,17.365397,17.777039,216500
2015-01-20,17.812319,17.896608,17.584936,17.824081,484500
2015-01-21,17.759397,17.90053,17.728032,17.778997,145000
2015-01-22,17.875048,18.133794,17.70255,18.108311,197000
2015-01-23,18.122029,18.32785,18.122029,18.253363,418500
2015-01-26,18.223963,18.290611,18.096551,18.278849,213500
2015-01-27,17.975015,18.02794,17.708429,17.859364,204000
2015-01-28,17.951495,17.975018,17.620222,17.631983,230500
2015-01-29,17.680988,17.91033,17.563375,17.877007,1906500
2015-01-30,17.782919,17.794681,17.530054,17.547695,235000
2015-02-02,17.582974,17.75547,17.288944,17.73979,343500
2015-02-03,17.833882,18.051464,17.818201,18.037743,481500
2015-02-04,17.961299,18.192602,17.961299,18.088711,271000
2015-02-05,18.218087,18.374903,18.200446,18.357262,351500
2015-02-06,18.343536,18.392543,18.17888,18.239647,519500
2015-02-09,18.182799,18.216123,18.125953,18.147516,145000
2015-02-10,18.249448,18.361177,18.157317,18.331776,218500
2015-02-11,18.331774,18.416063,18.294531,18.370977,193500
2015-02-12,18.504272,18.68069,18.480751,18.670889,180000
2015-02-13,18.70421,18.929632,18.70029,18.929632,94500
2015-02-17,18.925717,18.925717,18.792423,18.894354,148000
2015-02-18,18.898266,18.990395,18.868864,18.974714,940000
2015-02-19,18.957076,19.055087,18.896312,19.037445,117000
2015-02-20,19.060966,19.239343,19.023722,19.229544,259500
2015-02-23,19.20602,19.20602,19.037442,19.074686,141000
2015-02-24,19.072726,19.102129,18.978638,19.098209,174500
2015-02-25,19.057044,19.198177,19.057044,19.182497,615500
2015-02-26,19.3746,19.454969,19.282471,19.354998,154500
2015-02-27,19.349118,19.394202,19.253067,19.27071,197500
2015-03-02,19.211899,19.351073,19.153093,19.345194,184000
2015-03-03,19.300112,19.300112,19.060969,19.104094,359500
2015-03-04,19.047246,19.078609,18.823783,18.88847,165500
2015-03-05,18.915917,19.04137,18.841431,19.031569,182500
2015-03-06,18.941395,18.964918,18.684608,18.717932,277500
2015-03-09,18.700286,18.861022,18.694405,18.827698,122500
2015-03-10,18.663049,18.663049,18.431745,18.433706,261000
2015-03-11,18.449386,18.539556,18.370978,18.39842,124000
2015-03-12,18.408224,18.602283,18.408224,18.602283,90500
2015-03-13,18.557198,18.653247,18.472909,18.629725,228500
2015-03-16,18.690491,18.894352,18.690491,18.892391,129000
2015-03-17,18.821819,18.949231,18.796336,18.911987,184500
2015-03-18,18.85907,19.196224,18.835547,19.125656,69000
2015-03-19,19.115854,19.18838,19.07469,19.151138,257000
2015-03-20,19.239344,19.315793,19.215823,19.237385,78000
2015-03-23,19.243263,19.249142,19.170734,19.170734,94500
2015-03-24,19.172699,19.229545,19.062928,19.068808,7090500
2015-03-25,19.093722,19.093722,18.575979,18.575979,1089000
2015-03-26,18.515178,18.768165,18.462226,18.67207,642000
2015-03-27,18.67011,18.80935,18.644615,18.785818,119500
2015-03-30,18.913291,19.003502,18.905447,18.962318,578500
2015-03-31,18.879951,18.989775,18.834845,18.846611,603500
2015-04-01,18.803471,18.803471,18.597549,18.750519,370500
2015-04-02,18.785815,18.889755,18.711291,18.819153,1716500
2015-04-06,18.728942,19.058415,18.668146,19.017229,3535500
2015-04-07,19.03292,19.234918,19.027036,19.06822,687500
2015-04-08,19.089796,19.244726,19.089796,19.16432,179000
2015-04-09,19.16824,19.20158,19.064299,19.20158,112500
2015-04-10,19.176086,19.327093,19.13294,19.327093,1098000
2015-04-13,19.285908,19.362394,19.113329,19.123135,111500
2015-04-14,19.111366,19.158434,18.954475,19.064299,323500
2015-04-15,19.132936,19.278061,19.132936,19.236877,367500
2015-04-16,19.18197,19.280028,19.127058,19.254532,634000
2015-04-17,19.062336,19.062336,18.772085,18.844648,1053000
2015-04-20,18.923095,19.123133,18.923095,19.091753,1173000
2015-04-21,19.197654,19.305517,19.18981,19.236877,359500
2015-04-22,19.291789,19.434953,19.232956,19.395731,623000
2015-04-23,19.354549,19.646759,19.354549,19.566353,191000
2015-04-24,19.68206,19.729128,19.574197,19.687943,325500
2015-04-27,19.713441,19.807576,19.597733,19.625189,442000
2015-04-28,19.613424,19.740898,19.50556,19.67618,300500
2015-04-29,19.558504,20.033102,19.470254,19.864443,698000
2015-04-30,19.689902,19.807572,19.489865,19.560467,139500
2015-05-01,19.627148,19.71736,19.587924,19.66441,538500
2015-05-04,19.668334,19.746779,19.634994,19.648722,202000
2015-05-05,19.595772,19.595772,19.383969,19.485949,634000
2015-05-06,19.576152,19.623218,19.334931,19.415337,1240500
2015-05-07,19.405539,19.580081,19.397693,19.529091,147500
2015-05-08,19.648721,19.842874,19.648721,19.78404,83000
2015-05-11,19.735011,19.856603,19.709517,19.742857,209000
2015-05-12,19.634994,19.78012,19.462413,19.691868,234500
2015-05-13,19.772272,19.866408,19.725204,19.793846,184000
2015-05-14,19.931123,20.129198,19.893861,20.107626,157000
2015-05-15,20.137041,20.176265,19.940927,19.956615,650000
2015-05-18,19.901707,20.093901,19.882095,20.056639,223000
2015-05-19,20.097822,20.103706,20.001726,20.033104,185000
2015-05-20,20.04487,20.082132,19.927203,20.007608,1406500
2015-05-21,20.05664,20.140969,19.988,20.101746,254000
2015-05-22,20.095854,20.164494,20.054671,20.113504,149000
2015-05-26,20.056641,20.056641,19.815419,19.882097,176000
2015-05-27,19.868364,20.105663,19.850714,20.078207,118000
2015-05-28,20.017412,20.093897,19.937006,19.989956,1524000
2015-05-29,19.982116,19.982116,19.727167,19.789923,780000
2015-06-01,19.840912,19.933085,19.687942,19.866407,422000
2015-06-02,19.809536,19.978195,19.72913,19.862488,866000
2015-06-03,19.938967,20.089977,19.895823,20.040947,494500
2015-06-04,19.954657,19.999763,19.742854,19.782076,2944500
2015-06-05,19.78404,19.968388,19.672255,19.93701,1089500
2015-06-08,19.915436,19.937009,19.658526,19.68206,2608500
2015-06-09,19.670292,19.695788,19.513401,19.638914,772500
2015-06-10,19.693824,20.011531,19.680096,19.972307,1331000
2015-06-11,20.037032,20.06841,19.960548,19.995848,400500
2015-06-12,19.909553,19.978193,19.889941,19.944853,192500
2015-06-15,19.8115,19.81346,19.597734,19.787966,396000
2015-06-16,19.754622,20.058599,19.754622,20.009571,444500
2015-06-17,20.038985,20.158615,19.980149,20.078207,572500
2015-06-18,20.007608,20.231179,19.97427,20.217451,296500
2015-06-19,20.231182,20.233144,20.101747,20.109591,1147000
2015-06-22,20.227257,20.270402,20.156655,20.221373,494500
2015-06-23,20.268436,20.282164,20.18999,20.282164,97500
2015-06-24,20.238594,20.250368,20.054107,20.099247,674500
2015-06-25,20.171871,20.218975,20.083553,20.13262,146500
2015-06-26,20.152241,20.158129,19.849998,19.938316,358500
2015-06-29,19.742053,19.800932,19.47121,19.477098,270500
2015-06-30,19.57523,19.61252,19.422145,19.522238,202500
2015-07-01,19.689058,19.722423,19.528123,19.579151,2911000
2015-07-02,19.616442,19.616442,19.437844,19.54775,303500
2015-07-06,19.41037,19.555604,19.339715,19.44766,256500
2015-07-07,19.49476,19.604669,19.192517,19.587004,385000
2015-07-08,19.504582,19.5929,19.3829,19.445704,828000
2015-07-09,19.641961,19.808784,19.641961,19.659624,345000
2015-07-10,19.822518,19.857845,19.702796,19.800928,277500
2015-07-13,19.938319,19.997197,19.916729,19.965796,253000
2015-07-14,19.963828,20.118876,19.959903,20.073734,337500
2015-07-15,20.069812,20.122804,19.999157,20.018784,369500
2015-07-16,20.132621,20.199349,20.093367,20.19346,270500
2015-07-17,20.213083,20.213083,20.020747,20.097288,162500
2015-07-20,20.132619,20.162057,20.054114,20.124767,466000
2015-07-21,20.114954,20.167945,19.989347,20.048225,342500
2015-07-22,19.946168,20.079626,19.946168,19.993271,416500
2015-07-23,20.079624,20.193455,19.94224,19.97953,89000
2015-07-24,20.003085,20.08159,19.885326,19.987383,6042000
2015-07-27,19.904953,19.904953,19.634109,19.653736,165000
2015-07-28,19.726351,19.869623,19.53009,19.865698,791000
2015-07-29,19.834297,19.995232,19.738128,19.995232,75500
2015-07-30,19.979532,20.150281,19.846074,20.114952,1678000
2015-07-31,20.140469,20.215049,20.069814,20.111029,130500
2015-08-03,20.116916,20.140468,19.897101,20.026636,306000
2015-08-04,20.044298,20.132617,20.018783,20.107101,364500
2015-08-05,20.238599,20.525142,20.238599,20.346542,6496500
2015-08-06,20.372058,20.39561,19.934392,19.961868,226500
2015-08-07,19.930464,20.052147,19.869622,20.052147,163500
2015-08-10,20.148318,20.334768,20.148318,20.281776,181500
2015-08-11,20.158135,20.246453,19.954022,20.069817,147500
2015-08-12,19.948133,20.144396,19.694955,20.095331,4197000
2015-08-13,20.124766,20.230748,20.003085,20.112991,198000
2015-08-14,20.085512,20.319063,20.07766,20.299438,128000
2015-08-17,20.258226,20.503554,20.130656,20.501593,197500
2015-08-18,20.481969,20.521222,20.374024,20.387762,240000
2015-08-19,20.332803,20.393645,20.162055,20.23271,327500
2015-08-20,20.083551,20.083551,19.508501,19.512428,295500
2015-08-21,19.318128,19.355418,18.84906,18.84906,801500
2015-08-24,18.660644,18.678308,17.008114,17.997276,1216000
2015-08-25,18.185696,18.566446,17.826536,17.836349,1851000
2015-08-26,18.014938,18.554661,17.908956,18.505594,999000
2015-08-27,18.690085,18.892237,18.49971,18.839245,763500
2015-08-28,18.792148,18.964859,18.731306,18.896168,775500
2015-08-31,18.807844,18.847095,18.617469,18.67831,395500
2015-09-01,18.487939,18.487939,18.064013,18.140554,786500
2015-09-02,18.321111,18.454569,18.093446,18.454569,514000
2015-09-03,18.517377,18.754854,18.499712,18.57233,227000
2015-09-04,18.387845,18.476162,18.240647,18.336817,189500
2015-09-08,18.599809,18.960932,18.599809,18.94523,273000
2015-09-09,19.106165,19.13168,18.60177,18.637098,526000
2015-09-10,18.623359,18.943267,18.599807,18.799995,146000
2015-09-11,18.756818,18.915789,18.670461,18.913828,613500
2015-09-14,18.972705,18.972705,18.784293,18.84906,211500
2015-09-15,18.911863,19.184668,18.870648,19.106163,2045000
2015-09-16,19.149342,19.239624,19.092425,19.225883,79000
2015-09-17,19.115976,19.347565,19.082611,19.127752,476500
2015-09-18,18.86476,19.204293,18.79803,18.998219,158500
2015-09-21,19.076726,19.322054,19.043361,19.210184,328000
2015-09-22,19.002142,19.084572,18.876534,19.059059,1337000
2015-09-23,19.051209,19.170929,18.962891,19.098312,1128500
2015-09-24,18.982522,19.055138,18.774483,19.019812,992500
2015-09-25,19.153336,19.214209,18.856826,18.968754,278000
2015-09-28,18.886279,18.949115,18.420896,18.440533,457500
2015-09-29,18.464097,18.464097,18.197043,18.299152,558500
2015-09-30,18.485703,18.621194,18.324685,18.583885,179500
2015-10-01,18.646719,18.819518,18.517119,18.809702,805500
2015-10-02,18.579955,19.033556,18.43661,19.033556,588500
2015-10-05,19.159225,19.400753,19.141553,19.371298,312500
2015-10-06,19.36737,19.430207,19.204387,19.292751,700500
2015-10-07,19.363447,19.363447,18.988392,19.298647,461500
2015-10-08,19.277047,19.424319,19.137628,19.381119,896000
2015-10-09,19.412534,19.622644,19.361479,19.610863,556500
2015-10-12,19.583373,19.665848,19.522502,19.636393,375000
2015-10-13,19.579446,19.740466,19.48912,19.506792,408500
2015-10-14,19.495009,19.577482,19.363445,19.387009,419500
2015-10-15,19.465551,19.748315,19.465551,19.742424,171500
2015-10-16,19.803303,19.93683,19.722793,19.930939,756000
2015-10-19,19.866136,20.007519,19.789554,19.911301,2388500
2015-10-20,19.887736,19.950572,19.726716,19.807226,283500
2015-10-21,19.840612,19.840612,19.508757,19.520538,237500
2015-10-22,19.673701,20.141047,19.673701,20.048756,1184000
2015-10-23,20.278502,20.278502,20.078212,20.251011,465500
2015-10-26,20.294207,20.39239,20.227443,20.307953,406500
2015-10-27,20.252974,20.360974,20.137119,20.192101,133500
2015-10-28,20.227446,20.545557,20.203882,20.545557,152000
2015-10-29,20.488614,20.488614,20.304032,20.345268,256500
2015-10-30,20.337409,20.427736,20.264754,20.298136,4283500
2015-11-02,20.345263,20.578935,20.311881,20.512173,941500
2015-11-03,20.492539,20.726213,20.413994,20.631958,1142500
2015-11-04,20.673195,20.820468,20.667304,20.802795,866500
2015-11-05,20.794936,20.857772,20.610354,20.683008,678000
2015-11-06,20.6889,20.836172,20.606427,20.836172,279500
2015-11-09,20.804753,20.804753,20.419879,20.565187,831000
2015-11-10,20.508247,20.539665,20.37472,20.539665,262500
2015-11-11,20.575012,20.643739,20.453267,20.53574,289500
2015-11-12,20.441483,20.647666,20.413992,20.413992,677500
2015-11-13,20.360976,20.368829,19.999666,20.025192,486500
2015-11-16,20.023227,20.209773,19.8897,20.199955,596500
2015-11-17,20.221556,20.451301,20.20781,20.311882,432500
2015-11-18,20.357045,20.506282,20.197992,20.494501,269000
2015-11-19,20.565188,20.810643,20.565188,20.732098,216000
2015-11-20,20.779229,20.820465,20.663374,20.753702,5064000
2015-11-23,20.753703,20.804758,20.626066,20.67712,185000
2015-11-24,20.569124,20.736033,20.413995,20.686941,503000
2015-11-25,20.698724,20.802795,20.663377,20.741922,211500
2015-11-27,20.749773,20.814573,20.712464,20.777264,46000
2015-11-30,20.840102,20.840102,20.677119,20.722284,323000
2015-12-01,20.80672,20.957922,20.751739,20.955957,1509000
2015-12-02,20.957918,21.014862,20.814572,20.832245,298000
2015-12-03,20.853844,20.914718,20.378645,20.435589,1226500
2015-12-04,20.492538,20.93632,20.492538,20.922575,383500
2015-12-07,20.893119,20.906865,20.598572,20.667299,209000
2015-12-08,20.52592,20.836175,20.453266,20.761557,404500
2015-12-09,20.704613,20.789049,20.304031,20.360977,554000
2015-12-10,20.42577,20.492532,20.331514,20.362932,234500
2015-12-11,20.24512,20.298137,19.968245,20.011446,493500
2015-12-14,20.025188,20.148897,19.854352,20.14497,867000
2015-12-15,20.300098,20.506279,20.300098,20.390425,1397500
2015-12-16,20.496465,20.734066,20.357046,20.700684,341000
2015-12-17,20.730136,20.730136,20.431662,20.435589,644500
2015-12-18,20.398283,20.413993,20.054647,20.054647,565000
2015-12-21,20.211731,20.268675,19.968238,20.115513,914000
2015-12-22,20.205846,20.333481,20.133192,20.311882,267000
2015-12-23,20.408102,20.521994,20.384538,20.502357,296500
2015-12-24,20.469942,20.572105,20.45226,20.503342,124000
2015-12-28,20.464046,20.538704,20.336341,20.538704,146500
2015-12-29,20.648727,20.8059,20.648727,20.748924,879500
2015-12-30,20.711591,20.825543,20.636933,20.652651,142000
2015-12-31,20.593713,20.615323,20.395279,20.395279,84500
2016-01-04,20.025922,20.025922,19.735151,19.965017,762500
2016-01-05,20.039674,20.090755,19.886429,19.951263,697500
2016-01-06,19.707647,19.815705,19.577979,19.715506,635000
2016-01-07,19.381509,19.636917,19.169325,19.210583,955500
2016-01-08,19.316676,19.383476,18.953212,18.978752,898500
2016-01-11,19.073053,19.122169,18.784245,19.049477,1237500
2016-01-12,19.151643,19.381509,18.980716,19.232193,971500
2016-01-13,19.346144,19.422766,18.493476,18.627073,1214000
2016-01-14,18.668331,19.073055,18.416853,18.959103,1251000
2016-01-15,18.434539,18.654581,18.222353,18.575994,1919500
2016-01-19,18.73906,18.7646,18.240034,18.412924,829000
2016-01-20,18.155553,18.49544,17.674208,18.353985,505500
2016-01-21,18.432571,18.67226,18.224315,18.348089,2323000
2016-01-22,18.591711,18.847119,18.591711,18.817648,1550000
2016-01-25,18.735134,18.786216,18.389351,18.418821,985500
2016-01-26,18.471865,18.642791,18.355949,18.615286,691000
2016-01-27,18.548486,18.615285,18.171268,18.222349,428500
2016-01-28,18.251822,18.285222,17.947298,18.177164,1805000
2016-01-29,18.302903,18.652616,18.295045,18.644756,1691000
2016-02-01,18.520979,18.829432,18.487579,18.725306,794500
2016-02-02,18.583849,18.58778,18.041599,18.116257,5200000
2016-02-03,18.269505,18.322552,17.898181,18.243965,714000
2016-02-04,18.22628,18.389347,18.10447,18.267538,522000
2016-02-05,18.019991,18.019991,16.978714,17.073017,6104000
2016-02-08,16.784211,16.784211,16.128009,16.469864,6675000
2016-02-09,16.310721,16.860829,16.222311,16.448248,1114500
2016-02-10,16.632929,17.096592,16.632929,16.731163,1939500
2016-02-11,16.446289,16.770461,16.420748,16.654545,1501000
2016-02-12,16.75867,16.892268,16.572028,16.878515,3775500
2016-02-16,17.0573,17.177145,16.955137,17.177145,899000
2016-02-17,17.2911,17.788163,17.2911,17.729223,1551500
2016-02-18,17.772439,17.778334,17.485597,17.515068,782000
2016-02-19,17.458094,17.780302,17.416836,17.760654,812000
2016-02-22,17.929615,18.126081,17.925684,18.073036,296000
2016-02-23,17.992483,18.027846,17.76458,17.788157,426000
2016-02-24,17.593656,17.939437,17.430587,17.919792,2461500
2016-02-25,18.18109,18.385416,18.002305,18.385416,1091500
2016-02-26,18.520981,18.534733,18.22628,18.37756,1818000
2016-02-29,18.348093,18.475798,18.251825,18.257719,1745500
2016-03-01,18.422747,18.931597,18.383454,18.931597,853500
2016-03-02,18.898198,18.919809,18.739059,18.911951,2845000
2016-03-03,18.902128,18.911952,18.664402,18.909986,985000
2016-03-04,18.92767,19.010186,18.758709,18.89427,1181500
2016-03-07,18.805858,18.95321,18.711555,18.884447,930000
2016-03-08,18.786216,18.939461,18.684053,18.713522,687000
2016-03-09,18.792104,18.911951,18.744954,18.911951,5060500
2016-03-10,18.978753,19.053411,18.517055,18.78425,603000
2016-03-11,18.925708,19.153609,18.925708,19.120211,597000
2016-03-14,19.051444,19.222372,19.041622,19.165396,531500
2016-03-15,19.053407,19.124136,18.976785,19.108418,316500
2016-03-16,19.104487,19.434552,19.104487,19.3874,337000
2016-03-17,19.369722,19.52886,19.247912,19.456167,857500
2016-03-18,19.672281,19.687999,19.495461,19.587801,1354000
2016-03-21,19.585836,19.636917,19.483672,19.587801,942500
2016-03-22,19.528856,19.721395,19.522964,19.619232,427000
2016-03-23,19.546377,19.566175,19.354338,19.387995,1109000
2016-03-24,19.292966,19.471146,19.271189,19.469166,491000
2016-03-28,19.500848,19.500848,19.336526,19.427595,1119000
2016-03-29,19.362262,19.760199,19.338505,19.734463,2069000
2016-03-30,19.841367,19.970052,19.795831,19.873043,689500
2016-03-31,19.857205,20.011628,19.81563,19.930458,3717500
2016-04-01,19.809685,20.102694,19.732474,20.092794,498000
2016-04-04,20.092802,20.175952,20.019551,20.063105,869000
2016-04-05,19.952235,19.975992,19.809689,19.837408,2352500
2016-04-06,19.837412,20.069046,19.785938,20.055187,667000
2016-04-07,19.936396,19.944316,19.665165,19.748318,724000
2016-04-08,19.88492,19.946293,19.748316,19.811668,729500
2016-04-11,19.894821,19.989852,19.635471,19.641409,1023000
2016-04-12,19.673088,19.673088,19.427594,19.597857,1124500
2016-04-13,19.726542,20.057165,19.714664,20.037369,1438000
2016-04-14,20.039346,20.076962,19.942337,20.00569,1034000
2016-04-15,19.995794,20.078944,19.968077,20.071024,486500
2016-04-18,20.009648,20.310574,19.97797,20.284838,348000
2016-04-19,20.356113,20.356113,20.053207,20.197731,899000
2016-04-20,20.243261,20.369965,20.175947,20.265038,1019500
2016-04-21,20.413524,20.571907,20.409565,20.449162,1492000
2016-04-22,20.278897,20.34423,20.080918,20.217524,1080000
2016-04-25,20.183872,20.267025,20.158136,20.233368,704000
2016-04-26,20.280875,20.298693,20.136349,20.239298,1345000
2016-04-27,20.215542,20.32047,20.072997,20.239298,813000
2016-04-28,20.09082,20.276919,19.859187,19.922539,1320500
2016-04-29,19.839388,19.928478,19.625572,19.875023,1061000
2016-05-02,19.920554,20.118531,19.86314,20.092794,1248000
2016-05-03,19.936399,19.940358,19.671109,19.734463,1637500
2016-05-04,19.665165,19.681003,19.492924,19.562216,2976000
2016-05-05,19.611714,19.696845,19.510744,19.540442,4679500
2016-05-06,19.451347,19.649326,19.368197,19.645367,2951500
2016-05-09,19.641405,19.807708,19.631508,19.706739,1345000
2016-05-10,19.756235,20.007667,19.726538,20.003708,576500
2016-05-11,20.031423,20.253157,20.019545,20.043301,1266500
2016-05-12,20.156151,20.223465,19.910659,20.090818,977000
2016-05-13,20.033408,20.257123,20.029446,20.086861,700500
2016-05-16,20.086861,20.437282,20.069043,20.354132,1167500
2016-05-17,20.298701,20.352154,20.03341,20.074986,832000
2016-05-18,20.033408,20.316516,19.995792,20.18981,1453000
2016-05-19,20.189812,20.298701,19.979955,20.124479,1868000
2016-05-20,20.193769,20.387789,20.171992,20.338293,3447500
2016-05-23,20.362048,20.468956,20.326413,20.364029,838500
2016-05-24,20.494691,20.886687,20.466974,20.849072,830500
2016-05-25,20.89857,20.920349,20.795622,20.851055,1311500
2016-05-26,20.829274,20.942121,20.829274,20.872829,558000
2016-05-27,20.831257,20.993599,20.799579,20.993599,1161500
2016-05-31,21.017356,21.07279,20.934206,21.023296,1309000
2016-06-01,20.93025,21.136147,20.878775,21.11437,807000
2016-06-02,21.015374,21.15396,20.888668,21.14604,5124500
2016-06-03,21.068831,21.08269,20.856994,21.037155,635500
2016-06-06,21.084669,21.221275,21.001519,21.173759,513500
2016-06-07,21.227215,21.284629,21.209397,21.227215,437000
2016-06-08,21.245035,21.294529,21.177721,21.260874,1095500
2016-06-09,21.187618,21.243052,21.122285,21.173759,859000
2016-06-10,20.967858,21.035172,20.821356,20.880749,1696000
2016-06-13,20.752064,20.967859,20.698609,20.765923,1254000
2016-06-14,20.696632,20.827298,20.668913,20.79166,2209000
2016-06-15,20.835213,20.948061,20.825314,20.853031,1029000
2016-06-16,20.744147,20.936186,20.599623,20.90649,1073000
2016-06-17,20.916388,20.916388,20.688714,20.775826,977500
2016-06-20,20.952024,21.211374,20.952024,21.052992,467000
2016-06-21,21.087066,21.253464,21.087066,21.205921,535000
2016-06-22,21.124701,21.164321,20.928589,20.934532,463000
2016-06-23,21.051407,21.368357,21.039522,21.368357,436500
2016-06-24,20.528442,20.797848,20.280825,20.314501,1736500
2016-06-27,20.138199,20.138199,19.597402,19.684565,1682000
2016-06-28,19.89454,20.098576,19.848979,20.047071,1233000
2016-06-29,20.201588,20.570042,20.191683,20.530424,764000
2016-06-30,20.566079,20.833506,20.552212,20.833506,896500
2016-07-01,20.813692,20.989995,20.797844,20.839445,1247500
2016-07-05,20.72653,20.758225,20.581922,20.704739,882500
2016-07-06,20.593814,20.825583,20.528443,20.817659,1032500
2016-07-07,20.837471,20.946423,20.805776,20.873127,1736500
2016-07-08,21.023671,21.322792,21.007823,21.293077,3107500
2016-07-11,21.380241,21.493155,21.324775,21.437687,597500
2016-07-12,21.550603,21.744736,21.451558,21.685307,2850500
2016-07-13,21.742753,21.784352,21.582298,21.582298,527500
2016-07-14,21.699179,21.726912,21.621921,21.649654,466000
2016-07-15,21.699175,21.705117,21.578336,21.625879,2903000
2016-07-18,21.635784,21.728888,21.625879,21.631823,350500
2016-07-19,21.635787,21.657576,21.516931,21.530798,638000
2016-07-20,21.728889,21.881421,21.697195,21.800203,462000
2016-07-21,21.808124,21.86161,21.520889,21.560507,407000
2016-07-22,21.5922,21.847742,21.536734,21.827932,299500
2016-07-25,21.821991,21.867552,21.770486,21.86161,1059500
2016-07-26,21.847748,21.93689,21.732852,21.859632,690500
2016-07-27,21.843787,21.905194,21.718986,21.772472,619000
2016-07-28,21.843782,21.919056,21.768506,21.893305,804500
2016-07-29,21.867556,21.891327,21.651635,21.843786,1999000
2016-08-01,21.835861,21.907175,21.760585,21.8319,356500
2016-08-02,21.796241,21.796241,21.431749,21.540699,620500
2016-08-03,21.522872,21.693233,21.499101,21.693233,462000
2016-08-04,21.701154,21.804163,21.683326,21.758602,488500
2016-08-05,21.861615,22.006224,21.861615,22.006224,410000
2016-08-08,22.014139,22.041872,21.944807,21.956692,627500
2016-08-09,21.958677,22.081496,21.897268,22.004238,1533500
2016-08-10,22.016125,22.016125,21.919057,21.996315,219000
2016-08-11,22.051782,22.182524,22.035934,22.158752,577000
2016-08-12,22.107246,22.125074,22.014143,22.11319,240500
2016-08-15,22.123098,22.291478,22.091403,22.206297,203500
2016-08-16,22.146867,22.156771,21.994333,22.002258,572000
2016-08-17,21.994336,21.994336,21.808128,21.909157,859000
2016-08-18,21.907176,22.077538,21.905194,22.059708,701000
2016-08-19,22.035932,22.172617,21.986409,22.150827,572000
2016-08-22,22.093378,22.142903,22.016123,22.081493,2202500
2016-08-23,22.168657,22.329113,22.168657,22.30336,2834000
2016-08-24,22.23799,22.267704,22.133001,22.190447,598000
2016-08-25,22.200351,22.34298,22.19639,22.327131,438500
2016-08-26,22.342974,22.467772,22.21025,22.346935,674500
2016-08-29,22.386558,22.477682,22.356846,22.406368,345500
2016-08-30,22.394482,22.457871,22.287511,22.37071,747000
2016-08-31,22.339014,22.342976,22.194406,22.299395,239000
2016-09-01,22.164693,22.340996,22.105265,22.339016,3122500
2016-09-02,22.408351,22.564844,22.38656,22.505417,1346500
2016-09-06,22.52919,22.564846,22.455896,22.564846,6513500
2016-09-07,22.570786,22.614367,22.479662,22.547014,2630500
2016-09-08,22.525225,22.525225,22.358825,22.422216,380500
2016-09-09,22.291473,22.331091,21.928961,21.930943,2040000
2016-09-12,21.820013,22.208277,21.790298,22.182524,1013000
2016-09-13,22.012164,22.04782,21.736812,21.853687,1816500
2016-09-14,21.875477,22.01018,21.816047,21.893305,1437000
2016-09-15,21.885386,22.228087,21.885386,22.206297,368500
2016-09-16,22.101302,22.129035,21.960657,22.000275,830500
2016-09-19,22.095362,22.204312,21.968582,22.016125,639000
2016-09-20,22.129037,22.180541,21.994333,22.016125,443500
2016-09-21,22.200352,22.473723,22.180543,22.451931,1186000
2016-09-22,22.618332,22.642104,22.503437,22.570789,1072000
2016-09-23,22.57475,22.57475,22.364771,22.380619,608000
2016-09-26,22.301349,22.342963,22.194341,22.228029,777000
2016-09-27,22.22011,22.489612,22.180476,22.469795,3255000
2016-09-28,22.497535,22.5986,22.424215,22.594637,3479500
2016-09-29,22.558962,22.572833,22.331074,22.36278,930500
2016-09-30,22.432137,22.560945,22.372689,22.499514,1602500
2016-10-03,22.455922,22.503481,22.337024,22.412327,1008500
2016-10-04,22.44601,22.483662,22.311259,22.451956,524000
2016-10-05,22.372692,22.511406,22.331078,22.442049,1296000
2016-10-06,22.501496,22.505461,22.319185,22.436102,564500
2016-10-07,22.440065,22.442046,22.228029,22.323149,2705000
2016-10-10,22.45592,22.667956,22.45592,22.533205,1502500
2016-10-11,22.469788,22.519331,21.98627,22.095259,1176000
2016-10-12,21.996176,22.099221,21.869351,22.049679,580000
2016-10-13,21.899076,21.990232,21.694968,21.926819,382500
2016-10-14,22.006082,22.196321,21.946634,22.081385,921500
2016-10-17,22.071484,22.111118,21.952587,21.968441,285000
2016-10-18,22.186419,22.251813,22.128951,22.142822,898000
2016-10-19,22.168582,22.230013,22.128949,22.148766,1146500
2016-10-20,22.124983,22.164616,21.980323,22.130928,2260500
2016-10-21,22.162637,22.303334,22.087335,22.2855,1236000
2016-10-24,22.370707,22.598597,22.368726,22.576797,1138000
2016-10-25,22.590673,22.618415,22.370711,22.412327,1061500
2016-10-26,22.337021,22.487624,22.263699,22.273607,818000
2016-10-27,22.438088,22.541134,22.158678,22.164623,1658000
2016-10-28,22.146781,22.356835,22.146781,22.218121,434500
2016-10-31,22.27757,22.348909,22.226047,22.279552,143500
2016-11-01,22.327114,22.348911,22.015995,22.158674,394500
2016-11-02,22.089314,22.150745,21.825755,21.897095,376500
2016-11-03,21.94862,22.008068,21.895114,21.907005,581000
2016-11-04,21.895116,21.992216,21.748476,21.780182,644000
2016-11-07,22.113095,22.384578,22.113095,22.323149,620000
2016-11-08,22.271626,22.505459,22.228029,22.339001,510500
2016-11-09,21.952587,22.368731,21.837653,22.313246,749000
2016-11-10,22.440067,22.56689,21.712805,21.952583,785000
2016-11-11,21.908988,22.162638,21.845576,22.119041,2542000
2016-11-14,22.210196,22.261719,21.801978,21.831703,2655000
2016-11-15,21.93277,22.170566,21.918899,22.091301,339000
2016-11-16,22.041755,22.293423,22.041755,22.277569,761000
2016-11-17,22.303335,22.622379,22.243886,22.622379,2260500
2016-11-18,22.776947,22.820542,22.50348,22.533205,1471000
2016-11-21,22.517352,22.632286,22.457903,22.568874,1765000
2016-11-22,22.566889,22.566889,22.436101,22.545092,832500
2016-11-23,22.471773,22.525276,22.380616,22.451956,1798500
2016-11-25,22.447993,22.519332,22.432139,22.505461,283000
2016-11-28,22.483661,22.523294,22.364763,22.396469,311500
2016-11-29,22.400431,22.608504,22.366743,22.489605,215500
2016-11-30,22.574819,22.574819,22.156693,22.156693,571500
2016-12-01,22.186416,22.186416,21.350165,21.41754,917000
2016-12-02,21.233251,21.413579,21.110389,21.389799,4937000
2016-12-05,21.500771,21.879264,21.482935,21.823776,2374500
2016-12-06,21.84161,21.859444,21.667225,21.847553,261500
2016-12-07,21.847557,22.233977,21.776219,22.188398,634500
2016-12-08,22.190379,22.350892,22.124985,22.257755,714500
2016-12-09,22.293421,22.358815,22.156687,22.245861,5846000
2016-12-12,22.184439,22.233981,22.065542,22.178495,566500
2016-12-13,22.222086,22.549056,22.222086,22.40836,315500
2016-12-14,22.420249,22.43412,22.190379,22.241901,484500
2016-12-15,22.281538,22.410344,22.222087,22.24983,406500
2016-12-16,22.299371,22.303334,21.93673,21.982309,771000
2016-12-19,21.992211,22.164615,21.954562,22.101202,169000
2016-12-20,22.162634,22.184431,22.057606,22.14678,173000
2016-12-21,22.120417,22.156096,21.985633,22.078793,617500
2016-12-22,21.991582,21.991582,21.741834,21.793369,181500
2016-12-23,21.77157,21.886532,21.77157,21.886532,53500
2016-12-27,21.906352,22.049063,21.892477,21.949959,146500
2016-12-28,21.981679,21.98366,21.708146,21.725986,202500
2016-12-29,21.731924,21.79337,21.676425,21.741835,93500
2016-12-30,21.789408,21.811211,21.513894,21.57534,132000
2017-01-03,21.6685,21.876621,21.662553,21.803284,232500
2017-01-04,21.840945,22.169978,21.840945,22.118443,640500
2017-01-05,22.092673,22.251243,22.082763,22.16403,90000
2017-01-06,22.175918,22.413771,22.112491,22.384041,303000
2017-01-09,22.370166,22.423682,22.302773,22.384041,490000
2017-01-10,22.388007,22.48513,22.282954,22.405846,187000
2017-01-11,22.391972,22.689289,22.391972,22.689289,252000
2017-01-12,22.588199,22.655592,22.328543,22.633787,329000
2017-01-13,22.623878,22.752716,22.623878,22.742805,135000
2017-01-17,22.701181,22.701181,22.469274,22.510899,238000
2017-01-18,22.52874,22.625864,22.518829,22.613972,547500
2017-01-19,22.613969,22.713074,22.542613,22.602076,1279000
2017-01-20,22.681359,22.772538,22.657574,22.752716,403500
2017-01-23,22.72695,22.847861,22.625863,22.748755,959000
2017-01-24,22.802271,23.115446,22.778486,23.07184,744000
2017-01-25,23.190764,23.309692,23.161033,23.250227,919000
2017-01-26,23.31762,23.349334,23.075802,23.135265,372500
2017-01-27,23.208602,23.248246,23.180853,23.244282,780000
2017-01-30,23.180856,23.18482,22.939038,23.18482,308000
2017-01-31,23.139231,23.228426,23.028233,23.224463,561500
2017-02-01,23.266082,23.266082,22.98264,23.083727,440500
2017-02-02,23.032196,23.279961,22.94102,23.264105,486500
2017-02-03,23.388977,23.55151,23.388977,23.515833,238000
2017-02-06,23.472223,23.472223,23.365189,23.444473,372000
2017-02-07,23.499978,23.575298,23.430604,23.511871,195000
2017-02-08,23.416727,23.537636,23.343389,23.442493,256000
2017-02-09,23.44249,23.803235,23.44249,23.737825,234000
2017-02-10,23.941986,24.112447,23.890451,24.078751,428000
2017-02-13,24.108483,24.207589,24.011359,24.130285,3245500
2017-02-14,24.078751,24.162,24.003431,24.144161,253500
2017-02-15,24.094612,24.340394,24.056952,24.304716,451000
2017-02-16,24.364178,24.44941,24.247233,24.328501,237000
2017-02-17,24.282911,24.459319,24.237321,24.455355,369500
2017-02-21,24.520765,24.596086,24.43157,24.568336,623500
2017-02-22,24.534641,24.552479,24.449409,24.522747,349000
2017-02-23,24.578247,24.578247,24.409767,24.530678,727000
2017-02-24,24.447425,24.665459,24.389945,24.665459,119000
2017-02-27,24.615906,24.615906,24.500944,24.574282,499500
2017-02-28,24.500943,24.500943,24.308677,24.338409,397500
2017-03-01,24.516801,24.784385,24.453372,24.746725,3366500
2017-03-02,24.720962,24.720962,24.53266,24.56041,760500
2017-03-03,24.498964,24.580232,24.453376,24.562393,220500
2017-03-06,24.467246,24.572299,24.427605,24.532656,287000
2017-03-07,24.522743,24.637707,24.506888,24.544548,109000
2017-03-08,24.564369,24.724921,24.54653,24.641672,173000
2017-03-09,24.667441,24.675371,24.473194,24.615906,161000
2017-03-10,24.705098,24.776455,24.633744,24.766544,140500
2017-03-13,24.750689,24.964758,24.750689,24.942953,1088000
2017-03-14,24.863672,24.863672,24.677353,24.810156,1447500
2017-03-15,24.863675,25.014317,24.756641,24.966745,1719000
2017-03-16,25.174864,25.244238,25.048009,25.097561,864000
2017-03-17,25.238293,25.270006,25.139186,25.143152,373500
2017-03-20,25.137205,25.228381,25.004402,25.083687,668500
2017-03-21,25.141167,25.174864,24.588156,24.615906,748000
2017-03-22,24.615905,24.780422,24.604014,24.77844,364000
2017-03-23,24.778438,24.869614,24.711045,24.766544,249000
2017-03-24,24.835155,24.966034,24.726089,24.815325,228500
2017-03-27,24.61306,24.874816,24.527792,24.813343,771500
2017-03-28,24.847058,24.99975,24.827229,24.95414,626500
2017-03-29,24.918447,25.096918,24.896635,25.075106,1274500
2017-03-30,25.069152,25.152437,25.031474,25.061218,974500
2017-03-31,25.035442,25.15244,24.970003,25.079069,354000
2017-04-03,25.098897,25.180201,24.821277,24.960087,559500
2017-04-04,24.944224,25.035441,24.860936,24.918444,338500
2017-04-05,24.987847,25.20003,24.847054,24.910511,630500
2017-04-06,24.922408,25.003712,24.81731,24.979916,242000
2017-04-07,24.956123,25.015612,24.880768,24.983885,261000
2017-04-10,25.005698,25.067172,24.898616,24.971989,146000
2017-04-11,24.928364,25.019581,24.771705,25.019581,328000
2017-04-12,24.989834,25.051308,24.872837,24.896633,331000
2017-04-13,24.866888,25.081052,24.82128,24.82128,295000
2017-04-17,24.882752,25.039409,24.882752,25.027512,652000
2017-04-18,24.950172,25.134593,24.92836,25.126659,400000
2017-04-19,25.188132,25.295214,25.146489,25.182184,648500
2017-04-20,25.259522,25.378504,25.168305,25.336861,1691000
2017-04-21,25.356687,25.420144,25.313062,25.360653,280000
2017-04-24,25.624395,25.679919,25.553006,25.671988,324000
2017-04-25,25.765185,25.810793,25.725524,25.741388,558500
2017-04-26,25.757256,25.763203,25.618444,25.687851,474000
2017-04-27,25.84451,25.939695,25.781054,25.903999,672500
2017-04-28,25.905985,25.921848,25.707683,25.907967,553500
2017-05-01,25.989268,26.124112,25.913913,26.09635,649500
2017-05-02,26.153854,26.165751,26.026942,26.112211,296500
2017-05-03,26.191535,26.191535,25.989268,26.070572,372000
2017-05-04,26.147905,26.264902,26.134024,26.221275,1383500
2017-05-05,26.282751,26.43346,26.256973,26.43346,485000
2017-05-08,26.425527,26.46717,26.306546,26.385866,317500
2017-05-09,26.397767,26.427511,26.352156,26.389833,327000
2017-05-10,26.532612,26.770572,26.532612,26.72893,458000
2017-05-11,26.598048,26.598048,26.447339,26.570286,309500
2017-05-12,26.568308,26.635731,26.485022,26.590122,225500
2017-05-15,26.728929,26.90145,26.719014,26.889553,1149500
2017-05-16,26.953009,27.004567,26.889553,26.998617,1234500
2017-05-17,26.784453,26.812215,26.167739,26.179636,664500
2017-05-18,26.094366,26.324393,25.977368,26.231192,326000
2017-05-19,26.492951,26.677371,26.465189,26.532612,593500
2017-05-22,26.57822,26.917315,26.572271,26.909382,390000
2017-05-23,27.046207,27.143374,26.851873,26.986717,270000
2017-05-24,27.139407,27.296065,27.071986,27.28615,224000
2017-05-25,27.401167,27.664907,27.379354,27.577654,814500
2017-05-26,27.534031,27.609386,27.365476,27.464626,2079500
2017-05-30,27.468593,27.573691,27.434881,27.524117,2238500
2017-05-31,27.595502,27.597484,27.355558,27.470572,4718000
2017-06-01,27.541961,27.678788,27.464624,27.664907,2320000
2017-06-02,27.68077,27.932613,27.656973,27.914764,2994500
2017-06-05,27.938561,28.051592,27.930629,27.936579,1909500
2017-06-06,27.898903,28.039696,27.839411,27.881056,4522000
2017-06-07,27.96434,28.005983,27.760089,27.924679,814000
2017-06-08,27.964341,27.990119,27.72638,27.914764,2278000
2017-06-09,27.950458,27.996067,26.61193,27.024395,3283500
2017-06-12,26.728929,26.913347,26.147908,26.869722,2758500
2017-06-13,27.040257,27.183035,26.87567,27.117596,1220000
2017-06-14,27.171137,27.278219,26.726944,26.99465,1214500
2017-06-15,26.705131,26.966888,26.498899,26.905415,1091500
2017-06-16,26.891537,26.992671,26.76859,26.935163,395000
2017-06-19,27.111647,27.371422,27.111647,27.347626,1272500
2017-06-20,27.34564,27.434875,27.163203,27.175102,397000
2017-06-21,27.474539,27.601451,27.448761,27.563774,1155000
2017-06-22,27.881054,27.95839,27.678787,27.87907,1311000
2017-06-23,27.871141,28.115051,27.762075,28.009951,520500
2017-06-26,28.10315,28.232047,27.801735,27.87114,711500
2017-06-27,27.782857,27.812616,27.36425,27.36425,764500
2017-06-28,27.509074,27.651915,27.249179,27.64398,580500
2017-06-29,27.55867,27.55867,26.878186,27.124191,954000
2017-06-30,27.146015,27.338456,27.136097,27.136097,543000
2017-07-03,27.245213,27.245213,26.741297,26.755184,1207000
2017-07-05,26.852397,27.157921,26.852397,27.080547,731000
2017-07-06,26.876205,27.021031,26.804783,26.87422,818000
2017-07-07,26.969446,27.388055,26.969446,27.274971,620500
2017-07-10,27.272989,27.499156,27.215456,27.423767,355000
2017-07-11,27.35036,27.566608,27.288859,27.483282,331500
2017-07-12,27.721354,28.070525,27.653901,28.054653,845000
2017-07-13,28.106235,28.145914,27.86618,27.933634,1014000
2017-07-14,28.024896,28.124091,27.953474,28.074493,374500
2017-07-17,28.120124,28.147899,27.997122,28.080446,267000
2017-07-18,28.040761,28.185587,27.975291,28.185587,306500
2017-07-19,28.213365,28.46334,28.213365,28.439533,838500
2017-07-20,28.44747,28.471278,28.257014,28.453423,417000
2017-07-21,28.32645,28.417712,28.270901,28.340338,370000
2017-07-24,28.314547,28.491116,28.292723,28.487148,825500
2017-07-25,28.506988,28.665701,28.417711,28.616102,612500
2017-07-26,28.685537,28.798621,28.63594,28.796638,371000
2017-07-27,28.889883,28.905753,28.007036,28.320496,1718000
2017-07-28,28.112186,28.366128,28.068539,28.290739,674000
2017-07-31,28.34629,28.383985,28.054653,28.201464,634500
2017-08-01,28.308596,28.366131,28.2094,28.296692,527000
2017-08-02,28.360178,28.360178,27.693579,27.933634,783500
2017-08-03,28.014975,28.171704,27.919746,28.100283,428500
2017-08-04,28.213368,28.266934,27.997122,28.084414,1200500
2017-08-07,28.137976,28.17567,28.011006,28.082426,474000
2017-08-08,28.032826,28.139958,27.84237,27.919743,671000
2017-08-09,27.729287,27.893952,27.578508,27.864193,1443000
2017-08-10,27.669769,27.749128,27.276953,27.308697,1146500
2017-08-11,27.207516,27.661835,27.207516,27.592398,386500
2017-08-14,28.014968,28.086388,27.872125,28.036791,561500
2017-08-15,28.086397,28.088381,27.91578,28.052671,372000
2017-08-16,28.145915,28.399855,28.066558,28.346291,440000
2017-08-17,28.209397,28.383983,27.822533,27.84634,801000
2017-08-18,27.790795,28.024898,27.717389,27.83444,406000
2017-08-21,27.955458,28.032832,27.794761,27.997122,719000
2017-08-22,28.23519,28.524842,28.16972,28.481195,563000
2017-08-23,28.393905,28.524843,28.308595,28.354225,500000
2017-08-24,28.495083,28.495083,28.227253,28.407791,229000
2017-08-25,28.631973,28.703395,28.42763,28.475243,159500
2017-08-28,28.582375,28.582375,28.342321,28.512938,379500
2017-08-29,28.229239,28.643879,28.201465,28.564522,693000
2017-08-30,28.576425,29.006937,28.538731,28.969242,368000
2017-08-31,29.183502,29.280714,28.989079,29.225164,344000
2017-09-01,29.342218,29.342218,29.102163,29.207312,2756500
2017-09-05,29.189458,29.209296,28.844254,29.108116,432000
2017-09-06,29.108116,29.217232,28.913692,28.977177,902000
2017-09-07,29.000983,29.36801,29.000983,29.284683,1170000
2017-09-08,29.274767,29.407691,29.19938,29.229137,650000
2017-09-11,29.399752,29.633855,29.399752,29.600128,1067500
2017-09-12,29.717183,29.717183,29.352141,29.566404,834500
2017-09-13,29.610049,29.610049,29.417609,29.455303,265000
2017-09-14,29.500932,29.500932,29.195407,29.397768,334500
2017-09-15,29.179539,29.233104,29.010905,29.151764,602000
2017-09-18,29.163665,29.306508,29.147795,29.203344,340500
2017-09-19,29.193423,29.304523,29.159696,29.246988,4814500
2017-09-20,29.181519,29.193423,28.872028,29.094227,1023500
2017-09-21,29.002969,29.080341,28.812511,28.893852,350500
2017-09-22,28.808542,29.052564,28.808542,29.000982,418000
2017-09-25,28.987099,28.987099,28.33042,28.479214,754500
2017-09-26,28.723668,28.723668,28.364523,28.467703,840000
2017-09-27,28.52128,28.918127,28.52128,28.785183,378000
2017-09-28,28.773274,28.812957,28.646283,28.789146,208500
2017-09-29,28.842722,29.033208,28.824865,29.021303,623500
2017-10-02,29.027254,29.249488,28.947885,29.062971,553500
2017-10-03,29.035194,29.201868,29.035194,29.180042,180000
2017-10-04,29.22171,29.251472,28.997493,29.251472,570500
2017-10-05,29.326874,29.543156,29.193932,29.513391,404500
2017-10-06,29.350687,29.688005,29.350687,29.688005,346000
2017-10-09,29.638396,29.638396,29.451879,29.529263,420500
2017-10-10,29.64832,29.64832,29.368542,29.465771,322000
2017-10-11,29.388383,29.519342,29.37251,29.517359,467500
2017-10-12,29.422117,29.79912,29.422117,29.709829,614000
2017-10-13,29.852696,29.862617,29.72372,29.787216,366500
2017-10-16,29.854677,29.854677,29.68205,29.707846,380500
2017-10-17,29.709828,29.713798,29.561011,29.695938,866000
2017-10-18,29.781261,29.781261,29.572919,29.707846,1930000
2017-10-19,29.707847,30.086834,29.707847,30.086834,479500
2017-10-20,30.26938,30.473755,30.186043,30.406292,740000
2017-10-23,30.57297,30.57297,30.215808,30.24954,567500
2017-10-24,30.313036,30.378515,30.18406,30.334862,286500
2017-10-25,30.269382,30.445978,30.061038,30.261446,393500
2017-10-26,30.340814,30.519393,30.307082,30.47971,250500
2017-10-27,30.747582,30.999578,30.654323,30.940052,1083500
2017-10-30,30.747581,30.957909,30.747581,30.894413,301500
2017-10-31,30.973784,31.128554,30.884494,31.049185,880500
2017-11-01,31.217838,31.217838,30.701939,30.878536,595000
2017-11-02,30.932113,31.013467,30.789249,30.987671,470500
2017-11-03,31.053151,31.080931,30.811076,31.021404,693000
2017-11-06,31.011482,31.043231,30.801154,30.82695,388500
2017-11-07,31.009498,31.009498,30.652337,30.757502,327500
2017-11-08,30.902354,31.275388,30.876558,31.25753,348000
2017-11-09,31.102757,31.102757,30.495585,30.82695,487000
2017-11-10,30.787264,30.947987,30.684084,30.928144,238500
2017-11-13,30.783299,30.981722,30.783299,30.967833,277000
2017-11-14,30.949971,31.007515,30.781312,30.983704,245500
2017-11-15,30.882511,30.918226,30.694009,30.749567,225000
2017-11-16,30.938065,31.237683,30.872586,31.190062,283000
2017-11-17,31.215859,31.275386,31.059105,31.241653,250500
2017-11-20,31.326978,31.368647,31.192051,31.303167,249000
2017-11-21,31.487697,31.594845,31.37261,31.491665,364500
2017-11-22,31.521426,31.521426,31.340862,31.362688,571000
2017-11-24,31.436108,31.600797,31.386501,31.584925,63000
2017-11-27,31.664294,31.664294,31.495634,31.533335,350500
2017-11-28,31.682154,31.749616,31.517463,31.711918,213000
2017-11-29,31.547219,31.547219,30.47772,30.578917,2450500
2017-11-30,30.694004,30.936079,30.608682,30.914253,1024000
2017-12-01,30.880521,30.983701,30.285252,30.781309,1409000
2017-12-04,30.870602,30.932114,29.729672,29.739594,2276500
2017-12-05,29.737609,30.158265,29.523311,29.816978,1789000
2017-12-06,29.763404,30.229697,29.68205,30.201918,984000
2017-12-07,30.186043,30.549156,30.158264,30.451929,1529500
2017-12-08,30.713847,30.82298,30.517408,30.590824,631000
2017-12-11,30.658288,30.870599,30.614634,30.858694,366000
2017-12-12,30.882509,30.981721,30.678134,30.771393,416500
2017-12-13,30.892427,31.013464,30.793215,30.852741,718500
2017-12-14,30.9837,31.080927,30.846788,30.858694,718000
2017-12-15,30.860681,31.287288,30.743612,31.249588,915500
2017-12-18,31.481747,31.481747,31.19205,31.231733,696000
2017-12-19,31.238081,31.238081,30.954333,31.035686,416000
2017-12-20,31.132915,31.132915,30.769798,30.906712,217000
2017-12-21,31.023782,31.057515,30.847182,30.880915,306000
2017-12-22,30.918617,30.918617,30.688443,30.745987,598500
2017-12-26,30.680504,30.682489,30.539622,30.656693,178000
2017-12-27,30.632883,30.783687,30.622962,30.702332,167000
2017-12-28,30.759878,30.775753,30.64876,30.773767,300500
2017-12-29,30.902742,30.902742,30.658679,30.670584,933000
2018-01-02,30.84123,31.011875,30.670584,31.011875,865500
2018-01-03,31.134897,31.424598,31.027748,31.388882,409000
2018-01-04,31.537703,31.757953,31.523813,31.632948,917000
2018-01-05,31.730179,31.970272,31.730179,31.956383,433000
2018-01-08,31.966304,32.150837,31.779785,32.134964,473500
2018-01-09,32.285767,32.285767,31.94646,32.130997,387000
2018-01-10,31.964316,32.134963,31.888915,32.130997,658500
2018-01-11,32.234179,32.446491,32.144888,32.446491,348000
2018-01-12,32.551657,32.847311,32.456412,32.791748,716000
2018-01-16,33.01994,33.095342,32.263939,32.373074,1067500
2018-01-17,32.541734,32.849294,32.480222,32.825481,340000
2018-01-18,32.754048,32.99216,32.754048,32.910805,472500
2018-01-19,33.023907,33.150902,32.914773,33.135025,272000
2018-01-22,33.166777,33.408855,32.996131,33.408855,378500
2018-01-23,33.547749,33.601325,33.434648,33.549736,463000
2018-01-24,33.712448,33.712448,33.305677,33.357269,776000
2018-01-25,33.5795,33.619186,33.281863,33.371155,366000
2018-01-26,33.575529,33.940631,33.573546,33.938648,561000
2018-01-29,33.922772,33.968408,33.496158,33.53981,485500
2018-01-30,33.333448,33.446553,33.146929,33.216377,590500
2018-01-31,33.579502,33.859279,33.547752,33.764038,1099000
2018-02-01,33.635057,33.964444,33.551719,33.656883,316000
2018-02-02,33.611244,33.611244,32.948504,32.990173,1456500
2018-02-05,32.619114,33.363208,31.948438,31.968281,1304500
2018-02-06,31.335312,32.553644,31.069423,32.482212,1381500
2018-02-07,32.492128,32.950492,32.313545,32.42268,602000
2018-02-08,32.506017,32.506017,30.924568,30.94838,850000
2018-02-09,31.192443,31.847245,30.339214,31.577387,2020500
2018-02-12,31.898838,32.27783,31.692475,32.067497,755000
2018-02-13,31.992095,32.339341,31.813516,32.265923,801000
2018-02-14,32.00202,32.888982,32.00202,32.863186,926500
2018-02-15,32.906834,33.680695,32.906834,33.680695,758000
2018-02-16,33.577517,33.908887,33.545767,33.617199,617500
2018-02-20,33.559652,34.010076,33.369162,33.797764,1413000
2018-02-21,33.916822,34.164853,33.565609,33.565609,751000
2018-02-22,33.771972,33.825548,33.394963,33.460445,913000
2018-02-23,33.579495,34.148972,33.579495,34.13707,442000
2018-02-26,34.262083,34.478365,34.196601,34.454556,639500
2018-02-27,34.555758,34.583537,34.145016,34.160889,562000
2018-02-28,34.442652,34.637108,34.047787,34.047787,708000
2018-03-01,34.27399,34.341451,33.482273,33.760067,1863500
2018-03-02,33.385044,34.492254,33.345358,34.436695,1020000
2018-03-05,34.271999,34.881167,34.143025,34.766079,1475000
2018-03-06,34.970458,34.970458,34.625199,34.891087,613000
2018-03-07,34.817675,35.492318,34.817675,35.462555,802000
2018-03-08,35.585576,35.795908,35.512157,35.712566,1885000
2018-03-09,36.008226,36.180856,35.855439,36.168953,1184500
2018-03-12,36.313801,36.331657,36.053862,36.111404,1073000
2018-03-13,36.355471,36.357454,35.645109,35.730431,595000
2018-03-14,35.924878,35.962581,35.526043,35.742329,969000
2018-03-15,35.740344,35.863368,35.522079,35.704628,635000
2018-03-16,35.799878,35.944729,35.55383,35.603439,976000
2018-03-19,35.496283,35.522079,34.825607,35.194675,1302000
2018-03-20,35.07364,35.357388,34.865291,35.202614,665000
2018-03-21,35.202613,35.460567,35.006174,35.073639,1276500
2018-03-22,34.723777,34.951991,34.227666,34.237591,748500
2018-03-23,34.289189,34.289189,33.408096,33.408096,968000
2018-03-26,34.146315,34.741647,33.884369,34.69799,1169000
2018-03-27,35.071066,35.071066,33.219579,33.455727,1270000
2018-03-28,33.400164,33.5232,32.874288,33.060825,1824500
2018-03-29,33.336652,34.007393,32.908013,33.675991,2416000
2018-04-02,33.483503,33.703777,32.534942,32.911983,998500
2018-04-03,33.227511,33.348564,32.773074,33.219574,1945500
2018-04-04,32.675834,33.930002,32.53494,33.836735,1568500
2018-04-05,34.162192,34.217756,33.693863,33.896275,2585000
2018-04-06,33.527166,33.844676,32.943738,33.154091,1466500
2018-04-09,33.473582,33.989538,33.366421,33.39222,2256000
2018-04-10,33.945884,34.229658,33.610511,34.090748,1817500
2018-04-11,33.882378,34.334832,33.818876,33.959774,1068000
2018-04-12,34.104643,34.618612,34.104643,34.473747,515500
2018-04-13,34.632493,34.6702,33.928017,34.132416,873000
2018-04-16,34.449935,34.660284,34.180052,34.521374,1732500
2018-04-17,34.779345,35.402462,34.76347,35.299271,1693000
2018-04-18,35.444135,35.571138,35.092888,35.452072,2091000
2018-04-19,35.406424,35.406424,35.031366,35.144478,1559000
2018-04-20,35.01351,35.027401,34.543198,34.695999,3184500
2018-04-23,34.771407,35.110749,34.503506,34.660278,1087500
2018-04-24,34.920244,35.13258,33.795066,34.068916,1580500
2018-04-25,34.122497,34.158216,33.330704,33.838722,1321000
2018-04-26,34.142341,34.761487,34.074869,34.592808,1068500
2018-04-27,34.690052,34.838883,34.285225,34.513435,597500
2018-04-30,34.6583,34.777366,34.26141,34.467793,823500
2018-05-01,34.38842,34.789277,34.217757,34.771416,1037000
2018-05-02,34.658294,34.914287,34.489615,34.580902,1336500
2018-05-03,34.465808,34.997638,34.164172,34.765457,2135500
2018-05-04,34.549151,35.467946,34.537243,35.299271,1142000
2018-05-07,35.495731,35.813246,35.416355,35.672348,1391000
2018-05-08,35.610826,35.858882,35.463979,35.850945,900000
2018-05-09,35.99978,36.509781,35.866819,36.436356,1433500
2018-05-10,36.609005,36.793559,36.376824,36.76379,1073000
2018-05-11,36.610987,36.610987,36.241883,36.37484,529000
2018-05-14,36.483988,36.563363,35.844996,35.962078,1985000
2018-05-15,35.664412,35.82515,35.460013,35.805305,900500
2018-05-16,35.902537,35.981917,35.704096,35.84499,549500
2018-05-17,35.787454,36.049401,35.543365,35.771576,675500
2018-05-18,35.658458,36.154569,35.658458,36.009705,976500
2018-05-21,36.337137,36.376823,35.874758,36.043438,564500
2018-05-22,36.255779,36.255779,35.777525,35.819199,925000
2018-05-23,35.521526,36.283554,35.491761,36.283554,1342000
2018-05-24,36.323241,36.347053,35.886661,36.26569,843000
2018-05-25,36.184338,36.366908,36.11687,36.184338,523500
2018-05-29,36.073204,36.114877,35.716003,35.944218,1397000
2018-05-30,36.313324,36.483987,36.162506,36.337139,1600500
2018-05-31,36.390711,36.668536,36.2776,36.305382,892000
2018-06-01,36.509786,36.912626,36.430406,36.898735,3101000
2018-06-04,37.081301,37.194413,36.787602,37.174568,1582500
2018-06-05,37.257911,37.492076,37.226163,37.45834,1396500
2018-06-06,37.595273,37.702435,37.426597,37.702435,921000
2018-06-07,37.702434,37.74212,36.680443,37.063442,1858500
2018-06-08,36.966207,37.355156,36.864999,37.331345,682000
2018-06-11,37.392859,37.523832,37.303559,37.434532,2965000
2018-06-12,37.569472,37.853251,37.563522,37.817528,526500
2018-06-13,37.890952,38.194572,37.843325,37.960407,1842000
2018-06-14,38.107255,38.452552,38.063599,38.16679,1278500
2018-06-15,37.998118,38.10726,37.634964,38.067574,690000
2018-06-18,37.847301,38.32555,37.682592,38.299751,1396500
2018-06-19,37.900882,38.031855,37.444457,38.019947,1087500
2018-06-20,38.023908,38.256089,37.859199,37.883015,1129500
2018-06-21,37.946524,38.031857,37.378975,37.478195,1033500
2018-06-22,37.357145,37.357145,36.652665,36.837219,3866000
2018-06-25,36.575269,36.575269,35.74974,36.100986,3478500
2018-06-26,36.269305,36.551155,36.177999,36.289154,846500
2018-06-27,36.465802,36.612681,35.47139,35.47139,1574000
2018-06-28,35.572619,36.239528,35.493223,36.114483,2275000
2018-06-29,36.291136,36.529317,36.176013,36.259377,1887000
2018-07-02,36.050969,36.884609,36.050969,36.884609,1244000
2018-07-03,37.051335,37.051335,36.626574,36.648411,1537000
2018-07-05,36.902466,36.985834,36.664286,36.96003,1439500
2018-07-06,36.965989,37.535641,36.918352,37.468159,646000
2018-07-09,37.70832,37.777793,37.281579,37.660686,1250500
2018-07-10,37.777793,37.863141,37.595185,37.654732,881500
2018-07-11,37.355024,37.976284,37.317314,37.908802,1254500
2018-07-12,38.301794,38.956796,38.242247,38.929008,2493500
2018-07-13,38.964742,39.006423,38.60945,38.94886,1459500
2018-07-16,38.962752,38.998483,38.643192,38.716633,1182500
2018-07-17,38.537995,39.097724,38.339509,39.042149,1396000
2018-07-18,39.091769,39.149333,38.837707,39.105663,793500
2018-07-19,39.048102,39.048102,38.794039,38.883358,1694500
2018-07-20,39.054058,39.127495,38.8516,38.865494,1482000
2018-07-23,38.88535,39.002457,38.605488,38.994518,883000
2018-07-24,39.244602,39.244602,38.361341,38.528069,1556500
2018-07-25,38.528071,39.16918,38.526087,39.139408,813500
2018-07-26,39.002452,39.272392,38.774194,39.022301,3222000
2018-07-27,39.038176,39.038176,37.688476,38.023914,3666500
2018-07-30,37.962389,37.962389,36.432064,36.696053,6121500
2018-07-31,36.771466,37.126757,36.404269,36.823074,3902000
2018-08-01,36.95011,37.333189,36.944159,37.035461,2217500
2018-08-02,36.759564,37.692446,36.759564,37.662674,2677000
2018-08-03,37.807567,37.89887,37.281581,37.61702,1634000
2018-08-06,37.720228,37.910776,37.50388,37.881001,1441500
2018-08-07,38.089419,38.21248,37.871083,37.98819,2034500
2018-08-08,38.047736,38.117206,37.803596,38.069569,602500
2018-08-09,38.033843,38.468527,38.033843,38.242252,793000
2018-08-10,38.051707,38.43677,37.952466,38.260117,2329500
2018-08-13,38.410961,38.587615,38.04178,38.081478,1427500
2018-08-14,38.1708,38.391115,37.940554,38.357376,1646000
2018-08-15,38.166826,38.361341,37.53564,37.815506,2256500
2018-08-16,38.148958,38.198582,37.936581,37.99017,782500
2018-08-17,37.948492,37.960402,37.573355,37.855206,1684000
2018-08-20,37.922693,38.037812,37.734129,37.956432,1217000
2018-08-21,38.087434,38.359361,38.063617,38.07354,510000
2018-08-22,38.065597,38.506235,38.063613,38.468525,1134500
2018-08-23,38.468526,38.843662,38.436766,38.653118,1838000
2018-08-24,38.97268,39.673336,38.97268,39.669365,2339500
2018-08-27,39.943273,39.973045,39.456981,39.655468,1473500
2018-08-28,39.772577,39.849986,39.580046,39.810287,1097500
2018-08-29,39.800365,40.342232,39.800365,40.270775,1689000
2018-08-30,40.030605,40.092136,39.834106,39.901592,1079500
2018-08-31,39.752732,39.93137,39.752732,39.865868,1414000
2018-09-04,39.724942,40.05443,39.619746,40.028625,1139500
2018-09-05,39.899606,40.00679,38.698769,38.96077,3225500
2018-09-06,38.960765,39.282313,38.813886,39.175129,2345500
2018-09-07,38.956796,39.633631,38.883355,39.399418,1394000
2018-09-10,39.645544,39.802345,39.353768,39.738831,1081000
2018-09-11,39.673334,40.239018,39.663408,40.157639,1504000
2018-09-12,40.242982,40.475211,39.836086,40.423603,1610500
2018-09-13,40.632022,40.852341,40.457352,40.582397,1335000
2018-09-14,40.731262,41.019068,40.602246,40.792793,1801000
2018-09-17,40.828524,40.868222,39.832128,39.879761,2701500
2018-09-18,39.857925,40.342233,39.693181,40.066338,2203000
2018-09-19,40.191381,40.191381,39.29621,39.580044,2784500
2018-09-20,39.822196,39.99885,39.476831,39.907547,1646500
2018-09-21,40.187406,40.272757,39.776543,39.836086,1137000
2018-09-24,39.711047,40.14573,39.371637,40.125881,2006500
2018-09-25,40.276727,40.481169,40.193363,40.449409,618000
2018-09-26,40.558582,40.715387,40.318414,40.36208,987000
2018-09-27,40.47918,40.72332,40.47918,40.592319,800500
2018-09-28,40.542705,40.8444,40.49308,40.683628,4366000
2018-10-01,41.01311,41.01311,40.44941,40.578426,1514000
2018-10-02,40.576439,40.576439,39.891661,39.982964,2216500
2018-10-03,40.111982,40.375967,39.965104,40.147709,833000
2018-10-04,40.058392,40.058392,38.940918,39.262466,2422500
2018-10-05,39.246591,39.586001,38.506237,39.022301,1705500
2018-10-08,38.883354,38.883354,37.555483,38.037804,3895000
2018-10-09,37.980251,38.412951,37.742066,37.920704,4314000
2018-10-10,37.75001,37.777801,36.050973,36.092655,8367500
2018-10-11,35.933863,36.713911,35.701634,35.894165,9976500
2018-10-12,37.019576,37.349063,36.445953,37.172413,4308000
2018-10-15,37.172415,37.174399,36.432061,36.616653,5573500
2018-10-16,37.355017,38.115217,37.263715,38.025902,7190500
2018-10-17,38.02193,38.029869,37.553504,37.968338,2370000
2018-10-18,37.757952,37.757952,36.700021,36.948128,3748500
2018-10-19,37.239893,37.382803,36.283195,36.299072,5399000
2018-10-22,36.487639,36.892551,36.162123,36.702003,5184000
2018-10-23,36.029136,36.755593,35.739347,36.555122,4585500
2018-10-24,36.670245,36.670245,34.917613,34.92754,2671500
2018-10-25,35.483298,36.34671,35.413825,36.154179,2516000
2018-10-26,34.973193,35.890197,34.701266,35.181602,3582500
2018-10-29,36.174031,36.499546,34.272537,34.931511,3781500
2018-10-30,35.062512,35.556739,34.770735,35.507118,4352500
2018-10-31,35.951723,36.787347,35.951723,36.374496,1660500
2018-11-01,36.521383,36.789339,36.076777,36.751629,4269000
2018-11-02,36.904454,37.063243,36.183949,36.364571,1635000
2018-11-05,36.438012,36.438012,35.802858,36.170055,3437000
2018-11-06,36.062879,36.521379,35.882254,36.176014,1260500
2018-11-07,36.638483,37.684504,36.521377,37.581291,2063000
2018-11-08,37.58129,37.757943,37.164471,37.414562,1483500
2018-11-09,36.920336,37.009655,36.025165,36.424122,1315000
2018-11-12,36.366563,36.366563,35.167709,35.370163,3066000
2018-11-13,35.534901,35.925919,35.199459,35.469402,1368000
2018-11-14,35.800878,36.37053,34.953344,35.124039,1079000
2018-11-15,35.094266,36.102573,34.96525,36.045013,1176000
2018-11-16,35.759192,36.088675,35.56666,35.852478,1640000
2018-11-19,35.761182,35.761182,33.827929,33.915264,4396000
2018-11-20,32.883139,34.036344,32.752138,33.623493,4078500
2018-11-21,34.028397,34.605992,33.970838,34.342007,2419500
2018-11-23,33.988702,34.435295,33.988702,34.300323,604000
2018-11-26,34.681414,35.155795,34.576217,35.104191,2954000
2018-11-27,34.945403,35.028767,34.594083,34.891811,1025000
2018-11-28,35.580557,36.414198,35.298707,36.388393,3603000
2018-11-29,36.308999,36.709943,35.957679,36.428093,1886000
2018-11-30,36.642463,36.902477,36.406262,36.848888,3285500
2018-12-03,37.722216,37.8294,36.795289,37.102943,2639500
2018-12-04,36.918349,37.214093,35.939814,36.025162,2761500
2018-12-06,35.209387,36.338772,34.945403,36.338772,2485500
2018-12-07,36.199835,36.390379,34.977161,35.183586,1918000
2018-12-10,35.066482,35.896151,34.975179,35.725456,1467000
2018-12-11,36.384423,36.44397,35.471391,35.717514,2063500
2018-12-12,36.44794,36.819105,36.199833,36.205784,1614000
2018-12-13,36.457863,36.551153,35.862407,36.13036,772000
2018-12-14,35.636134,35.880269,35.129993,35.207405,1706500
2018-12-17,34.943286,35.02874,33.897947,34.092709,2040500
2018-12-18,34.448439,34.690894,34.174186,34.446453,2490500
2018-12-19,34.561717,35.275168,33.848262,34.231819,3058500
2018-12-20,34.054947,34.380869,32.888383,33.633633,4112500
2018-12-21,33.832364,33.832364,32.27827,32.413406,3353000
2018-12-24,32.045753,32.435269,31.594628,31.636362,2829000
2018-12-26,31.82516,33.697227,31.82516,33.697227,3141500
2018-12-27,33.079171,34.204002,32.932106,34.204002,2178500
2018-12-28,34.591528,34.678972,33.754862,34.148354,1284500
2018-12-31,34.561721,34.639226,34.150342,34.486202,974500
2019-01-02,33.822429,34.488188,33.665433,34.305351,1533000
2019-01-03,33.856214,33.997317,33.188473,33.226231,3133000
2019-01-04,33.848265,34.96316,33.703189,34.750515,1707000
2019-01-07,34.869748,35.712377,34.778332,35.442101,2406500
2019-01-08,35.833613,36.095941,35.469929,36.004524,1390500
2019-01-09,36.187352,36.399998,35.98266,36.244987,1392500
2019-01-10,36.018435,36.463596,35.87137,36.437759,1242500
2019-01-11,36.290697,36.324482,35.956826,36.31852,593500
2019-01-14,36.072091,36.107866,35.805791,35.930992,1615000
2019-01-15,35.94292,36.618614,35.94292,36.586815,1425500
2019-01-16,36.6504,36.775602,36.368199,36.56097,1227000
2019-01-17,36.411929,37.022038,36.368205,36.831257,2325500
2019-01-18,37.127365,37.588428,36.980304,37.475151,3962000
2019-01-22,37.29629,37.343986,36.714002,36.95248,1976500
2019-01-23,37.157182,37.453295,36.594765,36.942551,831500
2019-01-24,37.033958,37.119412,36.72592,37.014084,1752500
2019-01-25,37.324115,37.659975,37.246609,37.576508,1465500
2019-01-28,37.200899,37.342001,36.918697,37.196922,1774000
2019-01-29,37.282383,37.282383,36.640474,36.729904,1683500
2019-01-30,37.071719,37.570543,36.894849,37.560604,2353000
2019-01-31,37.705684,38.367466,37.604332,38.200531,8301000
2019-02-01,38.345602,38.623827,38.178666,38.546322,2350000
2019-02-04,38.683446,39.293556,38.65761,39.206116,1596000
2019-02-05,39.365106,39.601598,39.335293,39.571789,1302000
2019-02-06,39.390937,39.448572,38.776851,39.154446,1412000
2019-02-07,38.896098,39.106753,38.570176,38.906033,1474000
2019-02-08,38.572159,39.557877,38.554271,39.557877,1087500
2019-02-11,39.826166,40.007013,39.468445,39.543964,1104500
2019-02-12,39.981177,40.241519,39.770518,40.189846,1922000
2019-02-13,40.470058,40.499867,40.07259,40.18388,1320500
2019-02-14,40.104391,40.541603,39.895722,40.374668,1657500
2019-02-15,40.646932,40.740339,40.315048,40.57539,1635000
2019-02-19,40.555515,40.67873,40.418388,40.629047,1321500
2019-02-20,40.714497,40.760207,40.038803,40.28722,2932500
2019-02-21,40.243502,40.511793,40.024895,40.340881,1456500
2019-02-22,40.61116,40.982792,40.541604,40.970867,3354000
2019-02-25,41.296794,41.348463,41.010616,41.084148,2250500
2019-02-26,40.968885,41.29282,40.843683,41.18153,1329000
2019-02-27,41.129853,41.396157,40.90131,41.360386,2187000
2019-02-28,41.300764,41.465713,41.107993,41.161652,1660500
2019-03-01,41.55912,41.652523,41.01459,41.360386,2456000
2019-03-04,41.678356,41.694254,39.999061,40.587311,6152500
2019-03-05,40.625078,40.625078,40.183889,40.422371,2688000
2019-03-06,40.47602,40.640969,39.98316,40.18388,1913500
2019-03-07,40.118305,40.426339,39.909636,40.118305,1921500
2019-03-08,39.623457,40.126253,39.412802,40.092468,3342500
2019-03-11,40.251451,40.8715,40.227605,40.84964,2659500
2019-03-12,41.002667,41.161653,40.692642,40.996704,1663500
2019-03-13,41.213325,41.618738,41.149727,41.243134,1870000
2019-03-14,41.344489,41.606817,41.145754,41.404106,1910500
2019-03-15,41.441868,41.582967,41.070236,41.423981,1681500
2019-03-18,41.477646,41.76382,41.261024,41.588936,1556000
2019-03-19,41.769778,41.936713,41.535272,41.829399,1348000
2019-03-20,41.821449,42.051978,41.370322,41.666435,2024000
2019-03-21,41.495524,42.666065,41.495524,42.660103,2151000
2019-03-22,42.443482,42.483229,41.398142,41.402119,2010000
2019-03-25,41.25506,41.569057,41.012602,41.425968,2507500
2019-03-26,41.747914,41.998317,41.41603,41.668419,1359000
2019-03-27,41.708173,41.771767,40.617127,41.090115,2830000
2019-03-28,41.185506,41.511428,40.992734,41.398148,923500
2019-03-29,41.720091,41.902924,41.505459,41.896965,1911500
2019-04-01,42.330204,42.517014,41.930754,42.467331,2302000
2019-04-02,42.538875,42.540862,42.073837,42.495152,1865000
2019-04-03,42.751515,42.922426,42.513037,42.683949,2214000
2019-04-04,42.809151,42.809151,41.338525,41.861191,3862500
2019-04-05,41.992359,42.212953,41.91883,42.065891,1834000
2019-04-08,42.061916,42.228852,41.523345,42.111599,1605500
2019-04-09,41.986394,42.208975,41.861189,42.087746,1692500
2019-04-10,42.18712,42.648179,42.181158,42.57465,1389000
2019-04-11,42.707799,42.731649,42.451433,42.672028,1308500
2019-04-12,42.956218,42.964166,42.578623,42.799217,1047000
2019-04-15,42.848898,43.015833,42.558747,42.727669,1573500
2019-04-16,42.942301,42.960189,42.246734,42.481239,1848000
2019-04-17,42.719727,42.719727,41.928766,42.049995,3406000
2019-04-18,41.96652,42.111595,41.567066,42.105633,3372000
2019-04-22,41.952609,42.544835,41.952609,42.526947,1556000
2019-04-23,42.74556,43.240403,42.713761,43.192707,2847500
2019-04-24,43.313934,43.435163,43.103275,43.127125,2115000
2019-04-25,43.437152,43.691532,43.047633,43.504723,1849000
2019-04-26,43.472919,43.864425,43.109236,43.856476,2199500
2019-04-29,44.073098,44.21221,43.926036,43.955845,1340500
2019-04-30,43.969758,44.156567,43.72929,44.094959,1943000
2019-05-01,44.269841,44.269841,43.403366,43.403366,3116500
2019-05-02,43.389459,43.641848,42.886663,43.254318,2124000
2019-05-03,43.425229,43.725319,43.214574,43.687557,3138000
2019-05-06,42.825054,43.711407,42.5826,43.643837,1647500
2019-05-07,43.188739,43.304006,42.244755,42.654144,2025000
2019-05-08,42.550799,42.878711,42.356041,42.64222,2671500
2019-05-09,42.187119,42.74556,41.680347,42.590546,3430500
2019-05-10,42.296423,43.007888,41.702207,42.844925,5713500
2019-05-13,41.779713,42.141406,41.141777,41.215309,4789000
2019-05-14,41.493536,42.338155,41.420004,42.12352,1971500
2019-05-15,41.747915,42.662087,41.747915,42.538876,2903000
2019-05-16,42.666061,43.570298,42.666061,43.385475,4116000
2019-05-17,43.061543,43.502731,42.815116,42.894608,2146000
2019-05-20,42.459383,42.538878,41.960563,42.139423,1449500
2019-05-21,42.477271,42.733636,42.451435,42.624332,1365000
2019-05-22,42.419634,42.950252,42.419634,42.763443,1084000
2019-05-23,42.326234,42.326234,41.487577,41.775742,3834000
2019-05-24,41.922804,42.230843,41.76978,41.976463,2127000
2019-05-28,42.163267,42.640226,41.946649,42.059925,4125500
2019-05-29,41.714131,41.912865,41.316667,41.523346,3987000
2019-05-30,41.584955,41.823437,41.372313,41.674385,1889000
2019-05-31,41.068253,41.368339,40.911253,40.988758,4106000
2019-06-03,40.954967,41.084145,39.418757,39.62743,10807500
2019-06-04,40.160038,40.98677,39.746672,40.978821,5018500
2019-06-05,41.445838,41.598862,40.939069,41.598862,2539500
2019-06-06,41.666433,41.980433,41.312688,41.867153,4607500
2019-06-07,42.077815,42.707798,42.032105,42.49118,4195000
2019-06-10,42.884674,43.284128,42.739598,42.803192,3191000
2019-06-11,43.222517,43.266237,42.075827,42.308342,3491000
2019-06-12,42.212953,42.451435,42.137434,42.413673,1554000
2019-06-13,42.600482,42.687922,42.379888,42.580608,3004000
2019-06-14,42.568689,42.590549,42.004285,42.199043,2381000
2019-06-17,42.245955,42.583875,42.202225,42.289684,1387000
2019-06-18,42.740905,43.064911,42.639528,42.728977,2513000
2019-06-19,42.927757,43.448549,42.758795,43.376991,2637500
2019-06-20,44.191981,44.442439,43.806355,44.180054,4404000
2019-06-21,44.098548,44.191974,43.83219,43.856041,2167000
2019-06-24,43.939525,44.088609,43.569803,43.651299,2006500
2019-06-25,43.647327,43.659255,42.560018,42.669346,2889500
2019-06-26,42.939686,43.243814,42.703143,42.711094,3252000
2019-06-27,42.933721,43.285551,42.854208,43.213993,2069500
2019-06-28,43.432648,43.486319,43.056959,43.424698,1614500
2019-07-01,44.130352,44.325152,43.850076,44.092583,2420000
2019-07-02,44.118425,44.350994,44.001146,44.350994,2062000
2019-07-03,44.527901,44.881726,44.438455,44.843956,2458000
2019-07-05,44.551762,44.794269,44.076686,44.764454,2315000
2019-07-08,44.643194,44.643194,44.311238,44.551758,1348000
2019-07-09,44.386776,44.810169,44.370875,44.780354,1790500
2019-07-10,45.070567,45.422401,44.995031,45.181881,1860500
2019-07-11,45.235554,45.527754,45.108339,45.438305,1074500
2019-07-12,45.543659,45.595339,45.140141,45.533718,1020000
2019-07-15,45.609251,45.633106,45.201759,45.507874,2231500
2019-07-16,45.557571,45.561544,44.877753,44.981117,1570500
2019-07-17,44.923474,45.34488,44.836011,45.078518,1452000
2019-07-18,44.947321,45.169953,44.756498,45.076527,1224000
2019-07-19,45.422405,45.533719,44.633263,44.63525,2040500
2019-07-22,44.830046,45.112309,44.820109,44.94136,1748500
2019-07-23,45.229586,45.229586,44.547783,44.891666,2443000
2019-07-24,44.853906,45.623169,44.853906,45.595341,2841000
2019-07-25,45.450231,45.450231,45.048704,45.311089,2067000
2019-07-26,45.474084,45.829892,45.46812,45.726528,2351000
2019-07-29,45.74641,45.891517,44.506044,45.162006,4971000
2019-07-30,44.802212,45.102367,44.653132,44.841969,4341000
2019-07-31,44.947325,45.064604,43.685095,44.120415,2596000
2019-08-01,44.261551,45.058643,43.945496,44.080666,3885000
2019-08-02,43.877905,43.889832,42.955585,43.212006,3274500
2019-08-05,42.049162,42.20421,41.112928,41.576077,7477000
2019-08-06,41.999474,42.355285,41.61186,42.009415,2927000
2019-08-07,41.379285,42.22806,41.317664,42.118732,3859000
2019-08-08,42.528216,43.494269,42.528216,43.482342,3336500
2019-08-09,43.313383,43.400842,42.7906,43.078827,1393000
2019-08-12,42.798555,43.033111,42.164458,42.371185,2795000
2019-08-13,42.234027,43.208031,42.164456,43.09473,2119500
2019-08-14,42.353289,42.472558,41.399163,41.621792,3109000
2019-08-15,41.784793,41.844428,41.347487,41.69733,3059000
2019-08-16,42.075004,42.540139,42.031274,42.283718,2048500
2019-08-19,42.913846,42.92776,42.361248,42.504364,1832500
2019-08-20,42.454668,42.736931,42.224089,42.468582,1557000
2019-08-21,42.874088,43.321336,42.758797,43.142437,1259000
2019-08-22,43.237853,43.343203,42.585864,43.05299,2403000
2019-08-23,43.311397,43.865986,42.269809,42.401001,2676000
2019-08-26,42.903903,42.949623,42.391061,42.949623,950500
2019-08-27,43.172254,43.402833,42.548098,42.850235,1752000
2019-08-28,42.456654,42.536167,41.933875,42.343353,4426500
2019-08-29,42.834331,43.186166,42.723017,43.072865,2444000
2019-08-30,43.33326,43.33326,42.400999,42.893967,2999000
2019-09-03,42.603752,42.935708,42.287697,42.488461,2724000
2019-09-04,42.923779,43.118579,42.752831,43.03112,3222500
2019-09-05,43.641363,43.838154,43.221944,43.685093,4185500
2019-09-06,43.826225,43.909711,43.378977,43.432648,2216500
2019-09-09,43.579739,43.728823,42.38907,42.776684,6145000
2019-09-10,42.351305,42.641519,41.993507,42.490448,4455500
2019-09-11,42.558033,42.983416,42.404976,42.806503,4637500
2019-09-12,43.003295,43.347175,42.786626,42.808491,2837500
2019-09-13,42.81048,42.878061,42.428826,42.488461,3881500
2019-09-16,42.208185,42.806503,42.055128,42.738918,1813000
2019-09-17,42.738919,43.019195,42.669348,43.009254,1044000
2019-09-18,42.80849,42.866138,42.190298,42.826382,3375000
2019-09-19,42.995338,43.39687,42.957572,43.138458,4546500
2019-09-20,43.345193,43.452534,42.76278,43.060944,1755000
2019-09-23,43.003291,43.080813,42.748857,42.981422,1239000
2019-09-24,43.094733,43.29351,42.003451,42.172409,2894000
2019-09-25,42.13464,42.623631,41.468737,42.548096,4960000
2019-09-26,42.548099,42.802533,42.347335,42.6614,2406000
2019-09-27,42.736934,42.836321,41.262012,41.701309,4132000
2019-09-30,41.727145,42.218122,41.576074,42.116745,1687500
2019-10-01,42.261856,42.484484,41.625772,41.647636,2479000
2019-10-02,41.34351,41.403145,40.625927,41.019505,3500000
2019-10-03,40.949929,41.798704,40.546414,41.764912,3659500
2019-10-04,42.019347,42.54014,41.959713,42.49641,4159000
2019-10-07,42.389071,42.802527,42.341365,42.587845,2817500
2019-10-08,42.226076,42.42684,41.643662,41.655586,4264000
2019-10-09,41.997484,42.367206,41.943813,42.212162,2166500
2019-10-10,42.170418,42.404974,42.055126,42.275768,2785000
2019-10-11,42.766748,43.367053,42.691212,43.009254,4826500
2019-10-14,42.979436,43.112615,42.828365,42.991364,837500
2019-10-15,43.154359,43.496257,43.086778,43.3591,2326000
2019-10-16,42.778677,42.778677,42.015374,42.361248,5574500
2019-10-17,42.573936,42.643507,42.112778,42.170422,3277500
2019-10-18,42.138615,42.168434,40.926081,41.34351,8506500
2019-10-21,41.576079,41.754978,41.279902,41.629749,4679500
2019-10-22,41.814609,41.884181,40.784948,40.798862,4932500
2019-10-23,40.727298,41.365369,40.61002,40.965828,7705000
2019-10-24,41.444888,42.025315,41.438924,41.94978,5687000
2019-10-25,41.884177,42.176381,41.67944,42.130661,2352000
2019-10-28,42.420878,42.595804,42.138615,42.522255,4231500
2019-10-29,42.422865,42.734947,42.365221,42.371185,1844500
2019-10-30,42.506355,43.130512,42.327456,43.090755,5637500
2019-10-31,43.051001,43.051001,42.540142,42.721031,2722500
2019-11-01,42.98938,43.384944,42.828369,43.219959,2006500
2019-11-04,43.500235,43.730814,43.052987,43.142437,2196500
2019-11-05,43.448555,43.571797,42.919808,43.323326,2610500
2019-11-06,43.335247,43.345184,43.102677,43.267662,1541000
2019-11-07,43.488306,43.774542,43.196106,43.3591,2858500
2019-11-08,43.134486,43.700998,43.080815,43.687084,1273500
2019-11-11,43.48036,43.836167,43.38296,43.742744,1532500
2019-11-12,43.820265,44.170112,43.820265,43.987236,3349000
2019-11-13,43.79442,44.13234,43.79442,44.104511,1028500
2019-11-14,43.985247,44.215827,43.927604,44.174084,2147500
2019-11-15,44.428521,44.65115,44.130357,44.65115,1480000
2019-11-18,44.603441,44.915523,44.462311,44.760475,2816500
2019-11-19,45.034789,45.342894,44.834025,45.261395,3350000
2019-11-20,45.160016,45.629129,45.058639,45.45023,3515000
2019-11-21,45.436314,45.581421,45.080506,45.255428,2379500
2019-11-22,45.460172,45.468122,44.943353,45.261395,2015000
2019-11-25,45.456194,45.74243,45.265367,45.728516,2197000
2019-11-26,45.74839,45.998851,45.708637,45.967045,2140000
2019-11-27,46.116132,46.197627,45.863684,46.185703,3141000
2019-11-29,46.06246,46.235396,46.050533,46.116131,2559500
2019-12-02,46.165825,46.165825,44.853901,45.255428,9227000
2019-12-03,44.478212,45.257415,44.366897,45.237537,4464500
2019-12-04,45.330963,45.340901,44.843959,44.977142,3064000
2019-12-05,45.068577,45.132185,44.802215,45.050686,3331500
2019-12-06,45.231569,45.346861,45.146097,45.265362,3040000
2019-12-09,45.211702,45.398551,45.080509,45.090446,1815000
2019-12-10,45.10237,45.265364,44.845949,44.945335,1452000
2019-12-11,45.028823,45.028823,44.663075,44.931423,1500000
2019-12-12,44.909561,45.289224,44.591519,45.100384,3110500
2019-12-13,45.078514,45.569491,45.07255,45.470104,4743000
2019-12-16,45.776216,46.046555,45.702672,45.953129,1891500
2019-12-17,46.028668,46.028668,45.509863,45.666897,3957500
2019-12-18,45.742428,46.171788,45.714599,45.905426,2362000
2019-12-19,45.941203,46.205578,45.883559,46.205578,2388500
2019-12-20,46.394418,46.523624,46.324846,46.521633,2235500
2019-12-23,46.694569,46.694569,46.438148,46.475918,2140500
2019-12-24,46.509711,46.537539,46.384478,46.44809,320000
2019-12-26,46.531575,46.758181,46.422247,46.686619,1953500
2019-12-27,46.883411,46.883411,46.450078,46.720413,2558000
2019-12-30,46.688605,46.71047,45.889523,46.197624,2662000
2019-12-31,46.018729,46.328821,45.990901,46.322861,3620000
2020-01-02,46.698548,47.163683,46.557418,47.15971,2462500
2020-01-03,46.617046,47.102059,46.515668,46.988758,2450000
2020-01-06,46.60711,47.565213,46.535548,47.537384,3098000
2020-01-07,47.547322,47.767964,47.320716,47.6646,2472500
2020-01-08,47.676526,48.427902,47.676526,48.167503,3022500
2020-01-09,48.517354,48.642582,48.302672,48.624691,1952000
2020-01-10,48.801601,48.897015,48.417961,48.533253,2661500
2020-01-13,48.712149,49.185235,48.658479,49.101749,3086000
2020-01-14,49.10374,49.18723,48.745946,48.873161,2980000
2020-01-15,48.83937,49.356189,48.83937,49.010319,4992500
2020-01-16,49.342273,49.586766,49.201143,49.578815,1880000
2020-01-17,49.890899,49.892886,49.473466,49.735851,4730500
2020-01-21,49.608637,50.141357,49.578818,49.8909,2156500
2020-01-22,50.202979,50.421631,49.833254,49.837231,2325000
2020-01-23,49.916737,50.117501,49.706036,50.071785,1521000
2020-01-24,50.354044,50.519029,49.475449,49.745785,2614500
2020-01-27,48.650536,49.228977,48.45971,48.920872,3115500
2020-01-28,49.224993,49.882941,49.04808,49.765663,2530000
2020-01-29,50.041964,50.115513,49.608635,49.68417,2207500
2020-01-30,49.652363,50.367959,49.628508,50.352055,3255500
2020-01-31,50.232793,50.232793,49.165362,49.429737,2663000
2020-02-03,49.698083,50.185084,49.644413,50.113525,6870500
2020-02-04,50.817194,51.502972,50.594562,51.397621,3657500
2020-02-05,52.115202,52.115202,50.377895,50.664135,4485000
2020-02-06,50.803279,51.210771,50.51903,51.127285,1838000
2020-02-07,50.946393,51.514896,50.823155,51.053734,1426500
2020-02-10,50.972236,51.681869,50.968263,51.679882,1592000
2020-02-11,52.115202,52.160919,51.445326,51.594406,2077500
2020-02-12,51.840886,52.0337,51.254496,52.015808,3001000
2020-02-13,51.727592,52.399455,51.681872,52.139057,2202500
2020-02-14,52.2782,52.65389,52.174836,52.580341,1924500
2020-02-18,52.490892,52.779119,52.369641,52.667805,1995500
2020-02-19,52.952052,53.21245,52.940125,53.00771,2891500
2020-02-20,53.009696,53.174681,51.646092,52.433247,6262500
2020-02-21,52.16092,52.220555,50.932482,51.339973,5472500
2020-02-24,49.167352,50.191049,48.813527,49.753742,9394500
2020-02-25,50.135389,50.381873,48.16949,48.378204,6762500
2020-02-26,48.439831,49.562919,48.095947,48.46965,3247000
2020-02-27,47.249156,48.270866,46.422245,46.422245,6997500
2020-02-28,44.792281,46.688609,44.764453,46.628975,9067500
2020-03-02,47.157722,48.382183,46.225457,48.382183,5429500
2020-03-03,48.459704,48.835394,45.937233,46.56934,6262500
2020-03-04,47.583102,48.42989,47.02653,48.374233,4367000
2020-03-05,46.994721,48.13371,46.672702,47.102058,3277500
2020-03-06,45.565518,46.134017,44.24763,45.519798,8804500
2020-03-09,42.118732,43.798395,41.146718,42.116745,8542500
2020-03-10,43.671184,44.23571,41.941831,44.178066,7192000
2020-03-11,42.991365,43.452527,41.317665,42.075005,9856000
2020-03-12,38.946266,40.945958,37.767521,38.151161,9530500
2020-03-13,39.294124,41.941827,38.308192,41.87822,5787000
2020-03-16,40.735259,40.735259,36.66233,36.948566,5984500
2020-03-17,37.540916,39.689688,36.032205,39.580364,7290000
2020-03-18,38.580515,38.761401,35.030366,37.618435,5693000
2020-03-19,37.356055,39.602231,36.618598,38.598408,4145000
2020-03-20,39.62807,40.252226,37.648256,37.777458,5554000
2020-03-23,37.674097,38.834955,36.902847,37.86095,7540000
2020-03-24,40.313844,40.93999,39.48892,40.747177,4427500
2020-03-25,40.947099,42.016658,39.687617,40.28537,4367000
2020-03-26,40.427316,43.132201,40.427316,43.01025,5211000
2020-03-27,41.640811,42.386502,40.949095,41.296951,2511500
2020-03-30,41.542852,42.8783,41.542852,42.628403,3522500
2020-03-31,42.554433,43.182177,41.604828,42.040646,3567500
2020-04-01,40.719193,41.260969,39.75959,40.045471,5413000
2020-04-02,39.817562,40.6972,39.387739,40.233391,3689000
2020-04-03,40.241388,40.383332,39.201817,39.571667,3430500
2020-04-06,41.360928,42.778346,40.7092,42.544441,4465500
2020-04-07,43.951857,43.951857,41.960678,41.960678,5503000
2020-04-08,42.636397,43.725947,42.296537,43.474052,3746500
2020-04-09,44.015832,44.609585,43.538029,43.953857,4242000
2020-04-13,43.92987,44.06781,43.144192,44.021832,3446500
2020-04-14,44.903465,46.001011,44.903465,45.873062,4124500
2020-04-15,45.137365,45.747114,44.809501,45.427246,2816500
2020-04-16,45.853074,46.348868,45.507216,46.013008,2636000
2020-04-17,46.880649,46.980606,46.204925,46.934624,3856000
2020-04-20,46.628753,47.392437,46.412842,46.764698,2365000
2020-04-21,45.915045,46.276899,44.207754,44.617584,7349500
2020-04-22,45.59118,46.342869,45.365272,46.12096,2409500
2020-04-23,46.025001,46.554785,45.66715,45.727123,3303500
2020-04-24,46.009011,46.482814,45.531207,46.444832,2798500
2020-04-27,46.934626,47.420425,46.844663,47.226505,4284000
2020-04-28,47.870238,47.882234,46.134955,46.176937,3943500
2020-04-29,47.230504,48.272074,46.628752,48.084152,4507500
2020-04-30,48.368035,48.621928,47.732295,48.15612,3099000
2020-05-01,47.130548,47.492398,46.388854,46.662739,3935000
2020-05-04,46.234917,47.606349,46.182936,47.566364,3856000
2020-05-05,48.138135,49.097738,47.998193,48.573956,5184000
2020-05-06,49.1737,49.669494,48.701895,49.1777,3340500
2020-05-07,49.911396,50.743054,49.747466,50.457172,8169500
2020-05-08,51.084912,51.084912,50.313231,50.865005,4787000
2020-05-11,50.547139,51.97255,50.409196,51.594707,3879500
2020-05-12,51.970547,51.976545,50.361211,50.363209,3913500
2020-05-13,50.379207,50.613108,48.54996,49.361626,7166000
2020-05-14,48.869827,49.617519,48.222095,49.617519,5677000
2020-05-15,49.30965,50.543138,49.037759,50.417191,10697000
2020-05-18,51.460755,51.554718,50.721062,50.759045,5810500
2020-05-19,50.873003,51.848598,50.873003,51.116901,3862500
2020-05-20,51.900578,52.224441,51.654677,51.974545,2721500
2020-05-21,51.868591,52.212451,51.326815,51.562717,1802500
2020-05-22,51.828603,52.27242,51.426773,52.174461,4967500
2020-05-26,53.118073,53.118073,51.572713,51.686665,6797000
2020-05-27,51.526731,51.696659,49.811439,51.668671,14278000
2020-05-28,51.496747,53.288007,51.496747,52.302414,5693000
2020-05-29,52.37838,53.513909,52.182458,53.431942,4871500
2020-06-01,53.220033,54.229615,53.182047,54.009708,4037500
2020-06-02,54.173635,54.173635,52.90616,54.047688,3716500
2020-06-03,54.10167,54.32158,53.665849,54.07568,8615500
2020-06-04,53.925741,53.985714,52.544312,52.960136,8713500
2020-06-05,52.710238,53.847769,52.144474,53.751808,9894000
2020-06-08,53.725826,54.493507,53.108081,54.493507,7039500
2020-06-09,54.205625,54.663437,53.903748,54.23761,3418500
2020-06-10,54.619454,55.547073,54.475516,55.185223,4517500
2020-06-11,53.887757,54.443527,52.23044,52.262428,5070500
2020-06-12,53.741819,54.035697,52.028526,53.044109,3502000
2020-06-15,52.106045,54.195726,52.106045,54.007755,8556000
2020-06-16,55.189582,55.285564,54.173734,54.957615,4118500
2020-06-17,55.233574,55.551526,54.813636,54.957615,3013500
2020-06-18,54.959611,55.769489,54.959611,55.743492,4839500
2020-06-19,56.431387,56.431387,55.321559,55.693501,5600500
2020-06-22,55.781489,56.831328,55.701499,56.797333,6439000
2020-06-23,57.263264,57.511227,56.639358,56.737343,4748000
2020-06-24,56.619357,57.107285,55.193576,55.611511,6145000
2020-06-25,55.619512,56.407394,54.999608,56.379398,5738500
2020-06-26,56.361397,56.48338,55.227571,55.885471,4376500
2020-06-29,55.867472,55.991454,54.627664,55.733494,3499000
2020-06-30,55.75749,57.003302,55.735494,56.841324,3839000
2020-07-01,56.80133,58.127128,56.693345,57.825172,4449000
2020-07-02,58.485077,58.519072,57.849176,57.959156,3202000
2020-07-06,58.733037,59.30695,58.39109,58.587059,3024500
2020-07-07,58.497073,59.440929,58.19112,58.241112,3191000
2020-07-08,58.741037,59.458926,58.539069,59.428932,2931000
2020-07-09,59.960852,60.178817,58.797028,59.97485,5118500
2020-07-10,59.958852,60.03484,59.158974,59.638901,3141000
2020-07-13,59.888859,60.124823,56.963306,57.06329,9186000
2020-07-14,56.457384,57.409238,55.423541,57.367245,6505000
2020-07-15,57.509225,57.851172,56.74734,57.467232,5702500
2020-07-16,56.745341,57.029294,55.979455,56.761337,7185000
2020-07-17,56.981307,57.361246,56.347401,57.249264,2598500
2020-07-20,57.361245,59.536915,57.361245,59.390938,7558500
2020-07-21,59.990846,59.990846,58.52507,58.727039,4549000
2020-07-22,58.925006,59.328948,58.46108,58.895012,3453500
2020-07-23,58.71304,59.430929,57.431234,57.619205,6513500
2020-07-24,57.007299,57.52722,56.323405,57.091286,4156000
2020-07-27,57.45923,58.151126,57.219269,58.047142,2953500
2020-07-28,57.921162,58.357097,57.479229,57.55122,3979500
2020-07-29,58.077136,58.911008,57.933161,58.671047,3339000
2020-07-30,57.825174,58.723036,57.335251,58.58506,4398000
2020-07-31,59.066986,59.074984,57.823176,59.040989,12044500
2020-08-03,59.594905,60.362789,59.396933,60.238808,5469000
2020-08-04,60.210813,60.380786,59.612905,60.14682,3448500
2020-08-05,60.320797,60.670742,60.032839,60.394783,3995000
2020-08-06,60.264801,60.660741,59.822871,60.590752,3551500
2020-08-07,60.160819,60.242807,58.51507,59.228962,7021500
2020-08-10,59.160971,59.164972,57.619206,58.373093,7963500
2020-08-11,57.981155,58.357097,57.129283,57.251263,6191500
2020-08-12,57.6772,58.271108,57.561217,57.903164,5215000
2020-08-13,58.083135,59.236958,58.081136,58.665047,5368500
2020-08-14,58.805025,59.032991,58.19112,58.365093,2275000
2020-08-17,58.801028,59.194966,58.669049,59.070988,2315000
2020-08-18,59.272957,59.938856,59.24696,59.774879,3625500
2020-08-19,59.974849,60.308798,59.190968,59.720886,2409500
2020-08-20,59.534915,61.054683,59.43693,60.902706,3727000
2020-08-21,60.902704,60.902704,60.254804,60.48877,2809500
2020-08-24,60.998688,61.116671,60.204811,60.678738,2697500
2020-08-25,60.532763,61.386633,60.500766,61.34864,3187500
2020-08-26,62.776423,65.046078,62.776423,64.670135,9876000
2020-08-27,64.682136,64.698133,63.454323,64.38018,3713000
2020-08-28,64.756116,65.350027,64.566143,64.988083,4714500
2020-08-31,64.824101,65.104057,64.292185,64.804108,9101500
2020-09-01,65.354026,66.557845,65.134058,66.547844,4961000
2020-09-02,67.315724,67.405714,65.585992,66.893791,3359500
2020-09-03,65.571996,65.717969,62.446473,63.25235,11944500
2020-09-04,62.810414,63.24435,59.260957,61.392632,9238000
2020-09-08,59.388934,60.628747,58.992995,59.258957,4538500
2020-09-09,60.444775,61.466622,59.488923,60.946701,5623000
2020-09-10,61.788571,62.252501,59.870864,60.190815,3604000
2020-09-11,60.986692,61.190663,58.679045,59.344944,4983500
2020-09-14,60.348792,60.892708,59.768878,60.440777,2007500
2020-09-15,61.366632,61.610595,60.902703,61.528606,2635000
2020-09-16,61.970542,62.050532,60.530763,60.590752,3524500
2020-09-17,58.925008,59.892863,58.763034,59.834873,6462000
2020-09-18,60.15282,60.228808,58.369091,59.520916,4647000
2020-09-21,58.717039,60.636744,58.605053,60.578754,10698000
2020-09-22,61.160665,61.900553,60.094829,61.842564,5619500
2020-09-23,61.768575,62.036536,60.012843,60.152821,4339000
2020-09-24,59.554909,60.504765,59.120977,59.906857,3337000
2020-09-25,60.184817,61.810568,59.864866,61.598602,5278500
2020-09-28,62.704432,62.790417,61.760576,62.294495,5063500
2020-09-29,62.394479,62.620446,61.952549,62.100525,4035500
2020-09-30,61.988541,63.036381,61.808568,62.214504,2634500
2020-10-01,63.202356,63.704279,62.908399,63.414322,3087000
2020-10-02,62.188511,63.546301,61.932549,62.162514,3034500
2020-10-05,62.698432,63.250346,62.408476,63.120369,1974500
2020-10-06,63.258351,63.906251,62.504464,62.634445,2686000
2020-10-07,63.522309,64.236201,63.228351,64.050224,1651000
2020-10-08,64.754112,64.784106,63.772263,64.102211,2070500
2020-10-09,64.682131,65.370022,64.516156,65.294037,1974500
2020-10-12,66.279883,66.749813,65.523994,66.271881,3294000
2020-10-13,66.589837,67.231738,66.267888,66.797806,2335000
2020-10-14,67.21374,67.253735,65.68997,66.329872,2172000
2020-10-15,65.10806,66.209897,64.990081,66.087914,2116000
2020-10-16,66.663829,67.073763,66.335876,66.335876,2073500
2020-10-19,66.877797,67.219748,65.546,65.709976,2543500
2020-10-20,65.985934,66.235896,65.352028,65.352028,1804500
2020-10-21,65.545995,66.243887,64.954083,65.23204,2904000
2020-10-22,65.194053,65.360028,63.836258,64.938087,3233000
2020-10-23,65.284033,65.476005,64.46216,65.474007,2593000
2020-10-26,65.014082,65.450013,63.068376,63.854256,5369500
2020-10-27,64.278192,64.900099,64.020228,64.438164,1698000
2020-10-28,63.182359,63.516307,62.040531,62.188511,2625500
2020-10-29,62.378485,62.946399,62.278498,62.540459,11918500
2020-10-30,62.076525,62.358484,60.292797,60.918705,13951500
2020-11-02,61.5906,61.834567,59.790876,60.524765,4756000
2020-11-03,61.124672,62.156516,60.768727,61.800571,4547500
2020-11-04,63.990233,65.352025,63.568297,64.784111,6195000
2020-11-05,66.453853,66.67382,65.787954,66.27388,4032000
2020-11-06,66.201892,66.935782,65.382018,66.773804,3310000
2020-11-09,65.290042,66.927793,64.292194,64.362183,10400500
2020-11-10,63.570303,63.984237,61.238658,62.282497,11068500
2020-11-11,63.364328,64.364176,63.116365,64.02623,5189500
2020-11-12,64.384171,64.98008,63.652284,63.884251,7165000
2020-11-13,64.492154,64.54215,63.506305,64.124214,3624000
2020-11-16,63.718282,64.308192,63.382331,64.074226,4551500
2020-11-17,64.062217,64.902092,63.950234,64.704117,2649500
2020-11-18,64.63614,64.840103,64.080217,64.242195,2891500
2020-11-19,64.294186,65.735967,64.100216,65.422012,4070000
2020-11-20,65.498012,66.029929,64.972091,65.370026,3434500
2020-11-23,65.569994,65.787955,64.642134,65.282036,2891500
2020-11-24,65.655983,65.655983,64.974088,65.45401,3627000
2020-11-25,65.633979,66.489851,65.607982,66.177902,3435000
2020-11-27,66.645834,67.407719,66.521852,67.231743,1785500
2020-11-30,67.431717,67.585693,66.063922,67.5317,4244000
2020-12-01,67.557694,67.557694,66.38387,67.01178,6691500
2020-12-02,66.02192,66.573837,65.502002,66.573837,5478500
2020-12-03,66.657832,67.433715,66.571847,66.925789,2161000
2020-12-04,67.277741,67.877648,67.201748,67.629684,3234500
2020-12-07,67.813651,68.20359,67.773656,68.003624,1905500
2020-12-08,67.989625,68.687516,67.835649,68.445557,2515500
2020-12-09,68.479554,68.479554,66.549848,66.83181,4186000
2020-12-10,66.421859,67.731656,66.231885,67.663673,2800000
2020-12-11,67.549684,68.017615,67.063758,67.957626,2011500
2020-12-14,68.137604,68.71751,68.079607,68.389565,1584000
2020-12-15,68.703512,68.979471,68.281579,68.589531,2159000
2020-12-16,68.947479,69.687364,68.915486,69.64537,7906500
2020-12-17,70.089306,70.763206,70.089306,70.763206,6620500
2020-12-18,71.123145,71.767044,70.755197,71.767044,3938000
2020-12-21,70.957177,71.865035,70.51924,71.661064,3918500
2020-12-22,72.043009,73.00486,71.801041,73.00486,3312000
2020-12-23,73.072846,73.194829,72.017007,72.027008,3212500
2020-12-24,72.292964,72.600916,71.865028,72.064995,886000
2020-12-28,72.586922,72.754895,70.979165,71.037155,3312500
2020-12-29,71.197138,71.685062,70.24528,70.659218,4354000
2020-12-30,70.913183,71.085154,70.565229,70.651222,1356000
2020-12-31,71.135143,71.135143,70.305268,70.809189,2737000
2021-01-04,70.681212,70.907176,68.311571,69.423401,10129500
2021-01-05,69.273425,69.797347,69.127451,69.693367,3804500
2021-01-06,68.689519,69.099461,67.805659,68.023621,7800500
2021-01-07,68.441559,70.031313,68.441559,69.891335,5559000
2021-01-08,70.279272,71.171134,70.179289,71.01516,2953000
2021-01-11,70.211292,70.967174,69.585388,70.387268,2879500
2021-01-12,70.7572,70.7572,69.615376,70.445251,4115500
2021-01-13,70.337272,70.913188,69.933334,70.281281,3789500
2021-01-14,70.51724,70.87119,69.823345,69.949326,3707000
2021-01-15,69.885343,70.623229,69.349421,69.56739,3271500
2021-01-19,70.111306,70.675215,69.78735,70.563232,1946500
2021-01-20,71.383102,72.092993,71.21313,71.933022,5681500
2021-01-21,72.244969,72.276969,71.481086,71.673058,1767000
2021-01-22,71.443102,72.083004,71.443102,71.755051,1862000
2021-01-25,72.214976,72.928871,70.161288,71.531082,4154500
2021-01-26,71.595076,71.807041,71.031159,71.133141,3277000
2021-01-27,70.609233,71.029167,68.983482,69.479401,5984500
2021-01-28,69.855336,71.627068,69.855336,70.783195,4552500
2021-01-29,70.207291,70.687214,69.089458,69.76136,5150000
2021-02-01,70.647217,71.693062,70.029315,71.497093,4756500
2021-02-02,71.871032,73.518776,71.871032,73.366798,4727000
2021-02-03,73.728746,73.728746,72.7169,72.99086,2927000
2021-02-04,73.138839,74.184677,73.080849,74.184677,1822000
2021-02-05,74.712594,75.480475,74.584616,75.420486,4932000
2021-02-08,75.780441,76.232376,75.210528,75.578468,2868000
2021-02-09,75.354495,76.388341,75.354495,76.220367,1830500
2021-02-10,76.980253,76.980253,75.208528,76.066399,3472500
2021-02-11,76.696302,76.862277,75.958415,76.580322,3449500
2021-02-12,76.182378,77.170226,76.076391,77.16423,1885500
2021-02-16,77.342194,77.876117,76.526324,76.946259,4402500
2021-02-17,76.558311,76.590303,75.142526,76.202362,3918500
2021-02-18,75.200528,76.290366,74.872583,75.984413,7537500
2021-02-19,76.724292,76.86427,75.968411,76.094391,7246000
2021-02-22,75.158528,75.390495,73.694755,73.790741,5759500
2021-02-23,72.412956,73.29082,70.177297,73.010864,10441500
2021-02-24,72.264976,73.838734,71.765053,73.714752,7058500
2021-02-25,73.03685,73.718753,70.481241,70.839188,9523000
2021-02-26,71.391101,71.85103,70.01731,70.909172,8000000
2021-03-01,72.025009,73.136838,71.657061,73.070847,3524500
2021-03-02,73.486787,73.526782,71.587075,71.645065,6499000
2021-03-03,71.323114,71.48709,68.503545,68.683517,13294500
2021-03-04,68.361569,69.065456,65.917941,66.787804,17918000
2021-03-05,67.763661,67.947631,64.620136,67.291733,11974500
2021-03-08,67.243738,68.057617,65.248048,65.354027,8321000
2021-03-09,67.793653,68.617525,67.343717,68.227585,11959000
2021-03-10,69.421401,69.623374,67.745654,67.765656,7069500
2021-03-11,69.641378,70.119302,68.713518,69.877342,7346000
2021-03-12,68.59753,69.145443,67.971626,69.121452,4305000
2021-03-15,69.121452,69.731352,68.547535,69.71936,3517000
2021-03-16,70.023312,70.601227,68.955482,69.353416,6929000
2021-03-17,68.471553,69.711362,67.76566,69.243431,5158500
2021-03-18,68.367565,68.367565,66.545844,66.739815,9451000
2021-03-19,66.791808,67.797652,66.37787,67.387718,5438000
2021-03-22,68.847495,68.847495,67.735665,68.389565,6372500
2021-03-23,68.389568,69.251436,68.213592,68.41156,4290500
2021-03-24,68.61952,68.653519,66.481846,66.559837,11092000
2021-03-25,65.91194,66.515852,65.324032,66.30188,9705000
2021-03-26,66.37587,67.737662,66.1699,67.677673,6723500
2021-03-29,67.089762,67.797654,66.621839,67.10376,4325500
2021-03-30,66.307876,66.957779,65.893938,66.755806,5748000
2021-03-31,67.009768,68.799496,67.009768,68.273575,7846000
2021-04-01,69.365408,70.317266,69.347413,69.901329,5128000
2021-04-05,70.657216,70.871188,70.085305,70.691216,3843500
2021-04-06,70.803198,71.553083,70.175288,71.091148,4569500
2021-04-07,70.845195,71.419105,70.64722,70.967171,2236500
2021-04-08,71.685058,72.492933,71.63507,72.280968,5238500
2021-04-09,71.481088,72.754896,71.463093,72.740898,3310500
2021-04-12,72.704912,73.136845,72.03301,72.914879,3370500
2021-04-13,73.324808,74.248671,72.988861,74.086693,4830500
2021-04-14,74.35066,74.766597,73.204839,73.336815,7799000
2021-04-15,74.148688,74.718601,73.996711,74.690605,3462500
2021-04-16,74.576614,74.59261,73.754741,74.172676,3035500
2021-04-19,73.642762,74.270664,72.764897,73.194832,4500000
2021-04-20,72.770891,73.286811,71.987014,72.430946,4530500
2021-04-21,72.039015,72.780898,71.883033,72.726906,2571000
2021-04-22,72.57093,73.588773,72.224982,72.618919,3850000
2021-04-23,72.808887,73.822732,72.808887,73.680756,1793000
2021-04-26,73.946718,74.550623,73.4168,74.510635,4149000
2021-04-27,74.36865,74.626614,73.738749,74.202675,4348500
2021-04-28,74.036696,74.30466,73.414797,73.976707,4553500
2021-04-29,74.490638,74.490638,72.240981,72.934875,5575500
2021-04-30,72.530934,73.226827,72.092997,72.306969,3087500
2021-05-03,72.088998,72.504935,71.109152,71.197136,5321500
2021-05-04,70.481235,70.511237,68.523534,69.505386,10821500
2021-05-05,69.95733,70.407258,68.667526,68.965477,5505000
2021-05-06,68.62153,68.773499,67.659671,68.627525,7871500
2021-05-07,69.925326,70.257276,68.989471,69.289429,8176500
2021-05-10,69.253435,69.253435,67.677679,67.713669,6966500
2021-05-11,65.991929,68.681521,65.991929,68.449554,10354000
2021-05-12,67.289739,67.925636,66.389875,66.723824,7611500
2021-05-13,67.193751,67.78966,66.07192,66.707825,6075000
2021-05-14,67.527699,68.671522,67.243738,68.507545,6420500
2021-05-17,67.967623,68.379563,67.227738,68.031616,6387500
2021-05-18,68.027616,68.947474,67.949625,68.063606,4044500
2021-05-19,66.541847,68.403562,66.541847,68.389565,6488000
2021-05-20,69.161437,70.265272,68.877484,70.003311,9387500
2021-05-21,70.66722,70.693217,69.099459,69.76136,5852500
2021-05-24,70.483242,71.115142,70.325262,70.909172,4188500
2021-05-25,71.083156,71.469099,70.851189,71.055161,3733000
2021-05-26,71.389109,71.977017,71.385112,71.655067,4260000
2021-05-27,71.317122,71.649072,70.639224,71.155144,5798500
2021-05-28,71.957018,72.448939,71.739049,71.769043,2694500
2021-06-01,72.242973,72.242973,70.821193,71.343109,4132500
2021-06-02,71.559082,71.923025,71.129148,71.461098,2112000
2021-06-03,70.737213,71.025171,70.097311,70.583237,3888500
2021-06-04,71.009163,72.248979,71.009163,72.109001,5813000
2021-06-07,72.120996,72.728897,71.817042,72.680908,3188500
2021-06-08,73.204833,73.578769,72.54493,72.846886,6302000
2021-06-09,73.406791,73.454788,72.796884,72.854874,3763500
2021-06-10,72.642913,74.200674,72.642913,74.134689,4411000
2021-06-11,74.278665,74.940566,74.034699,74.886574,3648500
2021-06-14,74.988552,75.830426,74.952554,75.812424,3948000
2021-06-15,75.738443,75.738443,74.578617,74.750595,3737500
2021-06-16,74.900571,75.00655,73.344808,74.330658,8287500
2021-06-17,73.834729,75.87242,73.834729,75.616455,8823000
2021-06-18,75.588466,76.140384,75.280515,75.862427,4492500
2021-06-21,75.554474,76.358352,74.812583,76.154381,5551000
2021-06-22,76.25636,77.044242,76.09439,76.988251,4210000
2021-06-23,77.066242,77.352194,76.664303,76.988251,2394500
2021-06-24,77.282202,78.158068,77.282202,77.674141,4023500
2021-06-25,77.630154,77.878118,77.130231,77.710144,5003000
2021-06-28,78.951943,78.951943,78.096078,78.653992,5390000
2021-06-29,78.841968,79.089931,78.310052,79.013947,3067000
2021-06-30,79.00794,79.00794,77.996101,77.996101,3695500
2021-07-01,78.120082,78.43403,77.486176,78.042091,3015500
2021-07-02,78.915954,79.175917,78.601999,79.063927,3195500
2021-07-06,79.267905,80.175771,79.131924,79.907806,4187000
2021-07-07,80.367738,80.541715,79.383895,79.925812,3036500
2021-07-08,78.416036,79.575855,78.158072,79.197914,2588500
2021-07-09,79.361891,79.829822,78.78998,79.699837,2007500
2021-07-12,80.199765,80.405735,78.987952,79.12793,4271500
2021-07-13,78.827966,79.85381,78.781975,79.08593,3250500
2021-07-14,79.791829,79.791829,78.464028,78.52002,3750000
2021-07-15,78.456033,78.51802,77.182225,77.564163,4014500
2021-07-16,78.324044,78.336043,77.650151,77.728134,3824000
2021-07-19,77.024252,77.572165,76.652307,77.362198,5316000
2021-07-20,77.634156,79.347892,77.3442,78.839966,5036500
2021-07-21,78.615994,79.441872,78.346038,79.441872,4182000
2021-07-22,79.845819,80.529713,79.769826,80.453728,2995000
2021-07-23,81.095623,81.61554,80.849658,81.517555,2624000
2021-07-26,81.199608,81.467573,80.713683,81.303596,1791500
2021-07-27,81.307596,81.383589,79.139928,80.219765,3902000
2021-07-28,80.719685,81.187608,80.167767,80.847664,2939500
2021-07-29,81.075625,81.669536,80.5877,80.939651,1703000
2021-07-30,80.237753,81.08962,80.223755,80.623695,1258500
2021-08-02,81.32159,81.32159,79.869816,80.645691,2339500
2021-08-03,80.801673,81.093628,79.923801,80.693687,1927500
2021-08-04,80.987641,81.763524,80.585702,81.543556,9503000
2021-08-05,81.879509,82.33744,81.515566,82.281448,5595000
2021-08-06,81.631541,82.269444,81.233607,81.899506,3569500
2021-08-09,82.129465,82.159459,81.57355,81.941498,2318000
2021-08-10,81.947495,82.461416,80.773678,80.949646,4933000
2021-08-11,81.555555,81.555555,80.15177,80.743675,3640500
2021-08-12,80.343742,81.629541,80.343742,81.541557,3476000
2021-08-13,81.553559,82.081479,81.431576,81.759529,2517000
2021-08-16,81.281591,81.523559,80.133772,81.169609,3987000
2021-08-17,80.473722,80.857666,80.137774,80.605698,2512500
2021-08-18,80.761678,81.225604,80.207761,80.241753,3915000
2021-08-19,79.483874,81.2556,79.469877,80.803673,3906500
2021-08-20,80.987639,82.003483,80.899655,81.781517,3795500
2021-08-23,81.947489,83.155305,81.93549,83.109314,4383000
2021-08-24,83.54725,83.875203,83.397279,83.657234,4668000
2021-08-25,83.991181,84.177157,83.421268,83.845207,4955500
2021-08-26,83.949192,84.447117,83.429275,83.473267,2692500
2021-08-27,83.769208,84.919034,83.769208,84.753059,4465500
2021-08-30,85.097015,85.334977,84.741066,85.143005,7289000
2021-08-31,84.935041,84.935041,84.255145,84.621094,3831000
2021-09-01,84.94504,85.352975,84.667083,84.911049,5688000
2021-09-02,85.240995,85.296986,84.471116,84.827057,2687000
2021-09-03,84.935041,85.766915,84.679084,85.620941,3291000
2021-09-07,85.334979,85.692926,84.379124,84.705078,4505000
2021-09-08,84.705072,84.717072,83.799205,84.167152,2235500
2021-09-09,84.049168,84.649082,83.973183,84.025177,1964500
2021-09-10,84.597086,84.597086,83.421263,83.509254,3948000
2021-09-13,84.053177,84.053177,81.965491,82.455421,5614500
2021-09-14,82.871356,82.995338,82.355428,82.639389,3855500
2021-09-15,82.527408,83.49926,82.325435,83.449265,2470000
2021-09-16,83.187305,84.095172,82.92735,83.961189,4706500
2021-09-17,84.111166,84.111166,82.971341,83.401276,5684500
2021-09-20,81.609546,82.72937,80.783668,81.931496,5454500
2021-09-21,82.535401,82.687379,81.715527,82.091469,3215500
2021-09-22,82.003486,83.117315,81.631541,82.851357,2598500
2021-09-23,83.099319,84.431116,83.099319,84.193153,4387500
2021-09-24,83.913193,84.593089,83.56324,84.463104,4142000
2021-09-27,83.969189,83.969189,82.607397,83.043327,3466000
2021-09-28,81.707531,81.917498,79.989791,80.031784,9839000
2021-09-29,80.517712,80.913656,79.717839,79.847816,5594500
2021-09-30,80.291752,80.697688,79.645847,79.815826,4107000
2021-10-01,80.427729,81.185609,79.285897,80.991638,5271500
2021-10-04,80.383732,80.499712,77.760132,78.560005,9182000
2021-10-05,78.797974,80.189767,78.797974,79.897812,6304000
2021-10-06,79.109929,80.507711,78.885964,80.389732,4909500
2021-10-07,81.383586,82.087473,80.983645,81.401581,4059000
2021-10-08,82.205461,82.205461,80.731686,80.811668,3083500
2021-10-11,80.635701,81.613549,80.331747,80.6157,2890000
2021-10-12,81.195609,81.987487,80.801671,81.535553,3154500
2021-10-13,81.8655,83.235293,81.8655,83.2033,6558000
2021-10-14,84.243145,84.823058,83.937191,84.515106,4638000
2021-10-15,84.805058,84.897047,84.373124,84.731071,2937000
2021-10-18,84.589086,85.720917,84.5371,85.674927,5144500
2021-10-19,86.118861,86.746764,85.78891,86.436806,5203000
2021-10-20,86.61278,87.032714,85.946881,86.278831,3166500
2021-10-21,86.108865,87.212693,85.902895,87.166702,11184000
2021-10-22,86.468805,87.198689,85.964876,86.626778,2935500
2021-10-25,86.902742,87.444659,86.400819,87.060715,4037000
2021-10-26,87.754606,88.09256,86.720767,86.840744,3888000
2021-10-27,87.146703,87.454655,86.026872,86.082863,4419500
2021-10-28,86.006868,87.170692,85.990871,87.1147,2955000
2021-10-29,86.684771,87.878589,86.604781,87.798599,3583000
2021-11-01,88.104553,88.138552,87.112708,87.60463,2895500
2021-11-02,87.764607,87.956579,87.266682,87.792603,2709000
2021-11-03,87.58663,87.720612,86.506793,87.57663,2904500
2021-11-04,87.842602,88.814454,87.654627,88.468506,3828500
2021-11-05,89.006414,89.206388,87.224688,87.788605,4300000
2021-11-08,88.146555,89.144396,88.058563,88.956429,4287500
2021-11-09,89.342369,89.744308,88.540489,89.290375,4473500
2021-11-10,88.704466,89.012418,86.264836,86.74276,6257000
2021-11-11,87.404664,87.838596,87.112708,87.158699,3607500
2021-11-12,87.706613,88.626471,87.546634,88.61647,2955500
2021-11-15,88.804449,88.804449,87.616626,88.13855,2232000
2021-11-16,88.066563,89.166393,87.890587,89.142395,3080500
2021-11-17,89.174402,89.30438,88.304532,88.38652,2095000
2021-11-18,88.540487,88.540487,87.102703,87.574631,4433000
2021-11-19,88.79645,89.294375,87.8426,87.858597,5051500
2021-11-22,88.016565,88.016565,85.047017,85.376968,8435500
2021-11-23,84.455115,85.113012,82.667386,84.049171,14126000
2021-11-24,82.929345,84.477105,82.323435,84.435112,11127500
2021-11-26,84.143155,85.175003,83.249294,83.625237,7821000
2021-11-29,84.169155,85.654929,83.601241,85.294983,12050000
2021-11-30,84.843059,85.598941,82.639393,82.967346,16616500
2021-12-01,83.58725,83.689239,79.167926,79.435883,14515000
2021-12-02,79.64785,81.241601,79.387888,80.797668,10916500
2021-12-03,80.291746,80.413729,76.488325,78.07608,15555000
2021-12-06,77.814119,78.324043,76.220368,78.174065,8810000
2021-12-07,79.927807,81.541559,79.927807,81.155617,10581500
2021-12-08,81.10362,81.997488,80.125772,81.937492,7705500
2021-12-09,81.883506,82.295438,79.813815,80.079781,9774000
2021-12-10,81.177615,82.267445,80.653693,81.19561,8445000
2021-12-13,81.417578,82.18346,80.515716,81.009644,8941500
2021-12-14,79.233911,79.549857,77.170223,78.342041,11004500
2021-12-15,78.454034,80.459725,77.67015,80.313744,11563000
2021-12-16,79.9558,80.149771,77.186219,77.790131,12520500
2021-12-17,76.898267,78.436027,76.12838,78.132072,14538500
2021-12-20,76.764286,77.556165,76.488328,76.892265,6858000
2021-12-21,77.390194,79.111931,76.686299,79.013947,6281000
2021-12-22,78.867959,79.549854,78.420029,79.473869,2951500
2021-12-23,79.51187,80.289751,79.175923,80.001793,2265000
2021-12-27,80.311739,81.029632,80.199757,81.025635,4340000
2021-12-28,81.335586,81.449567,79.925805,80.179764,3103500
2021-12-29,80.159761,80.42372,79.259904,80.06778,3322500
2021-12-30,80.13377,81.033626,80.041781,80.257744,2542000
2021-12-31,79.989796,80.291752,79.415886,79.517868,3929500
2022-01-03,79.411887,79.779827,77.528172,78.606003,8145000
2022-01-04,78.747989,78.747989,75.254519,76.868271,13258000
2022-01-05,75.708446,75.960406,73.038855,73.078842,15497000
2022-01-06,72.744891,74.22267,72.158982,73.160828,12316500
2022-01-07,73.232828,74.090691,71.931025,72.54493,8274000
2022-01-10,71.441107,73.278824,70.147298,73.228828,14875500
2022-01-11,73.170831,74.674599,72.598919,74.526627,11444000
2022-01-12,75.132534,75.886424,73.756744,74.304665,7416000
2022-01-13,74.502627,74.502627,71.045155,71.121147,14795500
2022-01-14,70.579226,71.727054,70.19529,71.397102,10436000
2022-01-18,70.647222,71.865039,70.005322,70.083313,8561000
2022-01-19,70.56523,72.023008,70.043315,70.159294,8994500
2022-01-20,70.825196,72.210986,69.563387,69.679375,8253500
2022-01-21,69.491398,69.89934,67.699671,67.715668,14422000
2022-01-24,66.177905,69.227435,64.400176,69.143448,17136000
2022-01-25,67.967619,68.391558,66.087909,66.55584,7990500
2022-01-26,68.257583,68.707519,65.294038,65.853951,19849500
2022-01-27,67.369717,68.135607,65.693978,65.849953,12221500
2022-01-28,65.995926,68.457556,64.940087,68.395561,13392000
2022-01-31,68.675518,71.185138,68.523541,71.003166,10385500
2022-02-01,71.565071,71.583074,69.979315,71.4151,9615000
2022-02-02,71.705061,71.817043,70.039315,70.693214,7478500
2022-02-03,68.917484,69.70136,67.73166,67.987625,9167000
2022-02-04,68.367559,70.917173,68.099602,70.201279,8822500
2022-02-07,70.447245,71.273116,69.613373,69.815338,7420000
2022-02-08,69.659363,70.771193,69.143443,70.611221,5577500
2022-02-09,71.611071,72.886877,71.331115,72.872879,5169000
2022-02-10,71.389105,73.432791,71.181136,71.725052,9361000
2022-02-11,71.957023,72.314962,68.921483,69.251434,8571500
2022-02-14,68.971476,70.231279,68.535538,69.089455,6203000
2022-02-15,70.1053,70.695214,69.381412,70.551231,7501000
2022-02-16,69.793347,70.215279,68.837491,70.01931,5779000
2022-02-17,69.083459,69.353415,66.769809,66.941788,9368000
2022-02-18,66.837802,67.347727,65.330029,65.508003,7861500
2022-02-22,64.856103,66.321883,64.484166,64.964088,9190500
2022-02-23,65.835954,65.877947,63.29234,63.344334,5105500
2022-02-24,61.390635,67.409713,61.304645,67.203743,13105000
2022-02-25,67.183753,67.789663,65.901951,67.727669,11704000
2022-02-28,67.341721,68.88749,67.341721,68.393562,7678500
2022-03-01,68.323575,69.471403,67.373723,67.807655,5226000
2022-03-02,68.311573,69.121455,66.797805,68.839493,8553000
2022-03-03,69.433405,69.433405,66.589837,67.097763,5543500
2022-03-04,66.559845,67.439708,65.228047,65.657982,5818500
2022-03-07,65.50001,66.187901,62.826414,62.838413,7641000
2022-03-08,62.522463,63.800268,61.322645,62.184513,8132000
2022-03-09,63.742273,65.500008,63.574299,65.202049,7164500
2022-03-10,64.024221,64.500154,63.272341,64.210197,7839500
2022-03-11,64.590143,64.790117,62.154517,62.248501,5684500
2022-03-14,62.06053,62.648441,60.158819,60.446777,8612500
2022-03-15,61.102675,62.084527,60.348792,61.968544,9793000
2022-03-16,62.976392,64.596147,61.968546,64.556152,10933000
2022-03-17,64.304191,66.13991,63.924244,66.051918,6217500
2022-03-18,65.685975,68.005621,65.575991,67.991623,9946000
2022-03-21,67.593678,68.123604,66.413866,67.373718,5997000
2022-03-22,67.509694,69.491394,67.269733,69.041466,6741000
2022-03-23,68.011631,68.41357,66.921793,67.335732,6388000
2022-03-24,67.547693,68.545541,66.791811,68.505547,4876500
2022-03-25,68.595538,68.795505,66.751818,67.613686,5615500
2022-03-28,67.697668,69.18544,67.443709,69.183441,8826500
2022-03-29,70.317274,71.093149,69.275433,70.851189,5398000
2022-03-30,70.309271,70.651222,69.159445,69.497398,5564500
2022-03-31,69.511393,69.997319,68.845494,68.97747,4983500
2022-04-01,68.891488,69.559385,68.423557,69.095459,5330000
2022-04-04,69.215441,70.903187,69.215441,70.781204,4425500
2022-04-05,70.55123,70.729204,68.649527,68.99147,6812500
2022-04-06,67.851644,67.861644,66.211895,66.883789,7081000
2022-04-07,66.529841,67.68966,66.075908,67.143745,5166000
2022-04-08,66.939784,67.06777,66.001931,66.105911,4476000
2022-04-11,65.496004,65.951935,64.710128,65.356026,5602000
2022-04-12,66.481852,67.251739,64.734125,64.896095,5487000
2022-04-13,65.122068,66.509849,64.688128,66.303886,5202000
2022-04-14,66.33388,66.423863,64.648133,64.700127,4575500
2022-04-18,64.326178,64.646129,63.332331,64.018227,4828000
2022-04-19,63.866252,65.899946,63.572299,65.737968,5839500
2022-04-20,66.145906,66.459862,64.690127,64.758118,5055500
2022-04-21,65.861951,66.145904,62.528456,62.744427,7057000
2022-04-22,62.612447,63.232352,61.048683,61.146667,7096500
2022-04-25,60.712736,62.310492,60.712736,62.276497,4550500
2022-04-26,61.79657,61.964543,59.944851,59.970848,7455000
2022-04-27,60.232808,61.428625,59.866863,59.990845,6602500
2022-04-28,61.294646,62.856408,60.352789,62.414474,7270500
2022-04-29,61.738581,62.830414,59.884864,59.98085,7402500
2022-05-02,59.882863,61.112679,59.492923,61.112679,5703500
2022-05-03,60.946701,61.560605,60.060834,60.618748,4133500
2022-05-04,60.828716,62.482463,58.795026,62.452469,7979500
2022-05-05,61.368632,61.612598,58.129129,58.861015,8156000
2022-05-06,58.065141,58.517072,56.183428,57.0233,8350500
2022-05-09,55.733497,56.225422,53.633815,53.951767,9523500
2022-05-10,55.307564,55.761493,53.081901,54.655663,7268500
2022-05-11,54.071749,55.595515,52.655965,52.837936,7168000
2022-05-12,51.838089,54.165733,51.428152,53.315865,15827000
2022-05-13,54.419697,56.143433,54.185731,55.943462,8677500
2022-05-16,55.545524,55.991456,54.497684,54.619663,6208500
2022-05-17,55.815484,56.371399,54.145737,55.573521,5698500
2022-05-18,54.869625,55.389546,53.097896,53.367855,4276500
2022-05-19,53.181882,55.17758,53.181882,54.289715,8634500
2022-05-20,55.331557,55.753494,53.35186,54.949615,6853000
2022-05-23,55.509532,55.725498,54.359705,55.525528,7003500
2022-05-24,54.365704,54.703654,52.999911,53.593822,6719500
2022-05-25,53.379855,55.611513,53.379855,55.197578,8500000
2022-05-26,55.023607,56.69935,54.909622,56.381397,6011500
2022-05-27,56.847324,58.319099,56.819328,58.319099,8747500
2022-05-31,58.039143,58.281106,56.843326,57.165276,11568500
2022-06-01,58.285103,59.108979,56.967308,57.489227,7295000
2022-06-02,57.259265,60.214812,57.163279,60.128826,8764000
2022-06-03,59.050991,59.766882,58.401089,58.727039,6559500
2022-06-06,59.54291,59.806873,58.445078,58.733036,5681500
2022-06-07,58.04914,59.878863,58.045143,59.69289,4838000
2022-06-08,59.334947,59.952852,59.110978,59.290951,4411000
2022-06-09,58.815585,59.527534,57.839661,57.839661,5506500
2022-06-10,56.187784,56.615749,55.079865,55.289848,6042500
2022-06-13,53.369995,53.93595,51.982098,52.146088,8079500
2022-06-14,52.928026,53.313999,51.9721,52.444065,5152500
2022-06-15,53.126015,54.6539,52.598054,53.83596,9524500
2022-06-16,52.186082,52.794039,51.088165,51.444141,6211500
2022-06-17,51.412142,53.064018,51.394142,52.456062,9851500
2022-06-21,53.126014,54.153937,53.060017,53.423992,5801000
2022-06-22,52.732043,54.377919,52.686045,53.523983,8451000
2022-06-23,54.011947,55.593829,53.58598,55.473839,11525500
2022-06-24,56.251779,57.869657,56.137785,57.839661,16746500
2022-06-27,57.793662,57.987648,56.517757,56.769737,8732500
2022-06-28,56.76974,57.249707,54.561909,54.665897,4531000
2022-06-29,54.807885,55.209856,54.09794,54.823883,3003000
2022-06-30,54.029945,54.549906,52.936025,53.917953,5342500
2022-07-01,53.831959,54.857883,53.519982,54.801888,4644000
2022-07-05,53.975949,56.285777,53.843959,56.21978,8019000
2022-07-06,56.491757,56.923728,55.811812,56.299774,6152000
2022-07-07,56.479762,57.519681,56.251778,57.43169,5153000
2022-07-08,56.629749,57.647674,56.247777,57.231705,2808000
2022-07-11,56.657745,56.857731,55.69382,56.245777,2843000
2022-07-12,56.319776,56.711745,53.83796,54.153938,6957000
2022-07-13,53.090016,54.139936,52.646049,53.655972,8863500
2022-07-14,53.264006,53.505985,52.058095,53.192009,5432500
2022-07-15,53.811962,54.551904,53.545979,54.523907,3250500
2022-07-18,55.143861,55.523834,53.99995,54.193935,3250000
2022-07-19,54.867884,55.823809,54.353922,55.757816,3316500
2022-07-20,56.001797,57.897654,56.001797,57.625675,6202500
2022-07-21,57.591679,58.677596,57.179707,58.661598,4432500
2022-07-22,58.459614,59.213555,57.073716,57.44569,3660500
2022-07-25,57.423693,57.423693,56.269777,56.743744,5162000
2022-07-26,56.657746,56.669746,54.781887,54.985874,6587500
2022-07-27,56.027797,57.675672,55.797811,57.335697,3706000
2022-07-28,57.223706,58.50161,56.731742,58.403618,4884000
2022-07-29,58.457614,59.169559,57.985649,59.057568,3430000
2022-08-01,58.437615,59.549531,58.055644,59.003571,3707500
2022-08-02,58.425615,59.661522,58.281624,59.101562,3449000
2022-08-03,59.66552,61.139413,59.635524,60.995422,4169000
2022-08-04,60.619452,61.119414,60.049495,61.103416,3734000
2022-08-05,59.979501,61.45339,59.941502,61.219406,5121000
2022-08-08,61.425392,62.303325,61.055421,61.223408,6944000
2022-08-09,60.915428,60.915428,59.989499,60.299477,8625000
2022-08-10,61.895357,62.731293,61.895357,62.583305,8989000
2022-08-11,63.133263,63.475237,61.717369,61.873356,4078500
2022-08-12,62.435312,63.103265,61.975348,63.069267,2558000
2022-08-15,62.717294,63.585229,62.717294,63.44524,2265500
2022-08-16,63.185257,63.385243,62.163334,63.081264,3620000
2022-08-17,62.277329,62.563307,61.697371,62.035347,4208000
2022-08-18,61.97535,62.231331,61.637374,61.983349,2890000
2022-08-19,61.495386,61.495386,60.335474,60.609451,5002000
2022-08-22,59.507535,59.759515,58.77159,58.961575,8552500
2022-08-23,58.951579,59.635526,58.81159,58.833588,4249000
2022-08-24,59.31155,59.799512,59.053566,59.209557,2801500
2022-08-25,59.143559,59.733515,58.667597,59.709518,3109000
2022-08-26,59.737517,59.931503,57.551681,57.591679,7878500
2022-08-29,56.891732,57.637674,56.697746,56.745743,2719000
2022-08-30,57.125714,57.44569,55.999799,56.62775,5341000
2022-08-31,57.215706,57.611676,56.123785,56.251778,4394000
2022-09-01,55.733815,55.733815,54.35592,55.44384,6291500
2022-09-02,56.193783,56.565753,54.789886,55.081863,5777000
2022-09-06,55.257854,55.257854,54.287926,54.6479,4561500
2022-09-07,54.531908,55.949801,54.461914,55.779816,3407000
2022-09-08,55.329848,56.639751,55.197858,56.529758,3814000
2022-09-09,57.111714,58.277627,57.111714,58.137634,4526000
2022-09-12,58.507611,58.875584,58.209633,58.875584,5200000
2022-09-13,56.727742,57.129712,56.027798,56.127789,7047500
2022-09-14,56.191781,56.443765,55.649822,56.155785,7188500
2022-09-15,55.065868,55.767815,54.103942,54.345921,13004500
2022-09-16,53.673974,53.673974,52.696046,53.323997,9444500
2022-09-19,52.694048,53.571981,52.682048,53.539982,4972000
2022-09-20,52.894029,53.208008,52.448063,52.75404,3746000
2022-09-21,53.226003,53.929949,52.000097,52.028095,5245000
2022-09-22,51.976098,52.042095,51.052168,51.230156,12396000
2022-09-23,50.644196,51.020168,49.876256,50.452213,10112000
2022-09-26,50.488213,51.352147,50.036247,50.14024,8456500
2022-09-27,51.058169,51.340149,49.924255,50.52821,8469000
2022-09-28,50.490208,51.842108,50.380216,51.618126,11251000
2022-09-29,50.862182,51.144159,50.200229,50.754189,12132000
2022-09-30,50.818185,51.606128,50.022247,50.022247,6760500
2022-10-03,50.360217,51.748113,50.216231,51.466137,5054500
2022-10-04,52.474061,53.57598,52.460062,53.401989,7880500
2022-10-05,52.502059,53.915951,52.282075,53.613976,4605500
2022-10-06,53.331995,54.243929,53.238004,53.455986,4331500
2022-10-07,52.47606,52.47606,51.03617,51.326149,7363500
2022-10-10,51.30815,51.42814,49.43429,49.872257,8086000
2022-10-11,49.602276,49.806263,48.49036,48.998322,9947000
2022-10-12,48.980324,49.442287,48.560353,49.02832,7349500
2022-10-13,47.424442,50.038244,47.078467,49.71027,6990000
2022-10-14,50.36622,50.534207,48.336374,48.406368,6353000
2022-10-17,49.684269,50.628199,49.684269,50.250229,7184500
2022-10-18,51.836111,52.026096,50.490212,51.102165,10092000
2022-10-19,50.704194,51.308149,50.226229,50.51421,4017000
2022-10-20,50.526207,51.904106,50.474213,50.884182,5436500
2022-10-21,50.660198,51.888102,50.162234,51.772114,5791500
2022-10-24,52.034094,52.39607,51.078169,52.218082,8557500
2022-10-25,52.494061,53.613976,52.494061,53.519981,8506000
2022-10-26,52.186084,53.977949,51.946104,52.582054,6710500
2022-10-27,53.427989,53.799963,52.668047,52.90403,6095500
2022-10-28,52.740043,53.943955,52.414068,53.853962,8188000
2022-10-31,53.357994,53.943953,53.104016,53.515984,4038000
2022-11-01,54.193935,54.48991,52.542059,52.816036,2437500
2022-11-02,52.754042,52.844035,50.370222,50.394218,9192500
2022-11-03,49.716268,50.332219,49.070317,49.13031,12944500
2022-11-04,49.616276,49.672272,47.312452,48.350372,9119000
2022-11-07,48.61035,49.112315,47.852407,48.992321,5672000
2022-11-08,49.032319,50.478209,48.814336,49.648273,14403500
2022-11-09,49.206307,49.296301,48.452366,48.556358,6832500
2022-11-10,51.544132,53.024021,51.488137,52.966026,11638000
2022-11-11,53.074015,54.635898,52.828035,54.321922,8497500
2022-11-14,53.745965,54.277926,53.108012,53.653973,6004000
2022-11-15,55.147861,55.403842,54.415914,54.889881,7187000
2022-11-16,54.583907,54.595903,53.475988,53.751968,6459000
2022-11-17,52.568053,53.136011,52.198082,52.606052,4492000
2022-11-18,53.677972,53.677972,51.928103,52.370071,4495500
2022-11-21,52.018095,52.254077,51.516133,51.732117,4927500
2022-11-22,51.886105,52.680044,51.29415,52.654049,5150500
2022-11-23,52.384069,53.69797,52.254078,53.425991,7072500
2022-11-25,53.248001,53.449986,53.092015,53.301998,1539500
2022-11-28,53.082014,53.505982,52.354072,52.498058,4633500
2022-11-29,52.456061,52.540055,51.830109,52.088089,6888500
2022-11-30,51.756113,54.385917,51.668122,54.373917,8337000
2022-12-01,54.425914,55.121861,54.019943,54.977871,10239000
2022-12-02,53.813961,54.541907,53.543981,54.369919,7379500
2022-12-05,53.991945,54.041945,52.026093,52.342072,6166000
2022-12-06,52.430064,52.430064,51.074167,51.45414,8329000
2022-12-07,51.438141,51.84811,50.950175,51.186157,5999500
2022-12-08,51.546132,52.388068,50.938179,52.112091,5333000
2022-12-09,51.888105,52.374069,51.58613,51.86211,3442000
2022-12-12,51.9481,53.118014,51.9481,53.100014,5671000
2022-12-13,55.587826,55.817808,53.43799,53.963947,13890000
2022-12-14,53.879957,54.745893,53.292003,53.847961,7024500
2022-12-15,52.784039,53.140015,51.746118,51.972103,9474500
2022-12-16,51.870107,52.382069,51.284148,51.580128,4992500
2022-12-19,51.57013,51.602125,50.536207,50.818184,4721000
2022-12-20,50.386218,51.44014,50.37022,51.084167,5328000
2022-12-21,51.220154,51.950098,50.612201,51.676121,5306000
2022-12-22,50.950176,51.02617,49.876259,50.686195,6948000
2022-12-23,50.444215,50.688196,49.970247,50.658195,1919000
2022-12-27,50.384221,50.620203,49.854262,50.344223,6627500
2022-12-28,50.372218,50.722194,49.714266,49.792263,3872500
2022-12-29,50.126237,51.426139,50.08624,51.264153,4344000
2022-12-30,50.606201,51.192156,50.474211,51.166157,4248500
2023-01-03,51.652121,52.502059,50.726191,51.272152,5457500
2023-01-04,51.874104,51.994098,51.000173,51.626125,5166000
2023-01-05,51.00617,51.05617,49.794263,49.966251,6842500
2023-01-06,50.346219,50.948175,49.372293,50.710194,6585000
2023-01-09,51.228155,52.670048,51.228155,51.756115,5766500
2023-01-10,51.338147,51.974101,51.214156,51.808113,3188000
2023-01-11,51.902101,52.644046,51.696119,52.636047,4248000
2023-01-12,52.906028,53.084016,51.782112,53.054016,6381000
2023-01-13,52.416063,53.269999,52.268075,53.202007,4021500
2023-01-17,53.010022,53.573979,52.668049,53.381996,6118500
2023-01-18,53.647975,54.221933,52.624049,52.714043,5724500
2023-01-19,52.168087,52.784038,52.056096,52.318073,4710000
2023-01-20,52.632053,54.067943,52.390071,54.003948,5963000
2023-01-23,54.407915,55.309848,53.995947,55.243855,8299500
2023-01-24,55.083867,55.379842,54.677895,54.89188,3474500
2023-01-25,53.795962,54.959876,53.072017,54.797886,8989500
2023-01-26,55.507834,56.187784,55.055869,56.153786,8012000
2023-01-27,55.919804,56.831734,55.759816,56.433765,5711500
2023-01-30,55.783813,56.077793,55.33385,55.469837,6271500
2023-01-31,55.631828,56.455764,55.509835,56.389771,4072500
2023-02-01,56.471764,58.327623,56.009797,57.997646,13393000
2023-02-02,59.081563,60.017493,58.861582,59.447536,13025500
2023-02-03,58.017645,58.851582,57.557681,57.795662,9288500
2023-02-06,57.03172,57.541684,56.749744,56.895733,6513500
2023-02-07,57.063719,58.439616,56.585755,58.215633,5984500
2023-02-08,58.289625,58.863584,57.613677,57.757668,6396500
2023-02-09,58.697596,58.951579,57.457691,57.71167,5983500
2023-02-10,56.967726,57.309699,56.463762,56.941727,6888500
2023-02-13,57.221708,57.923655,57.085717,57.803661,5991000
2023-02-14,57.729668,58.829584,57.417691,58.449612,7007000
2023-02-15,58.11964,59.103567,58.103642,59.081566,6133000
2023-02-16,57.757665,58.425614,57.569679,57.617676,6088500
2023-02-17,57.093716,57.255703,56.37177,56.945728,5234000
2023-02-21,56.023794,56.401764,55.659823,55.793812,10623000
2023-02-22,56.105789,56.729743,56.075793,56.361771,5048000
2023-02-23,56.903729,57.055718,56.057792,56.857731,7263500
2023-02-24,55.503835,55.987799,55.333849,55.667824,6076500
2023-02-27,56.141787,56.38377,55.593828,55.721821,4675500
2023-02-28,55.591827,56.061793,55.591827,55.787811,4378500
2023-03-01,55.571828,55.893803,55.163858,55.337845,3991500
2023-03-02,55.84781,56.831734,55.72182,56.679745,5684500
2023-03-03,57.055718,57.797659,56.953725,57.727665,5886000
2023-03-06,58.029646,58.603604,57.647674,57.695671,5300500
2023-03-07,57.611676,58.209631,57.011719,57.119713,3500000
2023-03-08,57.033719,57.44769,56.867735,57.251705,3452000
2023-03-09,57.309698,57.791664,55.893804,55.959801,3935500
2023-03-10,55.563831,55.70382,54.115938,54.445915,11675500
2023-03-13,53.963947,55.421838,53.517982,54.777889,7137000
2023-03-14,55.531832,56.199781,55.375845,56.015797,5106000
2023-03-15,55.403842,55.9358,55.177858,55.905804,8313000
2023-03-16,56.009796,57.58368,55.905804,57.437691,6710500
2023-03-17,57.523682,57.889656,56.819736,57.221706,5277000
2023-03-20,57.127714,57.341699,56.64175,57.253704,6077000
2023-03-21,57.595676,58.463611,57.281701,58.303623,5705000
2023-03-22,58.365618,58.839585,57.093714,57.121712,3737000
2023-03-23,57.817659,58.783586,57.593677,57.993649,2936000
2023-03-24,57.895656,58.247627,57.543682,58.197632,3957500
2023-03-27,58.23163,58.723594,57.889657,58.251629,3323500
2023-03-28,58.207632,58.227627,57.709668,58.031643,2702500
2023-03-29,58.499611,59.129561,58.493611,59.061569,3465000
2023-03-30,59.479536,59.661522,59.137559,59.457539,2665500
2023-03-31,59.495534,60.935425,59.495534,60.935425,4561500
2023-04-03,60.461463,60.595452,60.025495,60.497459,4405000
2023-04-04,60.701447,60.993425,60.313476,60.50346,3256500
2023-04-05,60.247478,60.389469,59.177558,59.729519,4376500
2023-04-06,59.207559,59.959502,58.871582,59.939503,3475000
2023-04-10,59.473537,59.913503,58.955574,59.873505,3637000
2023-04-11,59.549534,59.83151,59.145565,59.547531,2436000
2023-04-12,60.079493,60.333475,59.367548,59.443542,2997500
2023-04-13,59.699519,60.62945,59.699519,60.551456,3838500
2023-04-14,59.915503,60.575457,59.641525,60.253479,4327000
2023-04-17,60.279475,60.703443,60.145487,60.523457,3176500
2023-04-18,60.981424,61.121413,60.437466,60.651447,2007000
2023-04-19,60.195482,60.637446,60.115486,60.523457,1647500
2023-04-20,59.973499,60.539454,59.837507,60.065491,2438000
2023-04-21,59.999498,60.313473,59.725516,60.169483,2075000
2023-04-24,60.069492,60.325473,59.281549,59.753513,2753500
2023-04-25,59.271554,59.271554,57.921653,57.96365,5730000
2023-04-26,58.393618,58.837585,57.939653,58.117641,4673000
2023-04-27,58.353623,59.217557,58.181635,59.073566,3715000
2023-04-28,58.727589,59.475534,58.481609,59.295547,6194000
2023-05-01,59.111566,59.563532,58.979576,59.181561,3309500
2023-05-02,59.245553,59.245553,58.133637,58.33762,3924000
2023-05-03,58.417618,58.613603,57.71767,57.763668,2967500
2023-05-04,57.781664,58.057645,57.367698,57.509686,2642000
2023-05-05,57.881656,58.773588,57.869656,58.637596,2971000
2023-05-08,58.581602,58.893579,58.35162,58.861584,3013000
2023-05-09,58.797584,59.303547,58.74559,59.047565,2653000
2023-05-10,59.779514,60.09949,59.393542,59.883507,4112000
2023-05-11,59.793512,59.895506,59.263553,59.56353,2528000
2023-05-12,59.533529,59.691518,58.973573,59.449535,2407500
2023-05-15,59.209557,60.079491,59.169559,60.079491,1947000
2023-05-16,59.621527,60.139489,59.621527,59.899506,2575500
2023-05-17,60.219478,61.195407,60.049493,61.12941,4588500
2023-05-18,61.315397,62.659297,61.295398,62.601299,5594500
2023-05-19,62.575305,62.783286,62.307324,62.569305,2647500
2023-05-22,62.703293,63.215256,62.429311,62.959274,4859500
2023-05-23,62.781287,62.975273,61.905353,61.951351,3305500
2023-05-24,61.345395,61.963349,61.311401,61.663372,2029000
2023-05-25,62.579304,63.529234,62.305326,63.19326,4287500
2023-05-26,63.633226,65.065118,63.617229,64.675148,4718000
2023-05-30,65.773064,66.113034,64.907131,65.16111,4828500
2023-05-31,64.721143,65.673075,64.603155,65.595078,8349000
2023-06-01,64.701148,66.053044,64.269181,65.607079,2743000
2023-06-02,66.021043,66.417009,65.541075,66.031044,4195000
2023-06-05,65.929049,66.826984,65.573081,66.471008,4130000
2023-06-06,66.389017,66.872982,66.315025,66.617004,3091000
2023-06-07,66.674004,67.017998,64.400002,64.596001,8366500
2023-06-08,64.482002,65.706001,64.482002,65.456001,3597000
2023-06-09,66.028,66.879997,65.678001,66.052002,3019000
2023-06-12,66.741997,67.624001,66.624001,67.620003,4245000
2023-06-13,68.949997,68.949997,67.582001,68.07,4010500
2023-06-14,67.947998,68.783997,67.730003,68.486,3305000
2023-06-15,68.0,70.110001,67.977997,69.879997,4845000
2023-06-16,70.589996,70.793999,69.297997,69.458,6018500
2023-06-20,68.846001,69.458,68.237999,68.807999,4745000
2023-06-21,68.559998,68.844002,67.283997,67.536003,7351500
2023-06-22,67.152,67.942001,67.117996,67.905998,4538500
2023-06-23,67.106003,67.709999,66.933998,67.342003,4261500
2023-06-26,67.150002,67.949997,66.767998,66.767998,3681500
2023-06-27,67.18,68.328003,67.082001,68.059998,2576000
2023-06-28,67.718002,68.776001,67.718002,68.410004,2732500
2023-06-29,68.459999,68.552002,67.991997,68.400002,3417000
2023-06-30,68.940002,69.594002,68.940002,69.181999,2889500
2023-07-03,68.949997,69.0,68.468002,68.82,1019500
2023-07-05,68.503998,68.980003,68.334,68.806,1641000
2023-07-06,67.862,68.141998,67.374001,68.085999,1825500
2023-07-07,67.816002,68.727997,67.816002,67.945999,2526000
2023-07-10,67.774002,69.138,67.774002,69.122002,8713500
2023-07-11,69.393997,70.286003,68.907997,70.139999,5818500
2023-07-12,70.772003,70.998001,69.944,70.524002,5029500
2023-07-13,71.085999,71.856003,70.998001,71.690002,3923000
2023-07-14,71.765999,72.433998,71.496002,71.737999,5470000
2023-07-17,71.945999,72.875999,71.685997,72.636002,4647500
2023-07-18,72.300003,73.599998,71.984001,73.314003,4822000
2023-07-19,73.762001,74.311996,73.124001,73.402,9163000
2023-07-20,72.639999,73.318001,71.449997,71.606003,9468000
2023-07-21,72.166,72.690002,71.603996,71.792,3827000
2023-07-24,71.886002,72.038002,71.054001,71.57,3077000
2023-07-25,71.435997,72.379997,71.435997,72.113998,4022500
2023-07-26,71.711998,71.802002,70.944,71.416,4452000
2023-07-27,72.426003,72.543999,70.568001,70.862,2758000
2023-07-28,71.466003,72.029999,71.218002,71.891998,2367000
2023-07-31,72.008003,72.867996,72.008003,72.867996,2963500
2023-08-01,72.353996,73.092003,72.043999,72.903999,2631000
2023-08-02,71.82,71.82,70.047997,70.592003,7823000
2023-08-03,69.928001,70.522003,69.896004,70.132004,4218500
2023-08-04,70.272003,70.398003,69.246002,69.348,4409000
2023-08-07,69.524002,69.800003,69.178001,69.790001,2543000
2023-08-08,68.636002,68.856003,67.935997,68.652,3914500
2023-08-09,68.57,68.706001,67.540001,67.862,3551000
2023-08-10,68.538002,69.272003,67.879997,68.300003,5805000
2023-08-11,67.615997,68.463997,67.615997,68.195999,2816500
2023-08-14,67.844002,69.084,67.828003,69.084,6328000
2023-08-15,68.914001,69.075996,68.283997,68.491997,6497000
2023-08-16,68.223999,68.802002,67.874001,67.902,2761000
2023-08-17,68.033997,68.225998,66.793999,66.870003,2822500
2023-08-18,66.003998,67.349998,66.001999,67.143997,3235500
2023-08-21,67.594002,68.482002,67.594002,68.335999,3542000
2023-08-22,68.795998,68.938004,68.153999,68.279999,3220500
2023-08-23,68.655998,69.781998,68.444,69.402,3614500
2023-08-24,70.363998,70.363998,67.823997,67.828003,4454000
2023-08-25,68.127998,69.440002,67.842003,69.171997,4251000
2023-08-28,69.599998,69.844002,69.150002,69.503998,2107000
2023-08-29,69.288002,70.875999,69.288002,70.851997,2809000
2023-08-30,70.762001,71.498001,70.697998,71.486,2927000
2023-08-31,71.949997,72.444,71.760002,72.005997,4126000
2023-09-01,72.393997,72.751999,72.031998,72.342003,2618500
2023-09-05,72.036003,72.823997,71.870003,72.694,4202500
2023-09-06,72.416,73.0,72.232002,72.797997,2373500
2023-09-07,72.139999,72.783997,71.849998,72.625999,3551500
2023-09-08,72.891998,73.148003,72.592003,72.758003,3743500
2023-09-11,73.358002,73.417999,72.781998,73.348,3482500
2023-09-12,71.980003,72.276001,71.199997,71.236,3490500
2023-09-13,71.166,71.678001,70.902,71.386002,2805000
2023-09-14,71.867996,71.973999,71.113998,71.737999,2597500
2023-09-15,71.036003,71.356003,70.122002,70.384003,5079000
2023-09-18,69.966003,70.596001,69.963997,70.356003,3121000
2023-09-19,70.183998,70.295998,69.512001,70.269997,1779000
2023-09-20,70.639999,70.809998,69.612,69.636002,2250000
2023-09-21,68.886002,69.248001,67.973999,67.998001,2920000
2023-09-22,68.264,68.711998,68.024002,68.113998,2544500
2023-09-25,67.762001,68.204002,67.629997,68.099998,1945000
2023-09-26,67.522003,67.858002,66.797997,67.017998,2913000
2023-09-27,67.230003,67.809998,66.898003,67.470001,3011000
2023-09-28,66.898003,68.393997,66.641998,67.986,2359000
2023-09-29,68.498001,69.206001,68.099998,68.251999,3191500
2023-10-02,68.286003,68.942001,68.122002,68.629997,2793500
2023-10-03,68.0,68.459999,66.606003,66.907997,2648000
2023-10-04,67.113998,68.152,67.113998,67.989998,5246000
2023-10-05,67.973999,68.0,67.078003,67.905998,2460500
2023-10-06,67.316002,69.994003,67.316002,69.739998,3219500
2023-10-09,69.360001,70.332001,69.127998,70.204002,3060500
2023-10-10,70.306,71.106003,70.106003,70.529999,4282000
2023-10-11,70.774002,71.199997,70.386002,70.926003,2314500
2023-10-12,71.169998,71.524002,70.167999,70.632004,3318000
2023-10-13,70.585999,70.902,69.547997,69.856003,2326500
2023-10-16,70.068001,71.127998,70.054001,70.657997,3766500
2023-10-17,69.958,71.407997,69.837997,71.015999,6538000
2023-10-18,70.702003,71.061996,69.806,69.947998,2565500
2023-10-19,70.103996,70.818001,69.384003,69.510002,3308000
2023-10-20,69.283997,69.400002,67.332001,67.753998,6432500
2023-10-23,67.183998,68.463997,66.75,67.758003,3691500
2023-10-24,68.124001,68.744003,67.543999,68.375999,2290000
2023-10-25,68.264,68.375999,66.346001,66.542,5270500
2023-10-26,66.708,67.332001,65.428001,65.865997,6060000
2023-10-27,66.328003,66.559998,65.662003,65.837997,3493000
2023-10-30,66.248001,67.010002,66.064003,66.711998,4084000
2023-10-31,66.828003,67.653999,66.472,67.489998,3277000
2023-11-01,67.517998,68.148003,67.143997,68.045998,7905500
2023-11-02,68.870003,69.239998,68.617996,69.232002,8049000
2023-11-03,69.054001,70.293999,68.779999,69.961998,8740500
2023-11-06,69.982002,70.136002,69.040001,69.797997,8203000
2023-11-07,70.468002,71.697998,70.407997,71.209999,4412000
2023-11-08,71.421997,71.902,71.160004,71.692001,2822000
2023-11-09,72.0,72.278,71.024002,71.084,3612000
2023-11-10,71.316002,72.882004,71.127998,72.853996,3327000
2023-11-13,72.575996,73.117996,72.32,72.928001,3500500
2023-11-14,74.762001,75.036003,74.050003,74.928001,4520000
2023-11-15,75.222,75.222,74.260002,74.510002,3603000
2023-11-16,74.042,74.842003,73.931999,74.542,2781000
2023-11-17,74.599998,74.935997,74.375999,74.781998,2595000
2023-11-20,74.896004,76.078003,74.896004,75.93,3198000
2023-11-21,75.598,76.019997,75.307999,75.902,9361500
2023-11-22,76.398003,76.568001,75.734001,75.886002,9302000
2023-11-24,75.896004,76.134003,75.582001,76.134003,1492500
2023-11-27,75.972,76.561996,75.769997,76.099998,7321000
2023-11-28,75.800003,76.713997,75.786003,76.540001,3985500
2023-11-29,77.543999,78.232002,77.543999,77.767998,3940500
2023-11-30,78.559998,79.075996,77.405998,78.393997,5759500
2023-12-01,78.204002,79.510002,78.103996,79.484001,4940000
2023-12-04,78.540001,78.816002,77.536003,78.5,4778000
2023-12-05,77.82,78.487999,77.584,78.487999,1675000
2023-12-06,79.015999,79.015999,77.598,77.68,1866000
2023-12-07,77.804001,78.171997,77.400002,78.089996,2846000
2023-12-08,77.606003,78.851997,77.606003,78.737999,1430000
2023-12-11,78.842003,79.639999,78.620003,79.542,8567500
2023-12-12,79.024002,79.708,78.711998,79.683998,3920000
2023-12-13,79.835999,80.730003,79.400002,80.610001,6070000
2023-12-14,80.461998,80.779999,78.879997,79.529999,3805000
2023-12-15,79.367996,80.522003,79.367996,80.302002,5160500
2023-12-18,80.232002,81.157997,80.232002,80.916,3011000
2023-12-19,81.036003,81.526001,80.989998,81.419998,2338000
2023-12-20,81.162003,81.711998,80.211998,80.253998,2087000
2023-12-21,81.001999,81.398003,80.650002,81.348,1669000
2023-12-22,81.753998,81.753998,81.084,81.498001,1545000
2023-12-26,81.699997,81.842003,81.452003,81.758003,1264000
2023-12-27,81.683998,81.945999,81.421997,81.695999,2180000
2023-12-28,81.755997,81.823997,81.528,81.667999,2213500
2023-12-29,81.706001,81.853996,80.804001,81.127998,1700000
2024-01-02,80.237999,80.414001,78.342003,78.874001,4931500
2024-01-03,77.984001,78.337997,77.519997,77.601997,3369500
2024-01-04,77.580002,77.996002,77.311996,77.405998,2423500
2024-01-05,77.424004,78.017998,77.139999,77.311996,3436000
2024-01-08,77.779999,79.472,77.779999,79.421997,2212000
2024-01-09,79.054001,80.117996,78.977997,79.744003,2218500
2024-01-10,80.125999,81.056,79.912003,80.837997,4335000
2024-01-11,81.311996,81.853996,80.304001,81.489998,2452500
2024-01-12,81.723999,82.117996,81.360001,81.736,2186500
2024-01-16,81.515999,82.078003,81.136002,81.711998,1857500
2024-01-17,81.082001,81.438004,80.031998,81.358002,3967500
2024-01-18,81.956001,82.269997,81.416,82.188004,2445000
2024-01-19,82.622002,83.674004,82.403999,83.674004,2258500
2024-01-22,84.351997,85.087997,84.290001,84.438004,3400500
2024-01-23,84.853996,84.853996,83.933998,84.601997,4458500
2024-01-24,85.585999,85.753998,84.545998,84.571999,4159000
2024-01-25,85.468002,85.468002,84.306,84.809998,2095500
2024-01-26,84.713997,85.321999,84.431999,84.662003,1425500
2024-01-29,84.603996,86.344002,84.603996,86.344002,3083000
2024-01-30,86.334,86.372002,85.694,85.956001,3464500
2024-01-31,85.353996,85.456001,84.036003,84.075996,3402000
2024-02-01,84.848,85.400002,84.232002,85.248001,3283500
2024-02-02,85.43,86.099998,84.793999,85.875999,1856500
2024-02-05,85.896004,85.952003,84.416,85.332001,1777500
2024-02-06,85.718002,85.865997,84.307999,85.185997,1930500
2024-02-07,86.0,86.832001,85.568001,86.547997,1638000
2024-02-08,86.725998,87.561996,86.657997,87.438004,2139000
2024-02-09,88.365997,88.818001,87.898003,88.402,2319000
2024-02-12,88.655998,88.655998,87.334,87.482002,2218000
2024-02-13,84.781998,86.255997,84.25,85.533997,3384000
2024-02-14,86.660004,87.302002,86.300003,87.227997,1609000
2024-02-15,87.755997,87.767998,86.708,87.099998,1535000
2024-02-16,87.026001,87.026001,85.489998,85.554001,3883500
2024-02-20,84.723999,85.251999,83.468002,84.496002,4730000
2024-02-21,82.015999,82.160004,81.269997,82.127998,6011000
2024-02-22,84.477997,84.884003,84.075996,84.227997,4771000
2024-02-23,84.739998,85.127998,84.220001,84.68,2841000
2024-02-26,85.174004,86.216003,84.924004,85.496002,4134000
2024-02-27,86.057999,86.057999,84.910004,85.545998,1932000
2024-02-28,85.136002,85.639999,84.905998,85.398003,1731000
2024-02-29,85.865997,86.276001,85.272003,86.054001,3131000
2024-03-01,86.365997,86.949997,85.568001,86.914001,3402500
2024-03-04,86.578003,86.891998,86.419998,86.547997,1665000
2024-03-05,85.615997,85.692001,82.737999,83.239998,6909000
2024-03-06,84.940002,85.099998,83.678001,84.412003,5416500
2024-03-07,85.150002,85.650002,84.220001,85.410004,1772900
2024-03-08,85.639999,86.349998,84.650002,84.93,1910400
2024-03-11,84.470001,85.510002,84.290001,85.160004,3155000
2024-03-12,86.029999,87.169998,85.580002,87.029999,3046200
2024-03-13,86.970001,87.089996,86.279999,86.400002,2322900
2024-03-14,86.82,86.889999,85.410004,85.970001,4788200
2024-03-15,84.230003,84.519997,83.260002,83.559998,5312200
2024-03-18,83.980003,84.889999,83.980003,84.510002,2969500
2024-03-19,84.190002,85.160004,83.669998,85.129997,5379700
2024-03-20,85.370003,86.150002,84.940002,85.949997,3724500
2024-03-21,86.910004,87.290001,86.5,86.559998,4347900
2024-03-22,86.489998,86.550003,85.629997,85.989998,1644100
2024-03-25,85.459999,85.980003,85.199997,85.690002,1418500
2024-03-26,85.900002,86.339996,85.739998,85.849998,1108600
2024-03-27,86.449997,86.639999,84.940002,85.389999,1947200
2024-03-28,85.459999,85.919998,85.230003,85.269997,2068800
2024-04-01,85.519997,85.730003,84.540001,85.019997,2502800
2024-04-02,83.629997,84.190002,83.18,84.120003,1897500
2024-04-03,83.68,84.870003,83.68,84.269997,1716400
2024-04-04,85.169998,85.760002,83.199997,83.279999,3397400
2024-04-05,83.290001,84.769997,83.290001,84.169998,10464500
2024-04-08,84.199997,84.639999,83.709999,84.459999,2396500
2024-04-09,84.830002,84.980003,83.879997,84.699997,2165000
2024-04-10,83.269997,83.870003,83.199997,83.589996,4779400
2024-04-11,83.860001,84.440002,83.209999,84.139999,3059300
2024-04-12,83.300003,83.419998,82.440002,82.760002,5572300
2024-04-15,83.050003,83.050003,80.269997,80.480003,5380400
2024-04-16,80.449997,81.269997,80.129997,80.699997,4494100
2024-04-17,80.900002,81.190002,80.019997,80.059998,3100400
2024-04-18,80.279999,80.470001,79.309998,79.5,4622700
2024-04-19,79.440002,79.720001,78.230003,78.529999,4199000
2024-04-22,79.269997,79.760002,78.400002,79.480003,5243600
2024-04-23,79.779999,81.110001,79.660004,80.860001,3410500
2024-04-24,81.18,81.550003,80.379997,80.940002,2422800
2024-04-25,79.580002,80.400002,78.989998,80.190002,4400100
2024-04-26,80.860001,81.830002,80.629997,81.089996,3172600
2024-04-29,81.419998,81.690002,80.459999,80.959999,2084800
2024-04-30,80.510002,80.610001,78.93,78.93,3212100
2024-05-01,79.0,80.760002,78.379997,79.07,6727800
2024-05-02,79.910004,80.07,78.660004,79.910004,3055400
2024-05-03,80.900002,81.169998,80.43,80.870003,3341100
2024-05-06,81.080002,82.040001,81.080002,81.989998,1631800
2024-05-07,81.650002,82.019997,81.059998,81.550003,2354400
2024-05-08,81.150002,81.519997,81.010002,81.209999,2488400
2024-05-09,81.169998,81.459999,80.849998,81.160004,2617100
2024-05-10,81.339996,82.089996,81.32,81.389999,2025100
2024-05-13,81.879997,81.919998,81.330002,81.489998,1999000
2024-05-14,81.25,82.110001,81.25,81.970001,6244500
2024-05-15,82.730003,84.160004,82.720001,84.029999,4114100
2024-05-16,84.050003,84.25,83.650002,83.790001,3163400
2024-05-17,83.879997,84.269997,83.760002,84.269997,2293700
2024-05-20,84.360001,85.129997,84.160004,85.129997,2111600
2024-05-21,84.589996,84.800003,84.209999,84.470001,2439500
2024-05-22,84.419998,84.919998,83.989998,84.480003,2473200
2024-05-23,85.199997,85.220001,83.389999,83.720001,2855500
2024-05-24,82.879997,83.269997,82.239998,82.900002,2957400
2024-05-28,82.800003,82.800003,81.910004,82.339996,4628100
2024-05-29,81.360001,82.379997,81.349998,82.110001,5058200
2024-05-30,79.779999,79.779999,77.25,77.360001,11833200
2024-05-31,77.650002,78.089996,76.099998,78.089996,9925600
2024-06-03,78.43,78.910004,77.080002,77.940002,4237500
2024-06-04,77.879997,78.419998,77.739998,78.269997,6180100
2024-06-05,79.040001,80.050003,78.519997,80.040001,9787400
2024-06-06,79.93,80.860001,79.93,80.269997,4067000
2024-06-07,80.0,80.669998,79.760002,80.379997,2933500
2024-06-10,80.150002,80.779999,80.0,80.610001,8923000
2024-06-11,80.220001,80.970001,79.790001,80.879997,3778000
2024-06-12,82.449997,83.150002,82.25,82.720001,4387000
2024-06-13,82.760002,82.849998,81.68,81.849998,3577100
2024-06-14,82.5,83.129997,82.5,83.040001,4250200
2024-06-17,83.0,83.989998,82.360001,83.760002,3840600
2024-06-18,83.57,84.129997,83.510002,84.040001,2420400
2024-06-20,84.160004,84.400002,83.699997,83.93,3019600
2024-06-21,84.279999,84.809998,83.699997,84.769997,3391200
2024-06-24,84.230003,84.690002,83.879997,83.900002,4082800
2024-06-25,84.199997,84.610001,83.910004,84.559998,2130300
2024-06-26,84.230003,84.970001,84.129997,84.660004,1630100
2024-06-27,84.910004,86.910004,84.730003,86.459999,5988800
2024-06-28,86.769997,87.510002,86.540001,86.900002,5720200
2024-07-01,87.040001,87.419998,86.139999,87.339996,3467300
2024-07-02,86.919998,87.870003,86.900002,87.769997,2483700
2024-07-03,87.730003,88.110001,87.669998,87.879997,2319900
2024-07-05,87.82,88.970001,87.809998,88.93,2282100
2024-07-08,88.589996,88.769997,87.790001,88.080002,3729600
2024-07-09,87.830002,88.040001,86.489998,86.68,4585300
2024-07-10,86.620003,86.739998,85.669998,86.669998,6804900
2024-07-11,86.93,87.730003,86.18,86.419998,4911200
2024-07-12,86.300003,87.639999,86.199997,87.32,6838300
2024-07-15,87.470001,88.5,87.300003,87.949997,5083500
2024-07-16,87.809998,88.370003,87.580002,88.239998,6213900
2024-07-17,87.269997,87.269997,86.019997,86.32,5830100
2024-07-18,86.540001,86.650002,84.510002,85.029999,3888500
2024-07-19,84.519997,85.239998,84.419998,84.849998,3342000
2024-07-22,85.32,85.830002,84.839996,85.620003,4321100
2024-07-23,85.870003,86.540001,85.669998,85.800003,5813900
2024-07-24,84.75,85.300003,82.769997,82.889999,3675200
2024-07-25,83.82,85.410004,82.730003,83.720001,5082500
2024-07-26,84.290001,85.290001,84.089996,84.769997,2456500
2024-07-29,85.099998,85.330002,84.230003,84.269997,4303200
2024-07-30,84.470001,84.970001,82.650002,83.459999,3014500
2024-07-31,84.610001,85.25,84.300003,84.620003,3591000
2024-08-01,84.580002,85.519997,82.260002,82.980003,3590000
2024-08-02,80.669998,80.82,79.169998,80.209999,11362700
2024-08-05,75.959999,79.120003,75.959999,77.940002,6484400
2024-08-06,79.089996,80.209999,78.510002,79.110001,5303900
2024-08-07,80.660004,81.550003,78.889999,78.949997,3166400
2024-08-08,80.239998,81.720001,79.669998,81.559998,5824000
2024-08-09,81.459999,82.629997,81.389999,82.470001,2404100
2024-08-12,82.559998,82.720001,81.599998,81.940002,2112200
2024-08-13,82.379997,83.599998,82.370003,83.410004,6022300
2024-08-14,83.400002,84.279999,83.129997,83.879997,1749200
2024-08-15,84.660004,85.510002,84.660004,85.419998,2546500
2024-08-16,85.18,85.720001,84.949997,85.519997,1467200
2024-08-19,85.519997,86.5,85.400002,86.5,1983400
2024-08-20,86.529999,87.07,86.459999,86.690002,1807000
2024-08-21,86.650002,87.260002,86.440002,87.220001,3858900
2024-08-22,87.32,87.739998,85.779999,85.879997,1732800
2024-08-23,86.720001,86.830002,85.449997,86.370003,3014700
2024-08-26,86.18,86.730003,85.910004,86.089996,2748600
2024-08-27,85.309998,86.459999,85.309998,86.32,1908100
2024-08-28,85.959999,86.309998,84.790001,85.25,3112200
2024-08-29,86.360001,87.610001,86.190002,86.290001,3924400
2024-08-30,86.889999,87.0,85.910004,86.800003,2864600
2024-09-03,86.559998,87.139999,84.459999,84.900002,2432100
2024-09-04,83.919998,85.150002,83.839996,84.709999,2658600
2024-09-05,84.199997,84.889999,83.730003,84.389999,1893400
2024-09-06,84.760002,85.120003,82.830002,83.360001,10428700
2024-09-09,83.959999,84.900002,83.839996,84.410004,4426000
2024-09-10,85.580002,85.830002,84.68,85.75,4886100
2024-09-11,85.440002,86.82,84.199997,86.669998,3133700
2024-09-12,86.860001,87.760002,86.68,87.589996,2895500
2024-09-13,87.330002,87.720001,86.959999,87.330002,3664000
2024-09-16,87.519997,88.349998,87.519997,88.019997,4878600
2024-09-17,88.660004,88.660004,87.339996,87.620003,2641500
2024-09-18,87.639999,88.019997,86.660004,86.870003,3005900
2024-09-19,88.980003,89.580002,88.510002,89.190002,3285300
2024-09-20,88.800003,89.32,88.330002,89.199997,6398600
2024-09-23,89.389999,89.529999,89.040001,89.209999,1528700
2024-09-24,89.480003,89.5,88.449997,89.32,2183500
2024-09-25,89.059998,89.440002,88.720001,88.860001,1675900
2024-09-26,89.839996,89.989998,88.550003,89.32,2506900
2024-09-27,89.32,89.550003,88.900002,89.239998,4171600
2024-09-30,88.849998,89.459999,88.480003,89.370003,2796000
2024-10-01,89.389999,89.519997,87.230003,87.480003,2830500
2024-10-02,87.449997,88.599998,87.309998,88.220001,3442700
2024-10-03,87.68,88.639999,87.68,88.309998,3772900
2024-10-04,89.32,89.919998,88.709999,89.900002,2124100
2024-10-07,89.550003,89.82,88.5,88.68,3368500
2024-10-08,89.07,90.699997,89.07,90.580002,2657200
2024-10-09,90.790001,91.889999,90.589996,91.730003,4216800
2024-10-10,91.379997,92.419998,91.239998,92.360001,6154800
2024-10-11,92.419998,92.989998,92.370003,92.82,2588100
2024-10-14,93.440002,93.690002,92.849998,93.330002,5191800
2024-10-15,93.5,93.57,92.239998,92.43,2487400
2024-10-16,92.379997,92.379997,91.169998,92.0,1738900
2024-10-17,92.730003,92.779999,91.730003,92.07,1426800
2024-10-18,92.230003,92.68,92.0,92.309998,2617500
2024-10-21,91.720001,92.690002,91.57,92.279999,2125800
2024-10-22,91.900002,92.379997,91.779999,92.110001,1680300
2024-10-23,91.860001,92.029999,90.32,90.790001,3619700
2024-10-24,91.529999,92.279999,91.379997,91.790001,1458100
2024-10-25,92.239998,93.290001,91.889999,92.199997,2555400
2024-10-28,92.769997,93.0,92.279999,92.339996,2344700
2024-10-29,92.449997,94.059998,92.370003,93.889999,2185100
2024-10-30,93.900002,94.550003,93.519997,93.669998,2187400
2024-10-31,92.57,92.910004,91.260002,91.260002,3307100
2024-11-01,91.540001,92.93,91.480003,92.260002,3116700
2024-11-04,91.860001,92.639999,91.559998,92.25,1721600
2024-11-05,92.989998,94.050003,92.980003,93.860001,2636400
2024-11-06,96.470001,97.739998,96.269997,97.709999,7199800
2024-11-07,98.599998,100.339996,98.330002,100.160004,5536700
2024-11-08,100.07,101.410004,99.940002,101.239998,4941100
2024-11-11,102.370003,103.68,101.989998,103.589996,11509000
2024-11-12,102.849998,104.290001,102.800003,104.089996,5093300
2024-11-13,104.330002,105.900002,104.18,104.419998,7266900
2024-11-14,104.129997,104.660004,102.919998,103.050003,6237600
2024-11-15,102.059998,102.349998,100.650002,101.129997,6674800
2024-11-18,101.410004,101.769997,100.57,101.120003,2827200
2024-11-19,100.169998,102.669998,99.82,102.519997,5866800
2024-11-20,103.239998,103.540001,101.800003,103.309998,6153700
2024-11-21,104.589996,105.75,103.699997,104.540001,6883500
2024-11-22,104.790001,106.160004,104.529999,106.040001,6795700
2024-11-25,107.400002,107.540001,105.620003,105.790001,7199800
2024-11-26,105.739998,106.599998,105.660004,106.190002,3156800
2024-11-27,105.589996,105.690002,103.540001,104.300003,8332700
2024-11-29,104.650002,105.269997,104.379997,104.760002,1960800
2024-12-02,105.0,105.230003,104.57,104.860001,5737900
2024-12-03,104.309998,105.839996,103.919998,105.769997,4002300
2024-12-04,108.139999,109.879997,107.699997,109.879997,8550000
2024-12-05,109.260002,109.779999,108.459999,108.550003,7697100
2024-12-06,109.370003,110.550003,109.169998,110.050003,6127400
2024-12-09,110.589996,110.839996,107.5,107.769997,9095700
2024-12-10,107.160004,107.919998,105.68,106.169998,4464400
2024-12-11,107.050003,108.209999,106.589996,107.82,7791400
2024-12-12,106.949997,107.610001,106.5,106.849998,3366500
2024-12-13,106.940002,107.07,105.120003,105.769997,4477200
2024-12-16,105.940002,107.110001,105.620003,106.910004,4956800
2024-12-17,106.519997,106.900002,105.610001,105.940002,6660800
2024-12-18,105.910004,105.989998,100.879997,101.18,8398200
2024-12-19,103.050003,103.480003,101.519997,101.57,7808100
2024-12-20,100.419998,104.199997,100.040001,103.620003,5981800
2024-12-23,103.379997,103.629997,101.93,102.919998,3653800
2024-12-24,103.129997,104.139999,103.099998,104.099998,1584200
2024-12-26,103.800003,104.389999,103.230003,103.870003,2311500
2024-12-27,103.260002,103.32,101.139999,102.279999,7467600
2024-12-30,100.669998,101.660004,99.730003,100.940002,5965900
2024-12-31,101.260002,101.440002,99.669998,100.120003,3587500
2025-01-02,101.260002,101.480003,98.980003,99.910004,4741500
2025-01-03,100.379997,101.580002,99.989998,101.470001,3675000
2025-01-06,102.370003,102.739998,101.019997,101.68,4211800
2025-01-07,101.620003,101.699997,98.620003,99.190002,6024300
2025-01-08,98.730003,99.57,98.029999,99.199997,4696700
2025-01-10,97.889999,98.169998,96.709999,97.209999,7773900
2025-01-13,96.029999,96.589996,95.480003,96.360001,5716800
2025-01-14,97.370003,98.07,96.639999,97.410004,4805000
2025-01-15,99.550003,99.760002,98.800003,99.169998,4785700
2025-01-16,99.790001,100.360001,98.970001,99.349998,2913100
2025-01-17,101.43,101.43,100.010002,100.32,3143900
2025-01-21,101.480003,102.269997,100.32,101.949997,4261700
2025-01-22,103.730003,104.339996,103.010002,104.110001,5023400
2025-01-23,103.349998,104.360001,103.209999,104.290001,3530800
2025-01-24,104.779999,104.959999,103.57,103.849998,2380700
2025-01-27,100.849998,103.739998,100.510002,102.129997,10141800
2025-01-28,102.629997,105.57,101.690002,104.989998,13339900
2025-01-29,104.730003,104.849998,102.800003,103.480003,6310200
2025-01-30,102.489998,103.43,102.029999,102.760002,5830400
2025-01-31,103.839996,104.419998,102.540001,102.889999,5224500
2025-02-03,100.720001,103.029999,100.18,102.489998,12185800
2025-02-04,104.110001,104.830002,103.510002,104.309998,8319500
2025-02-05,104.379997,105.040001,103.580002,104.970001,3206000
2025-02-06,105.07,105.760002,104.480003,105.239998,4742000
2025-02-07,105.980003,106.830002,104.529999,104.620003,5370700
2025-02-10,105.709999,106.769997,105.360001,106.400002,4192800
2025-02-11,105.970001,106.5,104.769997,105.32,3085800
2025-02-12,103.760002,105.230003,103.5,104.959999,8844100
2025-02-13,106.0,106.75,105.349998,106.669998,4198000
2025-02-14,106.5,106.839996,105.669998,106.760002,3288900
2025-02-18,107.300003,107.860001,106.290001,107.830002,5855500
2025-02-19,107.559998,107.629997,105.57,105.940002,6146500
2025-02-20,105.25,105.309998,102.489998,104.0,12498300
2025-02-21,104.169998,104.260002,100.300003,100.449997,6026700
2025-02-24,100.800003,100.830002,97.57,99.199997,9808900
2025-02-25,98.650002,98.75,96.18,97.589996,11567100
2025-02-26,98.82,99.949997,98.269997,98.949997,8719000
2025-02-27,99.769997,99.989998,96.279999,96.330002,5174000
2025-02-28,95.790001,97.470001,95.040001,97.470001,4127300
2025-03-03,98.779999,99.18,95.089996,95.629997,3997900
2025-03-04,94.529999,97.0,92.779999,95.440002,9339000
2025-03-05,95.050003,97.379997,94.580002,97.099998,3655800
2025-03-06,95.279999,96.660004,93.050003,93.440002,5749600
2025-03-07,93.059998,94.300003,90.620003,93.419998,5147400
2025-03-10,91.139999,91.449997,87.82,88.68,7519100
2025-03-11,88.239998,90.889999,88.239998,89.540001,10849900
2025-03-12,91.449997,92.239998,90.0,91.330002,6225800
2025-03-13,90.410004,90.449997,87.809998,88.300003,7486500
2025-03-14,89.589996,91.790001,89.389999,91.660004,13943000
2025-03-17,91.690002,93.610001,91.360001,92.870003,7010200
2025-03-18,91.959999,92.25,90.610001,91.510002,3295100
2025-03-19,92.010002,93.889999,91.599998,92.949997,4215900
2025-03-20,91.919998,93.709999,91.919998,92.57,3785600
2025-03-21,91.339996,93.199997,90.879997,93.110001,5564000
2025-03-24,94.529999,95.599998,94.43,95.410004,4240200
2025-03-25,95.699997,96.5,95.580002,96.370003,3283100
2025-03-26,96.279999,96.300003,93.610001,94.129997,3987700
2025-03-27,93.419998,93.970001,92.360001,92.519997,3411500
2025-03-28,92.260002,92.260002,89.370003,89.870003,10229600
2025-03-31,88.0,89.269997,86.449997,88.989998,10375700
2025-04-01,88.93,90.480003,88.089996,90.32,3615200
2025-04-02,88.620003,92.239998,88.620003,91.519997,3323400
2025-04-03,87.540001,88.419998,85.919998,86.629997,10347200
2025-04-04,83.949997,84.449997,80.900002,81.300003,10325500
2025-04-07,77.5,84.910004,76.68,81.25,18136900
2025-04-08,84.5,85.190002,78.860001,80.150002,8433200
2025-04-09,79.699997,90.18,79.550003,89.489998,10182700
2025-04-10,87.379997,87.790001,83.699997,86.489998,6690500
2025-04-11,86.339996,87.449997,84.470001,87.199997,7302000
2025-04-14,89.480003,89.730003,87.010002,87.980003,3592300
2025-04-15,88.110001,89.510002,88.110001,89.089996,5138000
2025-04-16,87.57,88.800003,85.760002,86.940002,4376800
2025-04-17,87.5,87.540001,86.199997,86.589996,2814800
2025-04-21,85.290001,85.75,82.779999,83.910004,8123400
2025-04-22,85.0,86.860001,84.5,86.160004,3797200
2025-04-23,89.519997,90.949997,88.519997,88.809998,7819500
2025-04-24,90.050003,93.400002,89.870003,93.199997,9264200
2025-04-25,93.150002,94.779999,93.080002,94.760002,7125900
2025-04-28,94.900002,95.419998,93.529999,94.879997,4715700
2025-04-29,94.790001,96.290001,94.68,96.099998,2914500
2025-04-30,94.0,96.410004,93.440002,96.07,3513000
2025-05-01,98.160004,98.900002,97.0,97.010002,5903800
2025-05-02,98.699997,99.870003,98.5,99.470001,4452500
2025-05-05,98.650002,100.209999,98.489998,99.370003,3723600
2025-05-06,97.389999,98.690002,96.919998,97.959999,3653700
2025-05-07,98.139999,99.190002,97.599998,98.779999,6146500
2025-05-08,99.639999,101.330002,99.379997,100.410004,4458600
2025-05-09,100.769997,100.769997,99.150002,99.690002,3833800
2025-05-12,102.550003,102.830002,101.370003,102.779999,6929800
2025-05-13,103.110001,105.339996,103.010002,104.730003,3737300
2025-05-14,104.980003,105.610001,104.150002,104.800003,3632000
2025-05-15,104.089996,105.019997,103.720001,104.400002,3914900
2025-05-16,104.620003,105.279999,104.459999,105.160004,5303400
2025-05-19,103.660004,105.300003,103.459999,104.940002,4570700
2025-05-20,104.440002,104.739998,103.830002,104.690002,3387800
2025-05-21,103.389999,104.510002,101.839996,102.169998,8575400
2025-05-22,102.230003,103.660004,102.230003,102.709999,7258200
2025-05-23,101.480003,102.860001,101.199997,101.93,3956300
2025-05-27,103.379997,103.940002,102.830002,103.800003,4907600
2025-05-28,103.839996,104.370003,102.940002,103.080002,4027400
2025-05-29,104.050003,104.050003,101.550003,102.349998,5120300
2025-05-30,102.459999,103.900002,101.800003,103.650002,4590600
2025-06-02,103.050003,103.980003,102.25,103.940002,3905300
2025-06-03,103.879997,105.099998,103.800003,104.989998,3682400
2025-06-04,104.849998,105.080002,104.040001,104.800003,3413100
2025-06-05,104.919998,106.339996,104.160004,104.660004,4047500
2025-06-06,105.559998,106.18,105.07,105.980003,3487000
2025-06-09,106.0,106.589996,105.389999,106.129997,3149100
2025-06-10,106.120003,106.440002,105.080002,105.879997,3721900
2025-06-11,105.82,106.790001,105.440002,105.790001,3903300
2025-06-12,106.260002,107.660004,106.209999,107.040001,4506600
2025-06-13,105.629997,107.279999,105.529999,106.269997,4113900
2025-06-16,106.639999,107.730003,106.639999,107.400002,2730900
2025-06-17,106.870003,107.690002,106.160004,106.650002,3526300
2025-06-18,106.760002,106.959999,105.529999,106.089996,5105800
2025-06-20,106.599998,106.82,104.849998,105.110001,4085200
2025-06-23,105.059998,106.43,104.050003,106.370003,4066800
2025-06-24,107.410004,108.239998,106.879997,108.050003,5926700
2025-06-25,108.470001,109.029999,107.620003,107.769997,3525500
2025-06-26,108.400002,108.839996,107.739998,108.709999,2844700
2025-06-27,109.099998,109.260002,107.639999,107.779999,3904000
2025-06-30,109.370003,109.910004,109.139999,109.5,3101700
2025-07-01,109.209999,109.529999,107.260002,108.239998,5836900
2025-07-02,107.919998,108.870003,107.330002,108.809998,3486400
2025-07-03,109.849998,111.610001,109.830002,111.269997,3130100
2025-07-07,110.860001,111.199997,110.160004,110.709999,3883100
2025-07-08,111.209999,111.489998,110.379997,111.080002,4557500
2025-07-09,111.5,111.589996,110.519997,111.419998,4073500
2025-07-10,111.419998,111.580002,108.919998,109.150002,6052200
2025-07-11,108.599998,108.989998,107.389999,107.480003,3759900
2025-07-14,107.639999,109.25,107.610001,109.050003,5400700
2025-07-15,109.230003,109.690002,108.879997,108.989998,4653000
2025-07-16,109.449997,110.019997,108.199997,109.809998,4267800
2025-07-17,109.959999,111.43,109.879997,111.309998,3706500
2025-07-18,111.779999,111.800003,110.529999,111.059998,3865100
2025-07-21,111.330002,111.989998,111.050003,111.209999,3524500
2025-07-22,111.190002,111.400002,109.879997,110.900002,4441800
2025-07-23,111.309998,111.879997,110.330002,111.809998,3086500
2025-07-24,112.18,112.639999,111.68,112.089996,6031600
2025-07-25,112.0,113.029999,111.959999,112.690002,2808000
2025-07-28,113.230003,113.309998,112.269997,112.879997,3675600
2025-07-29,113.830002,114.830002,112.489998,113.010002,3443500
2025-07-30,112.970001,113.379997,111.93,112.720001,4062600
2025-07-31,114.139999,114.139999,111.540001,111.660004,5099300
2025-08-01,110.279999,110.279999,108.059998,108.629997,6882700
2025-08-04,109.690002,111.050003,109.550003,110.980003,4878400
2025-08-05,111.989998,112.260002,110.290001,110.550003,3879300
2025-08-06,110.620003,111.849998,110.459999,111.809998,4873600
2025-08-07,112.349998,112.349998,108.209999,109.599998,6852700
2025-08-08,110.129997,110.589996,109.25,109.629997,5465400
2025-08-11,109.309998,110.459999,108.139999,108.370003,6112700
2025-08-12,108.809998,109.830002,107.959999,109.559998,5786200
2025-08-13,110.379997,110.739998,109.089996,109.540001,8647400
2025-08-14,108.889999,109.330002,107.870003,108.339996,12649300
2025-08-15,108.529999,109.449997,107.959999,109.110001,5601400
2025-08-18,108.879997,109.480003,108.419998,109.410004,3770800
2025-08-19,109.589996,109.660004,106.339996,106.580002,7277100
2025-08-20,105.959999,106.610001,104.480003,106.330002,7324500
2025-08-21,105.790001,106.370003,105.190002,105.959999,2062500
2025-08-22,105.5,108.169998,105.269997,107.459999,4831500
2025-08-25,107.18,107.419998,106.260002,106.690002,2665500
2025-08-26,106.589996,107.099998,106.150002,106.57,3997900
2025-08-27,107.0,107.650002,106.699997,107.449997,3902100
2025-08-28,107.68,109.239998,107.559998,109.089996,3945900
2025-08-29,109.18,109.400002,107.599998,108.099998,5896700
2025-09-02,106.050003,107.32,105.669998,107.269997,4474800
2025-09-03,107.360001,107.699997,106.589996,107.32,3316600
2025-09-04,106.510002,106.980003,105.300003,106.839996,10649900
2025-09-05,108.099998,108.68,106.459999,108.139999,5579100
2025-09-08,109.089996,110.080002,108.889999,110.019997,5750800
2025-09-09,110.290001,110.660004,109.519997,110.519997,4822600
2025-09-10,113.330002,114.129997,111.800003,112.239998,18169300
2025-09-11,112.980003,113.260002,112.089996,112.400002,6414700
2025-09-12,112.699997,112.860001,111.510002,111.669998,4690500
2025-09-15,112.330002,112.949997,112.129997,112.809998,4937300
2025-09-16,113.43,113.480003,112.360001,112.720001,3199900
2025-09-17,112.779999,113.529999,111.639999,113.220001,4729800
2025-09-18,114.309998,115.800003,114.239998,115.370003,8158500
2025-09-19,115.790001,117.360001,115.720001,117.190002,4535900
2025-09-22,116.57,117.889999,115.830002,117.790001,4849100
2025-09-23,117.82,117.989998,116.059998,116.400002,4560200
2025-09-24,116.779999,117.010002,114.669998,115.220001,2475500
2025-09-25,113.800003,114.470001,112.910004,113.900002,3525200
2025-09-26,114.18,115.150002,113.660004,114.970001,3483600
2025-09-29,115.620003,116.459999,115.589996,115.980003,2788600
2025-09-30,115.959999,116.040001,114.019997,115.010002,3514900
2025-10-01,114.769997,115.489998,114.25,115.07,3476700
2025-10-02,115.690002,115.900002,115.029999,115.720001,3377300
2025-10-03,115.790001,116.290001,114.510002,114.830002,3534900
2025-10-06,115.720001,117.32,115.220001,115.620003,5353600
2025-10-07,115.860001,116.019997,113.139999,114.370003,5962100
2025-10-08,114.589996,115.809998,114.589996,115.690002,4220600
2025-10-09,115.550003,115.809998,114.650002,115.669998,2723000
2025-10-10,115.849998,116.43,112.029999,112.089996,5285800
2025-10-13,113.43,114.790001,112.879997,114.639999,3941900
2025-10-14,113.080002,114.57,111.650002,113.589996,3272300
2025-10-15,114.699997,114.809998,112.309998,113.290001,2243100
2025-10-16,114.519997,115.029999,112.209999,112.800003,3690800
2025-10-17,111.849998,113.169998,111.470001,112.68,2925300
2025-10-20,113.139999,114.160004,112.949997,113.889999,3334100
2025-10-21,113.830002,115.410004,113.290001,115.010002,3546000
2025-10-22,114.93,114.949997,112.599998,113.510002,3127900
2025-10-23,113.309998,114.870003,113.309998,114.790001,1860900
2025-10-24,116.040001,116.769997,115.760002,116.0,2045100
2025-10-27,117.75,117.75,116.769997,117.080002,2454800
2025-10-28,117.440002,117.760002,116.650002,116.720001,2247900
2025-10-29,116.150002,116.220001,114.5,115.220001,5760200
2025-10-30,114.169998,115.739998,113.75,113.970001,4082700
2025-10-31,114.660004,115.849998,114.5,115.510002,3249000
2025-11-03,116.040001,116.32,113.959999,115.699997,3228500
2025-11-04,113.400002,113.940002,111.610001,112.0,3630800
2025-11-05,111.919998,112.160004,111.080002,111.75,6207600
2025-11-06,111.5,111.589996,108.5,109.309998,7338400
2025-11-07,108.019997,109.540001,106.879997,109.480003,7537900
2025-11-10,110.699997,111.940002,110.370003,111.779999,6825300
2025-11-11,111.029999,111.480003,110.290001,111.029999,6646700
2025-11-12,111.5,111.529999,109.25,109.849998,5185200
2025-11-13,109.110001,109.239998,106.519997,106.839996,6434000
2025-11-14,105.160004,108.57,104.75,107.440002,6437900
2025-11-17,106.839996,107.43,104.709999,105.489998,4256500
2025-11-18,104.57,105.449997,103.470001,104.410004,7837700
2025-11-19,104.230003,105.199997,103.239998,103.889999,4603600
2025-11-20,105.459999,105.980003,100.639999,100.800003,10513400
2025-11-21,100.809998,101.989998,98.699997,100.919998,8921400
2025-11-24,101.400002,102.57,100.800003,102.230003,5769300
2025-11-25,101.529999,103.419998,100.639999,103.190002,4399900
2025-11-26,103.970001,103.970001,102.389999,102.970001,4301900
2025-11-28,103.25,104.169998,103.209999,104.089996,2751100
2025-12-01,103.059998,104.559998,102.589996,104.07,3903800
2025-12-02,104.919998,106.019997,104.779999,105.220001,4386800
2025-12-03,104.57,106.730003,104.120003,106.68,3927300
2025-12-04,107.32,108.050003,106.650002,107.949997,4835000
2025-12-05,108.389999,109.860001,108.290001,109.459999,4144200
2025-12-08,109.959999,110.330002,108.93,109.400002,7700100
2025-12-09,109.0,110.370003,109.0,109.949997,3291300
2025-12-10,109.720001,110.849998,109.199997,110.080002,7544600
2025-12-11,108.550003,110.330002,108.370003,109.779999,8112800
2025-12-12,109.559998,109.68,107.389999,107.970001,6165500
2025-12-15,107.650002,107.830002,105.349998,105.389999,5911800
2025-12-16,104.959999,106.5,104.940002,106.309998,5923600
2025-12-17,106.339996,107.110001,104.669998,104.699997,3623000
2025-12-18,105.860001,106.870003,105.639999,106.18,3676400
2025-12-19,106.949997,108.040001,106.75,107.760002,3551100
2025-12-22,108.349998,109.190002,108.190002,108.949997,2801800
2025-12-23,108.480003,108.779999,107.330002,108.07,2428800
2025-12-24,107.93,108.32,107.660004,108.230003,766700
2025-12-26,108.099998,108.470001,107.730003,108.099998,1213000
2025-12-29,107.309998,108.169998,107.050003,107.389999,1665200
2025-12-30,107.220001,107.709999,106.919998,106.989998,1573200
2025-12-31,107.080002,107.080002,105.660004,105.690002,1921500
2026-01-02,106.489998,106.489998,101.93,102.620003,6019800
2026-01-05,103.470001,104.589996,102.989998,103.629997,4848500
2026-01-06,103.550003,104.959999,103.339996,104.919998,3910200
2026-01-07,105.0,107.300003,105.0,106.239998,3216300
2026-01-08,105.629997,105.699997,104.25,104.440002,3038000
2026-01-09,104.459999,105.279999,103.529999,105.0,3407400
2026-01-12,104.410004,105.610001,104.199997,105.349998,3232700
2026-01-13,104.970001,105.459999,102.940002,103.349998,7434700
2026-01-14,102.919998,103.099998,100.089996,101.07,7742400
2026-01-15,101.5,101.660004,99.470001,99.779999,9024200
2026-01-16,100.0,100.089996,98.089996,98.309998,7824500
2026-01-20,96.300003,97.269997,95.800003,95.93,10577900
2026-01-21,96.089996,96.400002,94.230003,95.400002,9514000
2026-01-22,96.419998,96.959999,95.809998,96.940002,7214700
2026-01-23,96.889999,98.559998,96.779999,97.709999,9745900
2026-01-26,98.0,99.339996,97.82,98.809998,8478800
2026-01-27,99.080002,99.279999,97.419998,97.760002,9684400
2026-01-28,98.099998,98.949997,96.940002,97.059998,9073800
2026-01-29,94.489998,94.489998,90.650002,92.269997,23323000
2026-01-30,91.940002,92.150002,89.730003,90.309998,14835600
2026-02-02,91.139999,91.360001,89.290001,89.519997,9660700
2026-02-03,89.370003,89.370003,84.300003,85.389999,26636300
2026-02-04,84.050003,84.779999,81.529999,83.839996,45280300
2026-02-05,83.040001,83.93,79.269997,79.669998,44959000
2026-02-06,81.57,82.529999,80.209999,82.459999,38552200
2026-02-09,82.599998,85.440002,81.779999,85.059998,29011400
2026-02-10,85.709999,87.080002,85.279999,85.410004,26404800
2026-02-11,85.339996,85.540001,81.93,83.230003,34726300
2026-02-12,82.910004,83.169998,79.709999,80.959999,30633500
2026-02-13,81.519997,83.400002,80.940002,82.769997,27101100
2026-02-17,82.110001,82.489998,79.910004,80.959999,21446600
2026-02-18,80.970001,82.699997,80.110001,82.0,19962600
2026-02-19,81.830002,82.230003,80.989998,81.779999,12386300
2026-02-20,81.18,83.010002,80.400002,80.779999,21967400
2026-02-23,79.489998,79.489998,76.43,76.940002,44121400
2026-02-24,76.900002,79.139999,76.260002,78.410004,50584600
2026-02-25,78.660004,80.870003,78.260002,80.849998,36737000
2026-02-26,81.440002,83.059998,81.129997,82.599998,44117900
2026-02-27,80.300003,81.629997,80.0,81.57,25153400
2026-03-02,80.720001,83.290001,80.510002,82.769997,33334800
2026-03-03,81.089996,84.669998,80.889999,84.120003,44914800
2026-03-04,84.169998,86.209999,84.080002,85.650002,32063200
2026-03-05,85.650002,88.349998,85.589996,87.620003,42023300
2026-03-06,86.93,88.580002,86.470001,87.970001,29347000
2026-03-09,87.050003,88.129997,86.339996,87.709999,31948900
2026-03-10,87.790001,88.0,84.919998,85.650002,35674100
2026-03-11,86.57,87.720001,84.790001,85.739998,26081700
2026-03-12,85.589996,86.940002,84.970001,84.989998,32457600
2026-03-13,84.949997,85.870003,83.620003,84.190002,19114100
2026-03-16,84.940002,85.379997,84.529999,84.949997,13689700
2026-03-17,84.989998,87.089996,84.860001,85.529999,13394400
2026-03-18,84.739998,85.93,84.330002,84.339996,11633700
2026-03-19,83.889999,85.400002,83.610001,84.459999,20521900
2026-03-20,83.839996,83.839996,82.309998,82.989998,18578300
2026-03-23,83.849998,85.32,83.550003,84.440002,18036600
2026-03-24,83.879997,83.949997,80.669998,80.82,26148100
2026-03-25,82.080002,82.550003,79.940002,80.400002,28215700
2026-03-26,79.540001,81.239998,79.32,79.75,20723300
2026-03-27,78.440002,78.669998,76.610001,76.889999,17244300
2026-03-30,77.739998,78.989998,76.980003,77.620003,23523200
2026-03-31,78.480003,80.25,77.900002,80.050003,25627900
2026-04-01,80.75,80.830002,78.669998,79.769997,19061900
2026-04-02,78.940002,80.709999,77.919998,80.339996,19202000
2026-04-06,80.419998,80.93,79.760002,80.459999,6841100
2026-04-07,79.830002,80.650002,78.860001,80.5,10652600
2026-04-08,83.139999,83.690002,79.279999,79.75,27044100
2026-04-09,79.150002,79.290001,75.849998,76.639999,38649200
2026-04-10,76.5,76.5,73.93,74.669998,49422500
2026-04-13,75.050003,78.730003,74.849998,78.699997,37739600
2026-04-14,80.120003,81.239998,78.879997,79.480003,28354200
2026-04-15,80.68,83.25,80.129997,82.980003,29219500
2026-04-16,85.129997,85.330002,83.260002,84.360001,34648100
2026-04-17,86.230003,86.519997,84.760002,85.080002,28710000
2026-04-20,85.029999,86.349998,84.5,86.300003,15906400
2026-04-21,86.760002,88.849998,85.870003,86.68,29962800
2026-04-22,87.870003,89.040001,87.480003,88.739998,23478300
2026-04-23,85.43,85.57,82.32,83.57,49153500
2026-04-24,84.360001,85.400002,83.419998,85.199997,21746900
2026-04-27,84.720001,86.099998,84.120003,85.43,17131500
2026-04-28,85.239998,86.019997,84.559998,85.0,18507400
2026-04-29,84.489998,84.550003,83.260002,84.5,11182900
2026-04-30,83.900002,84.110001,82.18,83.910004,26292700
2026-05-01,86.120003,87.040001,84.870003,86.629997,23314400
2026-05-04,87.230003,89.360001,87.019997,88.440002,18374400
2026-05-05,88.589996,88.830002,87.099998,88.269997,18348900
2026-05-06,88.269997,88.419998,86.330002,87.82,23584700
2026-05-07,90.010002,91.980003,89.919998,90.849998,29902800
2026-05-08,89.830002,91.150002,88.279999,91.150002,17106600
2026-05-11,90.099998,90.790001,89.809998,90.690002,13442600
2026-05-12,90.699997,90.870003,88.760002,89.440002,25300700
2026-05-13,88.82,89.019997,87.5,88.599998,17058900
2026-05-14,88.699997,91.080002,87.660004,90.639999,17069900
2026-05-15,90.360001,92.709999,89.900002,91.779999,28612300
2026-05-18,91.059998,93.290001,90.730003,92.870003,31004700
2026-05-19,93.809998,94.779999,91.849998,91.949997,26334000
2026-05-20,90.93,93.32,90.040001,93.32,18689500
2026-05-21,92.120003,92.970001,91.580002,92.480003,12795500
2026-05-22,93.199997,94.919998,93.129997,94.010002,11681300
2026-05-26,93.970001,94.870003,93.010002,94.050003,18696000
2026-05-27,92.57,94.330002,92.269997,93.050003,13180000
2026-05-28,93.400002,96.139999,92.959999,95.68,17442600
2026-05-29,96.889999,101.690002,96.529999,101.660004,37721000
2026-06-01,104.019997,108.059998,102.949997,107.699997,40104400
2026-06-02,104.57,105.769997,102.959999,104.730003,24586000
2026-06-03,103.330002,103.5,99.93,100.199997,24946400
2026-06-04,100.050003,101.260002,99.059998,100.059998,17144700
2026-06-05,99.410004,100.0,95.080002,95.849998,19489400
