Date,Open,High,Low,Close,Volume
2012-05-18,41.722583,44.649614,37.704119,37.932327,573576400
2012-05-21,36.245564,36.374553,32.743051,33.76503,168192700
2012-05-22,32.356086,33.328455,30.699089,30.758621,101786600
2012-05-23,31.125744,32.246944,31.115821,31.750837,73600000
2012-05-24,32.693437,32.951411,31.522624,32.772812,50237200
2012-05-25,32.643826,32.693436,30.867763,31.661533,37149800
2012-05-29,31.234884,31.44325,28.426919,28.61544,78063400
2012-05-30,28.476534,29.319914,27.643074,27.970505,57267900
2012-05-31,28.327697,29.438977,26.62109,29.369522,111639200
2012-06-01,28.66505,28.923026,27.17673,27.50416,41855500
2012-06-04,26.988213,27.434708,26.234131,26.690548,35230300
2012-06-05,26.492105,27.543851,25.549501,25.668568,42473400
2012-06-06,25.867012,26.958447,25.321295,26.60125,61489200
2012-06-07,26.789769,27.137044,25.946387,26.105141,26159500
2012-06-08,26.34327,27.543849,26.234128,26.888988,38034000
2012-06-11,26.968369,27.851438,26.631016,26.799692,28219600
2012-06-12,27.266028,27.553771,26.750077,27.186651,15816800
2012-06-13,27.444629,27.881204,26.88899,27.057667,17102800
2012-06-14,27.434707,28.09949,27.166809,28.069725,16855000
2012-06-15,28.288011,29.86563,28.129256,29.776331,43563800
2012-06-18,29.72672,31.830215,29.181003,31.16543,42978900
2012-06-19,31.294415,31.929431,30.460956,31.661533,30849000
2012-06-20,31.671457,31.681379,30.907452,31.353949,15553600
2012-06-21,31.423407,32.246944,31.264653,31.592083,21875300
2012-06-22,32.15764,33.189543,31.810367,32.792656,74834000
2012-06-25,32.60414,32.762894,31.304338,31.810369,24352900
2012-06-26,32.435466,33.179627,32.246947,32.842274,24858700
2012-06-27,32.207253,32.643829,31.651614,31.979044,28568000
2012-06-28,31.711149,31.939357,30.659403,31.115822,17713300
2012-06-29,31.67146,31.740915,30.520493,30.857845,19526900
2012-07-02,31.006675,31.482937,30.312124,30.530413,14122000
2012-07-03,30.669323,31.195197,30.560179,30.957066,8763600
2012-07-05,31.076131,31.383716,30.778467,31.224962,10032100
2012-07-06,31.195196,31.651613,31.016597,31.482937,10945600
2012-07-09,31.850057,32.623986,31.740915,31.919512,17785200
2012-07-10,32.177488,32.227098,30.917377,31.224962,14269500
2012-07-11,31.234886,31.314263,30.312127,30.728857,13030300
2012-07-12,30.460957,31.155505,30.361735,30.570099,11300700
2012-07-13,30.798312,30.828078,30.322049,30.480803,8108300
2012-07-16,30.262516,30.262516,27.990346,28.030035,24672100
2012-07-17,28.258245,28.367389,26.938601,27.871283,30438600
2012-07-18,28.089567,29.061938,27.930813,28.883339,16841800
2012-07-19,29.181004,29.270303,28.407077,28.774197,13685100
2012-07-20,28.774193,29.240533,28.496373,28.536062,11869100
2012-07-23,27.901048,28.774196,27.791904,28.526142,12390700
2012-07-24,28.595597,29.220693,27.881204,28.228479,11539800
2012-07-25,28.168944,29.260379,27.861358,29.111547,17230200
2012-07-26,27.53393,28.010192,26.521871,26.640938,64597400
2012-07-27,23.009435,24.348924,22.106521,23.525385,123102300
2012-07-30,23.813126,23.852815,22.850679,22.969744,29285900
2012-07-31,23.188033,23.188033,21.441737,21.540956,56179400
2012-08-01,21.332592,21.411969,20.677731,20.717419,44604400
2012-08-02,20.608278,20.677733,19.665674,19.883963,56374500
2012-08-03,20.20147,21.987453,19.74505,20.925785,80647000
2012-08-06,21.223447,21.97753,21.134148,21.749321,27778900
2012-08-07,22.027144,22.275197,20.34038,20.558666,36782900
2012-08-08,20.548744,20.985318,20.062559,20.558666,29537400
2012-08-09,20.588433,21.005163,20.449524,20.846409,15610700
2012-08-10,21.243292,21.650099,20.965471,21.640177,25794700
2012-08-13,21.977533,22.275198,21.233373,21.431816,24973100
2012-08-14,21.243294,21.431815,20.092327,20.221313,39308800
2012-08-15,20.479285,21.243289,20.241154,21.034925,47861100
2012-08-16,20.280848,20.320535,19.536687,19.715286,157565300
2012-08-17,19.854197,19.923651,18.852061,18.90167,129293400
2012-08-20,18.90167,19.973261,18.604007,19.854197,101186600
2012-08-21,19.427543,19.824428,18.941358,19.010813,70640600
2012-08-22,19.209258,19.377935,18.812371,19.288635,49892200
2012-08-23,19.348168,19.576376,19.209258,19.288635,32813700
2012-08-24,19.368011,19.526765,19.100113,19.258867,29622200
2012-08-27,19.338244,19.377933,18.951281,19.000891,20704000
2012-08-28,18.95128,19.229099,18.802448,19.189411,25417000
2012-08-29,19.169563,19.229095,18.92151,18.951277,16124700
2012-08-30,19.119957,19.298556,18.911591,18.941359,30647500
2012-08-31,18.534548,18.554392,17.889609,17.919374,58764200
2012-09-04,17.939223,18.127744,17.413349,17.591948,46622400
2012-09-05,18.127742,18.604004,18.038442,18.435328,60781800
2012-09-06,18.594084,19.110036,18.574239,18.81237,46066500
2012-09-07,18.951281,19.268789,18.633773,18.832214,36371700
2012-09-10,18.911591,19.050503,18.405562,18.663538,24797800
2012-09-11,18.772682,19.427543,18.703227,19.278711,50508200
2012-09-12,20.598354,20.995239,20.122092,20.767031,121584000
2012-09-13,20.7968,21.312751,20.449526,20.548746,65041600
2012-09-14,20.965471,21.908074,20.737262,21.828697,72819800
2012-09-17,22.493483,22.57286,21.332593,21.352438,50667600
2012-09-18,21.431813,21.808853,21.203604,21.699711,36760500
2012-09-19,21.818779,23.188035,21.600493,23.108658,78782800
2012-09-20,22.840759,23.059045,22.364496,22.414106,57248900
2012-09-21,22.791147,23.059045,22.424029,22.682005,51218100
2012-09-24,21.610414,21.808855,20.20147,20.628122,79106500
2012-09-25,21.034932,21.044852,20.062561,20.122095,46291700
2012-09-26,19.993104,20.6182,19.645829,20.459446,38271900
2012-09-27,20.826563,20.836485,20.003025,20.161779,30215900
2012-09-28,20.409837,21.779093,20.340382,21.49135,65486000
2012-10-01,21.908076,22.414106,21.560801,21.818777,51262700
2012-10-02,21.908077,22.314884,21.650101,22.096598,29341400
2012-10-03,22.126362,22.314884,21.630256,21.660023,32000100
2012-10-04,22.146207,22.225584,21.243293,21.779089,46892100
2012-10-05,21.322674,21.461584,20.717423,20.74719,40529300
2012-10-08,20.241158,20.588433,20.003026,20.241158,32236700
2012-10-09,20.231233,20.389987,19.814504,20.072479,27161800
2012-10-10,19.774817,19.784739,19.298555,19.487074,39321800
2012-10-11,19.725205,19.804582,19.457309,19.596218,21817300
2012-10-12,19.596218,19.645828,19.32832,19.36801,18809400
2012-10-15,19.526764,19.725205,19.338242,19.36801,20189700
2012-10-16,19.526765,19.536687,19.149723,19.328321,21834700
2012-10-17,19.348166,20.320535,19.219179,19.725206,44074500
2012-10-18,19.546609,19.635909,18.742915,18.832214,52157400
2012-10-19,18.85206,18.911593,18.653617,18.85206,34835000
2012-10-22,19.050501,19.278709,18.901667,19.169565,32447300
2012-10-23,19.100114,19.645831,18.951282,19.348167,78381200
2012-10-24,23.942114,24.06118,22.672082,23.049122,228949900
2012-10-25,23.108658,23.128501,22.295041,22.38434,76142000
2012-10-26,22.225584,22.701846,21.709633,21.769167,73175800
2012-10-31,20.657886,21.332592,20.568587,20.945629,99378200
2012-11-01,20.915864,21.273062,20.84641,21.044851,37713900
2012-11-02,21.09446,21.521112,20.905939,21.015083,38344400
2012-11-05,20.935708,21.312748,20.757109,21.084539,31806700
2012-11-06,21.074618,21.203607,20.826564,21.005163,29062700
2012-11-07,20.687652,20.786874,20.21139,20.31061,33396800
2012-11-08,20.360226,20.56859,19.82443,19.834352,34254600
2012-11-09,19.804583,19.844273,18.981046,19.060423,42295500
2012-11-12,19.00089,20.012949,18.723072,19.913727,67349200
2012-11-13,19.457309,19.953416,19.407697,19.705362,71775100
2012-11-14,19.943495,22.324807,19.774818,22.185898,229751000
2012-11-15,22.166054,22.324808,21.481426,21.997377,78857700
2012-11-16,22.076755,23.743674,22.0073,23.376554,107182200
2012-11-19,23.77344,23.932196,22.642317,22.741539,85021300
2012-11-20,22.553017,23.713908,22.523252,22.920137,46655300
2012-11-21,23.039201,24.339002,22.870524,24.130636,89862400
2012-11-23,24.388611,24.487833,23.694061,23.813128,29520900
2012-11-26,24.745808,25.886854,24.616819,25.738022,123865000
2012-11-27,25.837246,26.293663,25.26176,25.946388,85760600
2012-11-28,25.738021,26.283738,25.5495,26.154751,49205600
2012-11-29,26.293664,27.305722,25.956311,27.107279,88759700
2012-11-30,27.047746,27.781984,26.55164,27.781984,127049600
2012-12-03,27.781982,28.65513,26.769924,26.829458,123526100
2012-12-04,26.8493,27.543851,26.47226,27.246185,72869200
2012-12-05,27.533927,27.682759,27.047743,27.494238,58976300
2012-12-06,27.464475,27.533929,26.61117,26.760002,46001500
2012-12-07,26.859222,27.563694,26.631013,27.275951,51751900
2012-12-10,26.958447,27.95066,26.888992,27.62323,50608500
2012-12-11,27.851438,28.020114,27.44463,27.762138,77099100
2012-12-12,27.781981,27.920891,27.156888,27.365252,46704200
2012-12-13,27.375173,28.52614,27.216419,28.020111,81051600
2012-12-14,27.960583,28.109415,26.55164,26.60125,91631600
2012-12-17,26.561558,26.789767,26.115062,26.541714,57742500
2012-12-18,26.750078,27.692681,26.690545,27.494238,60512900
2012-12-19,27.613307,28.00027,26.74016,27.196577,61390300
2012-12-20,27.275952,27.385096,26.918754,27.146965,35574800
2012-12-21,26.452414,26.799689,25.916619,26.055529,54555200
2012-12-24,26.29366,26.750077,25.995997,26.720312,28230100
2012-12-26,26.819539,26.96837,26.174598,26.303587,33175400
2012-12-27,26.343271,26.591324,25.321292,25.847164,43481700
2012-12-28,25.281602,25.906697,24.954171,25.708254,56574800
2012-12-31,25.995999,26.779847,25.9067,26.412729,60374500
2013-01-02,27.226345,27.960583,27.2065,27.781984,69846400
2013-01-03,27.662916,28.248322,27.375175,27.553774,63140600
2013-01-04,27.791902,28.704739,27.613303,28.536062,72715400
2013-01-07,28.466612,29.558047,28.426922,29.190928,83781800
2013-01-08,29.280226,29.369525,28.635287,28.833729,45871300
2013-01-09,29.438978,30.361737,29.260379,30.351814,104787700
2013-01-10,30.361739,31.205121,30.044231,31.056288,95316400
2013-01-11,31.036442,31.711146,30.857843,31.473015,89598000
2013-01-14,31.830213,31.959199,30.381581,30.709011,98892800
2013-01-15,30.401425,31.463094,29.647343,29.865631,173242600
2013-01-16,29.974772,30.113683,29.300069,29.617577,75332700
2013-01-17,29.845783,30.183136,29.796173,29.905315,40256700
2013-01-18,30.073995,30.202983,29.042093,29.429056,49631500
2013-01-22,29.518356,30.649479,29.508433,30.490725,55243300
2013-01-23,30.857847,31.254732,30.560182,30.580027,48899800
2013-01-24,31.02652,31.244807,30.570101,30.837999,43845100
2013-01-25,31.165431,31.681383,30.887611,31.29442,54363600
2013-01-28,31.631767,32.25686,31.562312,32.217175,59682500
2013-01-29,31.750836,31.820291,30.47088,30.550259,72976500
2013-01-30,30.738778,31.244807,30.639556,30.996754,87682100
2013-01-31,28.923028,31.224964,28.516221,30.738779,190744900
2013-02-01,30.768546,30.778469,29.399291,29.498512,85856700
2013-02-04,28.83373,28.972642,27.791907,27.891129,92362200
2013-02-05,28.039958,28.734506,27.821671,28.416998,47948200
2013-02-06,28.516217,29.061936,28.43684,28.823803,38375900
2013-02-07,28.883339,28.923027,28.04988,28.42692,34540100
2013-02-08,28.665051,28.942871,28.28801,28.327698,37708800
2013-02-11,28.38723,28.456685,27.821669,28.039955,37361800
2013-02-12,27.454554,27.940739,26.888993,27.156891,93498700
2013-02-13,27.146966,28.09949,27.097354,27.692682,50164000
2013-02-14,27.801826,28.407075,27.791903,28.278088,35615800
2013-02-15,28.297931,28.526139,27.871279,28.099487,33109300
2013-02-19,28.01019,28.853572,27.901048,28.704741,49396400
2013-02-20,28.694817,28.823804,28.109411,28.238398,42098200
2013-02-21,28.059806,28.327703,26.938604,27.067593,49642300
2013-02-22,27.404941,27.414861,26.611169,26.918755,36350200
2013-02-25,26.948523,27.424785,26.9386,27.057667,34652000
2013-02-26,27.146966,27.246186,26.492105,27.176731,31611700
2013-02-27,27.127122,27.127122,26.422649,26.660782,44319700
2013-02-28,26.631013,27.087431,26.134907,27.037821,83027800
2013-03-01,26.839379,27.901049,26.601247,27.563696,54064800
2013-03-04,27.543849,27.841513,27.226341,27.50416,32400700
2013-03-05,27.662913,27.960578,26.99813,27.305717,40622200
2013-03-06,27.8812,27.910965,27.13704,27.236261,33532600
2013-03-07,27.35533,28.456687,27.256108,28.357466,74540200
2013-03-08,28.208636,28.248324,27.514086,27.742294,44198900
2013-03-11,27.791904,28.416998,27.613305,27.920891,35642100
2013-03-12,27.881204,28.099491,27.385097,27.613306,27569600
2013-03-13,27.404941,27.434706,26.71039,26.869144,39619500
2013-03-14,26.888991,27.216421,26.621092,26.829458,27646400
2013-03-15,26.819534,26.849299,26.353192,26.442492,31597400
2013-03-18,26.164673,26.581402,25.579266,26.283737,26653700
2013-03-19,26.323428,26.690546,26.005918,26.343271,25254200
2013-03-20,26.472259,26.482181,25.579267,25.658644,44006500
2013-03-21,25.460202,25.906699,25.360981,25.539579,24336100
2013-03-22,25.59911,25.807476,25.430434,25.529655,18456300
2013-03-25,25.549499,25.599109,24.884716,24.934326,39199000
2013-03-26,24.884715,25.281601,24.835106,25.013702,26957200
2013-03-27,24.805341,26.075375,24.527521,25.886854,52297400
2013-03-28,25.886854,25.966231,25.321293,25.380825,28585700
2013-04-01,25.430437,25.688412,25.083163,25.331217,22249300
2013-04-02,25.569346,25.916621,25.103004,25.222071,35153300
2013-04-03,25.628881,26.18452,25.499894,26.04561,48195200
2013-04-04,26.412729,27.017978,25.9067,26.859224,82016800
2013-04-05,26.650859,27.583539,26.402806,27.176731,64566600
2013-04-08,26.978291,26.988213,26.42265,26.640938,27256000
2013-04-09,26.373039,26.680625,26.214285,26.382961,21311100
2013-04-10,26.799692,27.62323,26.690548,27.355331,45949400
2013-04-11,27.266034,27.881207,27.037825,27.80183,33368500
2013-04-12,27.78198,27.78198,27.027897,27.186651,28697400
2013-04-15,26.948523,27.266031,26.154753,26.313507,30275400
2013-04-16,26.601246,26.898911,26.194439,26.71039,27365900
2013-04-17,26.44249,26.988209,26.184515,26.422646,26440600
2013-04-18,26.611168,26.611168,24.954171,25.489967,39059000
2013-04-19,25.420513,25.757864,25.13277,25.529655,20380900
2013-04-22,25.609032,26.154751,25.49989,25.767786,25687600
2013-04-23,26.015841,26.124985,25.569346,25.77771,25191500
2013-04-24,25.728098,26.194437,25.599109,25.906696,19729900
2013-04-25,25.867012,26.194442,25.797557,25.936466,17150000
2013-04-26,26.392884,27.404943,26.392884,26.640938,33018000
2013-04-29,26.948523,27.196576,26.65086,26.769924,29201100
2013-04-30,26.918756,27.633151,26.799691,27.553774,36245700
2013-05-01,27.633149,27.702604,27.097353,27.216419,64567600
2013-05-02,27.791906,28.794042,27.762139,28.744431,104257000
2013-05-03,28.813885,28.84365,27.930813,28.089567,58506400
2013-05-06,28.109414,28.238401,27.266032,27.355331,43939400
2013-05-07,27.335485,27.63315,26.640936,26.680624,41259100
2013-05-08,26.670703,27.087433,26.442495,26.908836,34654900
2013-05-09,26.869146,27.335486,26.640937,26.829458,33457200
2013-05-10,26.928675,27.087429,26.363114,26.472258,30847100
2013-05-13,26.392882,27.117197,26.323427,26.611168,29068800
2013-05-14,26.680626,27.06759,26.611171,26.859224,24930300
2013-05-15,26.710391,26.779846,26.19444,26.392883,30299800
2013-05-16,26.273816,26.34327,25.698332,25.92654,35499100
2013-05-17,26.194442,26.392886,25.996,26.04561,29462700
2013-05-20,25.976153,25.986076,25.489969,25.559423,42402900
2013-05-21,25.668567,25.876931,25.390747,25.460201,26261300
2013-05-22,25.450281,25.648724,24.725965,24.964096,45314500
2013-05-23,24.606894,25.331212,24.577129,24.86487,37663100
2013-05-24,24.775571,24.775571,23.892502,24.12071,58727900
2013-05-28,24.348924,24.348924,23.733751,23.91235,50079700
2013-05-29,23.604764,23.624606,23.07889,23.138422,64237800
2013-05-30,23.942117,24.587057,23.743675,24.358847,60733200
2013-05-31,24.438221,24.755731,24.081025,24.160402,35925000
2013-06-03,24.081025,24.130635,23.525384,23.664295,35733800
2013-06-04,23.703982,23.743672,23.138421,23.336864,34760800
2013-06-05,23.168188,23.525384,22.612549,22.721691,53819700
2013-06-06,22.810994,22.910216,22.493486,22.791149,31260700
2013-06-07,22.850682,23.2178,22.682006,23.108658,38699200
2013-06-10,23.872656,24.408453,23.803202,24.140554,58393000
2013-06-11,23.842896,24.160404,23.813128,23.842896,29885900
2013-06-12,23.97188,24.071101,23.396396,23.584917,26445800
2013-06-13,23.535309,23.644453,23.088813,23.545231,31189300
2013-06-14,23.37655,23.703981,23.078887,23.446005,30677100
2013-06-17,23.723827,24.06118,23.565073,23.832972,33664500
2013-06-18,23.902427,24.497756,23.892505,24.021492,36709100
2013-06-19,24.011568,24.993859,23.912346,24.12071,31790600
2013-06-20,24.09095,24.557289,23.465854,23.713907,42765600
2013-06-21,24.398533,24.507677,23.862737,24.339001,45833900
2013-06-24,23.763518,23.922272,23.197954,23.753595,40626000
2013-06-25,23.952034,24.239777,23.852814,24.061178,24713200
2013-06-26,24.319157,24.458066,23.803205,23.971882,29890300
2013-06-27,24.051259,24.646588,24.021492,24.467989,34694100
2013-06-28,24.487834,24.785497,24.229858,24.686275,96778900
2013-07-01,24.775575,24.864875,24.428302,24.616821,20582200
2013-07-02,24.507675,24.57713,24.110788,24.219933,18394100
2013-07-03,24.031412,24.517596,23.961957,24.329077,10404400
2013-07-05,24.458063,24.467985,24.011568,24.180244,20229500
2013-07-08,24.279468,24.845031,24.229858,24.517599,27064600
2013-07-09,24.874795,25.291525,24.835108,25.281603,30387900
2013-07-10,25.380823,25.628877,25.271679,25.59911,26721800
2013-07-11,25.757865,25.797555,25.251838,25.609034,26777400
2013-07-12,25.539577,25.728099,25.351056,25.708254,16537900
2013-07-15,25.728101,26.224208,25.450281,26.075377,24234000
2013-07-16,26.184515,26.541713,25.807475,26.115061,30817600
2013-07-17,26.164673,26.57148,26.095216,26.442492,21518500
2013-07-18,26.541716,26.561561,25.916622,25.976154,24806900
2013-07-19,25.618955,25.906698,25.400669,25.678488,46539700
2013-07-22,25.787632,25.926541,25.519734,25.847164,27526300
2013-07-23,25.896775,26.095217,25.767786,25.92654,28221600
2013-07-24,26.115066,26.323432,25.847168,26.303587,82635600
2013-07-25,33.278842,34.608408,32.494992,34.092457,365457900
2013-07-26,33.50706,34.459585,33.298696,33.74519,136028900
2013-07-29,33.804722,35.352576,33.745187,35.154133,124718800
2013-07-30,35.372419,37.66443,35.044987,37.337002,173582800
2013-07-31,37.664426,38.011703,36.04712,36.513458,154828700
2013-08-01,37.009567,37.99186,36.632524,37.19809,106066500
2013-08-02,37.366764,38.190303,37.20801,37.753727,73058500
2013-08-05,38.130769,39.013838,37.95217,38.88485,79994800
2013-08-06,38.805473,38.944382,37.644581,38.249832,63950800
2013-08-07,38.309371,38.636799,37.406456,38.567345,68854800
2013-08-08,38.825328,38.884858,38.130777,38.239922,41301000
2013-08-09,38.289525,38.438359,37.714039,38.200226,43532300
2013-08-12,37.902564,38.200228,37.803341,37.922409,31161000
2013-08-13,37.942248,38.021624,36.483693,36.731747,65379200
2013-08-14,36.543234,37.257626,36.334866,36.364635,48423900
2013-08-15,36.07689,36.781361,35.739537,36.275333,56521100
2013-08-16,36.682139,37.19809,36.612684,36.791283,45840800
2013-08-19,37.138552,37.981932,36.850809,37.515594,57609600
2013-08-20,38.05139,38.279602,37.396529,38.110924,57995200
2013-08-21,38.08116,38.547498,37.852951,38.021626,46116900
2013-08-22,38.071233,38.448276,38.041468,38.249832,21931200
2013-08-23,38.696327,40.313636,38.626872,40.234257,86442300
2013-08-26,40.58154,41.613439,40.303717,41.018112,94162400
2013-08-27,40.363248,40.879199,39.113056,39.331345,72695100
2013-08-28,39.648851,40.53192,39.569476,40.234257,57918200
2013-08-29,40.571614,41.454683,40.482314,40.958576,58303400
2013-08-30,41.692818,41.930947,40.740293,40.968502,67735100
2013-09-03,41.514226,41.831734,41.186794,41.543991,48774900
2013-09-04,41.682894,41.841648,41.117332,41.454685,42581900
2013-09-05,41.464607,42.436975,41.444762,42.327831,50035400
2013-09-06,42.754484,44.262649,42.069858,43.607788,117535700
2013-09-09,44.014598,44.44125,43.359737,43.69709,75794700
2013-09-10,43.895537,43.915378,42.893399,43.260517,54540300
2013-09-11,43.052143,44.738907,42.774324,44.689297,72328300
2013-09-12,45.175483,45.264783,44.302338,44.401558,68072300
2013-09-13,44.689304,44.728994,43.587946,43.964989,52765300
2013-09-16,44.500777,44.590076,42.099622,42.178997,70424200
2013-09-17,42.169089,45.086196,42.099634,44.719078,91934600
2013-09-18,44.49086,45.115956,44.054288,44.877823,79317000
2013-09-19,45.155641,45.691437,44.877822,45.621983,63972400
2013-09-20,45.959336,47.229368,45.383854,47.120228,115508400
2013-09-23,46.911863,47.179761,45.929573,46.822563,75177000
2013-09-24,48.132284,49.273332,47.785011,48.072754,136716100
2013-09-25,48.846678,49.154265,48.082673,49.074886,87879700
2013-09-26,49.620597,50.206003,49.114569,49.997639,98220100
2013-09-27,49.898426,50.880716,49.471774,50.84103,81410500
2013-09-30,49.749595,51.198226,49.412242,49.838894,100095000
2013-10-01,49.580912,50.632656,49.06496,50.027405,98114000
2013-10-02,49.73967,50.702115,49.561072,49.8885,62834000
2013-10-03,50.077022,50.325076,48.678001,48.797066,82045000
2013-10-04,49.382474,50.76165,49.18403,50.642586,74447000
2013-10-07,50.334997,50.890638,50.007568,50.126633,57204000
2013-10-08,50.206003,50.206003,46.713415,46.772945,136081000
2013-10-09,47.011085,47.467503,44.907589,46.405834,147297000
2013-10-10,47.497267,49.293175,47.457581,48.668079,99774000
2013-10-11,48.797066,49.481692,48.410103,48.727612,58428000
2013-10-14,47.933839,49.243561,47.536952,49.124493,68781000
2013-10-15,49.600765,50.602899,48.79707,49.114578,81167000
2013-10-16,49.650373,50.84103,49.511463,50.741806,64678000
2013-10-17,50.721965,51.813402,50.553291,51.803478,71522000
2013-10-18,53.758132,54.403072,53.182646,53.797821,88260000
2013-10-21,54.254237,54.383226,53.093346,53.430698,58235000
2013-10-22,53.906968,54.333616,51.793551,52.269814,83204000
2013-10-23,51.347054,51.843161,50.731883,51.495888,57207000
2013-10-24,51.972148,52.428566,51.188299,52.041603,46775000
2013-10-25,52.765916,52.82545,51.476039,51.545494,45085000
2013-10-28,51.138695,51.297449,49.223722,49.838894,73472000
2013-10-29,50.335,50.394534,48.866524,49.015358,102143000
2013-10-30,49.610684,49.819048,48.370417,48.628391,127073000
2013-10-31,46.792788,51.595101,46.137927,49.819038,248809000
2013-11-01,50.454062,51.684409,49.332864,49.362629,95033000
2013-11-04,48.985583,49.362625,47.646096,47.84454,80371000
2013-11-05,47.417887,49.789277,47.140064,49.719822,76835000
2013-11-06,49.868657,50.05718,48.330726,48.737534,67889000
2013-11-07,48.856601,49.481693,46.931704,47.189682,97128000
2013-11-08,47.437734,48.271194,46.882094,47.159912,70731000
2013-11-11,46.673734,47.159917,45.373933,45.840275,80910000
2013-11-12,45.641827,47.001159,45.473153,46.247078,68196000
2013-11-13,45.870034,48.360492,45.701359,48.330723,79245000
2013-11-14,48.320797,49.184021,47.656012,48.60854,75117000
2013-11-15,48.727615,49.094733,48.330728,48.628391,42453000
2013-11-18,48.092596,48.459714,45.443383,45.473152,85910000
2013-11-19,45.8998,46.63404,45.364007,45.999023,75602000
2013-11-20,46.247076,47.179756,45.949413,46.068478,53933000
2013-11-21,46.624119,47.090457,46.326452,46.336376,34886000
2013-11-22,46.673724,46.901932,45.602131,45.870029,40545000
2013-11-25,45.999026,46.286769,43.69709,44.471016,82565000
2013-11-26,44.312262,45.810503,43.210904,45.532684,82016000
2013-11-27,45.612066,46.306612,45.175489,46.128017,44993000
2013-11-29,46.385985,46.842403,46.137932,46.643959,22953900
2013-12-02,46.534827,47.169843,45.899807,46.693581,50774000
2013-12-03,46.385991,46.832488,45.929573,46.366146,32086000
2013-12-04,46.09824,48.390254,45.899796,48.241421,60890000
2013-12-05,47.775089,48.320805,47.497266,47.963608,43855000
2013-12-06,48.598622,49.00543,47.33851,47.566719,42938000
2013-12-09,47.715553,48.588702,47.36828,48.459713,36056000
2013-12-10,48.261266,50.374682,48.162046,49.85873,68479000
2013-12-11,50.156398,50.374686,48.628388,48.99551,65776000
2013-12-12,50.652504,51.664563,50.265542,51.426434,92723000
2013-12-13,51.257756,53.08343,50.940248,52.904831,82641000
2013-12-16,52.835369,54.075636,52.498017,53.39101,85119000
2013-12-17,54.333615,54.750346,53.817667,54.432838,78751000
2013-12-18,54.432839,55.454818,53.331482,55.13731,76003000
2013-12-19,53.90697,54.76027,53.529927,54.621361,89753200
2013-12-20,54.502292,54.72058,53.807742,54.690811,239824000
2013-12-23,55.067857,57.8659,55.018247,57.320183,98297000
2013-12-24,57.816289,58.123877,56.466878,57.508701,46617800
2013-12-26,57.865901,57.925435,56.923297,57.280495,55101000
2013-12-27,57.032436,57.23088,54.819801,55.00832,60466000
2013-12-30,54.5023,54.750353,53.013979,53.291798,68307000
2013-12-31,53.6986,54.43284,53.490236,54.224476,43076200
2014-01-02,54.40308,54.790043,53.76806,54.284012,43195500
2014-01-03,54.591603,55.216698,54.105416,54.135185,38246200
2014-01-06,53.996263,56.81415,53.629145,56.75462,68852600
2014-01-07,57.250729,58.094109,56.774467,57.469013,77207400
2014-01-08,57.151497,57.955191,56.784379,57.776592,56682400
2014-01-09,58.193333,58.500917,56.208906,56.774467,92253300
2014-01-10,56.68517,57.846059,56.615716,57.488861,42449500
2014-01-13,57.459094,57.796447,54.948795,55.474667,63010900
2014-01-14,56.020388,57.33011,55.663191,57.290424,37503600
2014-01-15,57.528543,58.113949,56.824072,57.151501,33663400
2014-01-16,56.814145,57.568229,56.387496,56.74469,34541800
2014-01-17,56.853843,57.369795,55.633421,55.861629,40849200
2014-01-21,56.159289,58.123875,56.060069,58.054417,48669200
2014-01-22,58.391769,58.84819,56.655395,57.062202,61352900
2014-01-23,55.931079,56.238666,55.256373,56.189056,47951800
2014-01-24,55.712799,55.980694,53.976425,54.026035,55200700
2014-01-27,54.303846,54.51221,51.44627,53.133034,73924100
2014-01-28,53.599385,54.849572,53.57954,54.710663,48191200
2014-01-29,54.184786,54.522139,52.775841,53.113194,92995600
2014-01-30,61.636315,62.013358,59.989241,60.604416,150178900
2014-01-31,59.999159,62.876576,59.701491,62.082806,87794600
2014-02-03,62.539224,63.273463,60.227368,61.001293,74866600
2014-02-04,61.566856,62.648369,61.338647,62.261406,45985500
2014-02-05,62.251485,62.668213,60.79293,61.705765,51685100
2014-02-06,60.981448,62.29117,60.981448,61.675999,42086500
2014-02-07,61.785157,64.067248,61.735547,63.819195,60704300
2014-02-10,63.799344,63.987859,62.975804,63.05518,43666100
2014-02-11,63.253614,64.493881,62.856727,64.345047,45675600
2014-02-12,64.414508,64.553417,63.551286,63.948166,47282100
2014-02-13,63.680273,66.805748,63.551288,66.805748,61911700
2014-02-14,66.974423,67.053802,66.200497,66.567612,36694900
2014-02-18,66.418788,67.014115,65.55556,66.775986,43809900
2014-02-19,66.527929,68.542122,66.478316,67.53006,62087100
2014-02-20,67.202622,69.564088,65.218195,69.087822,130928900
2014-02-21,69.147364,69.415259,67.917014,68.055923,70932400
2014-02-24,68.204765,70.883746,68.006325,70.228882,76620300
2014-02-25,70.397555,70.447169,68.909235,69.306122,52077000
2014-02-26,69.64347,70.665448,68.3139,68.720711,55322700
2014-02-27,68.800085,69.464874,68.333751,68.403206,41653700
2014-02-28,68.929079,69.335882,66.855348,67.926941,66783700
2014-03-03,66.438624,67.52014,65.99213,66.885124,56824100
2014-03-04,68.125388,68.363517,67.093485,68.264297,42013500
2014-03-05,69.14736,71.409605,69.077905,71.012718,74567700
2014-03-06,71.320317,71.330241,69.703012,70.288414,46026500
2014-03-07,70.52654,70.62576,68.929076,69.256508,38927000
2014-03-10,70.21894,71.5882,69.96097,71.469131,59871600
2014-03-11,71.935499,72.024794,69.415275,69.554184,59408300
2014-03-12,69.316048,70.794444,68.462743,70.328102,46340500
2014-03-13,70.734904,70.794435,67.619354,68.29406,57091000
2014-03-14,67.956704,68.889388,66.934726,67.192703,48227000
2014-03-17,67.649136,68.413137,66.101285,68.204773,52197000
2014-03-18,68.224608,69.058064,67.768191,68.65126,40827000
2014-03-19,68.631423,68.750491,66.944663,67.708664,43981000
2014-03-20,67.48045,67.698739,66.299714,66.448547,44439000
2014-03-21,67.004196,67.391159,65.664709,66.716454,59999900
2014-03-24,66.666839,66.835514,62.866659,63.600895,85696000
2014-03-25,64.38475,65.674631,63.283392,64.38475,68786000
2014-03-26,64.235909,64.444272,59.899936,59.919781,97503900
2014-03-27,60.038845,61.418025,57.528546,60.495266,112650000
2014-03-28,60.862382,61.467633,58.877955,59.542736,67052000
2014-03-31,60.306747,61.040986,59.403832,59.770954,53011000
2014-04-01,59.989231,62.172101,59.770946,62.132412,59291000
2014-04-02,62.717826,63.412377,61.725613,62.231644,66277000
2014-04-03,62.062962,62.678133,58.669593,59.026791,83859000
2014-04-04,59.473281,59.731258,55.881469,56.308121,125214400
2014-04-07,55.464745,57.548392,55.008324,56.506569,108488000
2014-04-08,57.230884,58.252863,56.724853,57.736912,78836000
2014-04-09,59.165704,61.973667,58.729128,61.924057,100215000
2014-04-10,62.588835,62.688055,58.223094,58.699356,114988000
2014-04-11,57.151502,59.840403,56.863763,58.074261,91452000
2014-04-14,59.622115,59.979312,57.3301,58.431458,72325000
2014-04-15,58.828353,59.215316,55.444904,58.62991,108623000
2014-04-16,59.324444,59.721327,57.290407,59.25499,78774000
2014-04-17,58.838269,60.108305,58.262787,58.481071,88040000
2014-04-21,58.997018,60.763161,58.689434,60.763161,60364000
2014-04-22,62.162188,62.946034,61.735536,62.539227,60631000
2014-04-23,62.955955,62.985721,60.783005,60.882229,95908700
2014-04-24,63.104789,63.154402,59.304612,60.396046,138769000
2014-04-25,59.503052,59.542737,57.121738,57.260647,92502000
2014-04-28,57.598005,57.855983,54.234401,55.702877,107758000
2014-04-29,55.653259,57.826205,55.405205,57.69722,75557000
2014-04-30,57.131662,59.383984,56.714931,59.314529,76093000
2014-05-01,59.959475,61.795069,59.741187,60.67387,82429000
2014-05-02,60.822702,61.408109,59.711424,59.989243,54189000
2014-05-05,59.205379,60.872298,58.719196,60.743313,46057000
2014-05-06,60.505185,60.673863,58.034575,58.074261,55901000
2014-05-07,58.312398,58.83827,55.821939,56.943142,78587000
2014-05-08,56.784388,58.362008,56.060073,56.318047,61251000
2014-05-09,56.407341,57.201115,55.941003,56.794308,52584000
2014-05-12,57.528546,59.433598,57.528546,59.364143,48575000
2014-05-13,59.195465,60.415887,59.046632,59.364143,48525000
2014-05-14,59.066477,59.979316,58.490995,58.768814,47429000
2014-05-15,58.79858,58.917648,57.07213,57.469013,56814000
2014-05-16,57.85598,57.994889,56.863767,57.568237,47933000
2014-05-19,57.439252,59.096251,57.121744,58.748974,43034000
2014-05-20,59.036714,59.72134,57.726992,58.104034,53931000
2014-05-21,58.104028,60.028921,57.796441,60.019001,58992000
2014-05-22,60.465503,61.001299,59.92971,60.048775,54200000
2014-05-23,59.93962,60.971523,59.681646,60.872299,38294000
2014-05-27,61.140196,63.015479,61.090586,62.985714,55682000
2014-05-28,62.896419,63.640579,62.132414,63.015484,47795000
2014-05-29,63.342921,63.799342,63.015488,63.333,42700000
2014-05-30,63.452054,63.670338,62.072878,62.807114,45253500
2014-06-02,62.73767,63.094868,61.566858,62.58884,35996000
2014-06-03,62.132413,62.926183,61.83475,62.380466,32217000
2014-06-04,61.963744,63.094867,61.586701,62.846813,36514000
2014-06-05,63.164317,63.858867,62.330857,62.697975,47352000
2014-06-06,62.87658,62.985724,61.666082,62.013355,42442000
2014-06-09,61.914134,62.846813,61.308883,62.390396,37617000
2014-06-10,63.035318,65.307487,63.005552,65.257874,69338000
2014-06-11,64.811397,65.287663,64.394669,65.267815,44242000
2014-06-12,65.337272,65.952447,63.561209,63.789421,55730000
2014-06-13,64.196223,64.464125,63.333002,63.997784,29419000
2014-06-16,63.660439,64.374827,63.253628,63.690205,31046000
2014-06-17,63.600885,64.37481,63.43221,63.898552,27715000
2014-06-18,63.987853,65.238044,63.551284,65.089211,35570000
2014-06-19,64.950306,65.069374,63.710039,63.839024,34245000
2014-06-20,63.958094,64.305367,62.856736,63.997784,46466000
2014-06-23,63.81918,65.148751,63.719961,64.861008,34560000
2014-06-24,64.851077,66.646981,64.761774,65.208275,57335000
2014-06-25,65.069383,66.954591,65.059459,66.914902,44308000
2014-06-26,67.470528,67.470528,66.379095,66.6073,47714000
2014-06-27,66.785904,67.172866,66.319562,67.073647,46461000
2014-06-30,66.934734,67.391152,66.607302,66.76606,27102800
2014-07-01,67.053801,67.907106,66.865278,67.53006,33243000
2014-07-02,67.510218,67.768196,65.277737,65.932594,41895000
2014-07-03,66.339411,66.47832,65.247977,65.773849,25203200
2014-07-07,65.783769,66.051664,64.612957,64.781631,28745000
2014-07-08,64.553423,65.049529,61.725615,62.271332,68926000
2014-07-09,62.916264,64.612953,62.658291,64.464119,51432000
2014-07-10,62.817044,64.831233,62.559066,64.364899,44422000
2014-07-11,64.771697,66.071494,64.285514,65.823441,39212000
2014-07-14,66.607299,67.639202,66.379094,67.371307,38537000
2014-07-15,67.430838,67.559823,65.744077,66.646988,44213200
2014-07-16,67.014118,67.411005,66.547776,67.133186,29541600
2014-07-17,66.508066,67.321681,65.525777,65.892899,38188000
2014-07-18,66.279872,67.926942,65.644856,67.887253,42456000
2014-07-21,68.274217,69.415264,67.966633,68.859627,49539000
2014-07-22,69.216819,69.226736,68.075772,68.730629,40398000
2014-07-23,69.196975,70.774599,69.06799,70.734909,78435000
2014-07-24,75.368544,76.14247,73.929838,74.396179,124168000
2014-07-25,74.406091,75.080796,74.078666,74.604538,45917000
2014-07-28,74.584685,74.912117,73.274964,74.336632,41725000
2014-07-29,74.138208,74.336648,72.848327,73.13607,41324000
2014-07-30,73.632177,74.604549,73.552798,74.098518,36853000
2014-07-31,73.423807,73.592481,71.875956,72.08432,43992000
2014-08-01,71.657668,72.649882,70.992887,71.796577,43535000
2014-08-04,71.796582,73.304744,71.796582,72.93763,30777000
2014-08-05,72.630039,73.017002,71.617985,72.124016,34986000
2014-08-06,71.459223,73.145991,71.231018,71.905724,30986000
2014-08-07,72.431583,73.423797,72.133916,72.600258,38141000
2014-08-08,72.828484,72.858249,71.99502,72.491127,27202000
2014-08-11,72.888013,73.334513,72.491126,72.868172,24591000
2014-08-12,72.520887,72.759023,71.657666,72.262917,27419000
2014-08-13,72.550677,73.671876,72.481222,73.19561,29266000
2014-08-14,73.394041,73.800845,73.116223,73.721474,22207000
2014-08-15,73.741324,74.068756,72.431602,73.056694,38846600
2014-08-18,73.423814,74.138209,73.384124,74.009216,23974000
2014-08-19,74.2275,74.991509,73.92984,74.703766,26679000
2014-08-20,74.386259,74.594623,74.038985,74.227501,22917000
2014-08-21,74.336646,74.604547,73.830622,73.989372,20102000
2014-08-22,73.76116,74.14813,72.997159,73.989372,20897000
2014-08-25,74.356488,74.693837,74.207655,74.43586,19734000
2014-08-26,74.416021,75.398311,74.148127,75.368546,23993000
2014-08-27,74.683928,74.902217,73.880238,74.048912,36323000
2014-08-28,73.423806,73.850458,73.155912,73.284897,21947000
2014-08-29,73.721471,74.237419,73.433729,74.237419,26241000
2014-09-02,74.425952,76.102788,74.237429,76.082947,34979000
2014-09-03,76.539368,76.876725,75.011358,75.239571,32389000
2014-09-04,75.299089,76.330992,74.941892,75.35862,26676000
2014-09-05,75.507468,76.7775,75.011361,76.65844,29476000
2014-09-08,76.658409,77.561319,76.410356,77.283501,28183000
2014-09-09,76.985856,77.561341,75.606679,76.073021,28882000
2014-09-10,75.924177,77.343043,75.91426,76.827095,29909000
2014-09-11,76.529436,77.749862,76.450065,77.313286,32219000
2014-09-12,77.412505,77.690332,76.499671,76.876717,26676800
2014-09-15,76.549279,76.648499,72.858243,73.99929,49679000
2014-09-16,72.947545,75.636451,72.501052,75.487617,37742000
2014-09-17,75.368551,76.648507,74.981588,75.834892,28693000
2014-09-18,76.172239,76.727884,75.924186,76.400452,23031000
2014-09-19,76.797337,77.69033,75.844812,77.303368,76671000
2014-09-22,76.400458,76.926331,75.358631,76.202019,31961000
2014-09-23,75.735659,78.017746,75.447917,77.680397,36814000
2014-09-24,77.491883,78.007838,76.90648,77.928459,30680000
2014-09-25,77.987988,78.325345,76.529433,76.618736,37533000
2014-09-26,76.985853,78.22612,76.727883,78.176514,28872000
2014-09-29,77.511727,78.583312,77.303363,78.384872,34031000
2014-09-30,78.732152,79.08935,77.987992,78.424568,35899000
2014-10-01,78.166581,78.20627,75.309009,75.953949,55090000
2014-10-02,75.973812,76.87673,75.051053,76.479843,36488000
2014-10-03,77.154537,77.452196,76.65843,76.837029,23340000
2014-10-06,76.588979,77.283525,76.251622,76.956093,25729000
2014-10-07,76.450061,77.343047,75.646363,75.695976,25317000
2014-10-08,75.586827,77.104912,74.515235,76.916389,32976000
2014-10-09,76.678259,77.154525,75.259394,75.318932,32487000
2014-10-10,75.001418,75.904336,72.193459,72.342293,52146000
2014-10-13,72.659806,74.197732,71.955327,72.421669,43938000
2014-10-14,73.423817,73.602416,71.489003,73.017006,50299000
2014-10-15,71.1318,73.225371,69.772464,72.639961,61528000
2014-10-16,70.238806,72.778871,70.030443,72.064476,53529000
2014-10-17,73.652019,75.408233,73.175753,75.35862,76342000
2014-10-20,75.011358,76.489755,74.79307,76.350845,34701000
2014-10-21,76.956087,78.1269,76.549283,78.077293,32252000
2014-10-22,78.206274,79.228253,77.402583,77.759781,41862000
2014-10-23,78.761922,80.002189,78.394807,79.416786,35056000
2014-10-24,79.575521,80.190696,78.702376,80.041862,32248000
2014-10-27,80.111325,80.170863,79.138959,79.654907,30169000
2014-10-28,79.55568,80.528053,78.95043,80.141083,74212000
2014-10-29,74.862506,76.281372,74.197725,75.269318,106120000
2014-10-30,74.465627,74.763286,72.332366,73.532944,83270000
2014-10-31,74.346559,75.11056,73.870294,74.40609,44544000
2014-11-03,74.882365,74.931971,73.126142,73.304741,40727000
2014-11-04,73.652027,75.180029,73.076541,75.170113,39326000
2014-11-05,75.914264,76.202007,73.840534,74.247345,35913000
2014-11-06,74.306882,75.011353,73.731396,74.674004,21383000
2014-11-07,74.802989,75.26933,74.435867,75.011353,20774000
2014-11-10,74.773213,74.892281,74.029053,74.416016,21575100
2014-11-11,74.366409,74.396182,73.453575,74.02906,18715700
2014-11-12,73.701622,74.554927,72.967387,74.138199,26536600
2014-11-13,74.158042,74.654149,73.066609,73.67186,26448500
2014-11-14,73.6917,74.346565,73.463496,74.296951,19476900
2014-11-17,74.29695,75.070883,73.304736,73.661934,28701200
2014-11-18,73.870306,74.217587,73.324593,73.761162,20690500
2014-11-19,73.433747,73.959619,72.540753,72.759041,25441200
2014-11-20,72.23315,73.413879,71.945407,73.026917,19154900
2014-11-21,73.919919,73.919919,72.927705,73.175758,23060400
2014-11-24,72.967389,73.77108,72.778866,73.433731,22103800
2014-11-25,73.632166,75.150251,73.552787,75.041107,32250200
2014-11-26,74.941895,77.174375,74.922054,77.015625,32695300
2014-11-28,77.065236,77.660563,76.628667,77.095001,15992000
2014-12-01,76.658429,76.708035,74.217584,74.515244,31789900
2014-12-02,74.743451,75.318937,74.455709,74.872437,16773900
2014-12-03,74.793058,75.140339,73.820693,74.296951,16689900
2014-12-04,74.247348,74.961743,74.078674,74.654152,14362800
2014-12-05,75.209797,76.162321,74.773221,75.765434,24306400
2014-12-08,75.586838,76.648506,74.812912,75.924187,25733900
2014-12-09,74.614462,76.330995,74.197734,76.241692,25358600
2014-12-10,76.053187,76.946181,75.477701,75.586845,32210500
2014-12-11,75.924186,77.908613,75.884504,77.124771,33462100
2014-12-12,76.559218,78.265819,76.420301,77.223999,28091600
2014-12-15,77.849073,77.968142,75.963866,76.390518,29396500
2014-12-16,75.596765,76.787418,74.009217,74.108444,31554600
2014-12-17,74.425954,75.815055,74.31681,75.517387,29203900
2014-12-18,76.291299,77.789543,75.91426,77.789543,34222100
2014-12-19,78.13682,79.377087,77.720092,79.258018,43335000
2014-12-22,79.456468,81.252372,79.377089,80.815796,31395800
2014-12-23,81.381378,81.530212,79.773997,79.982361,19865800
2014-12-24,80.39906,80.795947,80.121242,80.141083,7685500
2014-12-26,80.389153,80.647131,79.883129,80.151024,10647400
2014-12-29,79.863261,80.329602,79.089335,79.396919,14134700
2014-12-30,79.228264,79.9625,78.484104,78.603172,14370800
2014-12-31,78.920675,79.178653,77.253756,77.412506,19935400
2015-01-02,77.96815,78.315423,77.094997,77.839157,18177500
2015-01-05,77.372824,78.632932,76.261542,76.588974,26452200
2015-01-06,76.628653,76.985843,74.773211,75.55706,27399300
2015-01-07,76.162311,76.757638,75.229628,75.55706,22045300
2015-01-08,76.142476,77.62088,75.487619,77.571266,23961000
2015-01-09,77.591107,78.007842,76.598893,77.134689,21157000
2015-01-12,77.233902,77.392659,75.616596,76.122627,19190200
2015-01-13,76.628662,77.472042,75.259402,75.854729,25179600
2015-01-14,75.824967,76.598893,75.438005,75.686058,25918600
2015-01-15,75.805127,75.973802,72.967396,73.473427,34134000
2015-01-16,73.463497,74.733529,73.26505,74.59462,21791500
2015-01-20,75.130415,75.715817,74.237421,75.646362,22821600
2015-01-21,75.566993,76.698116,75.259402,76.142471,25096700
2015-01-22,76.569129,77.144615,76.082946,77.045395,19519500
2015-01-23,77.0454,77.581197,76.440149,77.223999,16746500
2015-01-26,77.372834,77.859017,76.688204,76.896568,19260800
2015-01-27,76.112693,76.281367,75.0411,75.189934,20110000
2015-01-28,76.301227,77.035463,75.408233,75.646362,53306400
2015-01-29,76.251622,77.412511,73.632179,77.39267,61293500
2015-01-30,77.392654,77.551412,75.160174,75.318932,42649500
2015-02-02,75.517372,75.547137,73.175747,74.40609,41955300
2015-02-03,74.604548,74.991511,73.284902,74.812912,26957700
2015-02-04,74.505311,75.755502,74.42594,75.041107,20277400
2015-02-05,75.120483,75.388385,74.624376,75.021263,15062600
2015-02-06,75.090722,75.110563,73.671856,73.890144,21211000
2015-02-09,73.473427,74.247352,72.878093,73.86039,16194300
2015-02-10,74.267181,74.753364,73.919908,74.604538,15811300
2015-02-11,74.505334,76.152413,74.445804,75.914284,20877400
2015-02-12,76.261528,76.271452,75.29908,75.636436,17235000
2015-02-13,75.864656,75.884504,74.912132,75.150261,18621900
2015-02-17,74.713693,76.311158,74.495405,75.011353,25254400
2015-02-18,75.348708,76.301232,74.862518,76.112709,22426400
2015-02-19,76.390526,79.218333,76.350836,78.801605,45851200
2015-02-20,78.930589,79.714431,78.583309,79.277863,36931700
2015-02-23,79.337394,79.565607,77.769695,78.226112,24139100
2015-02-24,77.888771,78.861144,77.491884,77.839157,18897100
2015-02-25,77.88877,79.57553,77.88877,78.940514,25593800
2015-02-26,79.258025,80.736429,79.099275,79.783905,31111900
2015-02-27,80.051787,80.597507,78.007829,78.355103,30739200
2015-03-02,78.384883,79.238188,77.908617,79.129044,21662500
2015-03-03,78.990118,79.079414,77.908602,78.980194,18635000
2015-03-04,78.682548,80.518142,78.236047,80.270088,28126700
2015-03-05,80.597508,81.351585,80.418909,80.57766,27825700
2015-03-06,80.270078,80.69673,79.20841,79.387009,24488600
2015-03-09,79.059578,79.287791,78.017751,78.821449,18925100
2015-03-10,77.888782,78.642867,76.946182,76.946182,23067100
2015-03-11,77.194239,77.819331,76.658442,76.966026,20215700
2015-03-12,77.491883,78.43449,77.303367,78.315422,16093300
2015-03-13,77.987981,78.761907,77.075147,77.442268,18557300
2015-03-16,77.352968,77.511726,76.757642,77.462112,19305400
2015-03-17,77.749859,79.158801,77.730011,78.742073,22170000
2015-03-18,78.632936,80.607439,78.553557,80.280014,36912400
2015-03-19,80.488362,82.35372,80.369293,82.105667,42099500
2015-03-20,82.740688,83.941265,82.42318,83.147499,44466300
2015-03-23,83.26656,84.298463,82.651392,83.772591,27357300
2015-03-24,84.050425,85.399837,83.861902,84.645752,32576500
2015-03-25,84.834266,84.854107,82.274353,82.274353,37436100
2015-03-26,82.075912,83.117732,81.500427,82.363655,32794800
2015-03-27,82.730769,83.296331,82.234662,82.651398,18372600
2015-03-30,83.157428,83.6833,81.768335,82.552177,24527700
2015-03-31,82.254509,82.849836,81.569879,81.579803,19734300
2015-04-01,81.85762,82.075908,80.240314,81.034081,22058200
2015-04-02,81.609572,81.917156,80.805881,80.924942,19664100
2015-04-06,80.170866,82.16521,80.170866,81.798096,19062900
2015-04-07,82.006456,82.770457,81.579804,81.679024,17467000
2015-04-08,81.986609,82.45295,81.202759,81.639336,18966700
2015-04-09,81.857622,82.155289,81.073772,81.53019,15927300
2015-04-10,81.569881,81.966768,81.272222,81.401207,12529700
2015-04-13,81.292063,83.286414,81.282138,82.363655,26883100
2015-04-14,82.522401,83.038357,81.79809,82.869675,19634200
2015-04-15,82.899442,83.008586,81.629403,82.065979,22390900
2015-04-16,81.827848,82.423175,81.51034,81.66909,13769700
2015-04-17,80.845578,81.47067,79.74422,80.151024,24215000
2015-04-20,80.905097,82.502562,80.60743,82.443024,28796800
2015-04-21,83.345941,83.832124,82.889524,82.968903,27171900
2015-04-22,83.66344,84.080168,82.998659,83.971024,45548000
2015-04-23,83.445162,84.923558,81.768326,81.768326,73728100
2015-04-24,82.125523,82.294205,80.845574,80.89518,29660400
2015-04-27,81.232535,82.284279,80.994398,81.272224,25446000
2015-04-28,81.192843,81.262298,79.605303,80.051796,23775300
2015-04-29,79.387005,80.756257,78.900815,79.843422,26430300
2015-04-30,79.387012,80.329612,77.710169,78.156662,28999000
2015-05-01,78.623008,79.138963,77.501809,78.374954,24136400
2015-05-04,78.712305,79.069503,78.017751,78.19635,14692000
2015-05-05,77.93839,78.186443,76.618744,76.956093,22311300
2015-05-06,77.36289,78.196345,76.450055,77.491875,28663000
2015-05-07,77.392653,78.325336,76.956077,77.819305,19749400
2015-05-08,78.484092,78.613084,77.422423,77.898689,19943600
2015-05-11,77.868937,78.41465,77.323217,77.402596,18874100
2015-05-12,77.263676,77.283517,76.192084,76.856865,21285300
2015-05-13,77.114844,77.918534,77.045389,77.829239,21512300
2015-05-14,78.325348,81.212686,78.057446,80.736427,49438000
2015-05-15,80.77612,80.885257,79.555694,79.793823,27069900
2015-05-18,79.704524,80.746343,79.605304,80.250237,21613700
2015-05-19,80.617357,81.053934,79.922811,80.002182,17955400
2015-05-20,79.843435,80.468526,78.841297,79.922813,23056900
2015-05-21,79.565613,80.289924,79.456468,79.853355,13402700
2015-05-22,79.724365,80.676889,79.625145,79.912888,19567900
2015-05-26,79.803737,79.972411,78.46425,78.712303,16321300
2015-05-27,78.980206,80.031958,78.811531,79.922813,14160900
2015-05-28,79.625145,80.438759,79.377091,79.525925,11982000
2015-05-29,79.327479,79.446548,78.265811,78.573402,16134600
2015-06-01,78.682551,79.754136,78.047535,79.664841,18119000
2015-06-02,79.138962,80.716578,78.940514,79.813667,18923300
2015-06-03,80.716579,81.887391,80.617359,81.798096,31775000
2015-06-04,81.500421,82.304111,80.875329,81.411125,20863900
2015-06-05,81.232525,81.817928,80.875328,81.50042,16143100
2015-06-08,81.18291,81.361508,79.506066,80.041862,16915500
2015-06-09,79.972408,80.557818,78.702376,80.041862,16497500
2015-06-10,80.200625,81.95684,80.180777,81.520271,21531200
2015-06-11,81.669099,82.254509,80.726499,81.192841,18656800
2015-06-12,80.736429,81.450817,80.567747,80.89518,11417900
2015-06-15,79.922823,80.299862,79.446557,80.081573,18805100
2015-06-16,80.190704,80.875334,79.823582,80.428833,13693700
2015-06-17,81.123395,81.579812,80.706659,81.15316,18350300
2015-06-18,81.004312,82.542246,80.934857,82.264427,26782600
2015-06-19,82.185062,82.333895,81.480591,81.867554,23353200
2015-06-22,82.760546,84.308397,82.661319,84.080185,29383100
2015-06-23,84.298477,87.285043,84.100038,87.19574,50667900
2015-06-24,86.977453,88.555069,86.769081,88.168106,41370200
2015-06-25,88.564992,88.703902,87.156043,87.29496,27302000
2015-06-26,87.433859,87.652139,86.153902,87.324715,38214600
2015-06-29,85.935626,86.818695,85.06248,85.131935,35957900
2015-06-30,85.925697,86.024917,84.903718,85.102158,23016500
2015-07-01,86.094367,87.265179,85.816549,86.233284,25260000
2015-07-02,86.71948,86.75917,85.667729,86.610336,16908800
2015-07-06,85.816557,87.503325,85.717338,86.868309,24635900
2015-07-07,87.116356,87.165963,84.566368,86.540871,33059900
2015-07-08,85.618125,86.074542,84.784661,84.983109,24399300
2015-07-09,86.054699,86.91792,84.983106,85.211311,23307400
2015-07-10,86.669863,87.533092,86.094378,87.26519,23245900
2015-07-13,87.96967,89.517521,87.731533,89.398453,29976700
2015-07-14,89.755645,90.093002,88.951955,88.98172,26627800
2015-07-15,89.299233,90.281522,88.723747,89.061104,30886600
2015-07-16,89.57704,90.152525,89.071009,90.142601,21804100
2015-07-17,91.829375,94.647258,91.81945,94.23053,54001600
2015-07-20,95.103671,97.832259,94.617489,97.147636,54860500
2015-07-21,98.179531,98.467274,96.383627,97.623894,39453300
2015-07-22,95.986734,96.820197,95.173119,96.284401,28299500
2015-07-23,96.205038,96.691221,94.071777,94.696877,29418800
2015-07-24,96.592001,96.998812,95.133446,96.195114,33444900
2015-07-27,95.827991,95.857756,93.099403,93.436752,38585400
2015-07-28,94.101542,94.815937,92.583456,94.548042,35236000
2015-07-29,95.570013,96.522537,94.002314,96.234795,64648300
2015-07-30,94.170999,95.063985,91.085214,94.468658,86211300
2015-07-31,94.210668,95.579927,93.218454,93.277992,46509000
2015-08-03,92.801732,94.339666,92.07742,93.406982,29343100
2015-08-04,93.059712,93.992395,92.603295,93.327606,20136000
2015-08-05,94.508343,96.334012,94.438888,95.689079,29813200
2015-08-06,96.423322,97.971173,93.68481,94.379364,42271300
2015-08-07,94.637335,94.657184,92.88112,93.56575,23199100
2015-08-10,94.935002,95.15329,92.900961,93.416916,21624200
2015-08-11,93.000196,94.022175,92.176657,92.891052,22491000
2015-08-12,91.978193,93.70465,90.479956,93.456596,27050500
2015-08-13,93.317697,93.992403,92.623143,92.702522,17451800
2015-08-14,92.811662,93.982474,92.484229,93.684807,15929700
2015-08-17,93.684806,93.724496,92.662827,93.198624,18313500
2015-08-18,93.347469,95.103684,93.307779,94.428978,22278800
2015-08-19,93.893166,95.351721,93.426832,94.567871,23251300
2015-08-20,92.811666,94.032085,89.755646,89.854866,44598200
2015-08-21,86.838539,88.485617,84.943415,85.389908,62778700
2015-08-24,76.430222,81.450821,71.439388,81.450821,83710700
2015-08-25,86.27297,86.987365,82.353729,82.353729,52021200
2015-08-26,85.280766,86.77901,82.611716,86.511116,45124300
2015-08-27,88.406234,89.358759,86.51111,89.031334,42431400
2015-08-28,89.18017,90.767718,89.090874,90.301376,33215900
2015-08-31,89.894561,90.341062,88.197877,88.733673,32850700
2015-09-01,86.17375,88.693974,85.826477,86.550797,36097400
2015-09-02,88.118494,89.190086,86.947681,89.190086,27190500
2015-09-03,89.061095,89.120626,87.046903,87.463631,27048200
2015-09-04,86.521025,87.701762,86.024918,87.572777,27328700
2015-09-08,88.991644,89.537357,88.138339,88.832886,27012500
2015-09-09,90.073158,91.263819,89.467907,89.735809,32551100
2015-09-10,89.368693,91.343196,88.932116,91.263824,26437400
2015-09-11,90.966145,91.363032,90.420425,91.333267,21185000
2015-09-14,91.59124,91.898831,90.886769,91.59124,20127900
2015-09-15,91.650771,92.523917,91.075286,92.176643,18859400
2015-09-16,92.176653,92.8712,91.908751,92.722366,16321200
2015-09-17,92.642975,94.766311,92.176633,93.605415,27841800
2015-09-18,92.474309,94.44882,92.325483,93.66497,62300000
2015-09-21,93.883256,95.738691,93.784029,94.806015,28790000
2015-09-22,93.039866,93.942784,91.204272,92.236176,36888900
2015-09-23,92.67275,93.585585,92.077424,93.238312,21701400
2015-09-24,92.335402,94.032086,91.521787,93.674896,29106000
2015-09-25,95.044135,95.103665,91.343175,92.047646,28961600
2015-09-28,91.363037,91.571401,87.493402,88.515381,41199900
2015-09-29,88.406235,89.358759,85.052555,85.995155,42281800
2015-09-30,87.751374,89.319065,87.324721,89.200005,36169100
2015-10-01,89.348828,90.241814,87.671984,90.241814,29283700
2015-10-02,88.207796,91.482096,87.681924,91.353111,37881700
2015-10-05,92.216324,93.535962,91.938506,93.277992,27292500
2015-10-06,93.347471,93.436766,91.621013,92.077438,22172800
2015-10-07,92.38502,92.930741,90.658571,91.68055,24129300
2015-10-08,91.174507,92.494153,89.765565,91.749992,27290500
2015-10-09,92.176651,93.010107,91.521786,92.514,20012900
2015-10-12,92.593364,93.863396,91.948423,93.526047,18449600
2015-10-13,92.930744,94.627428,92.8216,93.387161,19480300
2015-10-14,93.347456,94.458731,92.881115,93.337532,19253400
2015-10-15,94.250373,95.550179,94.161078,95.212822,27557500
2015-10-16,95.431099,96.830116,94.60756,96.78051,25412900
2015-10-19,96.423321,97.802497,96.165343,97.703278,23729900
2015-10-20,97.961246,98.814542,95.808136,96.244713,30881800
2015-10-21,96.611837,97.415527,95.718843,96.353859,21917800
2015-10-22,97.028577,98.953474,96.790448,98.893936,26392100
2015-10-23,101.116514,102.04919,99.38014,101.394333,42809700
2015-10-26,101.404231,103.001695,100.759298,102.962006,25961200
2015-10-27,102.138456,103.289419,101.602659,102.892532,23795500
2015-10-28,103.090997,103.666483,102.118624,103.388657,24081500
2015-10-29,103.15052,104.301491,102.713943,104.063354,20316700
2015-10-30,103.696249,103.904613,100.858517,101.176025,33487100
2015-11-02,100.927976,102.66435,100.39218,102.505592,24003900
2015-11-03,102.416281,102.842933,101.602667,101.781265,21242300
2015-11-04,102.386524,103.329124,101.682053,103.130684,43469300
2015-11-05,107.952836,109.78843,107.109449,107.913147,63232900
2015-11-06,107.198751,107.893297,105.085339,106.266068,35084300
2015-11-09,106.166859,107.407126,105.035736,105.660828,26383500
2015-11-10,105.134957,107.307908,104.420562,107.069778,25031700
2015-11-11,107.426958,109.014506,106.275994,108.161201,25057100
2015-11-12,107.635334,108.538245,107.159068,107.178909,20924700
2015-11-13,106.871327,107.407124,103.021541,103.140602,30278400
2015-11-16,102.515517,103.358897,99.687709,103.229912,49309200
2015-11-17,103.805393,105.373085,103.329127,104.311417,26807200
2015-11-18,104.9762,107.039999,104.569389,106.930855,23836500
2015-11-19,106.524058,106.89118,105.125033,105.432625,25520600
2015-11-20,106.008094,107.03008,105.789813,106.48436,22129600
2015-11-23,106.35537,106.633189,105.254012,106.117233,19897200
2015-11-24,105.174657,105.66084,103.577192,104.916679,23577300
2015-11-25,105.502076,105.76997,104.28165,104.589241,15150800
2015-11-27,104.956354,105.134953,104.043519,104.628922,5913100
2015-11-30,105.015885,105.273863,102.942162,103.428345,20383200
2015-12-01,104.013749,106.315684,103.686317,106.285919,22781900
2015-12-02,106.166869,107.079704,104.966291,105.24411,24429100
2015-12-03,105.442544,106.01803,102.545282,103.567261,23236500
2015-12-04,103.993913,106.891183,103.299367,105.353249,21224700
2015-12-07,105.650902,105.998176,103.845074,104.787674,15474900
2015-12-08,103.190218,106.077563,103.140604,105.660828,20401800
2015-12-09,105.353252,105.61123,102.743733,103.785553,23517300
2015-12-10,104.232053,105.57154,103.597036,104.599167,17454300
2015-12-11,103.33906,103.527575,101.116503,101.324867,26427700
2015-12-14,101.493521,103.924441,100.669982,103.84507,24648100
2015-12-15,104.480107,104.976214,103.468045,103.735947,21764300
2015-12-16,104.549555,106.256156,103.378742,105.958496,22680500
2015-12-17,106.653045,106.911022,105.303634,105.392937,21675700
2015-12-18,105.254029,105.760052,103.160457,103.229912,35994200
2015-12-21,104.093133,104.331262,102.793328,103.954216,16138800
2015-12-22,104.400718,104.837295,103.993907,104.688461,14597100
2015-12-23,105.065499,105.283787,103.051306,103.815308,19599700
2015-12-24,103.924444,104.49993,103.686315,104.202263,6501800
2015-12-28,104.202291,105.154823,103.716109,105.105209,13069700
2015-12-29,105.591364,106.901086,105.42269,106.424828,17179900
2015-12-30,106.166862,106.414916,105.234179,105.392937,13115000
2015-12-31,105.174632,105.343307,103.80538,103.84507,18391100
2016-01-04,101.156178,101.443921,98.973311,101.42408,37912400
2016-01-05,102.088873,102.902488,100.878371,101.930122,23258200
2016-01-06,100.342559,102.962002,100.114354,102.168236,25096200
2016-01-07,99.71746,100.640219,96.542379,97.157547,45172900
2016-01-08,99.102299,99.717474,96.274492,96.572159,35402300
2016-01-11,97.147635,97.832257,94.647252,96.750748,29932400
2016-01-12,98.229146,99.18167,96.790439,98.596268,28395400
2016-01-13,99.796854,99.796854,94.468664,94.696877,33410600
2016-01-14,95.103667,98.100156,91.73014,97.60405,48658600
2016-01-15,93.24824,95.629547,92.811664,94.23053,46132800
2016-01-19,95.778373,96.661442,93.188695,94.518265,30998300
2016-01-20,92.107188,94.260289,88.674129,93.615349,59051400
2016-01-21,94.170987,95.242571,91.898817,93.426826,30518900
2016-01-22,95.659321,97.306391,94.746478,97.177406,30495400
2016-01-25,97.951323,98.705407,96.17526,96.254639,32482000
2016-01-26,96.998797,97.117858,94.91515,96.582062,26877100
2016-01-27,97.028574,97.088105,93.496296,93.714577,58699400
2016-01-28,106.365305,109.480856,103.993915,108.260437,107475300
2016-01-29,108.141359,111.96138,107.992526,111.336288,62739500
2016-02-01,111.395813,114.818955,111.137843,114.193855,46132700
2016-02-02,113.906129,116.674398,112.318581,113.717606,59778600
2016-02-03,114.372467,114.441921,108.89545,111.812561,56919300
2016-02-04,110.929482,111.068391,108.399334,109.629677,38890200
2016-02-05,108.657303,108.726757,102.376589,103.259659,76894700
2016-02-08,99.628177,101.880499,96.701142,98.973312,71229700
2016-02-09,96.383632,101.602678,96.066124,98.764946,62709000
2016-02-10,100.759298,102.446058,99.459493,100.213577,45179400
2016-02-11,98.824467,104.291566,98.110072,101.116486,43670600
2016-02-12,102.932239,103.428346,100.302871,101.215714,36176800
2016-02-16,102.991783,103.120768,99.459497,100.818832,45687200
2016-02-17,101.22562,104.896815,99.618239,104.380859,44073400
2016-02-18,104.976204,105.174644,102.227768,102.664345,29593500
2016-02-19,101.7515,104.202261,101.26531,103.755768,32404500
2016-02-22,104.668612,107.407124,104.519779,106.325615,35709700
2016-02-23,106.018024,106.633199,104.301498,104.638847,25319300
2016-02-24,103.398567,106.11723,101.940012,106.047775,34412400
2016-02-25,106.275999,107.228523,104.787679,107.228523,29906300
2016-02-26,107.853622,108.597782,106.32562,107.079697,26686200
2016-02-29,106.762177,108.061981,105.918797,106.087471,32779000
2016-03-01,106.990402,108.964905,106.762189,108.964905,26817300
2016-03-02,108.825993,109.689222,107.923075,109.093887,25670200
2016-03-03,109.391557,109.441171,107.694873,108.726776,21353100
2016-03-04,109.193099,109.193099,107.089603,107.546021,24938900
2016-03-07,107.22853,107.22853,103.904616,104.906754,31436400
2016-03-08,103.964162,106.534,103.587123,105.105209,25617000
2016-03-09,105.869199,106.672897,104.668621,106.672897,20493300
2016-03-10,107.06977,107.81393,104.946426,106.48436,24854300
2016-03-11,107.635354,108.56803,107.079709,108.558113,20697600
2016-03-14,108.429097,109.470924,107.923066,109.034348,17249400
2016-03-15,108.260415,109.967023,107.992513,109.808266,17618500
2016-03-16,109.629683,111.624034,109.24272,111.306526,24744800
2016-03-17,111.276762,111.812558,109.86782,110.155556,24241200
2016-03-18,110.691351,111.544655,109.411394,110.582207,36256900
2016-03-21,110.790588,111.495058,110.165488,110.979103,18448000
2016-03-22,110.492915,112.001076,110.304392,111.375984,19001100
2016-03-23,111.137847,112.30866,111.127923,111.663719,18562000
2016-03-24,111.256912,112.209436,110.810419,112.169754,17839100
2016-03-28,112.437642,113.69775,112.07052,112.804764,21351800
2016-03-29,112.943676,115.414286,112.755153,115.235687,29825300
2016-03-30,115.821108,116.079078,113.469559,113.806908,33235200
2016-03-31,113.806905,114.114496,112.884146,113.211578,21207500
2016-04-01,112.8643,115.265455,112.467413,115.156311,24760500
2016-04-04,113.181799,113.658064,110.740954,111.673637,48487900
2016-04-05,111.237063,112.43764,111.028699,111.346207,22962400
2016-04-06,111.59425,112.923812,111.544636,112.824593,20814600
2016-04-07,112.903991,113.995425,112.189596,112.755157,20714500
2016-04-08,113.360401,113.43978,109.044274,109.768585,48497800
2016-04-11,109.838034,110.046406,107.923062,108.14135,39762300
2016-04-12,108.488641,110.294477,108.141368,109.748756,26248100
2016-04-13,111.356129,111.772857,105.690583,109.649521,88227400
2016-04-14,109.758671,111.167612,109.401473,109.976952,28473300
2016-04-15,109.927356,110.105954,108.349732,108.786308,20922800
2016-04-18,108.885526,109.947194,108.349729,109.589996,21167200
2016-04-19,110.234928,111.574415,108.310039,111.415665,30210500
2016-04-20,111.554579,112.388035,110.691351,111.544655,21027900
2016-04-21,111.673647,113.152044,111.435511,112.556717,20875200
2016-04-22,110.344075,110.879871,108.161208,109.699135,38458200
2016-04-25,109.014517,109.808283,108.220743,109.242722,21017900
2016-04-26,109.629672,109.639596,107.307896,107.913147,22521500
2016-04-27,107.099545,108.091758,105.482232,108.042145,52213100
2016-04-28,118.648906,119.849483,115.324992,115.821098,87110100
2016-04-29,115.91039,116.922445,114.938017,116.664474,37140600
2016-05-02,116.912523,117.805517,115.662332,117.646759,28095200
2016-05-03,116.604943,117.239967,116.108837,116.515648,24117500
2016-05-04,115.702048,117.378891,115.662358,117.140755,23448400
2016-05-05,117.120905,118.053588,116.337055,116.892693,22056700
2016-05-06,116.247749,118.708434,116.198135,118.559601,26395600
2016-05-09,118.609206,119.343442,117.97419,118.311539,21138100
2016-05-10,118.688599,119.561745,118.073424,119.561745,23220000
2016-05-11,119.47244,120.137221,118.490143,118.589363,22038400
2016-05-12,119.045785,119.899082,117.974193,119.343445,22035500
2016-05-13,119.442659,119.700637,118.748113,118.877098,18124300
2016-05-16,118.450473,118.678686,116.43628,117.746002,31247800
2016-05-17,117.894835,118.083358,116.287446,116.436279,21328600
2016-05-18,115.890552,117.3491,115.821098,116.733932,21642300
2016-05-19,116.138611,116.57518,114.977716,115.900475,20544100
2016-05-20,116.049317,117.071295,116.039392,116.436279,18944800
2016-05-23,116.505723,116.684322,115.037251,115.067017,20441000
2016-05-24,115.334908,116.813312,115.215847,116.783539,20183600
2016-05-25,117.210206,117.746002,116.466045,116.972076,20019800
2016-05-26,117.319331,118.8275,117.001823,118.539757,18481300
2016-05-27,118.629061,118.916804,118.083348,118.450462,13493600
2016-05-31,118.529843,119.164859,117.200281,117.884903,23547600
2016-06-01,117.577322,118.152808,116.902616,117.855141,15029500
2016-06-02,117.765853,118.510014,117.299512,118.003983,13228300
2016-06-03,118.053585,118.053585,116.942303,117.547554,14135100
2016-06-06,117.696392,118.500083,117.438414,117.865067,12744700
2016-06-07,118.311558,118.371096,116.753783,116.843086,17103000
2016-06-08,116.843078,117.676534,116.356888,117.46817,14505600
2016-06-09,117.210189,117.755909,116.793461,117.636841,13859200
2016-06-10,116.624795,117.190356,115.354762,115.71196,18510800
2016-06-13,114.104572,114.580837,112.427728,113.062744,31718200
2016-06-14,113.181808,114.054953,112.695625,114.045036,17618500
2016-06-15,114.402234,114.541143,113.181808,113.70768,19819400
2016-06-16,112.983373,113.608465,112.060614,113.499321,19236300
2016-06-17,113.529085,113.539009,111.683567,112.139984,24644300
2016-06-20,112.884131,113.826738,111.872076,112.487251,20785400
2016-06-21,113.23141,114.312919,113.082576,113.48938,19166300
2016-06-22,113.757292,113.846588,112.725389,113.023056,14846300
2016-06-23,113.479474,114.193861,112.655935,114.183945,16176900
2016-06-24,110.145653,112.794862,110.135728,111.207321,40643100
2016-06-27,110.701283,110.701283,107.387293,108.121529,36130400
2016-06-28,109.768605,111.872101,109.689233,111.822487,26813800
2016-06-29,112.487261,113.360406,112.159829,113.271111,20968300
2016-06-30,113.777138,114.283169,112.784924,113.390175,23192700
2016-07-01,113.310797,114.233556,112.923834,113.30088,14980000
2016-07-05,113.052821,113.310791,112.090373,113.310791,14207000
2016-07-06,112.477339,115.880632,112.090376,115.791328,24337600
2016-07-07,115.721878,116.059234,114.46177,114.947952,16630200
2016-07-08,115.523427,116.585096,114.947942,116.327118,18142600
2016-07-11,116.793467,117.775756,116.585103,116.952225,17711600
2016-07-12,117.706296,117.795599,116.654552,117.011749,15217700
2016-07-13,117.468177,117.478101,115.771492,115.870712,16207700
2016-07-14,116.585111,116.72402,115.791337,116.376747,14579700
2016-07-15,116.823226,117.359022,115.672262,115.950081,16646000
2016-07-18,116.406496,118.678666,115.979844,118.440536,20868400
2016-07-19,118.063502,119.90902,117.736077,119.670891,21541300
2016-07-20,120.305899,121.248499,119.621269,120.97068,20046500
2016-07-21,120.970688,121.149287,119.313693,119.670891,17801700
2016-07-22,118.966413,120.06777,118.381003,120.057846,18422400
2016-07-25,120.444816,120.901233,116.862924,120.682945,18487400
2016-07-26,121.050071,121.119526,119.809804,120.276146,17612000
2016-07-27,121.466796,124.026709,120.563886,122.379631,52654200
2016-07-28,126.527086,127.330784,122.667375,124.026711,78955800
2016-07-29,123.679431,124.86016,122.746748,122.97496,35058800
2016-08-01,122.885654,123.609973,121.903365,123.342072,25006900
2016-08-02,123.094017,123.828261,121.119514,122.131569,23968400
2016-08-03,122.131569,122.955109,121.357644,121.556091,18525300
2016-08-04,121.982744,123.818338,121.556092,123.391685,21066000
2016-08-05,124.00687,124.860167,123.649673,124.175545,20184000
2016-08-08,124.274759,124.473199,123.580212,124.284683,15233900
2016-08-09,124.364038,125.108198,123.560348,124.08622,19621000
2016-08-10,124.096154,124.502965,123.570282,123.907631,10670100
2016-08-11,124.225142,124.403741,123.778649,123.927483,11729500
2016-08-12,123.729032,124.026699,123.213084,123.907631,12159000
2016-08-15,123.937418,123.947334,122.736833,122.93528,19295100
2016-08-16,122.538383,122.955111,121.823988,122.339943,14222400
2016-08-17,122.697141,123.411528,121.893442,123.401611,13794200
2016-08-18,123.04441,123.292464,122.677289,122.94519,12400800
2016-08-19,122.637597,123.193242,122.320089,122.597908,11688300
2016-08-22,122.369712,123.858032,122.151424,123.183327,14386400
2016-08-23,123.540521,124.115999,123.282543,123.401611,13309500
2016-08-24,123.500829,123.719117,122.131569,122.518539,12243700
2016-08-25,122.161345,123.401612,122.141497,122.925346,10730800
2016-08-26,123.084104,124.215227,122.945195,123.987015,17504800
2016-08-29,123.381768,125.743241,123.381768,125.554718,15925900
2016-08-30,125.61423,125.61423,124.175523,124.860146,17804300
2016-08-31,124.62203,125.237205,124.125923,125.137985,14200600
2016-09-01,125.39594,125.643994,124.622015,125.187576,13536100
2016-09-02,125.862305,125.872229,125.018925,125.524956,12118800
2016-09-06,125.683693,128.928235,125.485253,128.719864,26278400
2016-09-07,129.027441,130.952338,128.938146,130.029587,27990800
2016-09-08,129.900609,130.059367,128.799251,129.255676,15676600
2016-09-09,128.700045,128.938167,126.110359,126.110359,27100700
2016-09-12,124.979227,127.75742,124.770863,127.687973,21252800
2016-09-13,127.033097,127.350613,125.67377,126.219482,18016200
2016-09-14,125.901994,127.797125,125.901994,126.775139,15691100
2016-09-15,126.983518,128.0948,126.675926,127.350639,15077200
2016-09-16,127.201782,128.174147,127.201782,128.065018,24119200
2016-09-19,128.898476,128.928241,127.261315,127.648277,14958800
2016-09-20,127.648306,128.164262,127.033139,127.63839,11083800
2016-09-21,128.124547,128.997685,127.390304,128.928238,14068300
2016-09-22,129.483897,129.712102,128.551214,129.067169,15538300
2016-09-23,126.566767,127.598677,126.308797,126.963654,28326300
2016-09-26,126.378248,127.162098,125.812687,126.31871,15064900
2016-09-27,126.61638,128.005474,126.437782,127.687973,15637100
2016-09-28,128.203922,128.461892,127.400216,128.223755,12047600
2016-09-29,128.174138,128.283282,126.55684,127.092628,14532200
2016-09-30,127.033104,127.588741,126.457618,127.27124,18402900
2016-10-03,127.380387,128.08485,126.804901,127.767349,13156900
2016-10-04,128.164244,128.273389,126.556863,127.191879,14307500
2016-10-05,127.2514,127.797121,126.834672,127.469688,12386800
2016-10-06,127.430003,128.055103,127.082738,127.737602,11682700
2016-10-07,128.035217,128.243589,127.330754,127.985619,12804400
2016-10-10,128.670269,129.682331,128.194011,129.225922,15138700
2016-10-11,129.215975,129.622786,127.231547,127.876495,17537900
2016-10-12,128.005484,128.650432,127.459779,128.045181,11073000
2016-10-13,127.211723,127.251405,125.763084,126.824753,17139300
2016-10-14,127.489536,127.945946,126.586618,126.884277,13345300
2016-10-17,127.201778,127.46968,126.328633,126.546921,11351700
2016-10-18,127.678045,128.382524,127.013264,127.568916,13504000
2016-10-19,127.737581,129.454106,127.598672,129.096909,16752300
2016-10-20,129.05724,129.642642,128.491671,128.987778,13167500
2016-10-21,128.769479,131.101187,128.6901,131.041656,19088800
2016-10-24,131.686581,132.371211,131.121012,132.242218,17470200
2016-10-25,132.460519,132.460519,131.190486,131.259933,13336800
2016-10-26,130.614987,131.230155,129.920441,130.019653,13084700
2016-10-27,130.714248,130.773778,128.263478,128.680206,16741400
2016-10-28,129.483889,131.934658,128.918319,130.267731,24545500
2016-10-31,130.982109,131.091253,129.860918,129.970062,15669000
2016-11-01,130.386816,130.912688,127.648296,128.491684,22077800
2016-11-02,129.215973,129.215973,125.296732,126.179802,39640900
2016-11-03,121.050063,122.320095,118.569529,119.065636,63766300
2016-11-04,118.65882,120.980604,118.321471,119.809792,30545500
2016-11-07,121.873612,122.25065,120.405132,121.198906,23008900
2016-11-08,121.079827,123.63974,120.593644,123.252777,19460800
2016-11-09,120.553952,122.845963,119.571662,122.220871,31916000
2016-11-10,122.965031,123.213085,114.372458,119.859406,67846700
2016-11-11,118.5993,119.760189,117.230048,118.093269,32840100
2016-11-14,118.202405,118.202405,112.665859,114.183945,51377000
2016-11-15,115.821088,117.567379,114.928094,116.287422,34681400
2016-11-16,113.588617,116.962138,113.320716,115.434128,32397900
2016-11-17,115.900468,116.872841,115.106702,116.872841,18597800
2016-11-18,117.468169,118.202405,115.930235,116.108833,22879300
2016-11-21,117.279644,121.000445,116.882764,120.821846,35415400
2016-11-22,121.446967,122.022453,119.958647,120.524208,26089200
2016-11-23,120.286072,120.365443,119.006115,119.899101,15672100
2016-11-25,120.067764,120.19675,119.135081,119.442665,8658600
2016-11-28,119.1847,120.742475,118.887033,119.472443,18101300
2016-11-29,119.631204,121.14929,119.46253,119.928871,18891000
2016-11-30,119.383155,120.841711,117.031606,117.497948,30188900
2016-12-01,117.458248,117.527703,113.112355,114.203789,43277000
2016-12-02,114.213714,115.57305,113.410024,114.501457,25070400
2016-12-05,115.047168,116.654557,114.174023,116.515648,20201500
2016-12-06,116.773637,116.882781,115.424226,116.396591,19131200
2016-12-07,116.088986,117.031586,115.662334,117.031586,21913700
2016-12-08,117.061364,118.569526,116.724008,117.984123,22442800
2016-12-09,118.291706,119.006101,118.023804,118.748123,17464700
2016-12-12,118.291703,118.311544,116.733928,116.852989,17805500
2016-12-13,116.942287,120.573785,116.694234,119.373207,29768000
2016-12-14,119.065623,120.742466,117.924576,119.273987,25913100
2016-12-15,119.145013,121.546168,118.698512,119.631195,20139600
2016-12-16,119.958617,120.553943,118.341304,118.936638,25324300
2016-12-19,118.91679,119.422821,117.587227,118.311539,15918100
2016-12-20,118.569539,118.837433,117.874992,118.162727,13684400
2016-12-21,117.994053,118.271871,117.557484,118.113121,10767600
2016-12-22,117.934509,118.063494,116.019536,116.485878,16258600
2016-12-23,116.089001,116.644638,115.394455,116.356895,10890000
2016-12-27,116.049313,117.755922,115.950093,117.091141,12051500
2016-12-28,117.269729,117.329259,115.741719,116.009613,12087400
2016-12-29,116.088994,116.614866,115.156311,115.444054,9934900
2016-12-30,115.692109,115.920322,113.876356,114.154182,18684100
2017-01-03,115.126542,116.922446,114.610594,115.950081,20663900
2017-01-04,116.634708,118.728279,116.37673,117.765831,19630900
2017-01-05,117.934519,120.008242,117.398722,119.730423,19492200
2017-01-06,120.03801,122.915423,119.095402,122.449089,28545300
2017-01-09,122.587996,124.453355,122.081965,123.927483,22880400
2017-01-10,123.848101,124.522807,123.312305,123.38176,17324600
2017-01-11,123.381758,125.13798,123.094015,125.108208,18356500
2017-01-12,124.631956,125.743238,123.828266,125.634094,18653900
2017-01-13,126.497303,128.263449,126.378242,127.340683,24884300
2017-01-17,127.043026,127.340693,126.408018,126.874359,15294500
2017-01-18,127.410156,127.429989,125.852373,126.923965,13145900
2017-01-19,127.231552,127.350628,126.457627,126.556854,12195500
2017-01-20,127.102556,127.479586,125.792827,126.050804,19097200
2017-01-23,126.31869,128.243587,125.961493,127.926071,16593600
2017-01-24,128.372603,128.888543,127.380389,128.362671,15162700
2017-01-25,128.987766,130.714223,128.759561,130.456238,18731300
2017-01-26,130.605085,132.103322,130.416562,131.746124,20020100
2017-01-27,131.646879,131.914781,130.059346,131.150772,19539500
2017-01-30,130.555463,130.555463,128.590884,129.960129,18956100
2017-01-31,129.156457,129.642647,128.511524,129.305298,19790500
2017-02-01,131.220262,132.450612,129.662479,132.192627,50139800
2017-02-02,132.182717,134.435046,129.384667,129.821243,54366400
2017-02-03,130.218114,131.815578,129.741841,129.960129,24804900
2017-02-06,129.960161,131.031754,129.285463,131.031754,17058500
2017-02-07,131.21031,131.964387,130.634824,130.813416,14596400
2017-02-08,131.567542,133.393212,131.408784,133.155075,22390600
2017-02-09,133.442831,133.452748,132.272011,133.095551,16470600
2017-02-10,133.055846,133.889302,132.639103,133.145142,15061900
2017-02-13,133.651174,133.651174,132.65896,133.006241,13526200
2017-02-14,133.055838,133.184816,131.517904,132.807785,14364900
2017-02-15,132.410902,132.658956,131.62706,132.400986,13226500
2017-02-16,132.033873,132.827632,131.98426,132.797867,12831100
2017-02-17,132.460515,133.045917,132.133083,132.49028,12276500
2017-02-21,132.46053,132.867341,131.865195,132.678818,14759100
2017-02-22,132.559752,135.724901,132.420843,135.06012,27360100
2017-02-23,134.831933,135.060138,133.284082,134.306061,18422500
2017-02-24,133.115374,134.563998,133.115374,134.385406,12625700
2017-02-27,134.2068,136.111848,133.968678,135.347855,14306700
2017-02-28,135.724901,135.74475,133.700792,134.484634,16112100
2017-03-01,135.407391,136.409521,135.238716,136.349991,16257000
2017-03-02,136.022546,136.746873,135.248621,135.695114,12294800
2017-03-03,135.566155,136.260702,135.020435,136.101944,11160600
2017-03-06,135.814202,136.756802,135.447073,136.349991,12748200
2017-03-07,135.963025,137.292587,135.923343,136.230927,13527100
2017-03-08,136.08209,136.915561,135.982878,136.647659,10184500
2017-03-09,136.647649,137.491037,136.330134,137.163605,15535300
2017-03-10,137.828411,138.403897,137.143781,137.709335,16314100
2017-03-13,137.629946,138.59238,137.590249,138.513016,10955500
2017-03-14,138.374124,138.374124,137.44144,138.235214,12944000
2017-03-15,138.205436,139.009141,137.411677,138.632095,19344800
2017-03-16,139.10835,139.157964,138.642009,138.899994,13612900
2017-03-17,139.247267,139.247267,138.61225,138.75116,20592800
2017-03-20,138.622167,139.098426,138.165743,138.850372,12099500
2017-03-21,140.050962,141.201934,137.322374,137.431519,29894800
2017-03-22,136.856034,138.701553,136.528617,138.503113,17055400
2017-03-23,138.393959,139.296877,138.006997,138.443573,13022800
2017-03-24,138.989283,139.921967,138.671768,139.247253,16664700
2017-03-27,137.967286,139.554819,137.689468,139.227402,12800500
2017-03-28,139.267111,140.844727,138.91983,140.656204,14679400
2017-03-29,140.884411,141.747632,140.328759,141.539261,16527600
2017-03-30,141.291216,141.836936,140.74551,141.301147,12404000
2017-03-31,141.201909,141.519425,140.785181,140.943939,11478300
2017-04-03,140.824884,141.360688,139.723541,141.172165,13564000
2017-04-04,140.755427,140.983632,140.170025,140.626434,12948600
2017-04-05,141.15231,142.32313,140.189862,140.745514,17158100
2017-04-06,141.003469,141.112613,139.812815,140.070786,15103400
2017-04-07,140.100535,140.447816,139.148019,139.683807,11818300
2017-04-10,139.902136,140.328781,139.535022,139.941818,9039400
2017-04-11,139.703673,139.931878,137.729163,138.830521,16638100
2017-04-12,138.632073,139.306771,138.354255,138.493164,11612500
2017-04-13,138.532877,139.485409,138.245142,138.304672,10965600
2017-04-17,138.671785,140.447856,138.661868,140.318863,11519700
2017-04-18,140.170041,140.805057,139.515176,139.862457,14807500
2017-04-19,140.249397,141.926225,140.170018,141.162231,15563900
2017-04-20,141.836941,143.126821,141.578971,142.680328,15968200
2017-04-21,142.779537,143.047439,141.162239,142.561249,12382000
2017-04-24,143.831303,144.535766,143.21612,144.337326,14407200
2017-04-25,144.654849,146.004261,144.654849,145.349411,17767500
2017-04-26,145.944711,146.440817,144.952497,145.418839,12395000
2017-04-27,145.527978,146.599571,145.002106,146.549957,11275100
2017-04-28,148.335903,150.350095,147.909258,149.080063,30652200
2017-05-01,150.558478,151.382017,150.240962,151.272873,25218300
2017-05-02,152.146015,152.245242,150.479104,151.590378,21870400
2017-05-03,152.404014,152.404014,150.161602,150.618027,29782500
2017-05-04,149.000732,150.340227,147.562025,149.675446,36225500
2017-05-05,150.270745,150.449351,148.623667,149.070175,17148500
2017-05-08,149.536508,149.903622,148.57406,149.883774,15827500
2017-05-09,150.310449,151.401875,149.040417,149.308304,17453900
2017-05-10,149.060251,149.348002,147.700923,149.119781,12080700
2017-05-11,149.139621,149.47697,148.246635,148.871719,11841900
2017-05-12,149.228917,149.288462,148.464923,149.15947,9598200
2017-05-15,149.00072,150.300518,148.603841,149.020569,15064700
2017-05-16,148.941187,149.040414,147.869594,148.613754,14550800
2017-05-17,146.847635,147.512417,143.295508,143.722168,28300100
2017-05-18,143.593159,146.996444,143.384787,146.510269,23031600
2017-05-19,147.294144,148.226827,146.807968,146.907181,16187900
2017-05-22,146.926981,147.433005,146.540019,147.085739,12586700
2017-05-23,147.363562,147.651297,146.103446,146.917068,12817800
2017-05-24,147.353634,149.060242,147.264338,148.871719,17862400
2017-05-25,149.129686,151.401848,148.782405,150.776764,19891400
2017-05-26,151.044677,151.064526,149.973085,150.945465,14996200
2017-05-30,150.786716,151.709467,150.459284,151.193527,13226000
2017-05-31,151.511005,152.155953,149.913541,150.28067,18023900
2017-06-01,150.568416,151.104205,149.12971,150.350128,14530600
2017-06-02,150.667635,152.433774,150.121914,152.413925,16854400
2017-06-05,152.443694,153.505369,152.215489,152.433777,12520400
2017-06-06,152.215513,153.31687,151.292746,151.620178,13457100
2017-06-07,152.07656,152.552818,151.153794,151.927719,12066700
2017-06-08,152.880302,153.525235,151.907937,153.505402,17799400
2017-06-09,153.564924,154.378531,145.468456,148.435181,35577700
2017-06-12,147.016308,148.038287,143.434416,147.28421,33170200
2017-06-13,148.980872,150.002851,147.740605,149.506744,20483400
2017-06-14,150.082193,151.213316,147.88941,149.080063,20808800
2017-06-15,146.520186,148.871728,145.230305,148.633606,18994200
2017-06-16,148.425214,149.655564,147.442932,149.467041,22882400
2017-06-19,150.528716,152.374234,150.528716,151.679672,19026500
2017-06-20,151.689644,152.642161,151.024863,151.064545,14743900
2017-06-21,151.17366,152.880268,150.697401,152.711594,15039800
2017-06-22,151.818619,153.346637,151.719407,152.205582,13005500
2017-06-23,151.530886,153.991572,151.461424,153.862595,18027000
2017-06-26,155.033381,155.281434,152.007126,152.394089,18049700
2017-06-27,151.649929,152.116271,149.219009,149.407532,19360800
2017-06-28,149.744886,152.275034,148.693142,152.046829,16719100
2017-06-29,151.094288,151.312576,147.760449,149.863937,23973500
2017-06-30,150.717232,150.737081,148.891563,149.804398,17666000
2017-07-03,150.538637,150.965282,146.649162,147.274246,13862700
2017-07-05,147.839825,149.675426,146.976604,149.169388,14334300
2017-07-06,147.869581,148.871711,146.847602,147.661224,14951800
2017-07-07,148.087883,150.806554,148.028353,150.260834,13615900
2017-07-10,150.50889,152.781053,150.330284,152.304794,13378700
2017-07-11,152.175805,154.209846,151.719395,154.06102,13667700
2017-07-12,155.271512,157.92072,154.983761,157.662735,22739400
2017-07-13,157.504018,158.535914,157.186503,158.019958,13929200
2017-07-14,158.883138,159.071661,158.089365,158.72438,16371200
2017-07-17,159.002222,159.528094,157.573432,158.486267,12858800
2017-07-18,158.416823,162.455125,158.178687,161.591904,23722900
2017-07-19,162.316233,164.409805,161.899505,162.861954,26273600
2017-07-20,163.516819,163.715258,161.542308,163.248917,18523100
2017-07-21,162.881817,163.764887,162.475006,163.149704,14744000
2017-07-24,163.358047,164.876133,163.030615,164.707458,17367000
2017-07-25,163.725155,164.251027,162.584116,163.993057,15383200
2017-07-26,164.71739,164.71739,162.822274,164.320511,35236900
2017-07-27,173.339725,174.123582,166.195789,169.1129,68910700
2017-07-28,167.753537,172.079573,167.733689,171.107208,24557600
2017-07-31,170.660778,171.375173,167.237643,167.93219,25478900
2017-08-01,168.497717,169.14265,167.733709,168.537399,14385000
2017-08-02,168.973995,169.222048,165.610391,167.981781,17433800
2017-08-03,167.981807,168.378686,166.939979,167.277328,10793800
2017-08-04,167.654338,168.735847,167.376519,168.299271,10777700
2017-08-07,168.626692,170.720263,168.338957,170.640884,12787800
2017-08-08,170.541676,171.702565,169.291478,169.896729,14393500
2017-08-09,168.656469,170.115024,168.239741,169.847122,10815000
2017-08-10,168.73585,169.261722,165.550852,166.096558,20832700
2017-08-11,166.642278,167.505514,165.550852,166.771271,13791200
2017-08-14,168.765637,169.747934,167.971863,169.420502,12954200
2017-08-15,170.154708,170.164625,168.686221,169.668518,8729200
2017-08-16,169.916582,170.045575,167.922238,168.676315,15779900
2017-08-17,168.021454,168.537409,165.550852,165.610382,17216000
2017-08-18,165.540922,167.356675,164.915838,166.106491,15093600
2017-08-21,165.858435,166.691891,164.528872,166.473602,11907500
2017-08-22,166.969711,168.547327,165.848505,168.319122,11391000
2017-08-23,167.525325,168.04128,166.890308,167.396347,9856500
2017-08-24,167.565037,167.971833,165.114268,166.433914,14030400
2017-08-25,166.552981,167.068936,164.886054,165.024979,12614500
2017-08-28,165.610373,166.394215,165.034887,165.937805,8553700
2017-08-29,163.963285,167.118516,163.715231,166.741486,11121000
2017-08-30,166.86055,168.854894,166.324761,168.596924,11138300
2017-08-31,169.073199,170.809573,168.73585,170.630981,17226500
2017-09-01,171.057619,171.573574,169.976109,170.680588,11677600
2017-09-05,169.936422,171.047696,168.229813,169.390701,13210900
2017-09-06,169.579226,171.136993,168.249663,170.750031,13906300
2017-09-07,170.601213,171.96054,168.944218,171.861328,18049500
2017-09-08,171.742248,172.139143,169.470086,169.618912,10998500
2017-09-11,171.057608,172.536012,170.859169,172.158966,12372000
2017-09-12,172.40704,172.645177,170.412696,171.613281,11186300
2017-09-13,171.662879,171.821636,170.720279,171.702576,9119300
2017-09-14,170.918726,170.938575,169.172436,169.62886,15615700
2017-09-15,169.549497,170.99812,168.934314,170.303574,15660500
2017-09-18,170.650843,170.730222,168.021467,168.686249,12954000
2017-09-19,169.291497,171.216394,169.033527,171.176712,13168600
2017-09-20,171.156854,171.702575,169.370867,170.829422,12264100
2017-09-21,170.353165,170.928651,168.686238,169.777679,11161400
2017-09-22,168.884695,170.392849,167.902398,169.212112,12097100
2017-09-25,167.922264,167.981795,160.302055,161.601852,41251600
2017-09-26,163.219132,164.211345,161.512523,162.931396,23363300
2017-09-27,164.608235,167.029239,164.280818,166.374374,19242500
2017-09-28,166.632372,167.753578,165.858446,167.416214,12178700
2017-09-29,167.515441,170.323408,167.495593,169.539551,15340400
2017-10-02,170.055485,170.531743,167.436041,168.150436,13392300
2017-10-03,167.981763,169.400621,167.882535,168.636627,8190300
2017-10-04,168.507637,169.341093,166.979619,167.108612,12127900
2017-10-05,167.862689,169.976109,167.287219,169.906662,14580600
2017-10-06,168.924383,171.027871,168.428276,170.888962,13124500
2017-10-09,171.3553,173.518334,170.660754,171.15686,14570400
2017-10-10,171.652977,171.851417,169.47011,170.253952,11341100
2017-10-11,170.611117,171.434656,170.065396,171.394974,11283700
2017-10-12,171.265997,172.496347,170.948481,171.206467,10351000
2017-10-13,172.099457,173.29011,171.851403,172.387207,13658300
2017-10-16,173.131383,173.637406,172.704723,173.161148,11498800
2017-10-17,173.349631,174.758572,173.00235,174.738724,15990100
2017-10-18,175.27453,175.363841,174.381544,174.659363,12752400
2017-10-19,173.567935,174.659376,171.285856,173.200821,14048400
2017-10-20,174.133478,174.510524,173.270258,173.617523,12602200
2017-10-23,173.835809,173.974718,169.916568,169.936417,13852700
2017-10-24,170.958433,171.891116,170.164659,170.462326,12267900
2017-10-25,170.561518,170.908799,167.57496,169.271652,15868200
2017-10-26,170.045582,170.948485,169.063285,169.301422,11833100
2017-10-27,172.793997,176.822397,172.545943,176.494965,30285300
2017-10-30,177.864201,179.283074,176.227055,178.469452,24353200
2017-10-31,179.164013,179.392218,177.5467,178.657974,20174200
2017-11-01,180.940065,181.475853,179.164009,181.237732,40918300
2017-11-02,179.223547,180.523345,175.959156,177.526855,35529900
2017-11-03,177.89397,178.459539,175.334072,177.526855,17822100
2017-11-06,177.169671,179.044954,176.921618,178.767136,13312700
2017-11-07,179.094535,179.342588,177.566533,178.846481,12928200
2017-11-08,178.390085,178.945738,177.715387,178.16188,10494100
2017-11-09,176.921588,178.003097,175.711086,177.903885,12610300
2017-11-10,176.961306,177.705466,176.574343,177.07045,11070200
2017-11-13,176.117906,177.645908,175.919466,177.378021,9523400
2017-11-14,176.743002,177.576458,175.800387,176.683472,9585900
2017-11-15,175.284489,177.179621,175.026503,176.564438,10253700
2017-11-16,177.368096,178.429772,177.110126,178.191635,15607600
2017-11-17,177.903899,178.578597,177.507004,177.606232,13018000
2017-11-20,177.477275,178.102374,176.713281,177.348297,10052400
2017-11-21,177.755079,180.47375,177.596336,180.443985,14504000
2017-11-22,179.88833,180.314974,179.035025,179.46167,10376300
2017-11-24,178.995293,181.72388,178.886149,181.356766,9426300
2017-11-27,181.138517,182.299405,180.572963,181.604858,12344500
2017-11-28,182.081112,182.815356,180.672171,180.999603,14379700
2017-11-29,180.473715,180.553094,172.645151,173.766357,41933500
2017-11-30,175.472983,176.891841,173.835821,175.8004,25307600
2017-12-01,174.659369,176.098076,170.998099,173.736618,20182500
2017-12-04,174.91735,175.195184,169.460174,170.134888,24459400
2017-12-05,169.12281,174.014431,167.69402,171.484283,20184900
2017-12-06,171.156855,175.393611,170.56152,174.689133,20255800
2017-12-07,174.431162,178.985419,174.431162,178.737366,20404500
2017-12-08,180.116531,180.860691,177.348262,177.606232,19883800
2017-12-11,177.903905,178.81674,177.407798,177.64592,13168600
2017-12-12,177.209368,177.784838,175.224941,175.582138,16854100
2017-12-13,175.919453,177.764971,175.86984,176.911667,14615700
2017-12-14,176.901734,178.955623,176.296483,177.000961,13591000
2017-12-15,177.626097,179.084653,176.971233,178.777054,28463100
2017-12-18,179.600587,179.888337,178.350403,179.412079,17265400
2017-12-19,178.548835,178.677828,176.83231,178.112259,14920600
2017-12-20,178.409947,178.409947,175.979026,176.504898,11860500
2017-12-21,176.554504,177.288732,175.671434,176.068314,11600700
2017-12-22,175.760752,176.147714,174.857833,175.820282,8509500
2017-12-26,175.254706,175.62182,173.309961,174.61969,8897300
2017-12-27,175.175308,177.050591,174.887558,176.236969,9496100
2017-12-28,176.564403,177.5467,176.296501,176.534637,12220800
2017-12-29,176.614031,177.457419,175.086029,175.086029,10261500
2018-01-02,176.296486,180.166128,176.167509,180.00737,18151900
2018-01-03,180.463817,183.34123,179.918096,183.232086,16886600
2018-01-04,183.460299,184.760111,182.66654,182.894745,13880900
2018-01-05,184.144927,185.444725,183.490063,185.395126,13574500
2018-01-08,185.742372,187.429132,184.879151,186.813965,17994700
2018-01-09,187.23072,187.329947,185.643187,186.407181,12393100
2018-01-10,185.484425,186.427025,184.184627,186.377411,10529900
2018-01-11,186.933022,186.933022,185.920975,186.307938,9588600
2018-01-12,176.673561,180.06693,176.018696,177.973358,77551300
2018-01-16,180.086746,180.334799,176.653681,177.000961,36183800
2018-01-17,177.864226,177.923772,174.431175,176.217163,27992400
2018-01-18,176.743014,179.570814,175.701187,178.400009,23304900
2018-01-19,179.441841,180.949995,178.767128,179.878403,26826500
2018-01-22,179.392227,183.946484,179.005265,183.926636,21059500
2018-01-23,184.601363,188.074111,184.105256,187.875671,25678800
2018-01-24,188.411448,189.175457,185.067693,185.097458,24334500
2018-01-25,186.48656,187.151341,185.14708,186.020218,17377700
2018-01-26,186.288104,188.520584,185.35542,188.520584,17759200
2018-01-29,187.280342,187.369638,184.18464,184.531906,20453200
2018-01-30,186.159116,186.714754,180.424123,185.66301,20858600
2018-01-31,186.903271,188.35191,183.777804,185.434799,43275100
2018-02-01,186.754442,193.799165,186.42701,191.586517,54211300
2018-02-02,190.544691,192.697808,188.500734,188.798401,26677500
2018-02-05,185.474482,189.125836,179.2037,179.848633,33128200
2018-02-06,177.179601,184.323536,176.356062,183.867111,37758500
2018-02-07,182.716143,183.63891,178.548849,178.777054,27601900
2018-02-08,179.600554,180.424093,170.144761,170.243988,38478300
2018-02-09,173.399229,175.522566,165.878249,174.738724,39887600
2018-02-12,175.681356,176.167546,170.501999,175.036423,32092100
2018-02-13,174.252542,174.599823,171.752175,171.801773,21809400
2018-02-14,172.099463,178.409943,171.861342,178.122208,28929700
2018-02-15,179.094566,179.094566,175.46306,178.558777,20922100
2018-02-16,177.596332,178.479402,174.927275,175.979019,20645300
2018-02-20,174.40139,176.564408,173.746525,174.639511,21204900
2018-02-21,175.334081,179.858573,175.026482,176.524734,23200800
2018-02-22,177.308563,178.806815,176.028614,177.596313,18464200
2018-02-23,178.499235,181.962066,178.112272,181.862839,19007300
2018-02-26,183.142816,184.214409,181.793405,183.490082,17599700
2018-02-27,183.013798,183.261851,180.047089,180.047089,15849800
2018-02-28,180.88054,181.456025,176.752927,176.931534,18783000
2018-03-01,177.616141,178.717498,173.051968,174.570053,23201600
2018-03-02,171.940708,175.730972,171.643056,175.244781,20025900
2018-03-05,174.828052,179.739506,174.520468,178.995346,16189300
2018-03-06,180.3646,180.959934,177.715391,178.380173,15086800
2018-03-07,177.348283,182.388731,176.683502,182.279587,19097300
2018-03-08,182.130729,182.964185,180.037158,180.920227,17225900
2018-03-09,182.478006,184.065538,181.783459,183.78772,18526300
2018-03-12,183.787722,184.650958,182.785592,183.321381,15301200
2018-03-13,184.164774,184.54182,179.699813,180.463821,18067500
2018-03-14,181.178228,182.815375,180.434068,182.755844,16821700
2018-03-15,181.813223,182.5673,180.771396,182.428391,15614300
2018-03-16,183.053469,183.886925,181.981877,183.648788,24403400
2018-03-19,175.631717,175.790475,168.735836,171.21637,88140100
2018-03-20,166.166016,168.874754,160.688992,166.840714,129851800
2018-03-21,163.516818,172.049847,162.028498,168.071075,106598800
2018-03-22,164.83646,168.944224,162.445221,163.60611,73743000
2018-03-23,164.151821,165.302793,157.781812,158.148926,53609700
2018-03-26,159.567797,159.845616,147.859674,158.813705,126116600
2018-03-27,155.092925,161.582012,149.576219,151.034775,79117000
2018-03-28,150.469165,154.666239,149.625793,151.838425,60029200
2018-03-29,153.941936,160.16312,152.939806,158.545807,59434300
2018-04-02,156.58124,157.960416,152.910052,154.180084,36796000
2018-04-03,155.331047,156.164502,149.635735,154.89447,42543900
2018-04-04,150.846261,154.348774,149.338092,153.892365,49885600
2018-04-05,160.30205,160.311982,155.430277,158.099335,41449600
2018-04-06,156.501839,160.16311,155.589005,155.975967,41644800
2018-04-09,156.591173,159.280064,154.825019,156.700302,34915200
2018-04-10,156.700304,164.687627,155.787469,163.754944,57889300
2018-04-11,164.072447,167.336823,161.978876,165.024979,56144600
2018-04-12,165.679825,166.146166,161.830046,162.59404,38263000
2018-04-13,163.298529,164.409803,162.494838,163.238998,19990600
2018-04-16,164.429655,164.489185,162.117795,163.546585,18119400
2018-04-17,164.53879,167.684105,164.370115,167.346756,22743000
2018-04-18,165.580607,166.810942,164.479249,165.064651,20969600
2018-04-19,164.905892,167.019312,163.913679,166.791107,22235000
2018-04-20,166.483528,167.118544,164.518949,164.985291,19119400
2018-04-23,165.967579,167.138384,163.804546,164.548706,23088100
2018-04-24,164.141906,164.806703,156.958289,158.446609,35079900
2018-04-25,158.893103,159.805937,154.973862,158.446609,41083600
2018-04-26,171.871257,174.897511,169.470101,172.80394,77556900
2018-04-27,175.433287,175.721037,171.256076,172.238358,29804700
2018-04-30,172.436807,174.351787,170.373016,170.660751,20750500
2018-05-01,170.660753,172.665029,168.904531,172.506271,26025900
2018-05-02,172.893245,176.693426,172.843631,174.699081,30424500
2018-05-03,173.766382,174.748663,170.779809,172.665024,24026100
2018-05-04,171.732335,175.601962,171.712487,175.234848,17677800
2018-05-07,175.969122,178.102375,175.790515,176.58429,18697200
2018-05-08,176.862074,177.645916,175.730951,177.526855,15577200
2018-05-09,178.271008,181.584998,177.387938,181.237732,23282800
2018-05-10,181.72393,184.680738,181.078997,184.085403,21071400
2018-05-11,183.410676,186.853658,182.745879,185.534012,21207800
2018-05-14,186.248444,186.39727,184.750191,185.186768,15646700
2018-05-15,183.440464,183.84726,181.773537,182.884827,15429400
2018-05-16,182.269636,182.884819,181.23774,181.773529,16975500
2018-05-17,181.2576,182.62686,180.801191,182.329193,14840700
2018-05-18,182.061289,182.755836,181.188137,181.257584,13130500
2018-05-21,182.339072,183.857157,181.704056,183.053467,13532900
2018-05-22,183.490057,183.976247,182.001737,182.368866,12731400
2018-05-23,181.078998,185.454664,180.761483,185.444733,16628100
2018-05-24,184.432686,185.345521,183.589298,184.482285,12354700
2018-05-25,184.571559,184.879142,183.013776,183.480118,10965100
2018-05-29,182.904654,185.355423,182.27957,184.293762,16398900
2018-05-30,185.087549,186.536188,183.8076,186.208755,13736900
2018-05-31,186.407184,191.219426,186.020221,190.286743,30782600
2018-06-01,191.566688,193.03516,190.574474,192.479523,17307200
2018-06-04,190.346265,192.469601,189.979151,191.775055,18939800
2018-06-05,192.787109,193.481656,191.120183,191.437698,15544300
2018-06-06,189.542544,191.030865,187.637496,189.850128,22558900
2018-06-07,189.264748,189.483037,185.315742,186.714752,21503200
2018-06-08,186.069827,188.00464,184.978385,187.627609,12677100
2018-06-11,187.33986,191.100358,187.329943,190.048599,12928900
2018-06-12,190.673712,191.775069,190.068461,190.901917,11562700
2018-06-13,191.239236,192.985527,190.415697,190.911804,15853800
2018-06-14,191.596453,195.743899,191.40793,195.277557,19120900
2018-06-15,194.265512,195.53556,193.124473,194.325058,21860900
2018-06-18,193.283205,198.025985,192.618424,196.765869,16826000
2018-06-19,194.711988,196.418597,192.281053,195.952255,19994000
2018-06-20,197.549741,201.965089,197.261991,200.427155,28230900
2018-06-21,201.181229,201.806329,198.532021,199.931046,19045700
2018-06-22,199.593688,200.665281,197.758087,200.169174,17420200
2018-06-25,198.442725,198.442725,191.606374,194.821152,25275100
2018-06-26,196.061423,197.549743,194.70208,197.450516,17897600
2018-06-27,197.629084,199.186866,194.275412,194.315094,18734400
2018-06-28,193.660275,195.803461,191.755227,194.702103,18172400
2018-06-29,195.783586,196.061405,192.449748,192.806946,15811600
2018-07-02,191.86432,195.912553,190.723281,195.823257,13961600
2018-07-03,193.03516,193.878533,191.020968,191.229324,13489500
2018-07-05,193.223681,197.103225,192.519203,196.904785,19684200
2018-07-06,196.904788,202.054379,196.160628,201.647568,19740100
2018-07-09,203.334351,204.197588,200.546233,203.145844,18149400
2018-07-10,202.907686,203.314497,200.685122,201.955154,13190100
2018-07-11,200.645421,202.907666,200.179079,200.962921,12927400
2018-07-12,201.846007,205.467596,201.607885,205.308838,15454700
2018-07-13,206.191909,206.807077,204.842498,205.705734,11486800
2018-07-16,205.884326,207.094828,205.229462,205.616425,11078200
2018-07-17,203.304556,208.821276,203.245026,208.354935,15349900
2018-07-18,208.186283,209.347172,206.817024,207.729858,15334900
2018-07-19,207.14444,208.354942,206.142294,206.469727,11350400
2018-07-20,207.223834,209.853195,206.876553,208.305344,16163900
2018-07-23,208.940359,209.972255,207.17422,209.267792,16732000
2018-07-24,213.435066,214.516575,210.944615,212.998489,28468700
2018-07-25,214.040319,216.917732,212.601612,215.806458,58954200
2018-07-26,173.528261,178.727466,172.397137,174.887589,169803700
2018-07-27,178.469464,178.528994,171.652961,173.528244,60073700
2018-07-30,173.935049,173.935049,165.263097,169.728058,65280800
2018-07-31,169.341075,172.883284,168.676293,171.236206,40356500
2018-08-01,172.575707,173.716762,169.569301,170.313461,34042100
2018-08-02,169.351006,175.413432,168.94421,174.996704,32400000
2018-08-03,176.306441,177.457413,174.778424,176.395737,24763400
2018-08-06,177.576479,184.343368,176.991076,184.244156,49716200
2018-08-07,185.047857,186.833844,182.289504,182.378799,33398600
2018-08-08,183.311484,185.395139,182.329187,183.738129,22205200
2018-08-09,184.402902,185.117297,181.059132,181.664383,19732100
2018-08-10,180.622585,180.68213,178.022989,178.856445,21500400
2018-08-13,178.697685,181.188136,177.507017,178.648071,17423300
2018-08-14,179.302934,180.572967,177.229196,179.699814,19102000
2018-08-15,177.943588,179.461673,173.419096,178.132111,33020200
2018-08-16,179.015185,179.094564,172.655092,173.339722,31351800
2018-08-17,173.141293,174.847902,170.700441,172.446747,24893200
2018-08-20,172.684863,173.21075,169.579244,171.15686,21518000
2018-08-21,171.464448,172.813859,170.055506,171.275925,19578500
2018-08-22,170.869136,172.883329,170.789757,172.287994,16894100
2018-08-23,171.742249,174.183101,171.484279,171.553726,18053600
2018-08-24,172.347515,173.458805,171.57359,173.290115,14631600
2018-08-27,174.619661,177.278786,174.421207,176.078217,17921900
2018-08-28,176.713273,176.852183,174.460944,174.887589,15910700
2018-08-29,174.927275,175.41345,173.389341,174.53038,18494100
2018-08-30,174.530364,178.390074,174.331924,176.256821,24216500
2018-08-31,175.770651,176.236993,173.617549,174.36171,18065200
2018-09-04,172.149062,172.536025,167.485661,169.827286,29809000
2018-09-05,168.170307,169.797537,165.372257,165.878281,31226700
2018-09-06,165.67986,165.67986,158.754211,161.264511,41514800
2018-09-07,159.061769,163.348139,158.912943,161.770508,24300600
2018-09-10,162.23686,163.725181,160.897381,162.901642,20197700
2018-09-11,162.663507,165.888201,162.445218,164.647934,20457100
2018-09-12,161.978884,163.209234,160.540177,160.738617,24078100
2018-09-13,160.738608,162.048337,159.607485,160.103592,25453800
2018-09-14,160.460788,161.572062,159.091528,161.056122,21770400
2018-09-17,160.659244,160.798153,158.525991,159.329681,21005300
2018-09-18,158.148931,160.500473,157.632976,159.051849,22465200
2018-09-19,158.833567,162.167406,158.238233,161.790359,19629000
2018-09-20,163.219141,165.153955,163.189376,164.72731,18936000
2018-09-21,165.342481,165.947732,161.542301,161.661362,45994800
2018-09-24,159.77614,164.409775,159.627314,164.12204,19222800
2018-09-25,160.728699,164.300659,159.895228,163.625961,27622800
2018-09-26,163.02068,167.981747,162.931384,165.65004,25252200
2018-09-27,166.245366,170.432508,165.908017,167.525314,27266900
2018-09-28,167.01932,167.47573,161.294244,163.179459,34265600
2018-10-01,161.760573,164.588388,160.004351,161.175171,26407700
2018-10-02,160.321866,161.016413,157.434521,158.089386,36031000
2018-10-03,158.754181,162.385686,158.287839,161.165253,23109500
2018-10-04,160.202838,160.202838,156.124839,157.613159,25739600
2018-10-05,157.970362,159.647191,154.983789,156.104996,25744000
2018-10-08,154.328897,157.107098,153.187857,156.025589,24046000
2018-10-09,156.462161,159.339574,156.194259,156.670517,18844400
2018-10-10,155.598938,156.462159,150.131832,150.201294,30610000
2018-10-11,148.961031,153.604583,147.998583,152.15596,35338900
2018-10-12,155.509647,155.668405,150.121934,152.542938,25293500
2018-10-15,152.126206,154.358687,151.362198,152.324646,15433500
2018-10-16,154.189999,158.218399,153.803036,157.543686,19180100
2018-10-17,158.31762,159.240387,156.720156,158.178711,17592000
2018-10-18,157.275773,157.424614,152.0865,153.71373,21675100
2018-10-19,154.646445,156.124849,152.354433,152.85054,19761300
2018-10-22,153.554981,156.114894,153.257329,153.574829,15424700
2018-10-23,150.042566,153.564928,149.675451,153.187881,19095000
2018-10-24,153.078724,153.445838,144.466317,144.902878,27744600
2018-10-25,146.579729,151.024857,145.855417,149.774658,22105700
2018-10-26,144.684606,147.839839,142.680331,144.238098,31303300
2018-10-29,147.343704,147.671136,137.947441,140.983612,31336800
2018-10-30,138.850352,145.498179,138.651913,145.081451,50528300
2018-10-31,153.793137,155.18223,147.800172,150.608124,60101300
2018-11-01,150.3402,151.560619,148.187099,150.568405,25640800
2018-11-02,150.618043,152.929903,147.80016,149.179337,24708700
2018-11-05,148.93128,149.020576,146.291988,147.522324,15971200
2018-11-06,148.147423,149.794501,146.847625,148.772522,16667100
2018-11-07,150.389825,151.8186,148.663368,150.350128,21877400
2018-11-08,149.318238,149.764731,145.597437,146.718628,24145800
2018-11-09,145.607339,146.609469,142.948214,143.831284,17326900
2018-11-12,143.355024,143.910661,139.396101,140.447845,18542100
2018-11-13,140.894343,143.751923,140.517297,141.053101,15141700
2018-11-14,142.581075,144.446442,140.447822,143.097031,22068400
2018-11-15,141.221766,143.712216,139.733445,142.729935,30320300
2018-11-16,139.971591,140.666137,136.697282,138.443573,37250600
2018-11-19,136.538508,136.677417,130.188347,130.525696,44362700
2018-11-20,126.040902,133.11539,125.862303,131.398849,41939500
2018-11-21,133.353505,136.12179,133.085619,133.770248,25469700
2018-11-23,132.609333,133.45272,130.237943,130.704285,11886100
2018-11-26,131.964413,135.933268,131.746125,135.3181,24263600
2018-11-27,134.693013,135.546317,132.668903,133.948853,20750300
2018-11-28,135.218856,135.724879,130.823357,135.695114,29847500
2018-11-29,134.861685,138.900002,134.603715,137.600189,24238700
2018-11-30,137.183429,139.872334,136.290443,139.515137,25732600
2018-12-03,141.886541,142.561239,139.663977,139.991409,24819200
2018-12-04,139.634235,142.273527,136.09204,136.856033,30307400
2018-12-06,132.778042,138.612248,132.629201,138.542801,28218100
2018-12-07,138.165744,139.773125,135.595914,136.349991,21195500
2018-12-10,138.513033,141.936167,137.927616,140.745514,26422200
2018-12-11,142.759712,142.759712,140.001359,140.973724,20300300
2018-12-12,141.965921,146.04392,141.400352,143.374863,23696900
2018-12-13,144.436542,144.714361,142.075069,143.88089,18148600
2018-12-14,142.223868,144.873076,141.400329,142.938263,21785800
2018-12-17,141.965885,143.791553,137.342167,139.098389,24334000
2018-12-18,139.981484,144.793711,138.741218,142.541397,24709100
2018-12-19,140.110505,143.781693,131.468317,132.20256,57404900
2018-12-20,129.682324,134.514415,128.987777,132.361298,40297900
2018-12-21,132.351382,133.84962,122.459011,123.977097,56901500
2018-12-24,122.141493,128.729798,122.062114,123.094017,22066000
2018-12-26,125.018923,133.194769,124.909779,133.135223,39723400
2018-12-27,131.408774,133.938922,128.660338,133.47258,31202500
2018-12-28,134.286178,134.861664,131.170628,132.162842,22627600
2018-12-31,133.403129,133.591652,128.938167,130.06929,24625300
2019-01-02,127.985668,136.439319,127.559008,134.623566,28146200
2019-01-03,133.641261,136.101946,130.099051,130.714233,22717900
2019-01-04,132.966531,136.925468,132.708561,136.875854,29002100
2019-01-07,136.488908,137.788705,134.851761,136.975098,20089300
2019-01-08,138.800783,142.025478,138.453502,141.420227,26263800
2019-01-09,141.836947,143.573321,140.170035,143.106979,22205900
2019-01-10,141.965935,143.434407,139.743371,143.077209,16125000
2019-01-11,142.03538,144.228179,141.45991,142.680328,12908000
2019-01-14,140.894331,145.428754,140.170019,144.257935,20520300
2019-01-15,144.873112,149.506748,144.853278,147.790222,24069000
2019-01-16,147.839859,148.484792,145.855431,146.39122,18025700
2019-01-17,145.805785,147.839825,145.359291,147.145279,15787900
2019-01-18,148.583984,151.243109,147.393331,148.871719,31029600
2019-01-22,148.038288,150.350148,145.230321,146.42099,22378700
2019-01-23,147.125444,147.641399,141.946087,143.176437,20098400
2019-01-24,143.513813,145.299801,141.410324,144.69455,20955500
2019-01-25,146.331661,148.663369,145.398978,147.849747,22237200
2019-01-28,146.897233,147.800151,145.071563,146.321747,15508500
2019-01-29,146.936903,146.946835,142.313184,143.067276,17632100
2019-01-30,145.081485,149.774651,144.56553,149.248779,44613200
2019-01-31,164.310596,170.343242,163.715262,165.392105,77233600
2019-02-01,164.548686,167.783311,164.370095,164.419708,30806500
2019-02-04,164.409828,167.981804,162.346021,167.93219,20036000
2019-02-05,167.832927,170.640893,167.376517,169.827286,22557000
2019-02-06,169.866969,171.127085,167.952004,169.162506,13281200
2019-02-07,166.890324,167.922235,163.963297,165.084503,17517600
2019-02-08,163.189368,166.066781,162.931398,166.0271,12561400
2019-02-11,166.592656,166.98955,163.794621,164.499084,12811200
2019-02-12,165.56078,167.029252,163.219155,163.754944,16292300
2019-02-13,164.092309,164.925764,162.455147,162.792511,14205100
2019-02-14,161.919354,163.586266,160.986671,162.673431,12755200
2019-02-15,163.229039,163.417562,159.607466,161.234695,15504400
2019-02-19,159.250296,162.87187,159.081622,161.026352,14345400
2019-02-20,160.986651,162.445207,159.994438,161.294235,11770700
2019-02-21,160.669121,160.97672,158.347345,158.793839,15607800
2019-02-22,159.329658,161.145411,159.061756,160.629456,15858500
2019-02-25,161.800262,164.776902,161.631572,163.338181,18737100
2019-02-26,163.060361,164.945576,162.524573,162.852005,13784100
2019-02-27,161.631593,162.653572,159.160991,161.542297,12697500
2019-02-28,161.105721,162.226927,159.607484,160.192886,11114200
2019-03-01,161.333934,161.859806,160.431016,161.016418,11097800
2019-03-04,162.623805,166.19578,162.554358,166.066788,18894700
2019-03-05,166.066773,170.541666,165.253166,169.926483,28187900
2019-03-06,171.553726,172.218522,169.936428,171.166763,21531700
2019-03-07,170.164652,170.402789,166.304941,167.81311,18306500
2019-03-08,164.905869,168.299237,164.677664,168.279404,13184800
2019-03-11,170.263868,172.942842,170.244019,170.730209,18884000
2019-03-12,170.750019,172.446711,169.886798,170.581345,12155300
2019-03-13,170.978268,172.674945,170.779813,172.020081,11973300
2019-03-14,168.438175,169.817351,166.850642,168.844986,18037400
2019-03-15,165.858427,166.275155,161.244624,164.687607,37135400
2019-03-18,162.296357,162.623774,158.039753,159.22049,37524200
2019-03-19,160.222625,162.544416,159.567775,160.311935,25611500
2019-03-20,160.242486,164.826508,159.984516,164.15181,20211500
2019-03-21,163.606113,165.094434,162.47499,164.78685,16223000
2019-03-22,164.360176,166.116399,162.812326,163.060379,16389200
2019-03-25,161.730802,165.243232,160.738589,164.995178,12631200
2019-03-26,166.046957,168.130597,165.054744,166.374374,15437900
2019-03-27,166.543054,167.624564,163.506868,164.578461,10620300
2019-03-28,163.288591,165.421844,162.058241,164.260956,10443000
2019-03-29,165.094438,165.888212,163.526738,165.392105,13455500
2019-04-01,166.523223,167.584884,165.977502,167.386444,10381500
2019-04-02,168.815228,173.538159,168.229825,172.843613,23946500
2019-04-03,173.141298,176.574365,171.603364,172.188766,27391100
2019-04-04,174.649429,176.614008,174.163239,174.649429,17847700
2019-04-05,175.502748,175.621808,173.736609,174.351776,9594100
2019-04-08,173.845751,174.133486,172.87337,173.567917,7297400
2019-04-09,174.252551,177.794761,174.183104,176.197296,19751000
2019-04-10,176.792592,177.397843,175.165362,176.43541,11701500
2019-04-11,176.85215,177.010892,175.621799,176.127823,8071000
2019-04-12,176.614049,178.231362,176.564435,177.70549,12329800
2019-04-15,177.11012,179.094547,175.492807,178.25116,10834800
2019-04-16,177.606226,178.767115,176.91168,177.477234,11215200
2019-04-17,178.201592,179.332716,176.971242,177.38797,9973700
2019-04-18,177.407801,177.48718,175.959162,176.891846,11655600
2019-04-22,176.862073,180.255442,176.862073,180.027237,13389900
2019-04-23,181.317088,182.78556,180.06689,182.348984,19954800
2019-04-24,183.053503,183.698436,180.235604,181.158371,37289900
2019-04-25,195.446239,196.93456,190.62408,191.755203,54148800
2019-04-26,191.001123,191.398003,187.617671,189.998993,22075000
2019-04-29,189.463172,193.888451,189.165505,193.263351,19641300
2019-04-30,192.677977,195.853057,190.782845,191.894119,23494700
2019-05-01,193.263367,194.65246,191.507144,191.526993,15996600
2019-05-02,191.497256,192.48947,188.272561,191.030914,13209500
2019-05-03,192.866489,194.632628,192.201708,193.947998,14575400
2019-05-06,189.750948,192.767271,189.066318,192.370392,13994900
2019-05-07,191.04081,191.398007,186.387341,188.292389,16253000
2019-05-08,187.915307,189.234952,187.081851,188.064133,12505700
2019-05-09,185.7424,188.292396,184.809716,187.181107,12967000
2019-05-10,186.784209,188.520583,183.152704,186.873505,12578500
2019-05-13,182.071195,183.98616,179.431903,180.12645,16833300
2019-05-14,181.098825,182.061273,176.713243,179.322754,17628100
2019-05-15,179.015185,185.821771,178.618306,184.819641,16746900
2019-05-16,183.609115,187.111628,183.609115,185.534012,12953100
2019-05-17,183.400768,186.119439,182.845131,183.857193,10485400
2019-05-20,180.463816,182.795509,179.957777,181.297272,10352000
2019-05-21,183.132897,184.254089,182.458184,183.380951,7502800
2019-05-22,183.291612,185.285971,182.180338,183.877029,9213800
2019-05-23,180.999604,182.468076,178.271017,179.46167,12768800
2019-05-24,180.910308,182.200188,179.421987,179.650192,8807700
2019-05-28,180.126487,183.271818,180.037192,182.874924,14843300
2019-05-29,182.07119,183.122934,179.937937,180.771393,12797700
2019-05-30,181.654469,182.051348,179.481519,181.585007,8581500
2019-05-31,178.876299,179.134269,175.780597,176.088181,15226500
2019-06-03,173.63738,173.686994,159.756307,162.871857,56059600
2019-06-04,162.435288,166.969696,159.587624,166.19577,46044300
2019-06-05,166.175935,167.406286,163.348136,166.860565,19758300
2019-06-06,166.989552,168.378645,165.927877,167.019318,12446400
2019-06-07,168.844997,172.516184,167.525351,172.000244,16917300
2019-06-10,173.389324,176.475109,172.446724,173.458786,14767900
2019-06-11,177.090288,178.578608,175.413444,176.713257,15266600
2019-06-12,176.991083,177.874153,171.533908,173.677078,17699800
2019-06-13,174.163283,176.643818,173.250449,176.088181,12253600
2019-06-14,179.104484,180.42413,178.59846,179.918106,16773700
2019-06-17,183.569445,188.02449,182.974126,187.5383,29459900
2019-06-18,192.489443,193.015315,185.821766,187.002502,37571400
2019-06-19,185.54396,186.635401,183.113039,186.020218,21417100
2019-06-20,189.463217,189.671589,186.178992,188.054276,14635700
2019-06-21,187.280313,190.505007,187.280313,189.651703,22751200
2019-06-24,190.921751,192.469602,190.078378,191.100357,15509000
2019-06-25,191.378165,191.636135,186.66515,187.369614,16750300
2019-06-26,188.064143,189.274644,185.851511,186.198792,12808600
2019-06-27,188.401521,197.331443,186.804057,188.024475,11159000
2019-06-28,189.066303,191.695663,188.461052,191.497223,16378900
2019-07-01,193.690022,193.759469,190.435547,191.497223,14181800
2019-07-02,191.497232,193.481659,191.209496,193.481659,9050000
2019-07-03,192.648198,195.86296,192.648198,195.66452,10246100
2019-07-05,194.652485,195.53557,192.658141,194.870773,11164100
2019-07-08,193.670179,195.148568,192.132245,194.235733,9723900
2019-07-09,193.451898,197.906943,193.372519,197.65889,14698600
2019-07-10,198.442735,201.379694,198.115303,201.151474,20571700
2019-07-11,201.677339,202.213143,198.6511,199.663147,13678500
2019-07-12,198.125219,203.701471,197.609279,203.274811,15366300
2019-07-15,202.659615,203.731207,200.248543,202.322266,16030300
2019-07-16,202.302437,203.870136,201.518594,202.252823,12132700
2019-07-17,202.590172,202.768778,200.020342,200.228714,12083700
2019-07-18,198.59156,200.893503,197.827566,199.21666,11937900
2019-07-19,200.605754,200.754595,196.527771,196.815506,12098300
2019-07-22,198.353421,200.992713,197.26198,200.744659,13589000
2019-07-23,201.260621,202.649729,199.39527,200.784363,14583700
2019-07-24,196.091162,203.215247,195.684351,203.066422,32532500
2019-07-25,205.090567,207.035313,196.716281,199.147217,39889900
2019-07-26,198.631233,201.30029,194.721909,198.194656,24434000
2019-07-29,197.450524,198.075623,193.779336,194.414352,16530800
2019-07-30,193.868606,197.162763,191.993323,195.505753,11903600
2019-07-31,195.416474,197.212378,191.179717,192.717651,14593500
2019-08-01,192.658114,196.924636,189.393738,191.229324,17777000
2019-08-02,189.611993,191.120147,186.605588,187.548187,15297000
2019-08-05,183.251931,184.224296,177.943582,180.314972,23086700
2019-08-06,182.259711,184.343351,181.664377,183.073318,18035700
2019-08-07,182.170394,184.918815,179.808921,183.708313,15833200
2019-08-08,185.166892,188.857928,182.616911,188.679337,14828900
2019-08-09,188.520598,189.492963,185.663017,186.387344,11058800
2019-08-12,185.395123,186.129351,183.023733,183.926636,10930900
2019-08-13,184.075472,189.889844,183.926631,186.982651,13577000
2019-08-14,184.353308,184.541831,177.913835,178.31073,18903700
2019-08-15,179.541059,181.77354,178.628225,181.168289,12925900
2019-08-16,182.319237,183.658731,180.94006,182.269623,12654600
2019-08-19,184.56164,186.040044,183.410684,184.720398,9691200
2019-08-20,184.006029,184.55175,180.969858,182.378799,10083400
2019-08-21,183.559526,184.452512,181.714008,182.120819,8398200
2019-08-22,182.00172,182.676433,178.509139,180.622543,10821400
2019-08-23,179.431919,181.704097,175.284473,176.365982,17323400
2019-08-26,178.003126,179.094567,176.85217,178.955658,8773600
2019-08-27,180.51339,182.606961,179.600555,179.888306,14399600
2019-08-28,179.124323,180.533265,177.526859,180.344742,9386100
2019-08-29,182.339089,184.6311,182.041422,184.125076,10128700
2019-08-30,185.325647,185.345495,182.031505,184.224289,10774500
2019-09-03,182.567329,184.224324,180.692045,180.969864,9779400
2019-09-04,183.212244,186.288112,182.458167,185.682861,11308000
2019-09-05,187.062048,189.870014,186.476645,189.413589,13876700
2019-09-06,188.728943,188.728943,184.898998,186.030121,15226800
2019-09-09,186.268274,187.508541,184.402922,187.290253,14722400
2019-09-10,185.980513,186.635378,183.113017,184.720398,15455900
2019-09-11,185.008147,187.964939,184.631101,187.022339,11761700
2019-09-12,188.381674,189.443335,185.772148,186.010284,11419800
2019-09-13,185.871377,186.506393,185.08752,185.732468,11441100
2019-09-16,185.474498,186.327802,184.323542,184.770035,8444800
2019-09-17,185.206613,186.853692,184.095324,186.615555,9671100
2019-09-18,186.62545,187.607747,184.561644,186.675064,9681900
2019-09-19,187.191028,189.612032,186.68499,188.6595,10392700
2019-09-20,189.175453,191.596457,186.655222,188.451126,19934200
2019-09-23,187.865724,188.619816,183.767892,185.365356,13327600
2019-09-24,186.516297,186.575827,178.9854,179.868469,18546600
2019-09-25,180.037154,181.991816,176.485027,181.376648,18068300
2019-09-26,179.918098,179.987545,176.286592,178.707596,16083300
2019-09-27,179.084627,179.352514,174.292234,175.721024,14656200
2019-09-30,176.485018,177.278792,175.472971,176.69339,10740000
2019-10-01,177.755076,178.439706,173.518334,174.441086,17073000
2019-10-02,173.478631,175.155474,171.742257,173.240509,16151700
2019-10-03,174.20296,178.439701,172.278063,177.983292,16086300
2019-10-04,178.151966,179.570824,176.713259,179.044952,10430200
2019-10-07,178.598445,179.76925,176.703314,178.28093,9178300
2019-10-08,176.872006,178.965577,176.336217,176.365982,9466900
2019-10-09,177.76497,179.312821,176.554469,178.4496,7556900
2019-10-10,178.91597,180.195919,177.774915,178.62822,8605000
2019-10-11,180.73172,185.037939,180.721803,182.755844,14930500
2019-10-14,182.76574,183.182468,181.148442,181.852905,7006000
2019-10-15,182.368871,188.897639,182.229962,187.419235,15039100
2019-10-16,186.853708,188.222953,185.444752,188.074127,10516900
2019-10-17,188.818251,189.35404,187.300166,188.907547,9603000
2019-10-18,188.748794,189.998993,182.487928,184.402908,16874200
2019-10-21,185.583618,188.431281,185.295883,188.28244,8122600
2019-10-22,188.520587,189.16552,180.086771,180.920227,19537600
2019-10-23,180.592783,184.928766,180.582866,184.700546,12300400
2019-10-24,183.182481,185.276053,181.376661,184.928787,11413500
2019-10-25,184.383044,187.52836,183.648801,186.427002,8061200
2019-10-28,185.74238,188.05424,183.638892,187.925247,13657900
2019-10-29,190.197411,191.030866,187.002482,187.835938,13574900
2019-10-30,188.084008,188.967077,184.531881,186.78421,28734600
2019-10-31,195.168427,196.547604,186.784225,190.157745,42286500
2019-11-01,191.348403,192.598586,188.431292,192.112396,21711800
2019-11-04,193.035168,195.833202,192.300924,193.203842,16371300
2019-11-05,193.848758,194.225804,192.092551,192.806946,9942000
2019-11-06,192.519187,192.856536,189.860063,190.058502,10973000
2019-11-07,190.415721,191.933806,187.994717,188.937317,13473000
2019-11-08,188.520594,190.84237,188.222927,189.35405,10760800
2019-11-11,188.451137,188.599978,187.071961,188.133636,8631200
2019-11-12,188.520584,193.541182,188.262614,192.95578,17615500
2019-11-13,193.183998,194.176211,191.239267,191.68576,10860700
2019-11-14,191.427784,192.519225,189.959312,191.646072,9040500
2019-11-15,192.747385,193.779296,191.874248,193.580856,11524300
2019-11-18,193.045078,197.083394,191.546841,195.862961,16167200
2019-11-19,195.862957,198.442719,195.327169,197.768021,19056800
2019-11-20,197.033767,198.035898,193.908286,195.972092,12355400
2019-11-21,195.882816,197.539811,195.327179,196.38884,12131000
2019-11-22,196.83535,197.748185,196.081258,197.271927,9959800
2019-11-25,197.966458,199.405164,197.698556,198.234344,15272300
2019-11-26,198.442725,198.591551,196.497979,197.420746,11735500
2019-11-27,198.3435,201.558277,197.867242,200.427155,12736600
2019-11-29,200.030295,202.213162,199.643332,200.069977,7985200
2019-12-02,200.556152,200.605751,196.507919,198.145065,11503400
2019-12-03,196.061425,197.381056,193.561042,197.271927,11595300
2019-12-04,198.442714,198.47248,196.507901,197.162766,8456300
2019-12-05,198.303831,199.722689,196.666684,197.807724,9740400
2019-12-06,198.938853,200.000529,198.502276,199.484573,12270600
2019-12-09,199.087648,201.558265,198.651087,199.772278,11954800
2019-12-10,200.089796,200.476759,198.591544,199.305939,9475700
2019-12-11,198.720541,201.052249,198.720541,200.68512,8036800
2019-12-12,200.774451,202.074248,192.588688,195.218048,23734800
2019-12-13,194.870765,195.26766,191.665919,192.598602,18798000
2019-12-16,193.749561,197.569575,193.293136,196.378922,14911500
2019-12-17,197.291754,197.450512,194.602863,196.845261,10175700
2019-12-18,198.532025,202.709251,198.532025,200.923264,23274400
2019-12-19,201.201076,204.693673,200.933175,204.455536,16514600
2019-12-20,205.864469,206.092689,201.846001,204.693665,27306900
2019-12-23,205.090571,206.965854,204.078509,204.574615,13348900
2019-12-24,204.693708,205.179883,203.403827,203.522888,6046300
2019-12-26,203.969373,206.201854,203.711388,206.172073,9350700
2019-12-27,207.045214,207.303184,204.981408,206.47966,10284200
2019-12-30,206.241524,206.281206,202.312351,202.81839,10524300
2019-12-31,202.411573,203.959424,202.014694,203.65184,8953500
2020-01-02,205.140155,208.156477,204.663897,208.146561,12077100
2020-01-03,205.596619,208.761768,205.338633,207.045242,11188400
2020-01-06,205.090586,211.123248,204.911995,210.944656,17058900
2020-01-07,211.16291,212.9092,210.101234,211.401031,14912400
2020-01-08,211.341504,214.556282,210.954542,213.54422,13475000
2020-01-09,215.846158,216.679629,214.595974,216.60025,12642800
2020-01-10,217.493229,218.167942,215.72709,216.362106,12119400
2020-01-13,217.890103,220.241644,217.50314,220.182114,14463400
2020-01-14,219.884472,220.648481,216.92768,217.354324,13288900
2020-01-15,218.892251,219.953912,218.425909,219.42804,10036500
2020-01-16,220.837002,220.896533,218.673968,220.043228,10015300
2020-01-17,220.301195,220.559165,218.812875,220.410339,15905900
2020-01-21,220.4302,220.638557,217.413862,219.715805,14275800
2020-01-22,220.579007,221.015584,219.557028,219.596725,12212800
2020-01-23,219.03114,219.765384,217.562668,218.048843,11195000
2020-01-24,219.080789,220.053154,214.427304,216.243057,11905800
2020-01-27,211.440738,214.377682,210.845404,213.196945,13810700
2020-01-28,214.457046,217.036808,211.857451,216.094193,13413800
2020-01-29,219.715796,222.4543,216.749072,221.491852,33181300
2020-01-30,204.921888,209.783729,203.155749,207.898529,48775500
2020-01-31,206.807098,207.065083,199.494488,200.337875,31359900
2020-02-03,201.855937,203.542698,200.923254,202.600098,15495600
2020-02-04,205.011155,208.960176,203.602213,208.196167,19628900
2020-02-05,210.855321,211.073609,207.084921,208.474014,12538200
2020-02-06,208.831175,209.54557,207.709969,209.208221,10567500
2020-02-07,208.66252,211.162902,208.29539,210.676712,12242500
2020-02-10,209.873029,212.135275,209.019725,211.401031,11856400
2020-02-11,208.553377,209.218159,204.902023,205.576736,25030800
2020-02-12,206.231582,209.575337,205.785074,209.118912,13813700
2020-02-13,207.888584,212.661129,207.55122,211.480392,15396600
2020-02-14,212.333707,213.256459,210.994213,212.512299,10741700
2020-02-18,211.887233,216.282732,211.738392,216.104141,15609200
2020-02-19,216.292646,216.620078,214.42728,215.796539,12135100
2020-02-20,214.834092,217.066572,211.291882,212.909195,13109200
2020-02-21,211.817765,212.571857,207.203978,208.543457,14092300
2020-02-24,200.228697,202.064283,196.626957,199.157104,23080100
2020-02-25,200.675211,201.915478,194.424262,195.237885,21433500
2020-02-26,195.654604,199.643307,193.967843,195.66452,16524500
2020-02-27,190.326442,194.354827,188.024499,188.272552,21682600
2020-02-28,181.277428,191.239261,180.40429,190.971359,32568900
2020-03-02,192.519208,195.039439,187.379548,194.910446,24949000
2020-03-03,194.692165,195.704228,182.537548,184.442596,27984100
2020-03-04,187.697047,190.336338,184.938694,190.266876,23062500
2020-03-05,185.325644,187.518443,182.458148,183.72818,19333400
2020-03-06,176.941443,182.349004,174.887554,179.679947,24559600
2020-03-09,168.279434,173.637381,163.903768,168.180206,29949000
2020-03-10,173.30994,176.901748,168.180198,176.802536,24517800
2020-03-11,172.655078,174.510528,166.354531,168.914444,20373900
2020-03-12,158.297742,165.302782,153.138235,153.267227,43266300
2020-03-13,162.256705,169.460171,156.372885,168.954147,35028600
2020-03-16,151.134005,157.890978,141.985793,144.873123,39120400
2020-03-17,149.566275,152.741355,138.909896,148.256546,34255600
2020-03-18,138.661867,147.026222,136.032507,145.815735,37553100
2020-03-19,145.478362,158.684724,143.672541,151.937683,39862300
2020-03-20,154.80518,158.029875,146.847623,148.564148,32568400
2020-03-23,148.494705,151.124065,141.142397,146.946854,29830800
2020-03-24,154.001485,160.05398,151.382042,159.726547,30440400
2020-03-25,157.682635,161.720953,151.868261,154.993744,35184300
2020-03-26,157.017798,162.723026,155.797379,162.068161,26556800
2020-03-27,156.968208,158.843492,153.545074,155.569183,24879900
2020-03-30,157.940562,165.451626,156.829287,164.657852,22515200
2020-03-31,164.191522,169.599084,162.921489,165.501251,23676300
2020-04-01,160.36156,162.87186,156.809434,158.3573,19507600
2020-04-02,157.861216,160.093697,154.705968,156.958298,20886300
2020-04-03,155.926368,156.68046,149.655586,152.979492,25983300
2020-04-06,158.902994,164.905889,157.275764,164.260956,28453600
2020-04-07,170.45237,172.039918,164.717377,167.515427,31411900
2020-04-08,169.916583,173.637384,166.433918,172.922989,21664200
2020-04-09,174.530376,175.701196,170.234104,173.825912,23534300
2020-04-13,172.317727,173.637372,168.130584,173.429001,19355400
2020-04-14,177.586375,179.818855,175.24475,176.782684,21011800
2020-04-15,173.825902,176.802543,171.474361,175.592041,17423000
2020-04-16,176.564415,176.663643,171.166771,174.877655,23593200
2020-04-17,177.804694,178.876286,175.284478,177.844391,20974800
2020-04-20,176.028618,179.094555,175.393602,176.852158,16110700
2020-04-21,173.88544,174.014433,167.029241,169.470093,24850500
2020-04-22,177.060493,183.341206,176.752909,180.860672,33242000
2020-04-23,182.64668,185.593555,181.723913,183.688507,21426600
2020-04-24,181.803304,188.927406,179.421998,188.590057,28792000
2020-04-27,191.159896,192.241405,185.950774,186.04007,29197800
2020-04-28,187.191022,187.726811,181.138513,181.485794,21731000
2020-04-29,189.443322,195.37677,188.520571,192.677948,45954500
2020-04-30,205.308842,208.057278,200.000508,203.116058,46230100
2020-05-01,200.030287,205.666054,197.500139,200.695068,30415600
2020-05-04,198.64116,204.306706,197.21237,203.661758,19250700
2020-05-05,205.408089,208.741928,204.892134,205.457703,21071200
2020-05-06,206.49949,209.952405,205.050867,206.846771,21857000
2020-05-07,209.515839,209.952415,207.412336,209.615051,15152000
2020-05-08,210.587404,211.549853,209.208228,210.696548,12506000
2020-05-11,209.247918,213.325917,208.731963,211.520081,12911900
2020-05-12,211.629229,213.60374,208.364853,208.464081,14704600
2020-05-13,207.799324,209.138819,200.536327,203.503052,20684600
2020-05-14,200.982814,205.318783,199.127379,205.199722,17178900
2020-05-15,203.671688,209.694416,202.530633,209.238007,19383200
2020-05-18,210.498119,212.968736,209.297549,211.530029,20151900
2020-05-19,211.609393,218.773176,211.172816,215.191284,31843200
2020-05-20,221.759729,229.53868,221.452145,228.179352,50162900
2020-05-21,232.892391,235.353077,229.399795,229.588318,47782600
2020-05-22,229.707382,234.15251,226.958961,233.080917,33925600
2020-05-26,237.903047,239.024238,229.866111,230.391983,33178300
2020-05-27,227.286403,228.764792,219.408224,227.35585,34697600
2020-05-28,222.553512,229.826439,222.255845,223.704483,29377200
2020-05-29,223.446516,225.718694,221.144588,223.337372,23241500
2020-06-01,222.841267,230.630151,221.759758,230.104279,18223800
2020-06-02,229.141835,231.185793,224.795934,230.907974,20919000
2020-06-03,230.302703,230.838492,226.750576,228.367889,15380300
2020-06-04,227.772558,229.826447,222.861104,224.528015,17041500
2020-06-05,224.944745,229.548615,223.555637,228.973129,16750400
2020-06-08,227.246679,229.747062,225.639298,229.598221,15466500
2020-06-09,229.717309,237.903071,228.615951,236.81163,27462900
2020-06-10,239.083809,239.331862,233.448027,234.886734,20720700
2020-06-11,228.149617,231.076645,221.809373,222.68251,26708200
2020-06-12,228.109885,229.85619,222.751938,226.800171,22091400
2020-06-15,223.33736,231.949782,223.049625,230.689667,15340300
2020-06-16,235.293559,236.603288,231.185795,233.815155,15236700
2020-06-17,233.170203,235.740033,229.925661,233.696075,19578100
2020-06-18,233.160275,234.301314,230.342377,234.102875,15782500
2020-06-19,235.938466,238.954804,233.715917,236.930679,30081300
2020-06-22,236.702481,238.825818,235.065335,237.357346,18917800
2020-06-23,239.401289,243.280848,237.992348,240.353821,24017900
2020-06-24,239.321901,241.326176,230.868237,232.197815,20834900
2020-06-25,232.793135,235.452275,230.927784,233.844879,18704300
2020-06-26,230.828594,231.275087,213.722824,214.397537,76343900
2020-06-29,208.116807,219.031156,205.497363,218.922012,58514300
2020-06-30,218.872416,225.728616,216.768928,225.301971,33927100
2020-07-01,226.720812,237.139055,225.788128,235.700348,43399700
2020-07-02,237.139031,238.131245,230.798787,231.602478,30633600
2020-07-06,231.939851,238.528149,230.461462,238.409088,26206200
2020-07-07,237.545882,245.721713,236.960479,238.984589,27887800
2020-07-08,236.256001,245.066863,234.747832,241.683411,29791300
2020-07-09,243.092344,244.61043,237.377199,242.596237,22174900
2020-07-10,241.792529,243.578517,237.456561,243.161789,22982700
2020-07-13,245.086679,248.202229,236.563568,237.139053,24674900
2020-07-14,234.916512,238.458722,230.223346,237.863388,23378100
2020-07-15,239.669204,242.913746,236.196456,238.409088,19133600
2020-07-16,236.146838,239.877555,234.489843,239.054016,18880700
2020-07-17,239.123498,242.258897,236.007948,240.145477,18152400
2020-07-20,238.190813,244.134178,233.80523,243.509079,20872200
2020-07-21,244.302841,244.987471,238.21065,239.867645,19364200
2020-07-22,238.389236,240.016466,236.2659,238.002274,15427900
2020-07-23,237.764139,240.532409,229.945492,230.788879,21771800
2020-07-24,228.39768,231.671988,225.133288,228.913635,18325800
2020-07-27,229.657776,233.120592,229.032676,231.681885,13163100
2020-07-28,232.80311,233.130542,228.040481,228.328217,14170100
2020-07-29,229.340242,231.880307,228.516703,231.473495,13588300
2020-07-30,228.427415,233.06105,227.216913,232.674088,20615300
2020-07-31,253.828093,253.857858,247.061188,251.694824,53005100
2020-08-03,250.682768,253.411356,248.380841,249.998154,23124900
2020-08-04,249.60126,250.831611,245.503413,247.884735,17183500
2020-08-05,248.241928,250.305734,245.840773,247.180252,13050100
2020-08-06,247.100891,264.524176,246.733777,263.214447,45241600
2020-08-07,262.023786,276.718499,261.378853,266.349854,72766400
2020-08-10,265.952944,271.727604,257.667954,260.952179,30248800
2020-08-11,258.164051,263.849445,253.143452,254.135666,28238300
2020-08-12,256.953544,261.84515,256.100225,257.866394,21415700
2020-08-13,259.513434,263.095341,257.548871,259.265381,17374000
2020-08-14,260.267517,260.604866,256.665777,259.205841,14792700
2020-08-17,260.456089,262.043636,257.38022,259.126526,13351100
2020-08-18,258.918141,263.08542,257.241298,260.297302,18690400
2020-08-19,259.354711,265.823932,259.315014,260.545349,23291500
2020-08-20,259.463841,267.530542,259.424144,266.915375,20299700
2020-08-21,266.597881,268.383853,264.345567,264.930969,15538600
2020-08-24,268.95934,275.091212,266.67723,269.276855,23685600
2020-08-25,270.288933,280.885768,268.155679,278.633453,42127200
2020-08-26,281.788664,302.297732,281.788664,301.54364,69015200
2020-08-27,297.822792,298.884468,289.74616,290.936829,30301300
2020-08-28,292.703037,294.915684,288.714349,291.373474,17157400
2020-08-31,291.661244,294.568423,289.279907,290.917084,17345100
2020-09-01,292.415261,299.142468,290.430833,293.139587,17295900
2020-09-02,296.552844,301.236094,290.768221,300.144653,24341400
2020-09-03,293.685255,295.282734,281.421511,288.85318,32294100
2020-09-04,285.01339,286.749764,269.028842,280.528595,30333700
2020-09-08,269.167675,277.125217,267.322173,269.048615,24864000
2020-09-09,273.622771,276.311692,269.237203,271.588745,22918800
2020-09-10,273.364802,276.986376,264.950819,266.002563,24814700
2020-09-11,267.957238,269.276899,260.595029,264.534088,18913900
2020-09-14,268.84028,274.485978,263.631159,264.077637,24093800
2020-09-15,268.562424,272.382422,267.203066,270.298798,18478500
2020-09-16,265.208774,270.318668,259.751599,261.468109,29183400
2020-09-17,256.268943,259.463872,248.241938,252.835892,31281400
2020-09-18,256.387995,257.181784,248.10302,250.563705,28130800
2020-09-21,245.612523,248.003761,242.229086,246.217773,24709400
2020-09-22,251.337644,253.332003,246.28728,252.766434,30293100
2020-09-23,253.272443,255.981182,246.217803,247.081039,19641300
2020-09-24,244.580645,250.275957,243.707493,247.587051,20006800
2020-09-25,247.45808,253.758643,244.689811,252.835892,18351300
2020-09-28,257.380241,257.578696,252.835916,254.820343,18826300
2020-09-29,255.802626,261.279635,254.899708,259.751648,20200200
2020-09-30,259.940173,264.008225,258.074806,259.860779,20142500
2020-10-01,263.283862,266.240639,262.738126,264.553894,20009800
2020-10-02,259.176085,263.085409,257.161893,257.915985,16367600
2020-10-05,260.15845,262.807644,258.809024,262.589355,12822300
2020-10-06,259.741667,263.621226,256.229223,256.645966,18696900
2020-10-07,257.191678,258.154126,252.835876,256.110168,23133400
2020-10-08,257.727452,262.559527,257.132118,261.706238,16312800
2020-10-09,262.460393,262.688613,260.128714,262.390961,14107800
2020-10-12,268.096132,277.998404,265.784257,273.602905,31019300
2020-10-13,275.418659,276.926843,271.261311,273.989899,18063300
2020-10-14,275.458349,276.579555,269.386006,269.703522,15577800
2020-10-15,265.516341,266.945131,261.616949,264.643188,15416100
2020-10-16,265.298097,269.25702,263.234276,263.859375,16622700
2020-10-19,263.46244,266.458914,257.85644,259.364594,13587000
2020-10-20,261.011723,267.600036,260.833132,265.476685,18763200
2020-10-21,277.383247,280.846063,274.218083,276.559723,28998600
2020-10-22,277.690842,280.25077,272.898463,275.954468,16720000
2020-10-23,276.62916,283.019018,274.664596,282.57254,17535200
2020-10-26,280.95518,283.00907,272.124486,274.952271,21322900
2020-10-27,276.589442,282.294669,274.158506,281.084167,16287200
2020-10-28,276.619257,276.619257,265.179035,265.585846,23121800
2020-10-29,274.396668,281.391792,271.648247,278.643341,32368100
2020-10-30,272.362669,274.545552,257.082584,261.06134,47247800
2020-11-02,262.539682,268.36397,255.336203,259.32489,27165700
2020-11-03,261.110932,267.947267,258.848686,263.234253,17961900
2020-11-04,278.812007,286.690185,276.450534,285.142334,35364400
2020-11-05,289.627145,295.064487,286.700133,292.385498,23823600
2020-11-06,291.661201,292.306133,285.817048,291.125397,13891000
2020-11-09,287.612942,290.301832,276.361244,276.599365,25117700
2020-11-10,270.973543,271.866529,261.944393,270.308746,29067700
2020-11-11,271.340637,276.232243,270.358355,274.327209,14957000
2020-11-12,275.021765,277.571761,272.293178,272.93811,12899500
2020-11-13,275.557573,275.59727,270.973551,274.793579,10391200
2020-11-16,272.908404,277.234472,272.491691,276.787964,12970400
2020-11-17,275.517828,275.517828,271.162027,272.858704,15040300
2020-11-18,272.382427,275.230105,269.723302,269.852295,12152900
2020-11-19,268.909725,271.340661,267.093988,270.814789,12963700
2020-11-20,270.437753,270.87433,267.312286,267.600037,18114700
2020-11-23,268.780772,268.840303,262.470278,266.339905,20990800
2020-11-24,266.399411,275.65678,265.784243,274.763794,16930400
2020-11-25,275.974316,277.99841,270.527042,273.444153,12467000
2020-11-27,275.230168,276.95661,272.680172,275.646881,7808400
2020-11-30,273.880671,275.537681,268.899771,274.813354,16693300
2020-12-01,276.986344,287.047374,276.787889,284.318787,20738900
2020-12-02,283.138035,289.508059,278.643309,285.281219,17361600
2020-12-03,284.02116,284.418039,278.881501,279.655426,12921700
2020-12-04,278.11746,281.252858,277.125246,277.522156,10880300
2020-12-07,277.016095,286.243668,276.033813,283.356323,13007700
2020-12-08,283.783053,284.199766,279.357758,281.193359,10747700
2020-12-09,281.451339,285.390429,269.634071,275.756042,25189700
2020-12-10,273.394535,276.559699,269.743166,274.962219,20065100
2020-12-11,272.392394,274.327222,268.145721,271.420013,14391400
2020-12-14,271.241401,275.061429,269.445497,272.055023,16376900
2020-12-15,272.690085,273.930352,265.387406,273.40448,23979500
2020-12-16,272.620672,275.69651,270.388191,273.52359,15885000
2020-12-17,274.912634,278.256389,271.479553,272.342804,16377800
2020-12-18,273.622703,275.83535,269.02878,274.247803,26693200
2020-12-21,270.854508,272.531352,265.704917,270.665985,16553700
2020-12-22,269.38598,269.38598,262.569478,265.010315,17312900
2020-12-23,264.811868,270.050753,264.157003,266.022339,14329000
2020-12-24,266.786389,268.294542,264.127263,265.317902,6702000
2020-12-28,266.647476,275.140822,263.591471,274.84317,23299700
2020-12-29,274.793568,278.325846,274.128771,274.624878,16383000
2020-12-30,275.785757,275.91472,269.594324,269.753082,11803800
2020-12-31,269.88211,274.932473,267.709159,271.033081,12900400
2021-01-04,272.64044,272.858728,263.135048,266.845917,15106100
2021-01-05,266.200952,270.278935,266.121558,268.860077,9871600
2021-01-06,259.959968,265.665197,257.985473,261.259766,24354100
2021-01-07,263.829638,269.495171,262.718364,266.647522,15789800
2021-01-08,266.220892,266.855924,261.130831,265.486664,18528300
2021-01-11,258.451821,261.41853,253.907466,254.840149,30412300
2021-01-12,254.63179,257.697727,248.351076,249.134918,26383500
2021-01-13,249.591323,251.972629,247.259615,249.680618,19528900
2021-01-14,251.426913,253.044226,242.705362,243.727341,29739400
2021-01-15,245.969736,251.883335,245.235508,249.402802,24942900
2021-01-19,254.899677,260.158427,250.752231,259.066986,28028500
2021-01-20,266.836031,268.215222,261.547545,265.397339,25199900
2021-01-21,267.163424,271.469627,265.407187,270.7453,20838700
2021-01-22,269.892038,276.30173,269.882106,272.36264,21954000
2021-01-25,275.974299,277.919029,269.395918,275.845306,19087000
2021-01-26,275.974353,283.167902,275.646905,279.853882,19373600
2021-01-27,280.330047,281.242897,266.032248,270.020966,35346200
2021-01-28,275.021738,284.556926,262.638933,262.936584,37758800
2021-01-29,263.234242,264.48444,252.865628,256.318512,30389500
2021-02-01,257.499247,262.113064,252.925157,259.969879,22914300
2021-02-02,261.944422,266.756665,261.220095,265.000427,17320800
2021-02-03,263.551782,267.103924,261.785643,264.573761,14223400
2021-02-04,264.930948,266.071988,261.944376,264.414978,16060000
2021-02-05,264.722586,267.074158,263.60141,266.012482,12454400
2021-02-08,266.657481,267.758824,262.936679,264.504364,13755200
2021-02-09,264.365447,271.261345,263.680817,267.35202,14613400
2021-02-10,270.328583,271.668047,265.635402,269.753082,14687200
2021-02-11,269.772958,271.449771,266.399407,268.284637,12828600
2021-02-12,268.413632,269.068497,266.250614,268.393799,9097600
2021-02-16,268.691401,274.446257,267.947241,271.836731,15417200
2021-02-17,269.128036,271.83679,267.480958,271.439911,12763200
2021-02-18,267.471041,269.832514,263.958596,267.29245,15249100
2021-02-19,267.758737,268.165548,258.124352,259.523376,25622600
2021-02-22,255.941505,261.021634,255.524762,258.302948,17434900
2021-02-23,257.479452,265.377465,252.974809,263.789917,21924600
2021-02-24,260.28739,264.305873,256.378096,262.251984,15736100
2021-02-25,260.257625,264.861511,252.061946,252.706894,19053100
2021-02-26,254.473065,263.482353,254.473065,255.614105,26619500
2021-03-01,258.78917,264.573763,255.891893,262.847321,22157300
2021-03-02,263.710576,264.633328,256.636087,256.983368,15191700
2021-03-03,258.263287,258.957818,253.113696,253.42128,15513500
2021-03-04,254.473008,264.414977,251.526133,255.633911,31626500
2021-03-05,258.640292,263.383071,253.619679,262.222168,26820100
2021-03-08,263.48231,263.512075,253.064082,253.322052,18391800
2021-03-09,259.146376,266.439153,257.787048,263.670868,22039700
2021-03-10,266.548302,266.875719,260.82321,262.837402,14210300
2021-03-11,266.022405,275.736186,265.734685,271.747498,21834000
2021-03-12,267.044409,267.639713,261.964249,266.31015,20600200
2021-03-15,266.984848,273.811284,266.409378,271.6185,16844800
2021-03-16,273.930312,279.943154,272.66028,277.105408,22437700
2021-03-17,273.563223,284.00133,273.265571,281.798615,21315000
2021-03-18,277.690798,282.969381,276.113182,276.450531,18728300
2021-03-19,279.030311,290.520131,279.010478,287.851074,38930500
2021-03-22,288.188398,297.376273,284.517196,291.254333,28273100
2021-03-23,290.867402,295.679644,287.553413,288.367035,23000900
2021-03-24,288.734143,289.448538,278.970766,279.943146,18675000
2021-03-25,278.79219,285.817049,275.587329,276.569611,24505600
2021-03-26,276.133065,282.284802,275.607193,280.816315,17629200
2021-03-29,283.544876,290.897182,282.48323,288.555573,21718800
2021-03-30,287.573245,290.192703,284.467642,285.757507,17474500
2021-03-31,287.732066,294.191387,286.362806,292.236725,19498200
2021-04-01,296.076548,300.045403,294.290576,296.334534,17616000
2021-04-05,298.547158,308.350202,298.338771,306.5047,28237000
2021-04-06,306.435264,308.92573,302.873221,303.875366,17335200
2021-04-07,303.954719,311.803132,303.121263,310.652161,22855200
2021-04-08,312.398471,313.420449,307.635827,310.582703,20894100
2021-04-09,308.975295,312.289284,307.913619,310.027039,15988600
2021-04-12,308.628053,309.719494,305.532351,309.114258,10881900
2021-04-13,309.779019,311.981735,306.911538,307.348114,14036900
2021-04-14,304.907194,305.631521,299.598876,300.462097,17421400
2021-04-15,303.9547,307.72513,301.732152,305.423187,14558300
2021-04-16,305.770485,306.544411,302.238177,303.795959,13059200
2021-04-19,302.635078,305.304135,298.219716,299.886627,14553500
2021-04-20,299.638592,302.724393,294.895812,300.293457,16796400
2021-04-21,299.598893,299.628658,295.074402,299.12262,14863500
2021-04-22,298.983727,300.561373,293.734938,294.211182,16375400
2021-04-23,296.433767,300.233932,294.836288,298.785309,17536800
2021-04-26,300.978102,303.41894,299.211963,300.68045,16172600
2021-04-27,301.910762,302.962506,298.765431,301.206299,15309300
2021-04-28,304.966726,308.499034,302.992231,304.708771,33907200
2021-04-29,327.549602,329.226446,319.105854,326.944366,56526800
2021-04-30,323.600541,327.25188,321.973297,322.548767,26332400
2021-05-03,323.630372,325.991816,319.33407,320.068298,18719500
2021-05-04,317.528151,319.681268,310.681884,315.881073,24032600
2021-05-05,315.712469,318.560118,312.041267,312.567139,15577600
2021-05-06,312.071023,317.746486,310.830756,317.528198,19012200
2021-05-07,319.869782,320.425419,316.268042,316.595459,15916700
2021-05-10,311.902371,312.130561,302.456478,303.587616,24239200
2021-05-11,298.408226,304.450803,297.356482,304.143219,18920100
2021-05-12,298.785257,302.585422,295.868147,300.194183,24645500
2021-05-13,303.69671,306.455062,300.412485,302.883118,18079200
2021-05-14,307.129819,314.382899,306.673379,313.47998,19245700
2021-05-17,311.108591,313.222011,309.153929,313.003723,15401300
2021-05-18,313.132707,314.035625,307.397713,307.546539,14522400
2021-05-19,301.821482,312.209961,301.206315,311.148285,19106200
2021-05-20,311.138407,316.764273,310.721695,316.129242,17320200
2021-05-21,316.803902,317.438903,313.350988,313.767731,13600900
2021-05-24,315.732271,323.412024,315.553679,322.102295,16445400
2021-05-25,324.533208,326.616863,322.270962,325.237701,16437000
2021-05-26,325.793333,327.26179,323.283034,325.108704,9686900
2021-05-27,325.446043,331.181036,324.215708,330.159058,20477700
2021-05-28,328.422694,330.278128,325.77347,326.17038,12037400
2021-06-01,327.579338,328.839469,324.096689,326.567291,11765900
2021-06-02,327.807531,329.285919,324.572905,326.587097,11654300
2021-06-03,323.243297,324.830844,320.961218,323.501282,12610800
2021-06-04,323.362408,329.871327,322.648013,327.777771,13289400
2021-06-07,326.914507,335.060571,326.368771,333.959198,20136700
2021-06-08,334.078353,335.66587,329.653058,331.081848,14580500
2021-06-09,333.125802,334.177546,327.430505,327.678558,13727900
2021-06-10,328.214328,331.339794,325.991749,329.871307,13240200
2021-06-11,329.990363,330.238416,326.36879,328.680664,13587900
2021-06-14,329.315691,334.197395,327.241968,334.147766,12250800
2021-06-15,334.366082,337.273291,332.421351,334.12796,15795200
2021-06-16,334.078341,334.921699,326.160466,328.502075,17232200
2021-06-17,327.916656,335.348356,327.579307,333.889801,17794100
2021-06-18,331.925246,333.532627,326.438305,327.09317,23039500
2021-06-21,328.511968,330.327736,325.098751,329.702637,11337500
2021-06-22,330.099537,337.273252,330.010241,336.390167,15345300
2021-06-23,336.707714,340.746031,335.566674,337.938049,14817800
2021-06-24,339.188273,342.214513,339.128743,340.507904,12329100
2021-06-25,339.922477,341.440563,337.035132,338.711975,14594400
2021-06-28,339.793422,355.351353,339.108793,352.870819,29156100
2021-06-29,353.495956,353.962298,346.332172,349.150085,21417300
2021-06-30,349.427858,350.172018,344.46679,345.002563,15107500
2021-07-01,344.119551,351.908434,343.802035,351.630615,17137000
2021-07-02,352.335081,353.664644,349.874381,351.938202,11521300
2021-07-06,353.724178,355.996356,346.461167,350.033142,13488500
2021-07-07,352.493803,353.714207,347.27475,347.760925,14218900
2021-07-08,343.038043,345.617774,339.892712,342.958649,14406500
2021-07-09,342.631263,347.979279,342.581634,347.691559,13018700
2021-07-12,348.495222,351.432166,346.917606,350.410187,10018600
2021-07-13,348.763078,355.698641,346.084089,349.34848,11456000
2021-07-14,351.799251,352.434282,344.030232,344.923218,13894200
2021-07-15,346.510802,346.510802,337.570947,341.777924,14781600
2021-07-16,342.224371,343.295949,337.491524,338.503571,11026100
2021-07-19,334.941614,337.14433,331.935208,334.326447,14372300
2021-07-20,336.161979,340.775796,331.895472,338.999725,11024300
2021-07-21,338.840938,343.821839,338.592884,343.534119,9279700
2021-07-22,343.980612,348.802786,342.522057,348.455505,12385400
2021-07-23,358.099813,372.407517,354.408778,366.910675,33694300
2021-07-26,366.702265,371.524439,365.352869,369.559845,14925200
2021-07-27,369.014188,370.244523,361.71148,364.946106,15705400
2021-07-28,371.643568,374.610277,364.072972,370.373535,29676900
2021-07-29,358.189093,362.673888,353.962254,355.529968,33413200
2021-07-30,351.243647,357.921256,350.191903,353.525726,15976200
2021-08-02,355.311733,356.601599,348.009025,349.209625,13180400
2021-08-03,349.983515,351.015396,344.992682,348.505096,12406100
2021-08-04,349.675947,357.673187,348.773029,356.125336,14180600
2021-08-05,356.83971,361.06652,354.121025,360.143768,10247200
2021-08-06,358.586009,362.306811,358.586009,360.679596,8925000
2021-08-09,360.927625,362.931886,357.941053,358.794342,7798900
2021-08-10,359.012647,361.264991,356.244392,358.318115,7469900
2021-08-11,359.280578,359.538533,355.023973,357.157227,8400300
2021-08-12,355.659015,360.173575,354.329422,359.826294,7170700
2021-08-13,360.143786,361.820629,358.665397,360.352142,7195700
2021-08-16,359.697259,364.092788,354.597297,363.705811,11222100
2021-08-17,360.153754,361.830598,352.30534,355.659027,12328700
2021-08-18,353.476071,357.057947,352.38463,352.682312,10042400
2021-08-19,348.614255,354.785824,348.266974,352.354889,12004500
2021-08-20,351.8389,357.186914,350.558936,356.571747,8697700
2021-08-23,356.641284,362.84262,356.303935,360.520844,10942000
2021-08-24,360.828431,365.094937,359.022594,362.664032,9235100
2021-08-25,362.753292,367.972314,362.554837,365.521576,9684500
2021-08-26,365.51164,366.563384,361.294732,361.542786,7888700
2021-08-27,362.257179,370.829889,361.245102,369.728546,11219100
2021-08-30,369.659108,378.519569,367.634984,377.696045,13547300
2021-08-31,376.991564,379.779682,375.850494,376.425995,12345400
2021-09-01,376.634389,381.337472,375.860463,379.075226,11567200
2021-09-02,378.529449,378.777502,371.147378,372.35788,14832900
2021-09-03,371.83204,374.223278,370.204795,373.330292,7509600
2021-09-07,372.953259,379.978119,370.244505,379.204193,10793800
2021-09-08,377.199957,377.90442,371.871774,374.630127,11067200
2021-09-09,374.69958,376.8725,373.637904,375.056763,9098900
2021-09-10,378.390557,380.801659,375.314719,375.741364,11549600
2021-09-13,378.708159,378.777621,371.435245,373.57843,13026300
2021-09-14,374.461396,375.642133,372.189218,373.598175,8711600
2021-09-15,374.06458,374.620218,364.80724,371.008575,17940300
2021-09-16,369.887356,370.65135,366.831321,370.155243,11934200
2021-09-17,368.518069,368.518069,358.774524,361.880157,26299000
2021-09-20,356.502334,358.218875,347.076305,352.930389,19822800
2021-09-21,355.708641,357.236659,352.424416,354.696594,11751900
2021-09-22,344.526377,347.11604,338.037291,340.537659,43692900
2021-09-23,342.670901,346.94737,340.329291,343.266235,21806300
2021-09-24,340.567383,351.590892,339.704162,350.2117,18801900
2021-09-27,347.08627,352.384687,344.377515,350.826904,15205800
2021-09-28,345.260569,346.877882,336.281048,337.997559,21710300
2021-09-29,340.478082,342.541903,336.241341,336.965637,14452200
2021-09-30,337.79915,340.130828,335.51704,336.747406,16547100
2021-10-01,338.95008,342.333532,336.003234,340.339203,14905300
2021-10-04,332.917456,333.324267,320.187367,323.68988,42885000
2021-10-05,326.021531,332.570147,323.620391,330.367432,35377900
2021-10-06,327.172578,331.776465,323.263253,331.042236,26443000
2021-10-07,334.376038,336.201708,326.418495,326.656616,28307500
2021-10-08,328.928726,330.803993,326.150509,327.480072,15946100
2021-10-11,325.078912,327.886863,322.776969,322.915894,14708200
2021-10-12,320.514765,321.854259,314.898832,321.248993,31658700
2021-10-13,324.424103,324.453868,320.147664,322.013031,14761500
2021-10-14,325.803234,327.946419,324.553066,325.971924,14302200
2021-10-15,326.120784,326.507762,319.998842,322.231323,21596400
2021-10-18,326.388653,333.274617,324.949931,332.728882,21585000
2021-10-19,337.005363,339.793481,334.653822,337.342712,18786300
2021-10-20,340.775842,341.301714,336.806986,338.126617,13639500
2021-10-21,337.63047,339.644662,335.169769,339.218018,16354400
2021-10-22,323.808962,327.063421,318.609741,322.082489,35224500
2021-10-25,317.80596,326.993867,317.23049,326.130646,38409000
2021-10-26,325.704054,327.638853,307.189345,313.350983,65654000
2021-10-27,311.743602,316.764201,309.630183,309.78894,29971800
2021-10-28,310.552939,322.985375,305.710932,314.452362,50806800
2021-10-29,317.696851,323.461609,317.111448,321.050537,37059400
2021-11-01,323.501351,330.853658,323.461654,327.410675,31518900
2021-11-02,328.799744,332.183196,321.278748,325.525421,28353000
2021-11-03,324.940025,329.563744,320.683451,329.037872,20786500
2021-11-04,331.409316,334.643912,330.059889,333.234985,22495300
2021-11-05,337.660194,344.089748,336.995427,338.473816,26872800
2021-11-08,341.738256,342.10537,335.70558,335.983398,18342500
2021-11-09,337.352621,338.652418,331.865681,332.758667,17556700
2021-11-10,329.90111,330.595671,322.975478,325.088898,21872600
2021-11-11,327.251901,329.871329,324.453851,325.18808,12376600
2021-11-12,327.609088,339.198136,327.212209,338.235718,25414300
2021-11-15,341.658861,350.896368,340.527753,344.85379,25076600
2021-11-16,341.152802,343.950852,338.215858,340.289581,18181100
2021-11-17,341.559621,344.595792,337.451872,338.116638,13602800
2021-11-18,337.074835,339.793491,332.689238,336.052856,17487200
2021-11-19,339.53549,349.358398,337.253381,342.611328,26488500
2021-11-22,346.332205,351.074985,337.858721,338.354828,27116800
2021-11-23,336.290966,338.741735,330.903253,334.624054,17225000
2021-11-24,333.38379,339.118783,330.218626,338.404388,13566200
2021-11-26,333.18534,335.120169,329.315713,330.526215,14750700
2021-11-29,334.266842,338.017408,332.699127,335.397949,16650900
2021-11-30,332.391564,333.195255,320.911645,321.933624,25390000
2021-12-01,327.71827,327.926626,307.873996,308.18158,30329600
2021-12-02,308.975321,312.150417,304.808042,307.973206,24396200
2021-12-03,311.287203,311.307036,297.167992,304.450836,27471000
2021-12-06,305.730777,317.607575,303.954707,315.394928,21758300
2021-12-07,319.066113,323.997415,318.500544,320.296448,18794000
2021-12-08,322.469409,330.159065,320.554445,327.986115,19937700
2021-12-09,326.974104,333.512788,325.446086,327.251923,16879200
2021-12-10,329.970583,332.421352,323.828777,327.182465,14528000
2021-12-13,328.373084,338.434113,327.023658,331.885498,22948700
2021-12-14,325.49563,333.086087,325.09875,331.141327,20461000
2021-12-15,329.901113,339.446203,321.457395,338.999725,24681300
2021-12-16,336.340576,341.777887,331.141356,332.292328,22635000
2021-12-17,330.208667,334.485105,328.174641,331.190979,40012600
2021-12-20,327.212165,327.331225,320.018617,322.915894,17901800
2021-12-21,323.868426,333.383751,321.229135,331.597778,16116800
2021-12-22,331.200875,331.905368,325.704034,327.876984,16764600
2021-12-23,327.529737,334.048588,325.803265,332.6297,13987700
2021-12-27,336.211615,345.161371,335.378159,343.484528,17795000
2021-12-28,343.931012,349.963657,342.512153,343.5242,16637600
2021-12-29,344.208865,346.967218,338.97991,340.269775,10747000
2021-12-30,341.321437,344.526298,340.547512,341.678619,10593300
2021-12-31,340.349096,340.765839,333.651655,333.731049,12870500
2022-01-03,335.66587,338.424223,334.564528,335.904022,14537900
2022-01-04,337.303052,340.418587,329.285949,333.909668,15998000
2022-01-05,330.42694,333.145625,321.318427,321.645874,20564500
2022-01-06,320.306385,336.529082,320.207157,329.871307,27962800
2022-01-07,330.149128,334.375967,326.319198,329.206543,14722000
2022-01-10,322.776954,325.783359,312.97388,325.515472,24942400
2022-01-11,324.235581,332.024465,322.747261,331.766479,16226800
2022-01-12,332.570164,333.750901,327.46027,330.665131,14104900
2022-01-13,332.371743,333.016676,323.223532,323.937927,14797100
2022-01-14,319.284439,330.139259,318.708938,329.315704,16868500
2022-01-18,320.772753,321.685572,315.166752,315.67276,22645600
2022-01-19,317.09157,324.553034,316.843516,317.101501,20814700
2022-01-20,321.377998,325.267489,313.519683,314.095154,16925000
2022-01-21,312.3588,315.831548,300.680456,300.809448,28710700
2022-01-24,295.520858,307.119836,286.759626,306.306213,38878100
2022-01-25,297.614503,303.845603,295.262931,297.812927,25108500
2022-01-26,304.619517,305.115623,288.585341,292.335907,28348800
2022-01-27,295.431626,299.360783,291.96881,292.345856,21629900
2022-01-28,293.318201,299.549302,290.748371,299.360779,21871600
2022-01-31,298.338768,311.346703,296.989372,310.820831,21579500
2022-02-01,312.110743,317.171039,309.689739,316.516174,18023800
2022-02-02,325.267493,325.446084,314.402741,320.485016,58458300
2022-02-03,242.745042,246.068964,233.914348,235.908691,188119900
2022-02-04,233.140454,240.720966,228.318295,235.243942,89342200
2022-02-07,235.849173,236.444507,222.265766,223.158768,88613800
2022-02-08,219.130373,224.012062,214.466957,218.465576,94729700
2022-02-09,222.454303,231.552901,220.479808,230.193573,86563300
2022-02-10,226.492629,233.170223,224.934846,226.294189,49310400
2022-02-11,226.681143,228.625873,217.06659,217.840515,46156900
2022-02-14,217.602363,219.279206,213.107636,216.004898,38184000
2022-02-15,218.753318,219.428016,213.385439,219.27919,42685500
2022-02-16,210.756096,215.766777,210.706482,214.853928,45817500
2022-02-17,212.353547,215.806446,205.546961,206.092682,38747500
2022-02-18,207.75961,209.109021,203.582384,204.554764,37128400
2022-02-22,200.764501,205.864478,198.502255,200.506531,39852400
2022-02-23,202.570331,205.328684,196.507906,196.904785,44481400
2022-02-24,189.572329,206.727711,188.738874,205.983551,49957200
2022-02-25,203.344269,209.674596,201.597963,208.841125,37627600
2022-02-28,206.062919,211.490329,205.219547,209.386841,34239800
2022-03-01,208.23586,210.101227,200.645433,201.905548,27094900
2022-03-02,203.18549,207.521458,200.446986,206.489563,29452100
2022-03-03,207.392514,207.452044,199.851684,201.389618,27263500
2022-03-04,200.794269,204.286866,197.242143,198.502258,32130900
2022-03-07,199.226562,199.325789,185.821761,186.010284,38560600
2022-03-08,186.387361,195.168443,184.660903,188.80835,37508100
2022-03-09,194.215903,197.549741,192.410066,196.954407,31894700
2022-03-10,193.322888,194.751678,189.582254,193.690018,24853000
2022-03-11,191.140034,192.052869,185.216517,186.1492,34694500
2022-03-14,185.573714,190.792752,184.373143,185.176834,31010500
2022-03-15,189.314371,190.782843,184.462447,190.53479,31721700
2022-03-16,193.183974,202.143661,193.005383,202.044449,40640300
2022-03-17,200.129489,206.420119,199.544086,206.22168,29499700
2022-03-18,205.090557,215.11192,204.39601,214.804337,52128000
2022-03-21,212.829804,213.038175,206.013302,209.843246,30142300
2022-03-22,209.724172,217.751191,208.543436,214.963058,31998800
2022-03-23,211.668935,215.111918,210.508047,211.797928,23717300
2022-03-24,213.325913,218.951762,213.117542,217.860336,31502300
2022-03-25,218.793022,223.744173,217.185641,220.092834,40039000
2022-03-28,220.400421,222.295538,217.830577,221.849045,26224100
2022-03-29,224.309738,229.0922,223.535797,228.070221,31417900
2022-03-30,227.127626,229.350175,224.944759,226.075882,25588000
2022-03-31,226.671209,226.710906,220.529404,220.628632,24192300
2022-04-01,222.801561,225.5103,220.96596,223.099228,19544800
2022-04-04,224.220419,232.525257,224.101359,232.068832,28054800
2022-04-05,232.257369,235.015722,229.221198,230.034805,29727200
2022-04-06,225.143202,227.207008,219.686027,221.56131,28995100
2022-04-07,222.186385,223.764016,216.858203,221.21402,21037200
2022-04-08,220.648491,223.377078,218.316782,220.598877,18375700
2022-04-11,216.719281,218.892232,213.544201,214.774551,20516600
2022-04-12,218.525135,220.301191,211.470495,212.472626,20128800
2022-04-13,210.170709,214.923406,209.684519,213.316025,19231800
2022-04-14,213.21679,213.316017,208.364866,208.543457,18379500
2022-04-18,208.364882,211.718569,206.678122,209.128891,16580800
2022-04-19,208.880782,216.729179,207.372613,215.617905,20089900
2022-04-20,211.946751,212.492472,197.371131,198.859451,43036500
2022-04-21,200.030254,201.389582,184.134989,186.605606,49954100
2022-04-22,188.88772,191.219429,181.843012,182.676468,36426800
2022-04-25,181.307173,185.72252,180.245512,185.534012,29281100
2022-04-26,185.176843,185.73248,178.102355,179.541061,31747400
2022-04-27,173.071828,179.799051,167.684115,173.587784,71062900
2022-04-28,201.33998,206.906299,191.397995,204.128098,100890600
2022-04-29,202.867995,210.825537,198.343489,198.909058,49193400
2022-05-02,199.6036,210.230214,199.425009,209.486053,49915300
2022-05-03,208.811344,213.226692,206.46972,210.379044,41556300
2022-05-04,209.0098,222.553525,205.348544,221.670456,41375900
2022-05-05,217.036794,218.455652,204.554746,206.658234,41129200
2022-05-06,205.725559,207.749684,199.454778,202.183365,34747200
2022-05-09,198.283961,200.992715,194.057136,194.682236,36303200
2022-05-10,197.956526,201.379675,192.677957,196.111008,34452500
2022-05-11,194.801299,199.107502,186.804059,187.270401,31153400
2022-05-12,185.6035,196.507934,183.341254,189.750961,38262200
2022-05-13,191.080522,198.333602,189.790641,197.073486,24549800
2022-05-16,195.515713,203.770923,194.404423,198.482422,27112600
2022-05-17,200.546221,203.860226,196.815503,201.042328,24872700
2022-05-18,198.442737,199.43495,190.137913,190.743164,23960000
2022-05-19,189.711257,193.769407,188.123724,189.800552,24446900
2022-05-20,193.451893,196.369004,186.407171,192.03302,31465600
2022-05-23,193.670207,195.456195,189.750966,194.702103,25059200
2022-05-24,179.144158,182.249776,174.738727,179.868469,50406300
2022-05-25,178.99532,184.006002,177.923743,182.398621,28030200
2022-05-26,181.456039,191.328562,180.840857,190.137909,23056500
2022-05-27,189.870007,193.809096,188.322156,193.610657,22562700
2022-05-31,193.37253,196.061436,190.51495,192.132263,26131100
2022-06-01,194.979905,197.976395,183.559531,187.171188,36623500
2022-06-02,186.982652,199.375406,186.268257,197.3116,31951600
2022-06-03,194.454018,195.079117,188.302296,189.29451,19465000
2022-06-06,192.479533,195.386712,186.933047,192.737503,30574200
2022-06-07,190.435536,194.999724,189.998975,194.126572,18828700
2022-06-08,193.15424,200.456933,192.89627,195.108902,22267200
2022-06-09,192.767261,197.897004,182.249791,182.567307,23501600
2022-06-10,181.614779,181.674325,173.657237,174.202957,27450800
2022-06-13,169.261701,171.236211,162.752783,162.980988,31749300
2022-06-14,164.737218,165.451613,160.103583,162.455124,27244300
2022-06-15,165.898104,170.81949,162.703175,168.031372,30008300
2022-06-16,162.445216,163.794627,158.367217,159.617401,26944100
2022-06-17,160.421085,164.608227,158.654946,162.465057,31374200
2022-06-21,164.638011,166.453764,154.755571,155.827164,50724900
2022-06-22,157.146804,159.538028,154.229694,154.636505,47267800
2022-06-23,155.05323,158.50613,153.048955,157.513916,40499200
2022-06-24,160.470714,168.924379,160.044069,168.835083,68736000
2022-06-27,169.986056,170.412701,166.701816,168.170303,29174600
2022-06-28,168.577074,169.966182,159.359416,159.428864,27744500
2022-06-29,162.296399,165.034903,159.071705,162.663513,28595200
2022-06-30,160.887417,163.943436,157.255927,159.994431,35250600
2022-07-01,159.061754,159.369338,153.793103,158.783936,31423900
2022-07-05,156.908667,166.939947,155.797392,166.880417,28618600
2022-07-06,166.890352,170.253957,164.171696,168.448135,23085900
2022-07-07,168.130603,171.375146,166.473608,170.849274,24083400
2022-07-08,168.656483,171.057638,166.84073,169.549484,19249200
2022-07-11,165.769117,166.185845,160.649292,161.61174,21885600
2022-07-12,163.516804,164.618162,160.83783,161.998718,16639700
2022-07-13,158.912952,163.695415,158.367232,162.217026,16555100
2022-07-14,159.964697,161.324025,156.055373,156.819382,23765200
2022-07-15,159.289975,163.695406,158.575595,163.417587,23342800
2022-07-18,165.451629,170.353167,164.350271,165.927887,23574300
2022-07-19,169.043451,175.11581,168.190147,174.411331,25933700
2022-07-20,176.107996,182.170422,175.324139,181.664383,24784300
2022-07-21,179.223573,182.418503,177.477268,181.74379,27195800
2022-07-22,171.722426,174.232725,167.098707,167.952011,42583900
2022-07-25,167.68411,169.241893,163.526732,165.352402,26166300
2022-07-26,164.64792,164.707451,156.720129,157.910782,28468400
2022-07-27,161.323989,169.539516,160.758436,168.259567,43846600
2022-07-28,159.805946,160.25244,153.644307,159.468597,73214300
2022-07-29,156.462166,158.893086,153.961783,157.861191,42065400
2022-08-01,156.025598,163.903776,154.021322,158.684723,40596700
2022-08-02,157.077337,160.976744,156.77967,158.942703,27374500
2022-08-03,161.423246,168.2199,160.311971,167.485672,31721900
2022-08-04,166.989553,170.809567,165.501233,169.241882,23938200
2022-08-05,165.689762,170.273784,164.509025,165.808823,25832700
2022-08-08,166.691897,176.127843,165.828676,168.924377,27299100
2022-08-09,167.634486,168.209972,165.302793,167.217758,18655100
2022-08-10,174.619662,179.074691,172.595538,176.951355,30262100
2022-08-11,178.310717,181.674321,174.996712,176.108002,24079100
2022-08-12,179.402158,180.047106,177.516958,179.094574,21274000
2022-08-15,177.566557,180.027242,176.812465,179.481522,15878700
2022-08-16,178.042821,179.580755,175.661499,178.072586,21156700
2022-08-17,175.383688,176.752948,172.813858,173.488571,20118100
2022-08-18,172.982518,174.391459,170.521832,173.300034,18844500
2022-08-19,168.874771,170.978274,165.749304,166.652222,26240800
2022-08-22,164.20143,164.20143,160.996569,161.780426,19499700
2022-08-23,161.214842,163.764838,159.448703,159.855515,18111800
2022-08-24,159.349508,164.171667,158.525969,161.988785,20891500
2022-08-25,163.89383,167.565032,162.742874,167.465805,15550500
2022-08-26,167.168153,169.589157,160.411181,160.520325,24023600
2022-08-29,159.409053,161.780443,157.771891,157.930649,20052700
2022-08-30,159.101474,160.401271,154.696043,155.93631,19567900
2022-08-31,165.769141,166.533134,160.87752,161.661362,40953000
2022-09-01,162.30631,166.056876,159.101464,164.072449,30145700
2022-09-02,166.146174,166.622432,157.98026,159.071701,22634200
2022-09-06,158.853393,160.431008,156.462154,157.305527,19339800
2022-09-07,156.531602,159.706698,155.589002,159.141129,16831200
2022-09-08,157.47425,160.966831,156.511801,160.798157,22530800
2022-09-09,161.978862,168.219879,161.750657,167.832916,22086800
2022-09-12,166.086657,170.055512,165.977513,167.64444,23220400
2022-09-13,160.282189,160.371499,151.481258,151.937683,44444100
2022-09-14,152.136122,152.344478,147.889448,150.290604,43064200
2022-09-15,148.633582,152.999315,147.542141,148.385529,34606300
2022-09-16,146.897215,147.423087,143.166482,145.150909,40122800
2022-09-19,144.10911,147.423099,143.9702,146.867462,22169500
2022-09-20,144.6449,147.681072,144.089263,144.952484,23217400
2022-09-21,145.250154,148.435166,140.894336,141.013397,38338600
2022-09-22,140.447862,143.454268,139.773148,141.707977,34418500
2022-09-23,140.318857,141.50951,137.808558,139.316727,31710700
2022-09-26,139.028968,141.132471,135.129575,135.308167,30497000
2022-09-27,136.846096,138.334417,133.075682,133.3535,30826500
2022-09-28,133.571806,140.924113,133.22454,140.507385,32658500
2022-09-29,138.274882,138.75114,134.14727,135.347855,38985400
2022-09-30,134.990695,139.892234,134.444974,134.623566,33166400
2022-10-03,136.072206,138.532892,135.04031,137.530762,27723100
2022-10-04,139.3961,141.2813,138.255046,139.187729,34670700
2022-10-05,137.163629,139.118291,133.730563,137.897858,27979300
2022-10-06,136.647658,140.34861,135.536383,137.987152,36231100
2022-10-07,135.695129,137.213214,131.408774,132.410904,33214800
2022-10-10,132.510124,135.050188,130.843197,132.748245,24024000
2022-10-11,130.595135,131.627046,126.00119,127.539116,38481400
2022-10-12,127.320855,128.660334,125.266966,126.507233,34605200
2022-10-13,122.568154,130.1189,121.57594,129.275513,34325700
2022-10-14,129.979986,130.763828,125.534866,125.773003,23559400
2022-10-17,129.285423,133.740452,129.166347,132.996292,29612200
2022-10-18,136.022566,136.766726,130.376868,131.765976,25445000
2022-10-19,131.855278,135.933277,131.190497,132.192627,30691000
2022-10-20,131.894952,135.705064,130.287571,130.505859,26356300
2022-10-21,125.326493,129.106825,124.463273,128.997681,46348600
2022-10-24,126.259192,132.440679,123.600059,128.709961,63563400
2022-10-25,129.860919,137.272756,129.573169,136.439285,38433200
2022-10-26,130.654707,134.494585,127.52924,128.809204,82791500
2022-10-27,97.217096,101.701898,95.629548,97.177406,232316600
2022-10-28,98.804635,100.064743,96.750754,98.427589,95928300
2022-10-31,97.45523,98.546664,91.878987,92.434631,121361400
2022-11-01,93.595512,96.730903,92.821586,94.458733,110189600
2022-11-02,93.476452,94.458742,89.775499,89.83503,71821100
2022-11-03,89.378593,89.755631,87.721598,88.217705,60664000
2022-11-04,89.646485,90.678388,87.40408,90.083061,55638100
2022-11-07,94.042007,96.125654,92.375088,95.966904,81987300
2022-11-08,95.173129,97.038495,94.05193,95.718849,52088300
2022-11-09,100.92797,104.083209,99.955597,100.679916,107677300
2022-11-10,106.285925,111.872085,103.795467,110.99894,80671000
2022-11-11,108.379501,114.005351,107.962766,112.139984,59961700
2022-11-14,110.125782,115.364668,109.937266,113.330635,53395000
2022-11-15,115.166228,117.815436,113.519157,116.168365,50670500
2022-11-16,113.608466,115.176166,111.782797,112.348358,33287800
2022-11-17,109.550311,111.45536,108.94506,110.582207,35093800
2022-11-18,112.91391,113.429858,109.75867,111.177536,33357700
2022-11-21,110.651656,111.495043,108.339804,109.004585,24351100
2022-11-22,109.004589,110.750887,107.476579,110.572289,29029000
2022-11-23,110.850111,111.792711,109.867821,111.366058,21343100
2022-11-25,110.433375,111.85224,110.155548,110.542519,12007600
2022-11-28,109.917426,111.167617,107.536112,107.932999,23309400
2022-11-29,108.687091,110.076191,107.694877,108.607712,23899200
2022-11-30,108.657316,117.239966,108.528324,117.180428,43348600
2022-12-01,118.271847,120.256274,117.478081,119.502197,36551400
2022-12-02,116.912532,123.074178,116.694244,122.528458,39950500
2022-12-05,120.802002,123.699264,120.405115,121.476707,35474900
2022-12-06,118.976332,119.611348,112.854369,113.231415,43689200
2022-12-07,112.874233,114.977721,112.00108,113.042908,29461100
2022-12-08,115.483736,116.426335,113.697748,114.431992,30619400
2022-12-09,114.40224,116.624796,112.983374,114.997566,26033400
2022-12-12,114.283167,114.818964,112.259051,113.816826,24747100
2022-12-13,121.179056,122.339952,117.716233,119.214478,44701100
2022-12-14,118.460383,123.173397,118.460383,120.64325,36922000
2022-12-15,117.408639,117.706299,113.122277,115.245613,34531000
2022-12-16,119.293858,122.34987,117.894833,118.500084,67064000
2022-12-19,115.920316,116.882764,113.439782,113.588615,29769900
2022-12-20,112.378119,116.416428,111.584345,116.178291,28742500
2022-12-21,115.791328,119.402985,114.719743,118.827507,20392800
2022-12-22,116.28744,117.696389,113.489398,116.208069,23618100
2022-12-23,115.126551,117.259812,114.640369,117.120903,17796600
2022-12-27,117.01176,117.676541,115.146401,115.969933,21392300
2022-12-28,115.344841,117.230049,114.610605,114.719749,19612500
2022-12-29,115.493671,120.087617,114.868571,119.323616,22366200
2022-12-30,117.239974,119.482371,116.823238,119.402992,19583800
2023-01-03,121.863682,125.386043,121.327885,123.76873,35528500
2023-01-04,126.388174,128.045177,124.870089,126.378258,32397100
2023-01-05,125.147901,127.519298,123.570285,125.951599,25447100
2023-01-06,127.965802,129.315213,125.058616,129.007629,27584500
2023-01-09,130.138742,131.914798,128.273376,128.461899,26649100
2023-01-10,126.279027,132.400991,126.159967,131.954498,28684400
2023-01-11,129.94029,132.807787,129.325108,131.855255,25423000
2023-01-12,132.40098,136.607956,130.734054,135.645523,30757700
2023-01-13,133.919048,136.320202,133.790055,135.913391,22423800
2023-01-17,135.119668,135.685237,133.204703,134.306061,21147600
2023-01-18,134.752491,136.181281,131.765934,131.984222,20215500
2023-01-19,131.458399,136.37977,131.111118,135.08989,28625200
2023-01-20,134.831906,138.850374,133.561874,138.284805,28688600
2023-01-23,138.205428,142.640624,137.580344,142.154449,27470100
2023-01-24,140.58673,143.870954,140.259298,142.025436,21970200
2023-01-25,140.120405,142.055219,139.217487,140.398224,26622000
2023-01-26,143.275632,146.361417,142.184207,146.153061,25482100
2023-01-27,147.085754,151.997209,146.242367,150.558502,35771900
2023-01-30,148.24664,149.943317,145.805788,145.914932,28040100
2023-01-31,146.798012,148.712992,146.371367,147.810074,29842100
2023-02-01,146.877356,152.384144,145.914908,151.927719,55661000
2023-02-02,181.95214,195.624843,178.757211,187.300171,150475700
2023-02-03,182.04145,195.237895,181.465964,185.077621,76809700
2023-02-06,185.077593,189.215122,184.075463,184.611252,42483800
2023-02-07,184.134997,192.271145,182.964177,190.12796,47080700
2023-02-08,188.520606,189.344145,181.495731,182.001755,36139100
2023-02-09,184.680718,185.196658,175.889705,176.534637,37118800
2023-02-10,174.976889,177.497105,172.000248,172.794006,33433600
2023-02-13,176.832328,179.590681,174.451021,178.032898,31463200
2023-02-14,175.780546,180.096666,174.510514,178.082474,24034600
2023-02-15,175.04632,176.802542,173.964811,175.780563,25308900
2023-02-16,171.404935,174.480804,170.452403,171.097351,25827500
2023-02-17,168.894613,171.831557,168.378658,171.533905,24171300
2023-02-21,172.952744,176.782689,170.541673,170.740112,34592600
2023-02-22,169.737999,171.414827,168.368739,169.787598,22433200
2023-02-23,170.660758,172.337601,168.061162,170.700439,20017800
2023-02-24,167.326935,169.390741,166.354569,169.063309,19791300
2023-02-27,170.541686,171.772021,167.743636,168.219894,19277000
2023-02-28,170.561513,176.167528,170.531747,173.57785,46051100
2023-03-01,173.230575,176.465201,171.702573,172.069687,30998400
2023-03-02,171.037783,173.647294,170.095168,173.171036,17352000
2023-03-03,177.526857,185.166899,175.671423,183.807571,45877700
2023-03-06,186.536149,188.183228,183.202311,183.460281,33209400
2023-03-07,187.528363,188.877774,182.577212,183.073318,36701500
2023-03-08,181.4461,183.81749,179.928014,183.529755,19432400
2023-03-09,184.899034,187.458932,178.896138,180.275314,26582800
2023-03-10,179.600579,183.331312,177.407796,178.112259,25665000
2023-03-13,176.574359,182.349035,173.458809,179.491455,24728000
2023-03-14,186.11942,192.806944,185.107358,192.509277,41642600
2023-03-15,191.447637,196.240031,189.354066,196.210266,42123600
2023-03-16,196.716257,204.157859,194.563156,203.33432,50447100
2023-03-17,198.998384,200.327947,193.908323,194.086929,50141100
2023-03-20,196.934541,197.807694,192.132231,196.26976,25186300
2023-03-21,201.617818,201.965099,196.408696,200.585922,31827000
2023-03-22,200.923253,205.755329,198.115287,198.254196,28477800
2023-03-23,201.260632,206.261398,200.576002,202.689423,27389700
2023-03-24,203.582375,205.963697,201.965077,204.405914,27716400
2023-03-27,203.215282,204.25711,199.792148,201.26062,18527200
2023-03-28,198.591529,199.464682,196.359049,199.117401,19127300
2023-03-29,201.974997,204.118182,200.962935,203.751068,18851100
2023-03-30,201.796415,206.469733,201.240778,206.22168,22608300
2023-03-31,205.626348,210.517954,205.160007,210.289749,25440300
2023-04-03,207.213875,211.827678,206.578859,211.41095,17924600
2023-04-04,211.72845,214.556265,210.885062,213.048096,21026400
2023-04-05,212.482568,213.514478,208.305356,209.833359,19396600
2023-04-06,207.620719,215.250845,207.025385,214.417389,26104400
2023-04-10,213.038199,213.980799,209.019731,213.077881,16106100
2023-04-11,213.802189,214.337993,211.748314,212.184891,16710100
2023-04-12,213.167166,215.151593,210.924768,212.33371,18972200
2023-04-13,214.05024,219.428036,214.010558,218.634277,23310400
2023-04-14,216.183519,220.380579,215.856087,219.765411,21591200
2023-04-17,218.078605,219.259341,215.439328,217.155853,15481900
2023-04-18,218.197696,218.723568,214.526509,216.19342,12281000
2023-04-19,211.807845,215.63779,211.272041,214.020477,15898100
2023-04-20,211.817746,215.062288,211.113283,211.41095,16475400
2023-04-21,208.573236,211.748316,207.948136,211.232361,17717200
2023-04-24,212.016202,212.254339,209.069342,211.133133,15750900
2023-04-25,209.178488,209.615049,205.517217,205.933945,19198200
2023-04-26,210.8454,212.442864,207.253591,207.769531,41992700
2023-04-27,238.022115,239.808102,234.926413,236.702469,71196500
2023-04-28,237.148994,238.557936,233.914383,238.448807,39554000
2023-05-01,236.762007,242.100121,234.618837,241.286499,29143900
2023-05-02,241.286475,243.012932,237.129113,237.377167,24350100
2023-05-03,237.605391,239.867637,230.937714,235.184387,34463900
2023-05-04,234.221922,236.345258,231.116288,231.701706,17889400
2023-05-05,230.431695,232.852683,228.060305,230.967484,27000500
2023-05-08,229.618073,233.785367,228.477033,231.453674,16400500
2023-05-09,229.65777,234.043353,229.280724,231.552887,16865600
2023-05-10,234.331088,234.906574,228.923527,231.265152,19119000
2023-05-11,231.235385,236.355211,230.491225,233.954041,20449000
2023-05-12,234.896681,235.114969,229.647862,231.989487,16161400
2023-05-15,235.075271,238.389261,233.497655,237.000168,20653200
2023-05-16,233.954043,237.774072,233.686156,236.960464,18163800
2023-05-17,236.593316,241.941347,236.285733,240.601868,21193100
2023-05-18,239.421189,245.1661,239.312045,244.927979,22943300
2023-05-19,245.543093,246.753595,241.514709,243.727341,21733600
2023-05-22,243.49913,251.595596,243.211379,246.386475,27738500
2023-05-23,244.888249,249.650878,244.729491,244.818802,17748100
2023-05-24,243.370169,247.646608,243.042737,247.269577,17724300
2023-05-25,251.426936,253.629652,247.229877,250.722473,22371400
2023-05-26,250.960553,260.267521,250.74228,259.999634,25727200
2023-05-30,263.184676,266.558196,259.255518,260.475922,23816500
2023-05-31,257.975534,262.936602,256.437615,262.658783,25473700
2023-06-01,263.829561,271.866496,263.819659,270.487305,25609500
2023-06-02,270.536934,273.20599,269.008916,270.487305,19416900
2023-06-05,268.195316,273.424301,267.461088,269.276855,20742900
2023-06-06,268.036622,274.416549,267.590114,269.008972,19419000
2023-06-07,269.554656,272.114553,260.753696,261.547485,26163600
2023-06-08,258.590709,265.56597,256.864267,262.519867,20899400
2023-06-09,260.436255,265.863665,259.662329,262.887024,16949800
2023-06-12,265.08972,269.634045,263.264021,268.939484,15442500
2023-06-13,272.739706,273.573162,266.994781,269.207428,16164000
2023-06-14,269.772965,272.848803,266.230755,271.221588,19175100
2023-06-15,270.179794,281.778775,269.306671,279.63559,25973500
2023-06-16,282.532844,285.608712,277.948821,278.812042,43127700
2023-06-20,276.559717,282.58243,274.069251,282.116089,20701600
2023-06-21,281.322351,281.788692,276.192592,279.447083,20556200
2023-06-22,276.907007,283.038911,275.627073,282.661865,17563100
2023-06-23,279.318088,287.414556,276.778024,286.481873,51092000
2023-06-26,286.452115,287.533624,275.438537,276.301758,24232700
2023-06-27,279.814206,287.097051,278.46478,284.814941,26108300
2023-06-28,282.602262,287.295413,281.84817,283.068604,16722100
2023-06-29,282.284766,284.338656,278.504435,279.337891,15395700
2023-06-30,282.542738,286.799312,282.205389,284.745453,19694900
2023-07-03,284.467697,287.146656,282.632096,283.792969,8629300
2023-07-05,285.410265,295.798743,284.1303,292.077942,33865500
2023-07-06,293.586088,295.798705,289.041733,289.716431,47600500
2023-07-07,289.904969,293.893687,286.412388,288.267822,25586000
2023-07-10,293.24872,295.808648,284.814904,291.810028,37058300
2023-07-11,291.611575,297.842675,289.627148,295.967407,27585900
2023-07-12,299.400468,307.040525,297.763322,306.931366,36677100
2023-07-13,311.177991,313.777586,307.873934,310.969635,30281000
2023-07-14,309.362335,312.428272,304.966805,306.465057,23054100
2023-07-17,305.145381,309.282895,302.337399,308.201385,25323100
2023-07-18,308.459336,311.753492,305.22471,309.620209,20731900
2023-07-19,310.592631,316.198632,308.102165,313.549438,21763700
2023-07-20,311.058944,313.083068,299.866777,300.164429,23836900
2023-07-21,302.1985,303.081555,288.932609,291.968781,42139300
2023-07-24,293.47693,295.203372,286.055161,289.339386,24915700
2023-07-25,292.891519,295.977289,289.587431,292.177124,19585600
2023-07-26,298.844803,299.420274,289.627131,296.245209,47256900
2023-07-27,322.588486,322.816706,307.427463,309.282898,64229200
2023-07-28,314.412666,323.660104,311.803139,322.945709,39220300
2023-07-31,321.169657,323.12432,315.117148,316.119293,25799600
2023-08-01,315.067538,321.616154,312.209958,320.197266,22817900
2023-08-02,315.523942,315.91092,308.231165,311.862671,20461100
2023-08-03,307.516808,313.489954,307.516808,310.751434,15180200
2023-08-04,312.507591,315.93074,307.784675,308.310547,17612800
2023-08-07,310.791096,314.601192,308.042644,314.095154,16236500
2023-08-08,311.951964,315.41481,307.695359,310.205688,15183500
2023-08-09,310.443819,311.187979,300.491917,302.833527,19955800
2023-08-10,305.542226,309.90796,301.50391,303.359344,14358900
2023-08-11,300.214072,302.347325,298.021258,299.291321,14046300
2023-08-14,298.636483,303.825742,295.927729,303.805908,15641900
2023-08-15,303.756285,304.837794,297.693844,299.598907,11623600
2023-08-16,297.862583,298.735706,291.988664,291.998596,18547700
2023-08-17,290.76819,293.744831,282.731284,282.870178,23950100
2023-08-18,276.857352,283.465498,272.243565,281.044495,35347900
2023-08-21,281.243001,288.238096,279.655453,287.642761,20181500
2023-08-22,290.272096,290.619377,284.517269,285.360657,12980200
2023-08-23,286.253647,295.084343,285.430123,291.948944,18287000
2023-08-24,296.175784,297.1283,284.408144,284.517273,18360900
2023-08-25,283.902108,286.14452,273.880743,283.277008,23701400
2023-08-28,285.757526,289.180676,283.574644,287.999939,14239300
2023-08-29,286.333005,296.82071,285.936125,295.669739,20844500
2023-08-30,294.856136,295.96741,291.145236,292.802246,17717000
2023-08-31,293.496764,298.755514,293.35787,293.58609,17229900
2023-09-01,297.038975,299.390516,292.177134,294.072266,12842300
2023-09-05,294.707294,299.043293,293.209072,297.812927,14956000
2023-09-06,299.360808,300.938424,293.357927,296.840607,15418100
2023-09-07,295.679686,304.659208,289.944692,296.344482,33748700
2023-09-08,296.890126,302.873172,294.469123,295.570496,17548000
2023-09-11,299.063114,306.633709,298.934122,305.165222,19489300
2023-09-12,303.944778,306.256652,297.892299,299.311157,13480400
2023-09-13,300.005673,304.78815,298.973793,302.684662,13210900
2023-09-14,304.351582,310.433856,302.654905,309.292816,19343100
2023-09-15,309.183682,309.57066,296.423829,297.97168,28131100
2023-09-18,295.868147,301.236026,295.481169,300.194183,14234200
2023-09-19,300.124781,303.786052,297.475557,302.694611,15924400
2023-09-20,302.674754,305.661326,297.098518,297.33667,19379500
2023-09-21,293.397511,297.922002,290.98641,293.427277,21319600
2023-09-22,296.969539,303.002216,295.947561,296.751251,25369600
2023-09-25,293.338049,298.606701,291.413152,298.48761,18987000
2023-09-26,295.342276,297.961704,293.705129,296.632141,19417200
2023-09-27,298.110582,298.953939,284.556941,295.421661,36429800
2023-09-28,296.6123,303.944742,294.389751,301.593201,22167100
2023-09-29,304.986621,308.221247,297.029049,297.872437,25373700
2023-10-02,300.382721,304.788152,299.281378,304.430969,16265600
2023-10-03,301.890928,304.381363,297.306906,298.596771,17362300
2023-10-04,296.404013,304.510382,296.175793,303.200653,16880500
2023-10-05,302.258051,303.825736,297.16799,302.416809,19130000
2023-10-06,299.09285,313.84706,298.566978,312.973907,21803900
2023-10-09,310.066716,317.835735,309.392019,315.881073,22503700
2023-10-10,316.635193,322.132064,315.682676,319.334015,19038000
2023-10-11,320.494971,326.279564,320.435441,325.267517,22036300
2023-10-12,325.446114,327.966345,320.177461,321.636017,20530500
2023-10-13,321.010912,322.519066,309.937803,312.239746,21341000
2023-10-16,316.158978,319.314211,313.063246,318.649414,16536100
2023-10-17,315.702543,321.874113,314.82939,321.477234,16387800
2023-10-18,318.887551,323.402111,313.102928,314.501953,16851000
2023-10-19,317.389286,319.383645,309.322585,310.374329,18709200
2023-10-20,311.693977,312.844918,304.083686,306.246704,22312300
2023-10-23,307.090109,314.888894,304.867561,311.565002,17796800
2023-10-24,314.313438,315.871221,308.21133,310.116364,19525500
2023-10-25,307.586232,308.459385,296.513124,297.197754,42192500
2023-10-26,292.702981,292.702981,277.224444,286.104767,66684100
2023-10-27,292.187075,296.979453,290.688823,294.419556,29596300
2023-10-30,296.761165,306.990885,296.721468,300.303375,28435100
2023-10-31,300.94838,301.315494,294.548589,298.924255,19434200
2023-11-01,299.499678,310.304868,299.499678,309.421814,20434600
2023-11-02,314.82939,316.337574,305.929232,308.449463,21631800
2023-11-03,310.116335,313.092975,308.598249,312.150391,16764300
2023-11-06,313.519655,315.851333,312.00157,313.341034,12887700
2023-11-07,314.591249,318.500573,312.666352,316.337555,14055600
2023-11-08,315.662855,318.827989,312.428229,317.29007,13609700
2023-11-09,316.932901,321.655818,316.317703,318.054077,16103100
2023-11-10,317.448849,326.53753,316.972576,326.210083,19096200
2023-11-13,323.660092,329.742336,323.163985,326.626801,16908900
2023-11-14,331.935168,335.467447,330.734568,333.691376,17179400
2023-11-15,335.298741,335.765083,327.450328,330.119385,14531200
2023-11-16,326.805353,331.974777,323.838645,331.58783,18932600
2023-11-17,327.688494,332.887684,326.785576,332.431274,14494400
2023-11-20,332.282414,339.208045,331.587852,337.322845,16960500
2023-11-21,335.695635,337.253418,333.284563,334.356171,12027900
2023-11-22,336.568809,340.249943,335.943709,338.831055,10702700
2023-11-24,337.481666,339.198177,334.147812,335.596466,5467500
2023-11-27,333.56239,337.253426,331.597826,332.093933,15684500
2023-11-28,330.804024,336.737472,330.804024,336.350494,12637200
2023-11-29,337.045074,337.253431,328.204447,329.613403,16024500
2023-11-30,329.305805,330.903254,319.889677,324.602692,23146400
2023-12-01,322.945697,324.314926,318.262448,322.290833,15276400
2023-12-04,314.819474,318.361654,311.217734,317.528198,19037100
2023-12-05,316.496336,319.37375,312.934293,315.811707,16952100
2023-12-06,319.423339,319.740854,314.57143,314.978241,11294300
2023-12-07,315.295667,325.684143,315.295667,324.046997,15905100
2023-12-08,320.574271,330.575801,320.484976,330.159058,14087400
2023-12-11,326.835138,327.321343,317.508337,322.747223,25802500
2023-12-12,322.072555,331.865699,322.032858,331.617645,18485500
2023-12-13,331.329885,335.735316,330.049951,332.133575,16353300
2023-12-14,331.250534,332.093922,326.08111,330.575836,19607300
2023-12-15,329.405016,336.023095,328.641023,332.312225,31776900
2023-12-18,334.852226,344.853725,334.395786,341.936615,18993900
2023-12-19,342.889148,350.84672,342.432738,347.631927,17729400
2023-12-20,345.935264,352.19613,345.081975,346.560364,16369900
2023-12-21,350.231543,353.634828,346.490879,351.332886,15289600
2023-12-22,352.811348,354.41876,348.485311,350.638428,11772800
2023-12-26,352.225927,354.200453,350.69794,352.067169,9898600
2023-12-27,353.297487,356.204665,352.543395,355.043762,13207900
2023-12-28,356.899228,359.082079,355.02393,355.529968,11798800
2023-12-29,356.194783,357.196928,349.080627,351.203949,14987100
2024-01-02,348.584554,350.410223,337.362618,343.593719,19042200
2024-01-03,342.29385,345.240725,340.507847,341.787811,15451100
2024-01-04,341.817611,345.439185,340.72617,344.417206,12099900
2024-01-05,344.288223,350.747544,343.563927,349.209625,13920700
2024-01-08,351.938183,356.184856,349.308792,355.86734,13890200
2024-01-09,353.624902,357.831908,352.592992,354.646881,13463900
2024-01-10,357.3656,370.036157,356.28406,367.585388,22117200
2024-01-11,369.232463,369.877396,360.104086,366.791626,17205400
2024-01-12,367.277734,374.124001,366.662567,371.574005,19310000
2024-01-16,370.740621,372.685351,364.370626,364.598816,15306900
2024-01-17,363.44785,365.670429,355.817725,365.50174,12724800
2024-01-18,368.597469,373.91575,368.061695,373.201355,16354300
2024-01-19,376.048992,381.367243,375.027013,380.464355,21670800
2024-01-22,384.929283,387.31059,378.192144,378.807312,17680500
2024-01-23,381.625213,385.355946,379.104982,382.200714,15506100
2024-01-24,386.963306,393.065413,384.790356,387.657867,15698500
2024-01-25,387.132018,392.410572,382.657125,390.118561,15091100
2024-01-26,391.279493,393.700497,388.540973,391.071136,13163700
2024-01-29,391.914445,399.792623,390.039177,397.897491,18742400
2024-01-30,400.44749,403.19591,396.458802,396.944977,18614700
2024-01-31,385.971065,394.900987,384.085866,387.102203,20180800
2024-02-01,390.872629,397.381548,389.989545,391.706085,29727100
2024-02-02,456.021353,482.176088,449.482669,471.291504,84707600
2024-02-05,466.221364,468.225625,455.644363,455.832886,40832400
2024-02-06,460.387061,463.482763,449.472713,451.179321,21655200
2024-02-07,454.433841,467.848559,452.628005,465.933594,23066000
2024-02-08,464.673481,466.925795,461.40909,466.340393,18815100
2024-02-09,469.267459,469.90246,463.830117,464.465118,18413100
2024-02-12,464.54453,475.419183,462.94705,465.248993,19382000
2024-02-13,453.312659,464.246873,451.54652,456.537354,20916600
2024-02-14,464.2865,470.418373,462.46083,469.594849,16858400
2024-02-15,471.57924,484.815365,468.543069,480.261108,24212300
2024-02-16,474.387203,475.23059,465.556508,469.634521,23324600
2024-02-20,466.06262,472.472312,462.927221,468.076813,18015500
2024-02-21,463.358783,465.841949,458.680506,464.878479,12921800
2024-02-22,477.006244,486.690592,472.854398,482.856598,21625800
2024-02-23,484.763641,491.03115,479.102041,480.770721,18374300
2024-02-26,480.214517,482.866551,477.363847,478.496155,12101400
2024-02-27,476.747985,483.988875,476.688392,483.770355,10809600
2024-02-28,481.734185,487.743434,479.499335,480.760773,12715500
2024-02-29,485.151059,488.389117,479.360298,486.829681,17732000
2024-03-01,488.796307,500.854576,488.538079,498.917694,16273600
2024-03-04,499.612997,501.023449,493.077318,494.835388,12324100
2024-03-05,491.66691,492.242992,484.6048,486.919098,15325300
2024-03-06,494.279181,499.58322,490.961675,492.749542,11757900
2024-03-07,499.891082,516.349482,498.003882,508.741089,18586400
2024-03-08,510.727657,520.044501,495.987587,502.543152,18597100
2024-03-11,493.663296,493.971206,472.794761,480.333649,20428300
2024-03-12,489.938568,498.927617,481.466008,496.384857,15448200
2024-03-13,492.054282,497.606638,487.723625,492.233063,12090700
2024-03-14,496.891447,497.974104,484.872918,488.518188,12620000
2024-03-15,485.717213,488.518201,478.059107,480.840271,29153600
2024-03-18,488.597617,494.070523,483.531953,493.633484,11755300
2024-03-19,484.882862,493.285887,478.039242,492.898499,10903100
2024-03-20,496.136545,504.777974,491.835715,502.115997,11711100
2024-03-21,511.244187,511.571921,502.602757,504.340973,9712500
2024-03-22,503.586068,506.53607,500.943975,506.148682,8120600
2024-03-25,502.38421,503.804574,496.871564,499.632843,8380600
2024-03-26,501.728675,506.565878,491.875459,492.550903,11205400
2024-03-27,495.937949,496.524002,484.783585,490.534576,9989700
2024-03-28,489.521396,489.571077,481.883175,482.310272,15212800
2024-04-01,483.919424,494.08052,478.535906,488.041473,9247000
2024-04-02,481.833566,494.179861,481.386584,494.020935,11081000
2024-04-03,495.570411,503.824453,495.391631,503.32782,12099200
2024-04-04,512.942579,526.431153,507.141908,507.479645,26476300
2024-04-05,513.379591,527.126423,510.946076,523.789062,19263300
2024-04-08,525.716093,527.911173,515.39604,515.753601,13260600
2024-04-09,518.7135,522.329004,503.327813,513.419434,10863800
2024-04-10,505.860615,519.041249,502.394095,516.329651,11418500
2024-04-11,517.601023,520.332506,513.806738,519.637207,10369500
2024-04-12,514.263678,516.687251,505.900362,508.453064,11984500
2024-04-15,513.24065,515.03852,493.931576,496.861725,13512900
2024-04-16,494.755923,501.371081,493.762656,496.394836,9847900
2024-04-17,499.71233,499.771923,483.859807,490.842468,12193700
2024-04-18,496.454403,508.760988,495.679656,498.421051,14808700
2024-04-19,499.414317,499.414317,472.526619,477.830658,25215400
2024-04-22,486.422363,488.696952,470.21225,478.486176,17271100
2024-04-23,487.942112,495.401553,485.677466,492.75946,15079200
2024-04-24,504.638928,506.565867,481.317022,490.176971,37772700
2024-04-25,418.562426,442.768321,411.708894,438.407898,82890700
2024-04-26,438.48739,443.433867,429.051359,440.305084,32691400
2024-04-29,436.600149,436.798815,425.67422,429.706879,21502600
2024-04-30,428.147456,436.659756,426.826425,427.273407,18429500
2024-05-01,425.713949,446.930103,424.233961,436.232635,20344900
2024-05-02,435.885029,440.970548,429.369204,438.705902,15221300
2024-05-03,442.927231,451.111766,440.861251,448.916626,16489100
2024-05-06,452.512284,463.02106,450.287378,462.544281,15094600
2024-05-07,463.150185,468.354891,458.203707,465.087036,13406800
2024-05-08,460.378994,472.377639,459.882361,469.417725,11683900
2024-05-09,466.835172,472.874218,464.481136,472.218689,9437700
2024-05-10,473.877461,474.284703,466.437905,472.993469,10750000
2024-05-13,469.566654,470.16262,459.733324,464.858582,14668800
2024-05-14,460.24985,469.358116,456.981995,468.67276,10478600
2024-05-15,471.781661,479.251013,468.027115,478.297485,13100500
2024-05-16,471.801466,474.473355,469.566617,470.043396,16608200
2024-05-17,467.659586,469.616322,465.26584,468.73233,10807300
2024-05-20,466.785586,470.013702,463.895177,465.683044,11745100
2024-05-21,463.974536,467.530446,459.157188,461.501312,11742200
2024-05-22,464.719517,470.530131,462.514465,464.630127,10078600
2024-05-23,469.695813,471.165828,458.432176,462.643616,11747900
2024-05-24,464.471218,476.618876,463.160099,474.999847,12024300
2024-05-28,473.370879,477.622058,471.642605,476.688416,10175800
2024-05-29,471.463831,476.618886,470.510303,471.165833,9226200
2024-05-30,468.493976,468.55357,461.58082,463.90506,10719600
2024-05-31,462.66346,465.961112,451.399823,463.686523,16919800
2024-06-03,467.689359,476.370527,465.087006,474.274719,11279400
2024-06-04,473.78808,475.665368,470.043476,473.778137,7088700
2024-06-05,481.187899,493.30573,480.651527,491.72644,15690500
2024-06-06,489.660465,499.434202,487.584542,490.435211,10667300
2024-06-07,492.570742,495.550542,486.869403,489.640594,9380700
2024-06-10,490.534529,499.275292,490.087578,499.215698,11220900
2024-06-11,496.792112,504.182016,494.914824,504.052887,9673700
2024-06-12,510.528982,510.548866,501.073097,505.413666,11983200
2024-06-13,502.304741,505.930158,497.984026,500.705597,9954600
2024-06-14,499.760998,504.235134,497.871925,501.262329,10243300
2024-06-17,498.786686,507.814486,493.159213,503.71817,11266600
2024-06-18,501.6601,503.091826,492.174922,496.619232,13060400
2024-06-20,499.114792,500.775207,493.91484,498.816528,11801200
2024-06-21,500.556462,500.556462,489.560031,491.936279,22359200
2024-06-24,496.330914,504.881462,491.44913,496.042572,13525300
2024-06-25,494.193234,507.774728,492.652155,507.665375,12063200
2024-06-26,503.738083,510.856935,501.779404,510.170898,8882300
2024-06-27,511.294434,519.87484,510.94647,516.573914,10121200
2024-06-28,514.17773,518.880525,500.944201,501.322021,15855100
2024-07-01,502.047826,503.668432,490.335532,501.779358,10328200
2024-07-02,497.881928,507.565938,496.57946,506.571686,7739500
2024-07-03,503.459659,508.341443,503.111665,507.029022,6005600
2024-07-05,508.659627,537.761389,508.659627,536.806885,21354100
2024-07-08,539.232913,539.690291,523.623194,526.277832,14917500
2024-07-09,530.682366,534.390909,525.154324,526.953918,8753200
2024-07-10,527.739394,535.782926,525.323368,531.617004,10983300
2024-07-11,527.838784,532.382526,505.448196,509.753326,16458300
2024-07-12,494.899202,505.169818,491.389491,496.002808,19750500
2024-07-15,495.764155,503.767876,490.534376,493.30835,12539200
2024-07-16,498.617665,501.053596,482.997965,486.974976,14075800
2024-07-17,476.415967,476.415967,456.481187,459.334686,28076600
2024-07-18,472.269931,476.485551,461.870058,473.115051,19267200
2024-07-19,473.323867,483.912651,472.975873,474.049683,15149400
2024-07-22,483.783399,489.231914,481.11881,484.598694,12023100
2024-07-23,487.02464,492.373724,484.91683,485.881256,9455500
2024-07-24,469.595391,473.562449,457.932799,458.618835,17649700
2024-07-25,460.597471,460.885783,440.105909,450.804077,18240500
2024-07-26,461.532089,467.070053,456.779563,463.023468,14222400
2024-07-29,467.179402,471.235939,462.347319,463.033356,11339600
2024-07-30,464.315963,470.013041,454.075173,460.527863,11390400
2024-07-31,468.312852,473.761367,464.067404,472.100952,24285800
2024-08-01,518.005597,524.140119,489.271704,494.879272,43083100
2024-08-02,486.189515,498.269678,473.413363,485.334473,24044700
2024-08-05,448.755906,480.701246,448.209049,472.995789,21396200
2024-08-06,476.246947,499.671534,475.898953,491.250214,20955000
2024-08-07,500.238275,507.217916,484.061767,486.109955,20105300
2024-08-08,494.64064,507.029018,491.876619,506.700928,16156800
2024-08-09,504.79198,515.360921,502.793553,514.794189,13696600
2024-08-12,513.889301,515.042668,506.173923,512.984558,9767400
2024-08-13,517.021195,528.445145,515.1719,525.502136,13743800
2024-08-14,525.024999,530.930862,520.123341,523.732483,11444200
2024-08-15,528.733562,536.667739,523.67285,534.24176,13482100
2024-08-16,528.842965,530.592798,521.644525,524.388672,14776700
2024-08-19,523.841854,528.604302,519.755491,526.238037,9879700
2024-08-20,525.31326,528.037563,522.857485,523.702576,7944400
2024-08-21,524.120256,536.299849,523.901488,532.084167,13423300
2024-08-22,533.913671,541.102098,525.552033,528.872803,15708300
2024-08-23,533.834048,536.767105,522.042227,524.965332,11323900
2024-08-26,524.567615,524.96534,511.990357,518.124878,9584000
2024-08-27,515.997089,520.998207,512.348199,516.116394,6282700
2024-08-28,514.694714,518.095102,509.504745,513.809875,9106100
2024-08-29,516.066824,524.170007,512.716197,515.241577,8317400
2024-08-30,518.353591,520.531007,512.238974,518.313843,9157500
2024-09-03,516.653379,522.469732,505.696697,508.818665,12459100
2024-09-04,503.161382,513.620938,501.172877,509.79303,8335200
2024-09-05,508.778962,518.632009,508.21223,513.889404,8640900
2024-09-06,518.880528,521.565022,495.386335,497.394714,14744500
2024-09-09,503.250885,508.391153,499.194317,501.888763,11047800
2024-09-10,505.23939,511.224779,497.156111,501.888763,9899000
2024-09-11,504.096031,510.1709,492.751605,508.888306,10782500
2024-09-12,514.078315,523.682829,512.258815,522.579163,11970500
2024-09-13,517.349367,524.547746,514.13789,521.604736,10321400
2024-09-16,522.022717,531.536837,514.917028,530.720825,9527600
2024-09-17,535.020103,539.498508,528.02387,533.746277,11690800
2024-09-18,534.492687,541.588476,531.337917,535.368469,10323500
2024-09-19,547.360625,559.37271,543.897345,556.416931,15647000
2024-09-20,557.31257,561.790974,553.630314,558.656067,22066800
2024-09-23,566.767016,571.225498,559.711014,561.701416,12830700
2024-09-24,563.960486,565.025358,551.530435,560.626587,12993000
2024-09-25,561.343197,574.111645,561.014764,565.582764,16543400
2024-09-26,572.96708,574.62911,559.651285,565.11499,14400800
2024-09-27,567.364109,568.100609,561.800969,564.637268,9398400
2024-09-30,564.975628,571.922112,562.089521,569.692871,12792300
2024-10-01,575.206316,580.242031,567.364126,573.703552,15259300
2024-10-02,572.101246,573.23579,566.607778,570.061096,6524700
2024-10-03,567.413955,580.560523,566.000726,579.973389,11581000
2024-10-04,580.928712,593.985745,578.639762,593.080139,14169500
2024-10-07,595.349075,600.056417,581.237133,581.973633,12014200
2024-10-08,586.860023,590.711445,583.157844,590.044678,7857400
2024-10-09,591.139489,591.537594,578.818894,587.676208,9529700
2024-10-10,584.750302,587.39751,579.724548,581.028259,7740400
2024-10-11,582.023411,588.372798,579.91359,587.118835,8587100
2024-10-14,591.368299,597.220086,587.128794,587.586548,8252000
2024-10-15,587.327829,587.775682,577.355956,583.456543,9564200
2024-10-16,578.609957,579.286687,571.27533,574.022034,11268400
2024-10-17,580.530688,582.162772,572.439698,574.161377,8701200
2024-10-18,578.311338,581.167561,572.489436,573.703552,7694300
2024-10-21,573.265661,574.469815,566.378826,572.39978,8171900
2024-10-22,571.533996,580.729705,569.374427,579.21698,8544500
2024-10-23,577.186641,582.192531,559.800511,560.984802,14248400
2024-10-24,564.408393,566.149995,558.825329,565.055298,7184700
2024-10-25,571.175692,578.500356,568.976276,570.498962,11337900
2024-10-28,579.207036,580.948638,571.364846,575.385437,10925100
2024-10-29,577.365927,590.821005,572.638722,590.432922,13019100
2024-10-30,598.095961,598.314937,586.551652,588.960022,26864900
2024-10-31,582.192586,587.069095,560.308125,564.856201,26838400
2024-11-01,564.886146,570.917063,559.860392,564.438293,15303200
2024-11-04,561.392889,565.960889,555.21273,557.989319,12064600
2024-11-05,564.577476,570.72781,563.950494,569.682861,9775400
2024-11-06,560.049331,570.250141,552.505691,569.304688,18305400
2024-11-07,574.121549,591.945573,572.449618,588.860474,14653700
2024-11-08,588.701173,590.253684,581.714904,586.51178,9415700
2024-11-11,583.546031,584.182975,573.743326,580.371338,10209100
2024-11-12,585.715669,596.782301,577.594854,582.01355,16287700
2024-11-13,579.814074,582.829562,572.409776,577.216614,10757600
2024-11-14,574.230992,577.972958,570.26015,574.390198,11053700
2024-11-15,568.478721,569.822278,548.853385,551.421021,17712900
2024-11-18,554.366787,557.213108,547.450188,551.739502,14327300
2024-11-19,549.211713,558.735795,547.957749,558.397461,9522400
2024-11-20,560.228433,563.632003,551.540349,562.80603,9797300
2024-11-21,566.786953,567.26463,546.415155,560.387817,11154700
2024-11-22,560.845597,561.124283,551.928634,556.456787,9164000
2024-11-25,559.402506,569.842217,553.719947,562.398071,13599800
2024-11-26,563.283803,574.728616,562.487655,570.787598,10356600
2024-11-27,572.131141,572.220675,561.392883,566.468445,7200200
2024-11-29,566.269427,575.684051,564.179529,571.563904,7130500
2024-12-02,574.728598,591.647015,572.807867,589.985046,12522400
2024-12-03,592.144616,611.252488,588.412612,610.705139,14907200
2024-12-04,610.018522,614.815399,602.196195,610.834595,14697000
2024-12-05,614.118726,616.9252,604.13683,606.007812,8081200
2024-12-06,607.172109,626.767619,605.609697,620.77655,16935500
2024-12-09,620.925856,623.393997,603.261037,610.625549,11426000
2024-12-10,614.596276,622.587769,609.7994,616.347839,10938900
2024-12-11,620.378479,635.33638,618.547343,629.643799,10837200
2024-12-12,628.469432,633.604642,624.200042,627.762817,7474700
2024-12-13,624.209951,628.051473,613.929568,617.372925,8453300
2024-12-16,627.462475,628.627843,616.108067,621.745422,10885600
2024-12-17,623.667686,629.842922,614.076164,616.9646,12897800
2024-12-18,618.51844,624.85301,593.93707,594.803589,17075500
2024-12-19,607.950724,609.076213,592.622212,593.189941,14958100
2024-12-20,588.219972,600.699869,577.682235,582.911255,48989400
2024-12-23,587.243781,598.687916,583.907193,597.45282,10205800
2024-12-24,600.311361,605.56032,596.885166,605.321289,4726100
2024-12-26,603.060397,603.877127,596.546554,600.938904,6081400
2024-12-27,597.01466,599.444912,587.443077,597.413086,8084200
2024-12-30,586.397279,594.554554,583.239964,588.877319,7025900
2024-12-31,589.903223,591.596381,581.516827,583.170227,6019500
2025-01-02,587.363301,602.4926,585.47093,596.845276,12682300
2025-01-03,602.343353,607.064402,594.026683,602.213867,11436800
2025-01-06,609.385055,628.468462,603.199849,627.681641,14560800
2025-01-07,629.175648,629.574013,605.799406,615.420837,12071500
2025-01-08,610.948763,613.976592,600.381116,608.279419,10085800
2025-01-10,607.592207,627.392706,594.952916,613.398865,19256600
2025-01-13,604.673922,606.536444,596.058525,605.899048,10785000
2025-01-14,602.652074,603.070379,586.198071,591.875305,13598000
2025-01-15,607.77151,619.972557,604.076314,614.65387,15524300
2025-01-16,609.05633,613.787348,607.273505,608.857117,8355300
2025-01-17,621.556181,622.472487,601.257618,610.321289,17280600
2025-01-21,615.361041,619.016358,606.576281,613.996521,11674000
2025-01-22,620.809149,631.167613,616.954619,621.008362,12274000
2025-01-23,624.852915,634.05598,618.667771,633.906616,9910200
2025-01-24,633.856878,649.394514,631.665657,644.902527,19065300
2025-01-27,624.105974,661.217088,622.601998,657.243042,28399200
2025-01-28,663.338525,679.852285,656.834591,671.635254,20950100
2025-01-29,672.302585,678.328396,663.009852,673.786621,21377800
2025-01-30,694.035342,707.949485,673.398112,684.254578,29322900
2025-01-31,688.238576,702.481418,682.840253,686.425842,19303900
2025-02-03,673.20892,701.186695,672.551585,694.672852,21415700
2025-02-04,699.692728,704.88193,688.846231,701.375977,13826300
2025-02-05,700.73849,715.270213,696.216655,702.053223,17778200
2025-02-06,703.059206,716.027196,700.688712,709.144775,13080700
2025-02-07,713.93553,722.112743,708.905723,711.664673,16427100
2025-02-10,715.688602,718.318067,708.487513,714.533264,12904300
2025-02-11,710.469438,720.768083,707.202516,716.923523,12998000
2025-02-12,712.441527,724.19436,709.752304,722.481262,12016500
2025-02-13,718.636714,726.086804,715.17058,725.64856,12569100
2025-02-14,723.238186,737.94912,722.720245,733.726074,16901200
2025-02-18,733.058761,734.054764,703.616892,713.507202,21938700
2025-02-19,701.28634,704.174776,692.611185,700.957703,17535500
2025-02-20,694.493545,702.810152,690.868077,692.063293,12587400
2025-02-21,693.796318,701.057163,679.633112,680.818359,15660400
2025-02-24,683.537515,684.523549,659.802728,665.460022,15677000
2025-02-25,663.308559,665.330475,639.294924,654.872437,20579700
2025-02-26,657.01397,680.280606,655.37054,671.007812,14488700
2025-02-27,679.72277,685.898005,654.942192,655.609497,12500000
2025-02-28,655.410292,666.954002,640.031991,665.529724,17534200
2025-03-03,670.987869,678.527625,648.239175,652.432312,10843800
2025-03-04,642.930435,647.153481,621.157806,637.442444,21495200
2025-03-05,638.438468,656.864539,635.111789,653.846619,13770000
2025-03-06,645.410521,647.960288,621.615973,625.420715,13446500
2025-03-07,622.87091,632.253249,598.209845,623.159729,21375700
2025-03-10,605.640078,607.671904,584.524784,595.600342,21999900
2025-03-11,592.672115,612.472678,590.959018,603.289551,17401500
2025-03-12,627.382812,630.799098,606.914886,617.084106,15747000
2025-03-13,617.771383,618.020384,584.166223,588.279724,16480300
2025-03-14,600.925267,606.966418,592.930251,605.710327,12364500
2025-03-17,605.570774,611.193186,596.140173,603.018738,15473900
2025-03-18,598.183814,598.383204,572.872763,580.548828,20297700
2025-03-19,582.462878,590.477851,572.982445,582.24353,20537500
2025-03-20,580.947577,608.302238,577.707684,584.17749,24336500
2025-03-21,581.605455,595.681535,579.143166,594.395569,25015900
2025-03-24,613.057355,620.603819,610.296012,616.925293,15741300
2025-03-25,624.810795,631.908647,619.248132,624.362183,15312500
2025-03-26,622.946546,624.800746,604.723369,609.079773,12609800
2025-03-27,600.12778,612.339683,598.233665,600.705994,10436500
2025-03-28,598.442992,599.878516,572.135052,574.946289,17602800
2025-03-31,561.747514,576.900254,551.579224,574.567505,21124700
2025-04-01,569.064666,588.075303,568.227252,584.17749,12836600
2025-04-02,573.121986,590.816783,571.576818,582.113953,13470800
2025-04-03,544.521245,550.841555,528.650773,529.966675,34777500
2025-04-04,505.044385,516.388997,492.663028,503.160278,38589800
2025-04-07,483.591295,537.692499,480.401235,514.644409,36606100
2025-04-08,541.560466,545.727459,501.296066,508.862488,28034200
2025-04-09,507.686131,586.061644,500.548395,583.948242,39216600
2025-04-10,573.700203,579.492131,533.635192,544.591003,28173500
2025-04-11,533.844525,545.697561,526.946064,541.879456,17642300
2025-04-14,554.440304,556.035365,526.637088,529.827087,14130900
2025-04-15,530.455102,536.266987,515.890554,519.898071,15558700
2025-04-16,506.928502,511.773372,494.088555,500.747772,18735100
2025-04-17,503.678644,505.722256,496.46117,499.92038,14593500
2025-04-21,489.801918,491.965183,478.307779,483.152679,16166000
2025-04-22,490.340273,505.303601,484.847399,498.724121,17399400
2025-04-23,526.886361,533.67518,514.913701,518.652039,18173900
2025-04-24,517.116745,532.239611,515.89059,531.491943,13910000
2025-04-25,545.099423,548.149904,534.582246,545.567993,17098900
2025-04-28,553.911949,556.753061,538.908767,548.030273,15179000
2025-04-29,544.301884,554.839018,542.427726,552.715637,11835000
2025-04-30,536.725593,547.392267,527.853248,547.292603,29244000
2025-05-01,590.238618,591.105908,568.725716,570.43042,31159000
2025-05-02,581.645503,602.460573,576.531452,595.16333,24739300
2025-05-05,589.381237,601.333999,586.221113,597.40625,13887700
2025-05-06,590.687257,594.176372,584.755749,585.483459,10600700
2025-05-07,588.523966,601.204438,584.845439,594.953918,13139100
2025-05-08,604.404425,609.398854,594.764516,596.150208,14622800
2025-05-09,601.842332,605.082224,589.869735,590.647278,10427300
2025-05-12,628.957802,638.398381,619.098606,637.441345,21965100
2025-05-13,643.532319,658.864492,640.830787,653.989746,18570800
2025-05-14,659.153609,660.609029,652.275044,657.309326,12348200
2025-05-15,652.245182,655.265727,636.593998,641.877502,14341800
2025-05-16,635.975847,638.448114,624.202581,638.34845,18519000
2025-05-19,626.29606,641.000186,625.847447,638.438171,9592400
2025-05-20,634.032015,637.361594,630.293678,635.118591,6743500
2025-05-21,629.825015,644.59893,628.210059,633.523499,11464600
2025-05-22,632.078089,641.249489,628.74851,634.590271,8228400
2025-05-23,622.059321,630.483054,620.713544,625.109802,8454100
2025-05-27,633.433783,641.079973,630.782083,640.322327,9508400
2025-05-28,640.601437,648.855714,640.551604,641.57843,9042900
2025-05-29,649.623395,651.288184,637.511157,643.043884,8858800
2025-05-30,640.501726,647.390208,630.811986,645.476196,16241000
2025-06-02,642.385915,671.166122,642.256314,668.813477,15766300
2025-06-03,669.361792,673.478953,662.961776,664.776062,11585000
2025-06-04,667.238361,686.857147,666.490694,685.810425,14031900
2025-06-05,689.508867,692.220439,680.128159,682.490784,13083100
2025-06-06,694.004851,700.624214,689.718236,695.5401,11728000
2025-06-09,696.287768,702.996818,691.781806,691.901428,12773200
2025-06-10,699.168732,701.04289,689.409201,700.215515,10850100
2025-06-11,701.521445,706.665371,689.837863,691.981201,9582500
2025-06-12,691.143863,693.217412,684.863468,691.203674,7322700
2025-06-13,685.810434,692.40984,678.892015,680.746216,9274400
2025-06-16,697.691473,705.493158,691.885103,700.474915,13720300
2025-06-17,700.355218,704.315887,694.429133,695.596375,10066100
2025-06-18,696.544097,699.946141,693.271814,694.139771,10068300
2025-06-20,699.108134,700.175634,677.07985,680.751221,22538600
2025-06-23,682.088175,697.412173,677.159746,696.893433,11080100
2025-06-24,703.238441,711.518982,700.464925,710.531311,13823200
2025-06-25,711.648736,714.901107,703.727336,707.019592,9320400
2025-06-26,712.686296,726.513809,709.384054,724.388855,13964800
2025-06-27,724.817745,733.706842,724.159258,731.911072,18775700
2025-06-30,742.805482,746.147669,732.529627,736.360657,15402100
2025-07-01,735.153446,736.021402,713.693835,717.53479,13431200
2025-07-02,713.654018,718.612345,711.129917,711.898132,9336700
2025-07-03,724.907547,727.321921,712.746106,717.325378,8601700
2025-07-07,715.918627,725.296627,711.838244,716.66687,9457100
2025-07-08,719.879361,721.216187,713.13519,718.981445,7770700
2025-07-09,721.026623,735.801981,721.026623,731.06311,11418000
2025-07-10,729.835971,734.076013,717.913958,725.536072,9913600
2025-07-11,720.807156,723.460897,708.037159,715.828857,10873900
2025-07-14,715.918667,726.294325,714.87114,719.230896,8939400
2025-07-15,722.203942,722.772553,708.156914,708.725586,11529500
2025-07-16,711.698514,712.297084,697.631576,701.263,13067600
2025-07-17,702.7396,704.246071,695.476628,699.766541,11803300
2025-07-18,700.544753,703.058868,690.02947,702.629883,12779800
2025-07-21,705.143912,715.320025,704.106371,711.299438,9404400
2025-07-22,714.511972,714.920985,699.766572,703.15863,8921100
2025-07-23,704.715013,712.95567,703.278384,711.908142,8771600
2025-07-24,715.369911,721.924525,712.32707,713.125183,10920800
2025-07-25,715.240187,718.961489,710.231991,711.010132,8271700
2025-07-28,713.524309,723.041935,711.010194,715.948608,8715700
2025-07-29,718.313002,722.7725,698.270047,698.359863,13267000
2025-07-30,706.430942,706.839955,689.580502,693.581116,27077300
2025-07-31,773.383694,782.911305,763.716395,771.627808,38831100
2025-08-01,758.947601,764.205272,743.563746,748.252747,19028700
2025-08-04,758.219324,775.02982,756.633023,774.550964,15801700
2025-08-05,774.630758,781.295099,761.212259,761.671204,11640300
2025-08-06,768.195886,771.827372,758.67826,770.181213,9733900
2025-08-07,771.677636,773.184107,757.770296,760.044983,9019700
2025-08-08,760.962917,768.096189,756.802704,767.497559,7320800
2025-08-11,768.275719,771.647805,762.878361,764.075562,7612000
2025-08-12,771.188819,791.810371,770.620147,788.148987,14563100
2025-08-13,789.29639,793.596289,776.406617,778.252319,8811800
2025-08-14,776.057382,785.964108,770.699969,780.297424,8116200
2025-08-15,782.312711,794.384336,778.990496,783.390137,13375400
2025-08-18,773.273965,773.992249,754.787352,765.572021,16513700
2025-08-19,765.322608,765.372479,747.60421,749.719238,12286700
2025-08-20,745.818467,748.442309,729.287282,745.968079,11898200
2025-08-21,742.965127,743.753254,731.39227,737.368225,8876300
2025-08-22,737.497944,755.126587,732.669319,753.021484,10612700
2025-08-25,753.051431,757.101916,748.372418,751.534973,6861200
2025-08-26,749.040874,753.101345,746.187589,752.33313,7601800
2025-08-27,750.537362,752.383064,741.099565,745.628906,8315400
2025-08-28,742.256832,751.285616,739.064317,749.350159,7468000
2025-08-29,743.533777,745.389404,733.62699,736.969177,9070500
2025-09-02,724.338818,734.275503,720.038919,733.387573,9350900
2025-09-03,734.275531,738.515574,732.270231,735.323059,7699300
2025-09-04,746.816105,759.376573,744.072549,746.895935,11439100
2025-09-05,750.856657,756.174187,743.284474,750.687073,9663400
2025-09-08,754.228697,764.714081,750.258041,750.537354,13087800
2025-09-09,755.71522,764.504576,751.664735,763.906006,10999000
2025-09-10,763.337292,763.905964,749.240394,750.218079,12478300
2025-09-11,752.881839,755.326049,746.616524,749.140625,7923300
2025-09-12,746.975729,755.795044,742.017402,753.819702,8248600
2025-09-15,755.695224,772.256366,750.228083,762.908325,10533800
2025-09-16,765.202921,779.529261,763.307348,777.174805,11782500
2025-09-17,778.162481,781.454737,764.51454,773.902466,9400900
2025-09-18,778.920642,786.931857,771.547943,778.421814,10955000
2025-09-19,784.577353,788.947096,767.387744,776.556213,23696800
2025-09-22,780.544583,784.41811,763.193596,763.882446,11706900
2025-09-23,767.965583,769.313305,749.815946,754.138733,10872600
2025-09-24,756.235256,759.839214,751.273584,759.389954,8828200
2025-09-25,752.192005,755.506469,743.30684,747.659546,10591100
2025-09-26,748.747743,750.674513,736.11884,742.508179,9696300
2025-09-29,747.469816,749.526435,737.915849,742.158752,9246800
2025-09-30,741.010725,741.729493,725.087343,733.15387,16226800
2025-10-01,720.285307,720.644691,709.01418,716.142273,20419600
2025-10-02,721.373552,726.554889,716.940963,725.83606,11415300
2025-10-03,728.411763,729.779471,708.994226,709.373596,16154300
2025-10-06,704.012598,715.683083,689.357116,714.465088,21654700
2025-10-07,716.521611,717.300338,704.571626,711.889404,12062900
2025-10-08,712.258795,718.448455,706.628197,716.641479,10790600
2025-10-09,717.080727,732.285278,711.250451,732.285278,12717200
2025-10-10,729.699594,734.042367,703.333716,704.122375,16980100
2025-10-13,711.819494,718.737916,706.458465,714.505005,9251800
2025-10-14,706.598254,714.355239,698.162351,707.466797,8829800
2025-10-15,715.862757,722.691363,708.325375,716.351929,10246800
2025-10-16,716.351934,724.27868,702.704775,710.881104,9017000
2025-10-17,705.899425,717.340252,704.941006,715.722961,12232400
2025-10-20,719.985862,732.544875,718.977539,730.94751,8900200
2025-10-21,734.791124,737.266964,727.533243,732.045715,7647300
2025-10-22,732.604767,739.363422,722.821142,732.185425,8734500
2025-10-23,733.473319,741.170407,731.875953,732.774475,9856000
2025-10-24,735.559811,739.972475,729.929274,737.127197,9151300
2025-10-27,748.478138,754.488106,746.76104,749.566345,11321100
2025-10-28,751.373379,757.133765,744.275265,750.185364,12193800
2025-10-29,753.489791,757.892401,741.270238,750.414917,26818600
2025-10-30,668.032818,679.823098,649.084465,665.357239,88440100
2025-10-31,673.383812,673.763182,644.492129,647.267456,56953200
2025-11-03,654.904704,658.229161,635.117789,636.645264,33003600
2025-11-04,626.991352,640.668489,624.964773,626.272583,27356600
2025-11-05,631.254247,641.157666,625.493861,634.888184,20219900
2025-11-06,634.788294,634.938068,616.968122,617.906555,23628800
2025-11-07,615.46062,621.091218,600.196172,620.671936,29946800
2025-11-10,630.036336,633.939781,617.077966,630.7052,19245000
2025-11-11,626.951467,628.50886,618.355857,626.03302,13302200
2025-11-12,627.081235,627.939785,606.755244,607.993164,24493300
2025-11-13,612.046387,616.618757,601.993193,608.871704,20973800
2025-11-14,600.785206,612.655369,594.206243,608.442444,20724100
2025-11-17,608.023052,610.668652,594.405873,601.004822,16501300
2025-11-18,590.612219,602.652081,582.805329,596.692078,25500600
2025-11-19,592.728637,594.335995,580.279487,589.334351,24744700
2025-11-20,602.492336,605.706931,582.375956,588.166321,20603000
2025-11-21,587.517413,597.121346,580.888485,593.257812,21052600
2025-11-24,597.720337,615.670358,596.632191,612.026428,23554900
2025-11-25,622.958087,635.986285,617.267592,635.157654,25213000
2025-11-26,636.625268,637.294132,630.575388,632.552063,15209500
2025-11-28,635.017988,646.967973,634.438939,646.868164,11033200
2025-12-01,638.482123,644.242509,636.695134,639.799927,13029900
2025-12-02,641.26753,646.788265,637.00464,646.019531,11640900
2025-12-03,643.33401,647.766599,636.485479,638.532043,11134300
2025-12-04,674.871349,674.971157,658.947967,660.425537,29874600
2025-12-05,662.891339,673.563492,661.284041,672.295593,21207900
2025-12-08,668.222444,675.580133,663.959554,665.686646,13161000
2025-12-09,662.661787,663.370562,652.249208,655.863159,12997100
2025-12-10,648.864802,653.417186,642.325751,649.044495,16910900
2025-12-11,642.215863,654.185894,639.73003,651.620178,13056700
2025-12-12,648.715065,709.812897,637.543746,643.154358,14016900
2025-12-15,645.147666,652.44141,638.153654,646.956116,15549100
2025-12-16,642.949543,661.973234,642.649811,656.587891,14309100
2025-12-17,655.049156,660.664343,648.644666,648.944397,15598500
2025-12-18,656.467956,669.98635,655.898437,663.881592,20260300
2025-12-19,665.849901,670.426,657.61696,658.206482,49977100
2025-12-22,661.084039,673.003827,656.088316,660.934143,15659400
2025-12-23,659.485323,665.430246,657.686876,664.371155,8486800
2025-12-24,661.963279,667.608409,661.633544,666.978943,5627500
2025-12-26,667.488534,668.377788,660.75431,662.722595,7133800
2025-12-29,657.447115,659.685189,653.830217,658.126526,8506500
2025-12-30,658.126511,671.644905,657.277263,665.38031,9187500
2025-12-31,664.181316,664.431102,658.875861,659.52533,7940400
2026-01-02,662.163045,663.821659,642.949515,649.853577,13726500
2026-01-05,650.453127,663.971522,647.195906,658.22644,12213700
2026-01-06,659.005781,664.950703,651.342359,660.054871,11074400
2026-01-07,655.079138,658.586145,644.258385,648.135071,12846300
2026-01-08,645.327486,646.546413,635.176143,645.507324,11921700
2026-01-09,644.887866,654.389741,642.300055,652.501343,11634900
2026-01-12,651.971801,653.410511,640.681419,641.420776,14797200
2026-01-13,641.7206,641.7206,623.566099,630.550171,18030400
2026-01-14,625.964057,627.912401,614.294056,614.993469,15527900
2026-01-15,617.950898,623.636033,613.704534,620.268921,13076100
2026-01-16,623.646052,628.541885,619.549584,619.719421,17012500
2026-01-20,607.360004,610.877012,599.48674,603.60321,15169600
2026-01-21,606.220958,617.741124,599.566682,612.435669,14494700
2026-01-22,628.811597,660.004922,626.014005,647.075989,21394700
2026-01-23,644.21845,665.91984,643.898716,658.196472,22797700
2026-01-26,664.560995,674.702336,660.724253,671.78479,16327400
2026-01-27,674.012957,676.24103,664.091398,672.394287,13297400
2026-01-28,673.922981,677.100254,665.530143,668.157898,25709600
2026-01-29,736.799154,743.363541,711.940433,737.678406,59852900
2026-01-30,726.877675,731.543663,712.979601,715.887085,23744600
2026-02-02,713.98866,720.682941,702.918183,705.805664,14365200
2026-02-03,706.764854,716.386621,685.822763,691.108276,13760700
2026-02-04,687.141684,688.24078,666.889065,668.417725,16882800
2026-02-05,663.012385,680.917039,652.940991,669.636719,17131800
2026-02-06,664.920686,671.415125,645.946941,660.894165,18159300
2026-02-09,662.612658,682.725442,658.216459,676.640625,14837500
2026-02-10,677.020298,680.067738,669.216982,670.146179,10455800
2026-02-11,673.423436,678.688948,656.537869,668.117981,14323800
2026-02-12,669.396879,675.42175,644.728057,649.25415,14960100
2026-02-13,644.548114,650.872716,634.027154,639.222717,12336400
2026-02-17,638.952945,642.050269,628.262086,638.743103,12674700
2026-02-18,633.257814,644.448245,627.612684,642.669739,14649200
2026-02-19,638.023745,646.636366,636.175291,644.228455,10035700
2026-02-20,639.142811,662.782546,638.233616,655.099121,14183500
2026-02-23,651.981794,657.137414,635.455964,636.704895,8605900
2026-02-24,632.538463,640.561562,628.441933,638.753113,10135600
2026-02-25,641.980372,653.320638,641.590691,653.130798,11330700
2026-02-26,649.993502,660.434575,646.946123,656.447998,10637700
2026-02-27,642.899554,648.88442,637.574097,647.625488,15703000
2026-03-02,636.61492,659.375463,633.957223,653.000916,9816100
2026-03-03,647.735423,658.476227,638.293555,654.519653,12263800
2026-03-04,657.397152,672.19448,657.107361,667.158752,10810100
2026-03-05,661.363766,670.126283,649.753711,660.004944,13341400
2026-03-06,647.345788,648.914391,635.565835,644.30835,13159400
2026-03-09,634.236984,647.195859,626.243828,646.836182,13489700
2026-03-10,653.000925,659.735149,648.444828,653.510498,9859300
2026-03-11,654.199915,658.55617,647.805365,654.299805,8977200
2026-03-12,648.19506,652.940997,636.355221,637.634094,11617500
2026-03-13,623.356281,628.631733,609.028522,613.184998,18957600
2026-03-16,632.0,634.75,623.099976,627.450012,15134900
2026-03-17,627.98999,636.549988,621.700012,622.659973,10348800
2026-03-18,616.340027,622.650024,614.609985,615.679993,11726300
2026-03-19,612.150024,613.0,602.26001,606.700012,13247700
2026-03-20,603.530029,603.960022,587.25,593.659973,21214900
2026-03-23,605.789978,608.640015,599.01001,604.059998,13638000
2026-03-24,599.099976,601.0,591.0,592.919983,10739700
2026-03-25,598.73999,603.669983,593.400024,594.890015,12585000
2026-03-26,582.48999,583.0,543.349976,547.539978,35780100
2026-03-27,540.099976,543.599976,520.26001,525.719971,30133000
2026-03-30,536.380005,539.549988,528.539978,536.380005,22795200
2026-03-31,549.97998,573.690002,546.77002,572.130005,32898300
2026-04-01,580.130005,592.549988,573.820007,579.22998,23608100
2026-04-02,566.039978,578.5,559.700012,574.460022,13518500
2026-04-06,577.690002,582.789978,572.0,573.02002,9515700
2026-04-07,572.47998,575.22998,564.76001,575.049988,9580800
2026-04-08,606.0,629.950012,591.830017,612.419983,32036600
2026-04-09,626.969971,637.5,623.0,628.390015,19012900
2026-04-10,634.469971,638.580017,624.330017,629.859985,13294800
2026-04-13,629.5,635.0,624.400024,634.530029,9538900
2026-04-14,643.219971,666.26001,639.369995,662.48999,17818000
2026-04-15,667.0,678.5,664.219971,671.580017,14952600
2026-04-16,675.98999,677.580017,667.75,676.869995,9544800
2026-04-17,678.599976,691.52002,675.130005,688.549988,16283500
2026-04-20,681.359985,683.380005,668.0,670.909973,12534000
2026-04-21,671.0,676.200012,667.330017,668.840027,8660100
2026-04-22,674.359985,678.380005,669.75,674.719971,9215600
2026-04-23,663.700012,669.559998,653.049988,659.150024,11667000
2026-04-24,660.320007,680.669983,653.840027,675.030029,13348300
2026-04-27,671.0,682.5,670.840027,678.619995,12805200
2026-04-28,674.23999,678.179993,665.630005,671.340027,10606800
2026-04-29,668.909973,674.25,663.809998,669.119995,18947500
2026-04-30,619.320007,620.849976,600.0,611.909973,52765000
2026-05-01,614.690002,618.880005,606.109985,608.75,21404000
2026-05-04,607.940002,614.0,602.75,610.409973,16203900
2026-05-05,613.309998,614.349976,600.359985,604.960022,17171300
2026-05-06,601.049988,619.950012,598.099976,612.880005,19915500
2026-05-07,614.719971,624.97998,613.539978,616.809998,12307400
2026-05-08,615.200012,616.77002,606.059998,609.630005,13557000
2026-05-11,604.570007,604.909973,598.080017,598.859985,15940600
2026-05-12,594.820007,603.75,592.599976,603.0,11351600
2026-05-13,598.830017,619.900024,596.659973,616.630005,14634400
2026-05-14,616.0,623.72998,615.0,618.429993,10651200
2026-05-15,613.98999,621.200012,609.309998,614.22998,13272600
2026-05-18,609.109985,615.590027,603.690002,611.210022,13772400
2026-05-19,608.919983,613.929993,600.549988,602.609985,11749900
2026-05-20,600.76001,608.0,597.809998,605.059998,11329700
2026-05-21,600.0,609.599976,594.809998,607.380005,13476100
2026-05-22,607.880005,614.809998,606.950012,610.26001,11688600
2026-05-26,608.890015,614.469971,605.299988,612.340027,12234200
2026-05-27,609.400024,638.5,609.0,635.26001,23143600
2026-05-28,639.5,643.0,629.309998,635.289978,16772400
2026-05-29,633.5,634.5,623.349976,632.51001,19806500
2026-06-01,630.400024,635.75,599.530029,600.469971,29138800
2026-06-02,603.23999,608.880005,596.679993,597.630005,18252000
2026-06-03,603.0,624.150024,600.27002,622.97998,23020100
2026-06-04,623.669983,642.400024,622.429993,627.570007,21469200
2026-06-05,623.460022,629.150024,582.909973,593.0,30000600
