Date,Open,High,Low,Close,Volume
2009-01-02,14.197799,14.830266,14.081484,14.779378,50084000
2009-01-05,14.684867,15.026544,14.58309,14.917499,61475200
2009-01-06,15.084706,15.26645,14.98293,15.091976,58083400
2009-01-07,14.677606,14.750304,14.161454,14.183264,72709900
2009-01-08,14.270487,14.677593,14.212329,14.626705,70255400
2009-01-09,14.663062,14.757568,14.110561,14.190529,49815300
2009-01-12,14.328651,14.38681,14.030592,14.154178,52163500
2009-01-13,14.19053,14.532207,14.19053,14.408622,65843500
2009-01-14,14.1978,14.306846,13.819774,13.877932,80257500
2009-01-15,13.863383,14.030587,13.463549,13.986969,96169800
2009-01-16,14.270496,14.47405,13.921549,14.328654,79634100
2009-01-20,14.146904,14.263221,13.354504,13.43447,89873000
2009-01-21,13.717998,14.139643,13.419938,14.088754,68340900
2009-01-22,13.121873,13.21638,12.409439,12.438519,222436600
2009-01-23,12.336745,12.714772,12.176811,12.50395,117020600
2009-01-26,12.569377,12.947402,12.525757,12.816546,92476500
2009-01-27,12.925591,13.063715,12.67115,12.838353,61695000
2009-01-28,12.940135,13.310892,12.911057,13.11461,64145500
2009-01-29,12.925594,13.056448,12.765659,12.787469,49192800
2009-01-30,12.896514,12.932864,12.431252,12.431252,62370900
2009-02-02,12.380363,13.180033,12.358554,12.961942,88871700
2009-02-03,12.97648,13.52898,12.794737,13.449013,86865100
2009-02-04,13.478094,13.812501,13.449014,13.54352,75618000
2009-02-05,13.456283,13.914276,13.26727,13.841579,75195200
2009-02-06,13.92882,14.48859,13.856122,14.292307,86746000
2009-02-09,14.277766,14.372273,14.001516,14.132372,52196400
2009-02-10,13.994241,14.394075,13.594406,13.667102,83953200
2009-02-11,13.768881,14.168716,13.754342,13.965163,58599000
2009-02-12,13.790691,14.045132,13.478094,14.001514,75323200
2009-02-13,14.008787,14.154181,13.841583,13.877932,47416000
2009-02-17,13.533906,13.541226,13.094731,13.241123,75853300
2009-02-18,13.336279,13.504631,13.175249,13.263084,54946900
2009-02-19,13.394832,13.453389,13.036173,13.109369,49195600
2009-02-20,13.006895,13.314318,12.926379,13.175245,69413800
2009-02-23,13.189885,13.285039,12.560401,12.596998,70803400
2009-02-24,12.465249,12.699475,11.974837,12.567722,122674500
2009-02-25,12.450605,12.618955,12.048027,12.414006,105894600
2009-02-26,12.479888,12.501847,12.018755,12.018755,83219500
2009-02-27,11.923596,12.091946,11.784524,11.821121,93428000
2009-03-02,11.682053,11.894321,11.506383,11.55762,80602100
2009-03-03,11.733292,11.887003,11.447828,11.623498,80476600
2009-03-04,11.799167,12.004114,11.630816,11.799167,69285100
2009-03-05,11.608856,11.623495,11.177001,11.177001,89708500
2009-03-06,11.235556,11.433184,10.884216,11.184319,92821400
2009-03-09,11.125764,11.521021,11.052568,11.089166,66479100
2009-03-10,11.250198,12.165147,11.162363,12.062672,95184200
2009-03-11,12.172464,12.589681,12.026073,12.523805,84522200
2009-03-12,12.450607,12.472567,12.062669,12.450607,93694100
2009-03-13,12.428653,12.47989,11.843087,12.187107,82965800
2009-03-16,12.311537,12.414011,11.887002,11.894321,67028900
2009-03-17,11.945554,12.37009,11.901637,12.37009,62481000
2009-03-18,12.465244,12.604315,12.150502,12.414006,70710700
2009-03-19,12.714118,12.772675,12.384736,12.545767,58994600
2009-03-20,12.677513,12.919059,12.355451,12.487204,81725500
2009-03-23,12.714116,13.607105,12.670198,13.416796,71600000
2009-03-24,13.204527,13.328958,13.058135,13.124011,50044100
2009-03-25,13.160607,13.402153,12.823907,13.087411,73927100
2009-03-26,13.299681,13.81937,13.263083,13.782773,63775100
2009-03-27,13.570508,13.629065,13.211847,13.270404,47670400
2009-03-30,12.984939,12.999579,12.640919,12.79463,49633000
2009-03-31,13.050814,13.753494,13.014216,13.446072,92423300
2009-04-01,13.3436,14.170714,13.307003,14.134115,96438900
2009-04-02,14.273187,14.55865,13.907208,14.119476,99082300
2009-04-03,14.002356,14.016996,13.489986,13.724213,81858400
2009-04-06,13.57051,13.731541,13.372881,13.731541,47476100
2009-04-07,13.731541,14.009684,13.636385,13.731541,65815200
2009-04-08,13.885245,14.361019,13.877926,14.046277,56408900
2009-04-09,14.236584,14.419574,14.068233,14.397614,55759600
2009-04-13,14.412257,14.52937,14.17803,14.339061,44444700
2009-04-14,14.229263,14.309777,13.907201,14.163386,63796300
2009-04-15,14.060917,14.090196,13.548547,13.782773,72725500
2009-04-16,14.024312,14.478126,13.899879,14.463487,67688700
2009-04-17,14.412256,14.412256,13.907204,14.053596,61398500
2009-04-20,13.826688,13.870606,13.592461,13.62174,62937200
2009-04-21,13.607104,13.965763,13.592464,13.885247,60928300
2009-04-22,13.731539,14.046281,13.687622,13.746179,59401000
2009-04-23,13.848643,13.863283,13.519262,13.848643,86116300
2009-04-24,14.507406,15.517509,14.27318,15.305241,168478500
2009-04-27,15.041746,15.239375,14.844118,14.931952,68219600
2009-04-28,14.822158,14.836798,14.485458,14.587932,76685200
2009-04-29,14.719681,15.290608,14.683083,14.822155,79301600
2009-04-30,15.078337,15.444317,14.646482,14.829472,87439900
2009-05-01,14.778238,14.895351,14.536692,14.814836,63224500
2009-05-04,14.909991,14.931949,14.624526,14.778238,54313400
2009-05-05,14.741636,14.814832,14.375657,14.485452,66835500
2009-05-06,14.683079,14.690399,14.353699,14.485452,59639100
2009-05-07,14.609891,14.63185,14.009685,14.141438,68727200
2009-05-08,14.243909,14.375661,14.009682,14.214631,67597600
2009-05-11,14.053603,14.44154,13.914531,14.141438,63762600
2009-05-12,14.280512,14.683089,14.251233,14.558656,71966800
2009-05-13,14.580606,14.639162,14.397616,14.456173,49281700
2009-05-14,14.514733,14.807516,14.492773,14.683083,54539500
2009-05-15,14.73432,15.005145,14.624527,14.800197,61289900
2009-05-18,14.902671,15.078341,14.814835,15.078341,46073800
2009-05-19,15.107805,15.277225,14.916288,14.960484,51368300
2009-05-20,15.034142,15.240392,14.894186,15.012043,47450700
2009-05-21,14.835264,14.901559,14.371202,14.59955,58232800
2009-05-22,14.680572,14.857357,14.341732,14.547982,37318700
2009-05-26,14.3933,15.063612,14.327005,14.982585,44991700
2009-05-27,14.916288,15.1741,14.783698,14.827894,42892900
2009-05-28,14.967846,15.196193,14.768962,15.063605,45480800
2009-05-29,15.144635,15.424547,14.953117,15.387715,46134900
2009-06-01,15.468741,15.837044,15.365616,15.763383,57317100
2009-06-02,15.733919,16.190615,15.616062,15.763383,48935700
2009-06-03,15.697091,16.028565,15.68236,16.006466,56039600
2009-06-04,16.035922,16.13168,15.895967,16.080118,42330000
2009-06-05,16.17588,16.433693,16.06539,16.30847,59579200
2009-06-08,16.190614,16.44106,15.932801,16.242176,49000600
2009-06-09,16.24954,16.441058,16.116951,16.264273,50887700
2009-06-10,16.330577,16.662051,16.293747,16.610487,61297200
2009-06-11,16.639949,17.133475,16.625216,16.816734,65124600
2009-06-12,16.868293,17.221864,16.750436,17.185034,50963500
2009-06-15,17.111372,17.339721,16.956685,17.251328,69089600
2009-06-16,17.288161,17.75959,17.266064,17.27343,105295600
2009-06-17,17.310263,17.545977,17.067182,17.442852,86483100
2009-06-18,17.398652,17.450215,17.162937,17.310259,58852200
2009-06-19,17.708026,17.929008,17.49441,17.730124,115459000
2009-06-22,17.641731,17.641731,17.126106,17.148205,71291600
2009-06-23,17.221869,17.42812,17.096646,17.192406,56752700
2009-06-24,17.273431,17.494413,17.207136,17.288162,54287700
2009-06-25,17.258699,17.619636,17.08928,17.523878,57724300
2009-06-26,17.361827,17.45022,17.177675,17.199774,65126400
2009-06-29,17.383925,17.700667,17.347094,17.575443,62854900
2009-06-30,17.656468,17.855352,17.406022,17.509148,66452400
2009-07-01,17.71539,17.899541,17.649095,17.708025,54908400
2009-07-02,17.501786,17.708037,17.096652,17.21451,65422200
2009-07-06,17.096642,17.148206,16.846197,17.089277,49207700
2009-07-07,17.000886,17.045082,16.544189,16.595753,52842500
2009-07-08,16.4337,16.713611,16.205352,16.617851,73023400
2009-07-09,16.684136,16.801993,16.477887,16.529449,46981200
2009-07-10,16.345304,16.603116,16.315839,16.492624,43229200
2009-07-13,16.514728,17.155577,16.308478,17.11138,67584000
2009-07-14,17.089276,17.104007,16.83883,17.022982,45448700
2009-07-15,17.494411,17.766956,17.354456,17.766956,67238700
2009-07-16,17.627003,18.002672,17.57544,18.002672,64555100
2009-07-17,17.973207,18.010038,17.752226,17.892181,52860100
2009-07-20,18.002671,18.068966,17.789055,18.068966,47798000
2009-07-21,18.186814,18.289938,17.9511,18.289938,52028400
2009-07-22,18.194189,18.34151,18.054234,18.267849,66192500
2009-07-23,18.363609,18.945528,18.297315,18.827671,106060500
2009-07-24,17.391287,17.597536,16.802001,17.27343,215135700
2009-07-27,17.266062,17.273428,16.868294,17.022982,80950000
2009-07-28,16.934591,17.347091,16.868297,17.288162,70288400
2009-07-29,17.479676,17.612266,17.1924,17.531239,73626900
2009-07-30,17.825878,17.995298,17.46494,17.538601,67820000
2009-07-31,17.509147,17.730128,17.310263,17.324995,54258200
2009-08-03,17.545975,17.57544,17.310261,17.553341,46902900
2009-08-04,17.442853,17.52388,17.332362,17.509148,49218300
2009-08-05,17.5607,17.862708,17.52387,17.538601,53310300
2009-08-06,17.627006,17.663836,17.140846,17.2808,59686000
2009-08-07,17.494408,17.54597,17.310256,17.354452,46169700
2009-08-10,17.280791,17.347086,17.162934,17.251328,35261900
2009-08-11,17.177666,17.236594,16.978782,17.03771,33615800
2009-08-12,17.037721,17.604909,16.964061,17.332365,61972300
2009-08-13,17.40601,17.568065,17.236591,17.398645,38954500
2009-08-14,17.398656,17.531244,17.317629,17.450218,46330200
2009-08-17,17.177667,17.383917,17.111372,17.126104,42474400
2009-08-18,17.252036,17.518704,17.237221,17.466852,38878900
2009-08-19,17.222399,17.57055,17.222399,17.518698,41821300
2009-08-20,17.481669,17.681672,17.437225,17.533522,39505900
2009-08-21,17.726114,18.08908,17.607594,18.081673,69011400
2009-08-24,18.081665,18.318705,17.985369,18.252037,54180900
2009-08-25,18.222408,18.385372,18.118702,18.252037,43980300
2009-08-26,18.215002,18.333522,18.089075,18.185371,41079000
2009-08-27,18.081662,18.355739,18.000179,18.289072,45495600
2009-08-28,18.570565,18.881679,18.229821,18.281673,55808000
2009-08-31,18.200193,18.407603,17.992784,18.259453,49592800
2009-09-01,18.037226,18.326117,17.703889,17.777964,62608500
2009-09-02,17.644632,17.881672,17.615003,17.674263,40771300
2009-09-03,17.711293,17.881665,17.600181,17.859444,34120000
2009-09-04,17.844633,18.370564,17.837225,18.23723,44999700
2009-09-08,18.237221,18.400186,18.081664,18.38537,53737100
2009-09-09,18.326115,18.481673,18.274263,18.355745,49900300
2009-09-10,18.370563,18.55575,18.259451,18.518713,46256000
2009-09-11,18.466863,18.644642,18.377972,18.41501,54303500
2009-09-14,18.259451,18.58538,18.252043,18.518713,42806800
2009-09-15,18.496495,18.71872,18.415014,18.666868,44716600
2009-09-16,18.703905,18.77798,18.481681,18.666868,50055800
2009-09-17,18.563153,18.800192,18.563153,18.740932,42428800
2009-09-18,18.859451,18.874266,18.592782,18.711302,68016500
2009-09-21,18.600191,18.792786,18.592784,18.740932,28878700
2009-09-22,18.815015,19.126129,18.733533,19.089092,61376700
2009-09-23,19.200209,19.444656,18.992799,19.044651,60599900
2009-09-24,19.2002,19.340943,19.007605,19.215015,56302900
2009-09-25,19.02983,19.126127,18.903903,18.926125,50158900
2009-09-28,18.96316,19.377978,18.96316,19.133532,44358000
2009-09-29,19.192792,19.229829,19.029828,19.074272,39050300
2009-09-30,19.081678,19.25205,18.800193,19.052048,63533400
2009-10-01,18.822422,18.866867,18.370565,18.429825,75958100
2009-10-02,18.118706,18.585379,18.096485,18.48908,51219700
2009-10-05,18.503892,18.563151,18.163148,18.252037,60804900
2009-10-06,18.281665,18.674261,18.26685,18.600187,48795300
2009-10-07,18.511304,18.652047,18.429821,18.592787,38472700
2009-10-08,18.844647,19.18539,18.681681,19.015018,60521300
2009-10-09,18.94094,19.103905,18.859457,18.926125,39520000
2009-10-12,19.007603,19.177975,18.92612,19.052048,29145800
2009-10-13,18.955753,19.215015,18.903901,19.118717,37749000
2009-10-14,19.363163,19.407609,19.126124,19.229828,45365500
2009-10-15,19.185392,19.785398,19.185392,19.785398,65620100
2009-10-16,19.592802,19.726136,19.33354,19.629839,56500900
2009-10-19,19.622429,19.689097,19.44465,19.526133,48143200
2009-10-20,19.570585,19.637253,19.215026,19.533548,54604700
2009-10-21,19.600208,19.815026,19.548356,19.689098,61672700
2009-10-22,19.674282,19.792801,19.35576,19.696505,61600000
2009-10-23,21.629859,21.740971,20.65207,20.755775,281761000
2009-10-26,20.837253,21.49652,20.822439,21.244665,124149700
2009-10-27,21.281708,21.39282,21.066891,21.178003,69685800
2009-10-28,20.91874,21.311337,20.703923,20.755775,73542400
2009-10-29,20.792811,21.044666,20.629847,20.903923,65225500
2009-10-30,20.763184,21.03726,20.489106,20.540958,73371800
2009-11-02,20.518732,20.777993,20.303914,20.652065,62428900
2009-11-03,20.474292,20.548367,20.318736,20.392811,50294800
2009-11-04,20.511337,21.029861,20.459485,20.785414,63898400
2009-11-05,21.126144,21.289108,20.948364,21.089106,52681700
2009-11-06,21.022442,21.20763,20.889109,21.126148,38908500
2009-11-09,21.200226,21.48171,21.133559,21.474302,57518000
2009-11-10,21.40764,21.689125,21.340972,21.489122,65881100
2009-11-11,21.540968,21.703932,21.496523,21.570599,49693400
2009-11-12,21.489118,21.844677,21.481711,21.748381,55352400
2009-11-13,21.829856,22.066897,21.755782,21.948376,53037600
2009-11-16,21.933564,22.074305,21.755785,21.881712,54129500
2009-11-17,21.948671,22.320683,21.92635,22.320683,75648900
2009-11-18,22.320691,22.424854,22.179327,22.402534,59431200
2009-11-19,22.313246,22.320686,22.09748,22.157001,51967700
2009-11-20,22.067705,22.149548,21.89658,22.037945,42647100
2009-11-23,22.20164,22.328124,22.097478,22.276043,41832700
2009-11-24,22.283492,22.313253,22.134687,22.253731,37341400
2009-11-25,22.179316,22.216518,22.008191,22.164436,32033500
2009-11-27,21.658503,21.866829,21.390655,21.740345,29357900
2009-11-30,21.688266,21.911474,21.576663,21.881712,44172000
2009-12-01,21.963554,22.357885,21.881711,22.328125,49904200
2009-12-02,22.246283,22.313246,22.060278,22.157001,36308600
2009-12-03,22.201643,22.469492,22.142121,22.194202,43095200
2009-12-04,22.357888,22.595977,22.194204,22.305807,58810700
2009-12-07,22.156996,22.380202,22.082593,22.164436,38082700
2009-12-08,21.963557,22.127241,21.859392,22.000757,37402200
2009-12-09,21.92635,22.179318,21.762666,22.104916,44713300
2009-12-10,22.104918,22.290924,22.067717,22.223963,45940200
2009-12-11,22.298358,22.320679,22.164435,22.209076,43744200
2009-12-14,22.253729,22.439735,22.246289,22.402534,34651200
2009-12-15,22.23884,22.476927,22.2314,22.335564,49473200
2009-12-16,22.372763,22.625731,22.350443,22.395084,55737800
2009-12-17,22.283478,22.290917,22.000748,22.023069,43691200
2009-12-18,22.201643,22.655497,22.171881,22.588535,94118000
2009-12-21,22.61829,22.94566,22.59597,22.707573,40129100
2009-12-22,22.767103,23.012631,22.722463,22.930788,36321000
2009-12-23,22.848941,23.027507,22.834061,23.005186,28362700
2009-12-24,22.975425,23.064709,22.886143,23.064709,11083900
2009-12-28,23.064707,23.198631,22.982864,23.191191,25384000
2009-12-29,23.325117,23.43672,23.235834,23.354877,29716200
2009-12-30,23.176309,23.280473,22.915901,23.034945,42006200
2009-12-31,23.049828,23.057268,22.677816,22.677816,31929700
2010-01-04,22.78198,23.139111,22.759659,23.027508,38409100
2010-01-05,22.953103,23.139109,22.796857,23.034945,49749600
2010-01-06,22.975423,23.124228,22.707576,22.893581,58182400
2010-01-07,22.78942,22.841502,22.46205,22.655497,50559700
2010-01-08,22.529011,22.975423,22.499249,22.811739,51197400
2010-01-11,22.848941,22.886143,22.409969,22.521572,68754700
2010-01-12,22.432288,22.618294,22.253723,22.372766,65912100
2010-01-13,22.514133,22.707579,22.328127,22.581095,51863500
2010-01-14,22.55133,23.139109,22.514129,23.034945,63228100
2010-01-15,23.124229,23.243273,22.84894,22.960545,79913200
2010-01-19,22.8787,23.243271,22.826619,23.139109,46575700
2010-01-20,22.923341,23.020065,22.55133,22.759657,54849500
2010-01-21,22.774539,22.856381,22.320685,22.328125,73086700
2010-01-22,22.32068,22.469485,21.457614,21.546896,102004600
2010-01-25,21.755231,22.06772,21.651068,21.814753,63373000
2010-01-26,21.725467,22.209082,21.643624,21.948673,66639900
2010-01-27,21.837061,22.186751,21.591533,22.075148,63949500
2010-01-28,22.201635,22.223956,21.494813,21.6957,117513700
2010-01-29,22.246281,22.261162,20.57967,20.966562,193888500
2010-02-01,21.122807,21.189769,20.773117,21.137688,85931100
2010-02-02,21.107934,21.204656,20.936807,21.174894,54413700
2010-02-03,21.026092,21.420425,20.92193,21.30138,61397900
2010-02-04,21.115364,21.204647,20.691271,20.713593,77850000
2010-02-05,20.83264,21.040967,20.51271,20.847521,80960100
2010-02-08,20.840081,20.892162,20.51271,20.624313,52820600
2010-02-09,20.810326,21.085615,20.646642,20.840088,59195800
2010-02-10,20.854959,21.011203,20.713594,20.825197,48591300
2010-02-11,20.78056,21.13025,20.609435,20.921925,65993700
2010-02-12,20.691269,20.877274,20.520144,20.780552,81117200
2010-02-16,21.027235,21.206637,20.945011,21.191687,51935600
2010-02-17,21.326238,21.415938,21.199163,21.371088,45882900
2010-02-18,21.371084,21.699985,21.311284,21.655134,42856500
2010-02-19,21.520585,21.617759,21.445834,21.505634,44451800
2010-02-22,21.557962,21.632713,21.415937,21.475737,36707100
2010-02-23,21.438359,21.550484,20.997333,21.176733,52266200
2010-02-24,21.318765,21.520591,21.214114,21.40099,43165900
2010-02-25,21.131885,21.415936,20.94501,21.378561,48735300
2010-02-26,21.415929,21.56543,21.311279,21.43088,40370600
2010-03-01,21.505633,21.714933,21.326233,21.692509,43805400
2010-03-02,21.737362,21.901812,21.109461,21.273911,93123900
2010-03-03,21.311286,21.386037,21.191686,21.273911,48442100
2010-03-04,21.273914,21.41594,21.13189,21.40099,42890600
2010-03-05,21.423413,21.438363,21.244013,21.371088,56001800
2010-03-08,21.318765,21.625241,21.303815,21.40099,39414500
2010-03-09,21.348657,21.759784,21.341182,21.528057,50271600
2010-03-10,21.57291,21.759785,21.528059,21.655134,44891400
2010-03-11,21.595329,21.81958,21.56543,21.812105,35349700
2010-03-12,21.916758,21.961607,21.707458,21.879383,31700200
2010-03-15,21.812113,21.954139,21.685037,21.894339,37512000
2010-03-16,21.991512,22.043837,21.827062,21.954138,36723500
2010-03-17,22.051312,22.327889,21.976562,22.148487,50385700
2010-03-18,22.148486,22.215762,22.051312,22.133537,43845200
2010-03-19,22.245667,22.350317,21.939191,22.118591,81332100
2010-03-22,22.051304,22.200805,21.969079,22.126055,37718200
2010-03-23,22.118585,22.35031,21.984034,22.33536,42026600
2010-03-24,22.21576,22.312936,22.12606,22.163435,33987700
2010-03-25,22.297988,22.85114,22.275563,22.432539,73168700
2010-03-26,22.492332,22.574558,22.118581,22.170906,55595500
2010-03-29,22.208291,22.290516,22.088691,22.118591,33336000
2010-03-30,22.148481,22.320407,22.051306,22.253132,34954800
2010-03-31,22.155963,22.215763,21.804638,21.894339,63760000
2010-04-01,21.939181,22.081207,21.393505,21.797155,74768100
2010-04-05,21.774732,21.998983,21.699983,21.879383,34331200
2010-04-06,21.789686,22.111112,21.662611,21.916761,47366800
2010-04-07,21.797164,22.096165,21.782214,21.93919,58318800
2010-04-08,21.916756,22.410107,21.901805,22.365257,63713800
2010-04-09,22.387685,22.731536,22.350309,22.679211,54752500
2010-04-12,22.611945,22.791346,22.582045,22.66427,37068800
2010-04-13,22.537187,22.798813,22.522237,22.761438,41374600
2010-04-14,23.015593,23.172568,22.918417,23.038017,68941200
2010-04-15,23.038012,23.135188,22.955786,23.075388,52745400
2010-04-16,23.015583,23.157608,22.873557,22.925882,88703100
2010-04-19,23.000635,23.359436,22.99316,23.202461,64970300
2010-04-20,23.337016,23.501468,23.269741,23.441668,52199500
2010-04-21,23.419239,23.546314,23.344489,23.419239,55343100
2010-04-22,23.202466,23.568742,23.097814,23.46409,84847600
2010-04-23,23.262264,23.606114,22.910937,23.142662,126766600
2010-04-26,23.172564,23.381865,23.067914,23.254789,63649300
2010-04-27,23.135187,23.359437,22.985686,23.060436,68730900
2010-04-28,23.11277,23.172571,22.88852,23.105295,64557900
2010-04-29,23.120241,23.493992,22.92589,23.172565,52665200
2010-04-30,23.224882,23.232357,22.813756,22.828707,63214800
2010-05-03,22.925887,23.217413,22.858612,23.067913,43989500
2010-05-04,22.813766,22.836191,22.238189,22.52224,82085600
2010-05-05,22.253129,22.492329,22.193329,22.312929,66833800
2010-05-06,22.118588,22.335363,20.862784,21.662611,128613000
2010-05-07,21.625233,21.640183,20.421754,21.08703,173718100
2010-05-10,21.685034,22.03636,21.460783,21.63271,86653300
2010-05-11,21.438361,22.163437,21.356135,21.58786,63789400
2010-05-12,21.662614,22.111116,21.617764,22.006466,47146800
2010-05-13,21.871909,22.223234,21.812109,21.856958,45188800
2010-05-14,21.827059,21.834532,21.408456,21.625233,63334000
2010-05-17,21.76726,21.849484,21.266434,21.63271,46053300
2010-05-18,21.677764,21.775377,21.324851,21.475027,52690600
2010-05-19,21.41495,21.542599,20.866811,21.204704,61746700
2010-05-20,20.761694,20.904361,20.303661,20.356222,87991100
2010-05-21,19.995806,20.356227,19.85314,20.15349,117596300
2010-05-24,20.16099,20.168499,19.717974,19.725483,73711700
2010-05-25,19.259944,19.770539,19.057207,19.575312,98373600
2010-05-26,19.69545,19.980783,18.441488,18.779383,176684100
2010-05-27,19.320012,19.793064,19.320012,19.522749,136433600
2010-05-28,19.402606,19.612851,19.267448,19.37257,67496900
2010-06-01,19.169847,19.755528,19.162338,19.440161,76152400
2010-06-02,19.567809,19.883176,19.32002,19.868158,65718800
2010-06-03,19.935723,20.221056,19.830601,20.168495,67837000
2010-06-04,19.597841,19.950752,19.237422,19.36507,89832200
2010-06-07,19.387595,19.395103,18.952087,18.989632,80456200
2010-06-08,18.959591,18.9671,18.509066,18.854469,87355000
2010-06-09,18.937072,19.162335,18.584161,18.614197,87794000
2010-06-10,18.869492,18.88451,18.606687,18.771879,78930900
2010-06-11,18.801901,19.312495,18.599165,19.267443,68057700
2010-06-14,19.417631,19.492718,19.124789,19.147316,50972400
2010-06-15,19.335031,20.010819,19.327523,19.958258,81641500
2010-06-16,19.875658,19.958255,19.695448,19.763027,48698000
2010-06-17,19.943235,20.025831,19.552781,19.80057,47995500
2010-06-18,19.800575,19.920715,19.650399,19.853136,52075600
2010-06-21,20.108433,20.191028,19.440153,19.485207,54625300
2010-06-22,19.642893,19.860647,19.342543,19.350052,55985400
2010-06-23,19.357558,19.357558,18.937067,19.004646,61466200
2010-06-24,19.117281,19.312509,18.719318,18.771879,85243400
2010-06-25,18.809418,18.854472,18.253771,18.418964,156256700
2010-06-28,18.403944,18.479032,18.111104,18.253769,73784800
2010-06-29,18.118615,18.171177,17.352723,17.502897,119882100
2010-06-30,17.495379,17.780712,17.232574,17.277626,81050500
2010-07-01,17.337705,17.510406,17.06739,17.390266,92239400
2010-07-02,17.540439,17.630543,17.307667,17.47286,62485100
2010-07-06,17.795739,18.08858,17.705633,17.885843,73592000
2010-07-07,17.885842,18.261279,17.728159,18.246262,79965300
2010-07-08,18.47152,18.486538,17.998468,18.328854,50758100
2010-07-09,18.268794,18.328864,18.133636,18.223742,53806100
2010-07-12,18.343876,18.689278,18.336367,18.644226,49854200
2010-07-13,18.876999,18.997138,18.696789,18.86949,61928700
2010-07-14,19.147313,19.229909,18.861981,19.102261,72808100
2010-07-15,19.147314,19.214893,18.756859,19.154823,56934700
2010-07-16,19.154823,19.252436,18.681771,18.68928,65064800
2010-07-19,18.741842,18.997139,18.704298,18.944578,38181800
2010-07-20,18.666754,19.132296,18.546614,19.132296,45530700
2010-07-21,19.222396,19.259939,18.756853,18.861977,73297300
2010-07-22,19.154813,19.515232,19.124777,19.402601,73016400
2010-07-23,19.40261,19.537768,18.959593,19.380083,108520100
2010-07-26,19.417622,19.672919,19.372568,19.597832,67249900
2010-07-27,19.627875,19.702963,19.492717,19.642893,60672100
2010-07-28,19.575311,19.665416,19.395101,19.485207,69704800
2010-07-29,19.620363,19.830609,19.2224,19.545277,69446200
2010-07-30,19.335031,19.40261,19.034681,19.380083,83534800
2010-08-02,19.515241,19.808082,19.335031,19.770538,55044600
2010-08-03,19.672929,19.78556,19.500226,19.642893,56877700
2010-08-04,19.635386,19.702965,19.102266,19.320019,78531900
2010-08-05,19.139804,19.207383,18.929558,19.0497,64922100
2010-08-06,18.907035,19.192367,18.786895,19.184858,55982100
2010-08-09,19.184854,19.320012,19.049698,19.229908,57096500
2010-08-10,19.019664,19.027173,18.68177,18.824436,87257700
2010-08-11,18.531596,18.696788,18.44149,18.666754,76746900
2010-08-12,18.33637,18.531598,18.291318,18.388931,70240500
2010-08-13,18.283803,18.524083,18.201206,18.321346,45263500
2010-08-16,18.291317,18.479035,18.246263,18.396439,40909700
2010-08-17,18.653099,18.841819,18.570063,18.653099,52912600
2010-08-18,18.630447,18.834265,18.426629,18.73613,46818900
2010-08-19,18.585157,18.675741,18.275654,18.449278,54064600
2010-08-20,18.351143,18.419082,18.268107,18.290752,49560100
2010-08-23,18.44928,18.600255,18.298303,18.328499,51643000
2010-08-24,18.185073,18.381342,18.117133,18.147329,66522500
2010-08-25,18.11714,18.283214,18.019007,18.192629,47404800
2010-08-26,18.185071,18.260559,17.958607,17.981253,49105300
2010-08-27,18.026544,18.132228,17.747239,18.064289,60939400
2010-08-30,17.920875,17.981265,17.815192,17.845387,45453100
2010-08-31,17.815182,17.913316,17.603815,17.717047,66074600
2010-09-01,17.868019,18.079386,17.769885,18.041641,65235900
2010-09-02,18.026539,18.079382,17.898209,18.071833,48837100
2010-09-03,18.298305,18.456831,18.268111,18.33605,64189100
2010-09-07,18.192617,18.343593,18.056739,18.086933,51928700
2010-09-08,18.169972,18.268107,17.920861,18.064289,65512400
2010-09-09,18.260562,18.275659,18.109585,18.124683,46028900
2010-09-10,18.102034,18.139779,17.958608,18.003901,58284300
2010-09-13,18.268103,19.090922,18.185066,18.955044,114680400
2010-09-14,18.90221,19.136222,18.788977,18.894661,87160400
2010-09-15,18.947505,19.03809,18.811626,18.962603,56201900
2010-09-16,18.917304,19.151318,18.909755,19.121122,44548300
2010-09-17,19.173959,19.272094,18.932397,19.03808,70341600
2010-09-20,19.083378,19.264549,18.955048,19.196609,49838700
2010-09-21,19.189051,19.189051,18.932392,18.985233,52675700
2010-09-22,18.788972,18.849362,18.388886,18.577606,94299400
2010-09-23,18.502117,18.562507,18.388885,18.441727,46201800
2010-09-24,18.600254,18.721035,18.554962,18.705938,51948800
2010-09-27,18.75878,18.864463,18.562511,18.668194,43603300
2010-09-28,18.72103,18.796519,18.381335,18.630445,56041200
2010-09-29,18.592704,18.615351,18.419081,18.49457,44318900
2010-09-30,18.577614,18.743688,18.388894,18.487028,61262700
2010-10-01,18.698388,18.736132,18.343594,18.403984,62672300
2010-10-04,18.086942,18.109589,17.951064,18.049198,98143400
2010-10-05,18.162418,18.456823,18.049187,18.381334,78152900
2010-10-06,18.358689,18.524764,18.215262,18.441727,50489700
2010-10-07,18.585165,18.683299,18.328505,18.517225,50096100
2010-10-08,18.585158,18.607803,18.396438,18.547413,41327800
2010-10-11,18.675737,18.675737,18.494566,18.562506,27587800
2010-10-12,18.607802,18.819169,18.441729,18.743681,50141500
2010-10-13,18.887121,19.27966,18.788986,19.128683,75336500
2010-10-14,19.090929,19.128673,18.872013,19.045635,51949100
2010-10-15,19.143775,19.287201,19.045639,19.279654,68954800
2010-10-18,19.317396,19.589154,19.211713,19.491018,48330500
2010-10-19,19.075828,19.151316,18.834267,18.947498,66150900
2010-10-20,19.06828,19.173963,18.9475,19.106024,56283600
2010-10-21,19.173966,19.27965,18.909758,19.189064,50032400
2010-10-22,19.264553,19.279651,19.075833,19.158869,25837900
2010-10-25,19.053182,19.136219,19.00034,19.015438,50912400
2010-10-26,18.962601,19.604248,18.917307,19.551407,69304200
2010-10-27,19.468363,19.709925,19.340034,19.664631,64805500
2010-10-28,19.78542,19.913749,19.566505,19.838263,80730300
2010-10-29,20.49501,20.532755,19.98924,20.132668,114193200
2010-11-01,20.291188,20.547847,20.15531,20.34403,61912100
2010-11-02,20.427066,20.698823,20.396871,20.676176,54402100
2010-11-03,20.729018,20.751665,20.351578,20.404421,110255300
2010-11-04,20.691273,20.706371,20.389322,20.487455,93599300
2010-11-05,20.510103,20.525201,20.02698,20.268541,110953700
2010-11-08,20.140212,21.793401,20.064724,20.238346,71670800
2010-11-09,20.238346,20.464811,20.162858,20.34403,58538600
2010-11-10,20.389319,20.44216,20.238342,20.336477,52277300
2010-11-11,20.140211,20.170406,19.838259,20.140211,62073100
2010-11-12,19.981683,20.019428,19.702378,19.830708,64962200
2010-11-15,19.876006,20.004336,19.755225,19.777872,51794600
2010-11-16,19.777861,19.777861,19.481648,19.60317,65339200
2010-11-17,19.671536,19.679131,19.405704,19.420895,58299700
2010-11-18,19.527219,19.808242,19.451269,19.625957,59514000
2010-11-19,19.595585,19.618371,19.443682,19.512039,52423200
2010-11-22,19.481652,19.550009,19.322154,19.542414,53350500
2010-11-23,19.420898,19.443684,19.056329,19.079115,69742500
2010-11-24,19.139869,19.337343,19.109488,19.268988,56825900
2010-11-26,19.14746,19.299364,19.11708,19.177841,21356500
2010-11-29,19.132276,19.306965,18.934801,19.223417,56603600
2010-11-30,19.025946,19.344944,18.987971,19.185446,75282100
2010-12-01,19.420897,19.93737,19.413302,19.777872,74123500
2010-12-02,19.929767,20.491811,19.899388,20.423454,91759200
2010-12-03,20.362692,20.552572,20.339908,20.522192,52622000
2010-12-06,20.453847,20.491823,20.324729,20.38549,36264200
2010-12-07,20.567766,20.605742,20.393077,20.408268,57860500
2010-12-08,20.377894,20.689297,20.355108,20.681702,41666800
2010-12-09,20.719671,20.765241,20.5146,20.567766,47148300
2010-12-10,20.651314,20.810812,20.590553,20.765242,37625800
2010-12-13,20.712079,20.848792,20.636127,20.696888,47943900
2010-12-14,20.742459,21.076648,20.704484,20.977911,64070500
2010-12-15,20.909548,21.258926,20.909548,21.152594,69634200
2010-12-16,21.084234,21.258923,21.008282,21.258923,57680200
2010-12-17,21.205765,21.334884,21.076647,21.190575,87456500
2010-12-20,21.228553,21.258933,21.023482,21.122219,52811000
2010-12-21,21.152597,21.372857,21.08424,21.319691,38153000
2010-12-22,21.274116,21.570328,21.25133,21.41083,42252300
2010-12-23,21.243732,21.509564,21.236137,21.494373,24902500
2010-12-27,21.357668,21.418429,21.175382,21.319691,21652800
2010-12-28,21.243743,21.395647,21.236147,21.274124,23042200
2010-12-29,21.220954,21.357667,21.175381,21.243738,19502500
2010-12-30,21.20576,21.266521,21.099428,21.152594,20786100
2010-12-31,21.114628,21.205771,20.98551,21.198175,24752000
2011-01-03,21.304501,21.403239,21.205764,21.251335,53443800
2011-01-04,21.220951,21.39564,21.152595,21.334879,54405600
2011-01-05,21.190575,21.274123,21.091838,21.266527,58998700
2011-01-06,21.296908,21.912118,21.160194,21.889332,88026300
2011-01-07,21.752615,21.828567,21.456403,21.722235,73762000
2011-01-10,21.463998,21.57033,21.296904,21.433617,57573600
2011-01-11,21.41843,21.456405,21.304501,21.350073,50298900
2011-01-12,21.357668,21.714641,21.319691,21.684259,52631100
2011-01-13,21.517162,21.562732,21.274116,21.41083,67077600
2011-01-14,21.32728,21.555135,21.198162,21.494373,62688400
2011-01-18,21.388048,21.828568,21.372857,21.767807,53322700
2011-01-19,21.6159,21.782995,21.471592,21.623495,50005900
2011-01-20,21.64629,21.684265,21.365267,21.532362,58613600
2011-01-21,21.57033,21.593116,21.281713,21.281713,58080300
2011-01-24,21.281716,21.691855,21.25893,21.555141,52047800
2011-01-25,21.372849,21.608301,21.35766,21.608301,42436600
2011-01-26,21.653883,22.018452,21.646288,21.858953,74628800
2011-01-27,21.836157,22.375414,21.638682,21.927299,146938600
2011-01-28,21.950095,21.972881,20.848794,21.076649,141249400
2011-01-31,21.091836,21.190573,20.826004,21.061455,65029000
2011-02-01,21.114614,21.312089,20.970306,21.258923,62810700
2011-02-02,21.213361,21.350075,21.175385,21.220957,45824000
2011-02-03,21.243736,21.243736,20.917144,21.00069,60340100
2011-02-04,21.038669,21.145001,20.89436,21.091835,40412200
2011-02-07,21.114622,21.524762,21.107028,21.41843,68980900
2011-02-08,21.342477,21.524762,21.3045,21.479191,34904200
2011-02-09,21.410833,21.463999,21.198167,21.243738,52905100
2011-02-10,21.213364,21.220959,20.727272,20.88677,76672400
2011-02-11,21.084243,21.122218,20.560174,20.696888,83939700
2011-02-14,20.666511,20.712083,20.469037,20.681702,56766200
2011-02-15,20.658771,20.880332,20.59001,20.597649,44116500
2011-02-16,20.666411,20.681692,20.322608,20.643492,70817900
2011-02-17,20.605294,20.910899,20.559454,20.788656,57207300
2011-02-18,20.727543,20.788664,20.620582,20.674063,68667800
2011-02-22,20.460136,20.704618,20.261494,20.314974,60889000
2011-02-23,20.269134,20.521256,20.192733,20.314974,60234100
2011-02-24,20.353168,20.674051,20.246207,20.45249,64494200
2011-02-25,20.559456,20.590017,20.246213,20.284412,53006300
2011-02-28,20.391371,20.521252,20.253849,20.307329,51379900
2011-03-01,20.322618,20.46014,19.978814,19.986454,60055000
2011-03-02,19.94825,20.146892,19.89477,19.925329,48658200
2011-03-03,20.062848,20.169809,20.001727,20.017008,68271500
2011-03-04,20.032291,20.047571,19.711407,19.82601,70437200
2011-03-07,19.963531,20.070493,19.520406,19.650288,64980400
2011-03-08,19.688484,19.879486,19.596802,19.795444,50549800
2011-03-09,19.719052,19.848933,19.604451,19.780172,39789100
2011-03-10,19.573883,19.642642,19.367601,19.413441,66549500
2011-03-11,19.413446,19.74961,19.375246,19.619728,49905800
2011-03-14,19.474565,19.680847,19.367604,19.627367,54473400
2011-03-15,19.161325,19.459287,19.100204,19.398167,76067300
2011-03-16,19.268282,19.314124,18.855719,18.93976,100725400
2011-03-17,19.146037,19.268278,18.909195,18.932116,62497000
2011-03-18,19.146039,19.237721,18.947397,18.947397,85486700
2011-03-21,19.237721,19.543324,19.2148,19.352322,46878100
2011-03-22,19.329405,19.451646,19.275924,19.329405,30895600
2011-03-23,19.275926,19.56625,19.237726,19.51277,43969000
2011-03-24,19.558607,19.764889,19.482205,19.719048,38696700
2011-03-25,19.810725,19.826006,19.550962,19.573883,57029800
2011-03-28,19.604443,19.650283,19.39052,19.413441,48973200
2011-03-29,19.359961,19.497482,19.3294,19.474562,40763500
2011-03-30,19.558608,19.650288,19.482207,19.566248,41999300
2011-03-31,19.558609,19.61973,19.359967,19.398167,63233700
2011-04-01,19.505126,19.505126,19.337043,19.466925,63114200
2011-04-04,19.444001,19.604442,19.41344,19.520401,35433700
2011-04-05,19.726694,20.001738,19.665574,19.696135,73651100
2011-04-06,19.848928,20.101051,19.757248,19.978809,65581400
2011-04-07,20.009368,20.062848,19.841285,20.017008,46134700
2011-04-08,19.994091,20.078133,19.833649,19.91769,39887600
2011-04-11,20.009369,20.055209,19.711405,19.848927,34286300
2011-04-12,19.734327,19.749607,19.520404,19.589165,36920400
2011-04-13,19.596801,19.764883,19.52804,19.58152,38144700
2011-04-14,19.42108,19.43636,19.168957,19.42108,55239900
2011-04-15,19.451641,19.528042,19.237719,19.382881,65080400
2011-04-18,19.1766,19.314122,18.886276,19.16132,58045100
2011-04-19,19.100199,19.23008,19.000879,19.2148,38892400
2011-04-20,19.512768,19.864211,19.489847,19.680849,61608600
2011-04-21,19.703763,19.780162,19.375239,19.49748,46892300
2011-04-25,19.528047,19.573888,19.359965,19.566248,33525100
2011-04-26,19.665567,20.200373,19.612086,20.009371,69200000
2011-04-27,20.093413,20.162174,19.963531,20.154533,52689000
2011-04-28,20.21565,20.528895,20.16981,20.406652,80200000
2011-04-29,20.284417,20.353178,19.375249,19.803093,319317900
2011-05-02,19.818361,19.864202,19.466917,19.604439,89825600
2011-05-03,19.558607,19.749609,19.474565,19.719048,71892900
2011-05-04,19.749605,20.055208,19.703765,19.910046,73292300
2011-05-05,19.902412,19.925333,19.61973,19.703772,55600000
2011-05-06,19.917686,20.032287,19.673203,19.764885,55993000
2011-05-09,19.711405,19.833646,19.612084,19.734325,38696400
2011-05-10,19.390522,19.749607,19.291202,19.612085,120798700
2011-05-11,19.5968,19.60444,19.260636,19.375238,78600000
2011-05-12,19.367602,19.398161,19.1766,19.344681,77400000
2011-05-13,19.314119,19.344679,19.061997,19.123117,66812300
2011-05-16,19.06964,19.153681,18.718197,18.771677,91350900
2011-05-17,18.763985,18.994691,18.664014,18.856268,82882100
2011-05-18,18.863955,19.025448,18.64863,18.986998,53931100
2011-05-19,19.110046,19.133115,18.84089,19.010073,37783600
2011-05-20,19.010076,19.125429,18.794752,18.833202,45451500
2011-05-23,18.61788,18.648641,18.479458,18.58712,52692500
2011-05-24,18.610187,18.679399,18.487145,18.571735,47691800
2011-05-25,18.587118,18.69478,18.579428,18.602499,34904200
2011-05-26,18.725532,19.248463,18.702461,18.971617,78016600
2011-05-27,18.979309,19.148492,18.956238,19.040831,50251000
2011-05-31,19.19463,19.271532,18.994687,19.233082,60196300
2011-06-01,19.2177,19.302293,18.740912,18.787052,74033500
2011-06-02,18.833197,18.95624,18.594803,18.625563,51487800
2011-06-03,18.494833,18.564044,18.33334,18.387171,60697700
2011-06-06,18.371787,18.648633,18.279506,18.464069,54778700
2011-06-07,18.525598,18.587119,18.379485,18.502527,41112600
2011-06-08,18.379471,18.471754,18.348711,18.410233,42205000
2011-06-09,18.464065,18.487136,18.317952,18.425613,42878700
2011-06-10,18.471752,18.471752,18.217977,18.233356,49327200
2011-06-13,18.29489,18.602497,18.225679,18.487144,47572500
2011-06-14,18.687084,18.802437,18.602493,18.625563,42894500
2011-06-15,18.45638,18.46407,18.202605,18.256435,49410200
2011-06-16,18.264116,18.533271,18.187214,18.456369,57184100
2011-06-17,18.625561,18.687082,18.440998,18.656322,83320400
2011-06-20,18.587112,18.963929,18.579421,18.817816,54338400
2011-06-21,18.856267,19.117732,18.763984,19.040831,49708700
2011-06-22,18.917791,19.079284,18.910101,18.956242,44287300
2011-06-23,18.794741,18.956234,18.610178,18.940853,59470400
2011-06-24,18.848574,18.871645,18.60249,18.68708,101387200
2011-06-27,18.633252,19.579141,18.633252,19.379198,92044200
2011-06-28,19.456101,19.932891,19.348439,19.840609,81032100
2011-06-29,19.771393,19.771393,19.502239,19.702183,66051000
2011-06-30,19.794463,19.994408,19.732942,19.994408,52535400
2011-07-01,19.940585,20.125148,19.871373,20.009796,52906200
2011-07-05,20.07131,20.10976,19.917506,20.017479,37805300
2011-07-06,19.971344,20.278951,19.963653,20.24819,48744200
2011-07-07,20.371229,20.671144,20.271257,20.586554,51946500
2011-07-08,20.409681,20.748047,20.38661,20.701906,58320700
2011-07-11,20.471206,20.609628,20.371233,20.478895,43999800
2011-07-12,20.41737,20.601935,20.255878,20.409681,47319300
2011-07-13,20.455826,20.73267,20.386614,20.478895,40861800
2011-07-14,20.4712,20.771116,20.271256,20.355846,46382300
2011-07-15,20.355846,20.709594,20.355846,20.594242,49132400
2011-07-18,20.478891,20.686526,20.194356,20.448132,44501900
2011-07-19,20.617315,21.255598,20.594245,21.178698,86730600
2011-07-20,20.978757,21.032588,20.748051,20.809572,49795400
2011-07-21,20.79419,21.001823,20.494272,20.84033,81737400
2011-07-22,20.655761,21.186381,20.517338,21.171001,76380600
2011-07-25,20.963376,21.601659,20.909545,21.463236,108482400
2011-07-26,21.394019,21.647794,21.363259,21.593964,74636500
2011-07-27,21.440162,21.524755,20.917233,21.017204,71488700
2011-07-28,20.986444,21.586275,20.924921,21.31712,83761400
2011-07-29,21.163314,21.309426,20.96337,21.071032,104394800
2011-08-01,21.155635,21.294058,20.571182,20.971071,61838400
2011-08-02,20.74804,21.109479,20.578857,20.609617,63883100
2011-08-03,20.632695,20.763427,20.363539,20.701906,64581200
2011-08-04,20.401988,20.663454,19.940579,19.948269,92949500
2011-08-05,19.971341,20.071314,19.40227,19.748327,112071700
2011-08-08,19.240781,19.686811,18.7563,18.825512,134257200
2011-08-09,19.002382,19.702188,18.479453,19.671427,126268900
2011-08-10,19.186942,19.294603,18.533278,18.61018,127819900
2011-08-11,18.840886,19.51762,18.763984,19.371508,90690100
2011-08-12,19.325365,19.486859,18.956238,19.302296,64787100
2011-08-15,19.409961,19.671427,19.340749,19.617596,56529400
2011-08-16,19.51699,19.803322,19.385432,19.617594,54251500
2011-08-17,19.540205,19.888447,19.292567,19.540205,50923700
2011-08-18,19.013971,19.416383,18.596082,19.091358,105714200
2011-08-19,18.890162,19.052675,18.503227,18.611568,77397900
2011-08-22,18.897897,18.952068,18.41036,18.557394,54721000
2011-08-23,18.596087,19.153273,18.596087,19.130056,59670600
2011-08-24,19.075888,19.292572,18.897899,19.269356,45329700
2011-08-25,19.408649,19.470558,18.959805,19.013975,48192000
2011-08-26,18.967542,19.609853,18.897893,19.540205,71957000
2011-08-29,19.756889,20.012266,19.63307,19.996788,38863200
2011-08-30,19.911663,20.453372,19.888447,20.298597,57341400
2011-08-31,20.345031,20.670055,20.321815,20.58493,59300800
2011-09-01,20.476596,20.786145,20.283129,20.283129,60510800
2011-09-02,19.950355,20.120606,19.857491,19.965832,43894400
2011-09-06,19.501516,19.803325,19.431867,19.741415,54929300
2011-09-07,19.880706,20.120605,19.787841,20.120605,41961000
2011-09-08,20.120607,20.63136,20.081914,20.290857,65811900
2011-09-09,20.120604,20.2599,19.733669,19.919397,64529200
2011-09-12,19.687249,20.066446,19.555692,20.03549,55046100
2011-09-13,20.058702,20.267648,19.973576,20.151567,48792300
2011-09-14,20.252172,20.73971,20.035488,20.507549,66739200
2011-09-15,20.685533,20.917695,20.360508,20.88674,67808300
2011-09-16,20.933173,21.103425,20.762922,20.987345,89681500
2011-09-19,20.739703,21.134377,20.58493,21.05699,52324900
2011-09-20,21.134375,21.28141,20.840305,20.878998,49211900
2011-09-21,20.933177,20.940915,20.097397,20.112875,72750700
2011-09-22,19.5789,19.849754,19.037192,19.393171,96278300
2011-09-23,19.269352,19.46282,19.10684,19.393171,64768100
2011-09-26,19.493773,19.74915,19.137792,19.687241,51057600
2011-09-27,19.857496,20.058702,19.694984,19.865234,55620700
2011-09-28,20.066442,20.406945,19.741417,19.795588,60736200
2011-09-29,20.105134,20.25217,19.416391,19.694984,63407300
2011-09-30,19.501511,19.733671,19.253871,19.26161,54060500
2011-10-03,19.130061,19.609861,18.975288,18.983027,64592500
2011-10-04,18.805032,19.64855,18.774078,19.609858,83485400
2011-10-05,19.671772,20.244435,19.470565,20.03549,94061300
2011-10-06,20.043221,20.430156,19.888448,20.383724,55111400
2011-10-07,20.383732,20.515289,20.27539,20.314083,52741600
2011-10-10,20.569452,20.87126,20.484326,20.848045,41815300
2011-10-11,20.78614,20.948652,20.677798,20.894482,38826200
2011-10-12,21.03377,21.134372,20.817086,20.863518,52489800
2011-10-13,20.708746,21.049249,20.600405,21.033772,43823500
2011-10-14,21.134386,21.281421,20.909964,21.103432,50947700
2011-10-17,20.979602,21.219501,20.778395,20.878998,39453300
2011-10-18,20.848046,21.204025,20.739703,21.134377,52487900
2011-10-19,21.180809,21.258195,20.902216,20.995079,42880000
2011-10-20,21.095685,21.157594,20.430157,20.925434,76300200
2011-10-21,21.010558,21.041514,20.739704,21.018297,76620600
2011-10-24,20.940906,21.204021,20.92543,21.04151,56897800
2011-10-25,20.956389,21.072469,20.677796,20.747444,53554600
2011-10-26,20.917691,20.940907,20.197993,20.577188,63029900
2011-10-27,20.995079,21.204024,20.623622,21.087944,74512400
2011-10-28,21.002817,21.041511,20.731964,20.878998,57712100
2011-10-31,20.708754,20.894483,20.600413,20.60815,46799000
2011-11-01,20.26765,20.368252,20.012273,20.112875,61182600
2011-11-02,20.198,20.275387,19.888452,20.128351,53533100
2011-11-03,20.306344,20.577199,20.105138,20.530767,65836100
2011-11-04,20.414686,20.430163,20.120616,20.314083,36549200
2011-11-07,20.283117,20.755178,20.221208,20.7397,42589700
2011-11-08,20.902217,21.049253,20.654579,21.018297,47822500
2011-11-09,20.57719,20.701009,20.167038,20.275381,62950900
2011-11-10,20.48433,20.507546,20.213477,20.337296,32514400
2011-11-11,20.56945,20.956385,20.561711,20.824827,37903000
2011-11-14,20.801611,20.894476,20.623622,20.708748,34199200
2011-11-15,20.708745,21.005031,20.583994,20.849091,43874200
2011-11-16,20.638573,20.669761,20.303305,20.326694,53262800
2011-11-17,20.279919,20.30331,19.835492,19.913462,70977500
2011-11-18,19.866685,19.882279,19.609385,19.726339,47626200
2011-11-21,19.679551,19.687348,19.414454,19.492424,61882500
2011-11-22,19.406656,19.461235,19.219529,19.328688,49204500
2011-11-23,19.18834,19.328686,19.079182,19.079182,49099700
2011-11-25,19.00901,19.235123,18.946634,18.946634,26164600
2011-11-28,19.445646,19.469036,19.250722,19.391068,46766700
2011-11-29,19.352072,19.523606,19.297493,19.367666,40917100
2011-11-30,19.780915,19.952448,19.601584,19.944651,81350900
2011-12-01,19.929046,19.983624,19.648356,19.710732,48545400
2011-12-02,19.952435,19.975826,19.617165,19.663946,52293800
2011-12-05,20.100589,20.116182,19.882274,20.038214,56818400
2011-12-06,20.123971,20.170754,19.968033,20.007017,46175300
2011-12-07,20.014818,20.084991,19.757518,19.960239,62667000
2011-12-08,19.866678,20.053805,19.780912,19.804302,60522200
2011-12-09,19.897868,20.170762,19.882274,20.038214,53788500
2011-12-12,19.81209,19.936842,19.718528,19.89006,38945900
2011-12-13,20.077196,20.35009,19.999226,20.084993,54581100
2011-12-14,20.053796,20.162955,19.936842,19.952436,47926400
2011-12-15,20.053802,20.178553,19.913458,19.92905,46213900
2011-12-16,20.014814,20.404662,19.983625,20.272114,101408100
2011-12-19,20.287708,20.365678,19.851077,19.905657,52258300
2011-12-20,20.162961,20.350088,20.123975,20.295509,60767600
2011-12-21,20.279918,20.420263,19.835491,20.084993,64132500
2011-12-22,20.131767,20.162956,19.86667,20.12397,35794100
2011-12-23,20.201945,20.303306,20.061599,20.295509,23205800
2011-12-27,20.240928,20.381273,20.217538,20.303305,21287200
2011-12-28,20.357895,20.389083,20.085001,20.131783,29822500
2011-12-29,20.233139,20.311108,20.162966,20.287718,22616900
2011-12-30,20.272115,20.36568,20.201943,20.240927,27395700
2012-01-03,20.700946,21.020622,20.576195,20.87248,64731500
2012-01-04,20.911469,21.418272,20.880282,21.363693,80516100
2012-01-05,21.348104,21.620998,21.277933,21.582014,56081400
2012-01-06,21.465062,21.979662,21.465062,21.917286,99455500
2012-01-09,21.870496,21.909481,21.613196,21.62879,59706800
2012-01-10,21.776933,21.948466,21.636588,21.70676,60014400
2012-01-11,21.387086,21.815919,21.340305,21.613197,65582400
2012-01-12,21.730149,21.847103,21.558614,21.831509,49370800
2012-01-13,21.776933,22.026436,21.667776,22.026436,60196100
2012-01-17,22.14339,22.338314,21.96406,22.034233,72395300
2012-01-18,22.073219,22.143392,21.808122,22.010843,64860600
2012-01-19,21.956261,22.174576,21.854901,21.925074,74053500
2012-01-20,22.470863,23.188184,22.416285,23.164793,165902900
2012-01-23,23.040036,23.351916,22.884098,23.180382,76078100
2012-01-24,22.97767,23.05564,22.751559,22.87631,51703300
2012-01-25,22.665789,23.118013,22.665789,23.04784,59231700
2012-01-26,23.08683,23.157002,22.923092,23.001062,49102800
2012-01-27,22.962073,23.024449,22.743757,22.790539,44187700
2012-01-30,22.587816,23.09462,22.478658,23.086823,51114800
2012-01-31,23.125816,23.157005,22.790546,23.024456,50572400
2012-02-01,23.227171,23.429891,23.20378,23.30514,67409900
2012-02-02,23.312941,23.52346,23.164798,23.351927,52223300
2012-02-03,23.500063,23.702785,23.461079,23.578033,41838500
2012-02-06,23.422099,23.562443,23.367519,23.54685,28039700
2012-02-07,23.507861,23.772958,23.429891,23.663801,39242400
2012-02-08,23.593628,23.913303,23.562439,23.905506,49659100
2012-02-09,23.921099,24.014662,23.765159,23.991272,50481600
2012-02-10,23.889915,24.014666,23.671601,23.780758,44605300
2012-02-13,23.882118,23.991277,23.72618,23.843134,33319800
2012-02-14,23.803889,23.905916,23.427171,23.741102,59644000
2012-02-15,23.803896,23.850985,23.568447,23.584143,43311300
2012-02-16,23.788195,24.761384,23.780346,24.557329,94705100
2012-02-17,24.486695,24.580874,24.290488,24.525936,70036500
2012-02-21,24.470995,24.808472,24.447449,24.675051,50829900
2012-02-22,24.682897,24.863408,24.470993,24.541628,49253200
2012-02-23,24.486702,24.792785,24.329735,24.620123,35034700
2012-02-24,24.706446,24.722143,24.518087,24.706446,35575400
2012-02-27,24.51808,24.722136,24.408205,24.604412,34568400
2012-02-28,24.651505,25.059617,24.62796,25.012527,45230600
2012-02-29,25.028226,25.114557,24.808474,24.910501,59323600
2012-03-01,25.05962,25.420641,24.996834,25.342159,77344100
2012-03-02,25.357854,25.45988,25.114556,25.177343,47314200
2012-03-05,25.122408,25.153801,24.816326,24.957594,45240000
2012-03-06,24.753534,25.098858,24.714292,24.76923,51932900
2012-03-07,24.855556,25.051764,24.745681,24.988977,34340400
2012-03-08,25.145951,25.279371,25.036074,25.122404,36747400
2012-03-09,25.193039,25.24013,25.051771,25.106709,34628400
2012-03-12,25.091009,25.271521,24.973285,25.145948,34073600
2012-03-13,25.302918,25.656089,25.232283,25.640392,48951700
2012-03-14,25.530514,25.805206,25.499123,25.718874,41986900
2012-03-15,25.734572,25.852295,25.569759,25.78166,49068300
2012-03-16,25.828755,25.860149,25.506975,25.585457,65626400
2012-03-19,25.538367,25.593305,25.232284,25.271524,44789200
2012-03-20,25.193039,25.232283,24.910501,25.106709,41566800
2012-03-21,25.083161,25.232281,24.973286,25.043921,37928600
2012-03-22,24.965443,25.185196,24.949747,25.114561,31749500
2012-03-23,25.193039,25.200889,24.894804,25.122404,35912200
2012-03-26,25.263669,25.593299,25.232278,25.577602,36758300
2012-03-27,25.624699,25.66394,25.428492,25.522671,36274900
2012-03-28,25.522665,25.663935,25.145947,25.26367,41344800
2012-03-29,25.161647,25.263672,24.965438,25.208735,37038500
2012-03-30,25.428482,25.436329,25.145943,25.318604,31749400
2012-04-02,25.287221,25.475579,25.075317,25.342159,35853600
2012-04-03,25.240125,25.263669,24.84771,25.067463,42752100
2012-04-04,24.847713,24.871259,24.368967,24.494539,49455900
2012-04-05,24.447445,24.824163,24.368962,24.737833,50368600
2012-04-09,24.502384,24.643653,24.306176,24.408205,31056400
2012-04-10,24.376813,24.478841,23.780342,23.913763,54131300
2012-04-11,23.882372,23.960855,23.725406,23.819586,43014000
2012-04-12,23.92162,24.361126,23.874531,24.314035,38304000
2012-04-13,24.243395,24.4553,24.109974,24.180609,39749200
2012-04-16,24.321875,24.478841,24.149213,24.392509,38124800
2012-04-17,24.54163,24.808472,24.486692,24.675051,34361500
2012-04-18,24.549477,24.573021,24.361118,24.4396,40552900
2012-04-19,24.431751,24.863408,24.282634,24.337572,54781200
2012-04-20,25.232289,25.813062,25.153805,25.444191,106045000
2012-04-23,25.357854,25.506971,25.1381,25.208735,61398200
2012-04-24,25.279365,25.522664,24.981131,25.051765,40871100
2012-04-25,25.051772,25.365703,25.012531,25.271524,62495500
2012-04-26,25.208729,25.295061,25.051764,25.200882,40308100
2012-04-27,25.208734,25.287218,25.020375,25.098858,41419100
2012-04-30,25.098851,25.20088,25.051762,25.130245,35697200
2012-05-01,25.153798,25.381399,25.075316,25.122404,43832300
2012-05-02,24.996836,25.059623,24.832021,24.957594,37385300
2012-05-03,25.020376,25.036073,24.808473,24.926197,31501300
2012-05-04,24.682907,24.777085,24.266946,24.314035,57927200
2012-05-07,24.094281,24.219854,23.992252,24.055038,48641400
2012-05-08,23.921616,24.157066,23.678319,23.937313,46328300
2012-05-09,23.694016,24.196307,23.623381,24.141369,50309300
2012-05-10,24.21985,24.345422,23.89807,24.125669,43839200
2012-05-11,24.086436,24.753541,24.086436,24.455305,43459300
2012-05-14,24.188462,24.361126,24.047193,24.078587,40528900
2012-05-15,24.204972,24.331368,23.817882,23.86528,61822800
2012-05-16,23.944281,23.952181,23.493993,23.62039,60083700
2012-05-17,23.69149,23.865285,23.470295,23.478195,48484000
2012-05-18,23.533495,23.549294,23.043707,23.122705,56205300
2012-05-21,22.988408,23.533494,22.956808,23.501894,38787900
2012-05-22,23.4545,23.604595,23.304403,23.509798,39504900
2012-05-23,23.1859,23.225399,22.625014,22.996305,65171000
2012-05-24,23.03581,23.146407,22.719819,22.964712,52575000
2012-05-25,23.067408,23.193805,22.917312,22.95681,29507200
2012-05-29,23.209604,23.478198,23.083208,23.351801,37758800
2012-05-30,23.185903,23.2886,23.004208,23.178003,41585500
2012-05-31,23.146402,23.2412,22.862011,23.059505,39134000
2012-06-01,22.719817,22.877812,22.467024,22.474924,56634300
2012-06-04,22.609217,22.735613,22.372222,22.553917,47926300
2012-06-05,22.522327,22.711922,22.427529,22.522327,45715400
2012-06-06,22.814607,23.201698,22.759308,23.185898,46860500
2012-06-07,23.414992,23.462392,23.043702,23.091101,37792800
2012-06-08,23.075306,23.446597,22.948909,23.422897,42551100
2012-06-11,23.486095,23.549293,22.767214,22.830412,46361900
2012-06-12,22.988411,23.146406,22.783016,23.138508,35337900
2012-06-13,23.083206,23.257003,22.94891,23.012108,32984600
2012-06-14,23.170103,23.2728,22.814612,23.178003,39458900
2012-06-15,23.375501,23.762591,23.296503,23.715193,62314400
2012-06-18,23.691485,23.723085,23.47029,23.572989,58679900
2012-06-19,23.849487,24.576268,23.738889,24.252377,75725800
2012-06-20,24.434069,24.528865,24.204974,24.434069,36257100
2012-06-21,24.457765,24.599962,23.746784,23.809982,48456600
2012-06-22,23.936383,24.276075,23.72309,24.252377,45098100
2012-06-25,23.936389,23.952189,23.399204,23.596699,42217200
2012-06-26,23.699393,23.912688,23.651994,23.715193,38421300
2012-06-27,23.849485,24.094378,23.723088,23.833685,33781700
2012-06-28,23.683594,23.738893,23.241206,23.628296,45328400
2012-06-29,24.054881,24.244476,23.809986,24.165478,55227200
2012-07-02,24.189179,24.189179,23.865286,24.141779,30589100
2012-07-03,23.881088,24.299778,23.83369,24.299778,20938100
2012-07-05,24.165478,24.315575,23.999582,24.252377,28801900
2012-07-06,24.181275,24.252373,23.659889,23.849483,38294800
2012-07-09,23.794191,23.881087,23.525597,23.699392,30680800
2012-07-10,23.762587,23.873184,23.312299,23.493994,37534100
2012-07-11,23.470294,23.493994,22.996307,23.146402,39184900
2012-07-12,23.027909,23.051609,22.546022,22.617119,63523600
2012-07-13,22.719818,23.288603,22.688218,23.217505,39085000
2012-07-16,23.2886,23.3281,22.94101,23.257002,27900600
2012-07-17,23.414996,23.588792,23.067406,23.430796,33771300
2012-07-18,23.383395,24.054878,23.272797,24.054878,41090400
2012-07-19,24.102275,24.331369,23.999577,24.228672,46663200
2012-07-20,24.489369,24.528867,23.738888,23.794188,64021700
2012-07-23,23.359697,23.367597,22.917309,23.130604,55151900
2012-07-24,23.099009,23.193807,22.830415,23.02791,47723300
2012-07-25,23.099008,23.170106,22.735618,22.775116,45579500
2012-07-26,23.091101,23.304396,22.980505,23.035803,45301400
2012-07-27,23.288603,23.580896,23.05161,23.509798,44242600
2012-07-30,23.501895,23.557194,23.272801,23.414997,28905000
2012-07-31,23.288599,23.470294,23.170102,23.280699,37620900
2012-08-01,23.375498,23.422896,23.075305,23.233301,31721800
2012-08-02,23.075304,23.328099,22.885709,23.059505,39520500
2012-08-03,23.328099,23.651991,23.288599,23.501894,35859400
2012-08-06,23.699391,23.78629,23.549295,23.659893,27471800
2012-08-07,23.754689,23.975883,23.596694,23.904785,28002900
2012-08-08,23.865287,24.070682,23.78629,23.960085,26257600
2012-08-09,24.007485,24.21288,23.936387,24.094383,24920800
2012-08-10,24.094376,24.189174,23.896881,24.031178,27810300
2012-08-13,23.97588,24.062777,23.825784,24.007479,23049100
2012-08-14,24.094956,24.166526,23.864345,23.95977,34551400
2012-08-15,23.943873,24.079059,23.872303,24.015442,24351000
2012-08-16,24.142674,24.603898,24.063152,24.476664,35787200
2012-08-17,24.587989,24.587989,24.325569,24.572084,32589900
2012-08-20,24.508456,24.532313,24.317606,24.444839,23737700
2012-08-21,24.460757,24.619799,24.341476,24.492565,28822700
2012-08-22,24.325559,24.460745,24.230133,24.285799,33437400
2012-08-23,24.166522,24.174474,23.920006,24.063145,28355600
2012-08-24,24.055195,24.357375,23.99953,24.30171,22943300
2012-08-27,24.595941,24.619797,24.325569,24.40509,34691100
2012-08-28,24.41304,24.49256,24.269902,24.357374,23947900
2012-08-29,24.373281,24.452803,24.206287,24.373281,23346800
2012-08-30,24.277856,24.341473,24.031339,24.110861,23982100
2012-08-31,24.333524,24.6198,24.158576,24.508471,36590100
2012-09-04,24.214239,24.381233,23.975674,24.166525,48556700
2012-09-05,24.031339,24.277856,24.023386,24.166525,33650000
2012-09-06,24.253996,24.93788,24.222187,24.929928,48371700
2012-09-07,24.683412,24.707268,24.436895,24.611843,42649100
2012-09-10,24.516419,24.572084,24.261952,24.428946,40524000
2012-09-11,24.405094,24.58004,24.341477,24.484615,25191800
2012-09-12,24.603898,24.794749,24.436902,24.476664,32775800
2012-09-13,24.56413,24.794742,24.174476,24.603891,45047300
2012-09-14,24.659562,24.850413,24.500519,24.818604,51422800
2012-09-17,24.8027,24.858365,24.683419,24.818604,36488500
2012-09-18,24.731124,24.818596,24.675459,24.794741,34542700
2012-09-19,24.723174,24.802695,24.683413,24.691364,48871900
2012-09-20,24.611844,25.033306,24.580035,25.009451,45543000
2012-09-21,24.993547,25.136686,24.723175,24.802696,102348900
2012-09-24,24.65161,24.707275,24.365333,24.476664,46825900
2012-09-25,24.611845,24.651605,24.142669,24.166525,54266400
2012-09-26,24.079049,24.333517,23.888198,23.991575,54672000
2012-09-27,23.991578,24.174476,23.768918,23.983625,47129900
2012-09-28,23.99953,24.063147,23.649636,23.665541,54229300
2012-10-01,23.7053,23.840487,23.395168,23.450832,54042700
2012-10-02,23.601918,23.768912,23.45878,23.586014,43338900
2012-10-03,23.657588,23.848439,23.593971,23.745062,46655900
2012-10-04,23.832533,23.880247,23.514448,23.880247,43634900
2012-10-05,24.03929,24.055195,23.649636,23.73711,41133900
2012-10-08,23.570115,23.792775,23.498546,23.681446,29752000
2012-10-09,23.601923,23.649636,23.204317,23.283838,45121100
2012-10-10,23.180459,23.307693,23.021417,23.045273,47227100
2012-10-11,23.236124,23.259981,22.957801,23.021418,41488500
2012-10-12,23.03733,23.315655,22.902144,23.22023,46464700
2012-10-15,23.355412,23.633736,23.259986,23.466742,42440200
2012-10-16,23.419025,23.649636,23.315646,23.450832,47739400
2012-10-17,23.299745,23.570117,23.132751,23.530357,44206100
2012-10-18,23.578073,23.64169,23.267941,23.458792,59238500
2012-10-19,23.100932,23.124789,22.663565,22.774895,90470800
2012-10-22,22.846472,22.925993,22.13078,22.265966,83374000
2012-10-23,22.083068,22.42501,22.075116,22.305727,64414800
2012-10-24,22.393203,22.425012,22.162592,22.186447,53320400
2012-10-25,22.417061,22.425013,22.154641,22.170544,54084300
2012-10-26,22.154643,22.536345,22.138738,22.432966,57790000
2012-10-31,22.70333,22.96575,22.66357,22.695379,69464100
2012-11-01,22.933944,23.506497,22.91804,23.474689,72047900
2012-11-02,23.530361,23.6735,23.323605,23.458792,57131600
2012-11-05,23.55421,23.649634,23.323597,23.56216,38070800
2012-11-06,23.713253,24.015434,23.546259,23.745062,43401500
2012-11-07,23.482646,23.72121,23.100943,23.1248,57871800
2012-11-08,23.156601,23.355404,22.902131,22.910084,49841800
2012-11-09,22.965751,23.212268,22.910086,22.925991,43291200
2012-11-12,23.013472,23.069137,22.432966,22.440918,61112300
2012-11-13,21.663212,21.8877,21.446739,21.719334,131689200
2012-11-14,21.839595,21.879683,21.486825,21.518896,76086100
2012-11-15,21.550974,21.623131,21.350537,21.37459,50955600
2012-11-16,21.382602,21.406655,21.118026,21.262341,64083300
2012-11-19,21.486832,21.486832,21.222255,21.43071,57179300
2012-11-20,21.454763,21.486832,21.214238,21.414675,47070400
2012-11-21,21.414677,21.783482,21.382608,21.607098,66360300
2012-11-23,21.831582,22.264527,21.807531,22.208405,57845700
2012-11-26,22.080129,22.112198,21.783482,21.959866,85198700
2012-11-27,21.935815,21.951848,21.679256,21.711325,45018600
2012-11-28,21.6552,21.959863,21.462781,21.935812,53018400
2012-11-29,21.735377,21.935814,21.53494,21.607098,69551400
2012-11-30,21.687262,21.751402,21.238284,21.342512,83690200
2012-12-03,21.470792,21.502861,21.166127,21.19018,53173800
2012-12-04,21.246316,21.350543,21.118037,21.14209,49777500
2012-12-05,21.150093,21.591055,21.053885,21.382601,68283800
2012-12-06,21.49485,21.631147,21.334501,21.43071,39182300
2012-12-07,21.502869,21.502869,21.142083,21.214239,46162100
2012-12-10,21.294409,21.623125,21.262339,21.599073,47031100
2012-12-11,21.68727,22.040039,21.68727,21.903742,52282800
2012-12-12,22.072103,22.144261,21.711316,21.839596,43966300
2012-12-13,21.903739,22.064089,21.607093,21.735373,45080100
2012-12-14,21.735381,21.751415,21.406665,21.494856,42077500
2012-12-17,21.478817,21.823567,21.390624,21.727358,42046100
2012-12-18,21.84762,22.152283,21.759427,22.096161,50486900
2012-12-19,22.200388,22.232457,21.847619,21.895723,53519900
2012-12-20,21.935814,22.192373,21.767447,22.192373,52607300
2012-12-21,22.007977,22.040046,21.647189,22.007977,98776500
2012-12-24,21.80753,21.847616,21.647179,21.695284,20842400
2012-12-26,21.671238,21.807535,21.406661,21.534941,31631100
2012-12-27,21.558988,21.719338,21.302429,21.61511,39394000
2012-12-28,21.414672,21.567004,21.286392,21.286392,28239900
2012-12-31,21.318466,21.462781,21.142082,21.414675,42749500
2013-01-02,21.847623,22.232461,21.767448,22.14427,52899300
2013-01-03,22.152289,22.168325,21.775468,21.847626,48294400
2013-01-04,21.863653,21.919775,21.430709,21.438726,52521100
2013-01-07,21.462783,21.550974,21.358555,21.398643,37110400
2013-01-08,21.446742,21.478813,21.214235,21.286392,44703100
2013-01-09,21.42269,21.446743,21.294411,21.406656,49047900
2013-01-10,21.366572,21.631148,21.077944,21.214239,71431300
2013-01-11,21.238293,21.591062,21.069927,21.510887,55512100
2013-01-14,21.56701,21.711325,21.454766,21.558992,48324400
2013-01-15,21.510879,21.879683,21.510879,21.815542,48244500
2013-01-16,21.767442,21.831582,21.655198,21.679251,41077400
2013-01-17,21.799521,22.02401,21.695293,21.847626,51685900
2013-01-18,21.727364,21.879696,21.679259,21.847626,52167700
2013-01-22,21.887705,22.007968,21.647181,21.767443,58650600
2013-01-23,21.807531,22.160299,21.807531,22.136248,50387700
2013-01-24,22.208401,22.505046,22.023998,22.152277,101739300
2013-01-25,22.112195,22.63333,21.959862,22.352718,81847700
2013-01-28,22.456945,22.633329,22.256508,22.37677,56056500
2013-01-29,22.304617,22.553158,22.128233,22.456949,49242600
2013-01-30,22.456946,22.601261,22.256509,22.328667,43580500
2013-01-31,22.280571,22.424884,21.967888,22.007977,50530000
2013-02-01,22.184351,22.489014,22.08814,22.392805,55565900
2013-02-04,22.344702,22.464964,21.983915,21.99995,50540000
2013-02-05,22.144266,22.176335,21.935811,22.048056,35410400
2013-02-06,21.951836,22.080117,21.84761,21.919767,41889600
2013-02-07,21.927794,21.959863,21.727357,21.871672,38028300
2013-02-08,21.927788,22.216416,21.895718,22.088137,33318500
2013-02-11,22.168323,22.384795,22.048061,22.336691,32247700
2013-02-12,22.352718,22.448929,22.248492,22.352718,35990900
2013-02-13,22.392807,22.537122,22.352719,22.472982,41715600
2013-02-14,22.384792,22.497037,22.344706,22.481003,32663200
2013-02-15,22.481002,22.577211,22.352721,22.456949,49650900
2013-02-19,22.537789,22.707551,22.473118,22.675215,38781400
2013-02-20,22.739882,22.79647,22.497367,22.529703,44110200
2013-02-21,22.424611,22.424611,22.012335,22.222515,49078500
2013-02-22,22.376104,22.440775,22.214426,22.440775,31425900
2013-02-25,22.610533,22.675204,22.125504,22.125504,48011800
2013-02-26,22.133586,22.311432,22.101251,22.125504,49923300
2013-02-27,22.165926,22.634789,22.093171,22.481195,36394700
2013-02-28,22.537792,22.610547,22.424619,22.473122,35840200
2013-03-01,22.40844,22.61862,22.246764,22.59437,34849700
2013-03-04,22.513533,22.756048,22.392276,22.756048,38157500
2013-03-05,22.869218,23.071314,22.764127,22.917721,41432200
2013-03-06,22.80455,22.820718,22.456945,22.707544,51448500
2013-03-07,22.72371,22.861136,22.642872,22.747961,29196700
2013-03-08,22.836887,22.901558,22.602454,22.63479,37667800
2013-03-11,22.58629,22.61054,22.368025,22.529703,36627500
2013-03-12,22.505452,22.594375,22.343774,22.562038,39255200
2013-03-13,22.529707,22.650964,22.4327,22.570126,29093400
2013-03-14,22.634788,22.764129,22.578201,22.747961,55914800
2013-03-15,22.659049,22.764139,22.618629,22.667133,92710300
2013-03-18,22.537786,22.861141,22.481199,22.715631,44809400
2013-03-19,22.731805,22.812642,22.65905,22.780308,51901600
2013-03-20,22.909643,23.0309,22.780301,22.893475,35447800
2013-03-21,22.723717,22.925813,22.675212,22.723717,34233200
2013-03-22,22.788388,22.909646,22.715634,22.836891,28720900
2013-03-25,22.877301,22.917721,22.60245,22.764128,44154000
2013-03-26,22.828798,22.909637,22.723709,22.764128,27824300
2013-03-27,22.747969,22.99857,22.699466,22.933899,36047400
2013-03-28,22.893474,23.168325,22.844972,23.127907,55453800
2013-04-01,23.152157,23.168325,22.92581,23.127907,29201100
2013-04-02,23.111751,23.321932,23.055164,23.281511,28456500
2013-04-03,23.241084,23.402761,23.071324,23.08749,35062800
2013-04-04,22.95006,23.127906,22.853054,23.119822,45263200
2013-04-05,22.812638,23.265335,22.723717,23.200665,50927300
2013-04-08,23.224917,23.224917,23.014737,23.111744,34759500
2013-04-09,23.224916,24.106057,23.184498,23.936296,77733800
2013-04-10,23.903958,24.510248,23.86354,24.477913,71116700
2013-04-11,23.524014,23.604853,23.224911,23.394672,130923200
2013-04-12,23.321923,23.459349,23.168329,23.27342,62886300
2013-04-15,23.160243,23.42701,23.04707,23.192579,56332900
2013-04-16,23.36234,23.556352,23.200663,23.418926,52797300
2013-04-17,23.321928,23.475521,23.119831,23.305759,52840700
2013-04-18,23.402762,23.427012,23.038988,23.27342,56906600
2013-04-19,23.944384,24.445582,23.9363,24.065641,99790700
2013-04-22,24.494079,25.205459,24.469828,24.922523,137904000
2013-04-23,24.817442,24.979118,24.558757,24.736603,59126900
2013-04-24,24.752765,25.803666,24.736597,25.674324,90946600
2013-04-25,25.633904,26.54738,25.49648,25.819834,110700200
2013-04-26,25.78749,25.85216,25.423717,25.698568,47799300
2013-04-29,25.706659,26.418039,25.682408,26.361452,59116400
2013-04-30,26.321039,26.76565,26.094689,26.757565,75165200
2013-05-01,26.620131,26.74139,26.353362,26.450371,54330900
2013-05-02,26.377621,26.814147,26.183607,26.806065,46059500
2013-05-03,26.862644,27.097077,26.741389,27.072826,46784600
2013-05-06,27.016236,27.412346,26.878812,27.283005,40978300
2013-05-07,27.202172,27.315345,26.870734,26.92732,43078300
2013-05-08,26.733309,26.870737,26.393789,26.66864,51595700
2013-05-09,26.555467,26.676726,26.345288,26.401875,46417800
2013-05-10,26.409951,26.450373,26.127017,26.426119,36394900
2013-05-13,26.361447,26.733304,26.312943,26.700968,36027600
2013-05-14,26.749814,27.295229,26.70097,27.295229,56870100
2013-05-15,27.230111,27.596436,27.21383,27.555731,46303900
2013-05-16,27.384774,27.799944,27.311509,27.74296,59382900
2013-05-17,27.783664,28.386063,27.759241,28.386063,60666700
2013-05-20,28.272096,28.573295,28.231394,28.557016,54020800
2013-05-21,28.573301,28.711692,28.263962,28.369787,48702400
2013-05-22,28.32094,28.361642,27.970896,28.17441,66047500
2013-05-23,27.865069,28.125566,27.596432,27.799946,51102700
2013-05-24,27.61271,27.90577,27.596432,27.897631,33174400
2013-05-28,28.019739,28.638422,28.0116,28.508173,48212100
2013-05-29,28.280236,28.50817,28.141845,28.394203,38412200
2013-05-30,28.36977,28.695393,28.33721,28.5163,51131000
2013-05-31,28.345359,28.719823,28.320938,28.410484,56165700
2013-06-03,28.426764,29.004744,28.353502,28.972181,51252600
2013-06-04,28.996601,29.09429,28.304657,28.483749,65529500
2013-06-05,28.166271,28.402348,28.027884,28.312801,46025100
2013-06-06,28.361642,28.581437,28.076724,28.459328,37618500
2013-06-07,28.695401,29.126848,28.540732,29.037302,40757300
2013-06-10,28.907047,29.021017,28.605848,28.874487,35994500
2013-06-11,28.532592,28.638419,28.231392,28.361641,39435900
2013-06-12,28.605857,28.711685,28.369781,28.49189,37372700
2013-06-13,28.483753,28.508174,28.15813,28.263958,45654900
2013-06-14,28.125559,28.239526,27.881343,28.003452,53192600
2013-06-17,28.239532,28.622138,28.190691,28.49189,49670100
2013-06-18,28.467472,28.63028,28.410488,28.475611,28616500
2013-06-19,28.45932,28.565148,28.158121,28.158121,30816200
2013-06-20,27.889491,27.946478,27.164984,27.262672,54493700
2013-06-21,27.401055,27.458038,26.904481,27.083574,85338500
2013-06-24,26.814934,27.840643,26.513735,27.449898,56109000
2013-06-25,27.742966,27.987181,27.23825,27.409201,44073400
2013-06-26,27.775529,28.068589,27.588297,27.962761,48665900
2013-06-27,28.101144,28.312797,28.084863,28.182549,28993100
2013-06-28,27.987179,28.320941,27.954616,28.117428,65545500
2013-07-01,28.288367,28.483741,27.946466,27.970886,31055400
2013-07-02,28.011597,28.036017,27.376635,27.62899,37630000
2013-07-03,27.401064,27.979042,27.35222,27.685982,15994400
2013-07-05,27.751105,27.873215,27.335939,27.848791,26085900
2013-07-08,27.962758,28.158133,27.661559,27.94648,32396900
2013-07-09,28.149996,28.166274,27.79181,27.962761,25318500
2013-07-10,27.954617,28.337223,27.938335,28.247677,29658800
2013-07-11,28.491891,29.118713,28.410487,29.053587,53638300
2013-07-12,28.96404,29.086146,28.719821,29.037302,35501200
2013-07-15,29.029164,29.485035,28.964041,29.44433,34142600
2013-07-16,29.314076,29.655981,29.273374,29.525732,36378500
2013-07-17,29.582723,29.623425,28.890778,29.094292,37285100
2013-07-18,29.078016,29.216404,28.670989,28.850079,49547100
2013-07-19,26.375348,26.59514,25.251953,25.561293,248428500
2013-07-22,25.805512,26.057867,25.724107,26.057867,79040700
2013-07-23,25.976463,26.082291,25.813652,25.903198,65810400
2013-07-24,26.082292,26.204398,25.960183,26.017166,52803100
2013-07-25,25.74039,25.76481,25.439189,25.553156,63213000
2013-07-26,25.447327,25.740387,25.406623,25.740387,38633600
2013-07-29,25.618277,25.724105,25.561294,25.675262,28870700
2013-07-30,25.870629,26.147406,25.683395,25.927612,45799500
2013-07-31,26.025306,26.09043,25.813651,25.919479,43898400
2013-08-01,26.098574,26.122994,25.724108,25.781092,42557900
2013-08-02,25.797376,25.968327,25.699689,25.960186,29199900
2013-08-05,25.968325,26.049731,25.756671,25.805515,30984000
2013-08-06,25.683404,25.781092,25.545015,25.707827,36331500
2013-08-07,25.675263,26.131132,25.439187,26.098572,38078600
2013-08-08,26.245103,26.920767,26.090431,26.774237,59034400
2013-08-09,26.676549,26.782377,26.432334,26.619566,26800700
2013-08-12,26.424192,26.839361,26.424192,26.757954,25493700
2013-08-13,26.651385,26.684177,26.405448,26.421844,39464100
2013-08-14,26.348065,27.34821,25.987358,26.52022,48519600
2013-08-15,26.23329,26.380852,25.282333,26.061134,33338000
2013-08-16,26.061134,26.225091,25.95456,26.06933,32866300
2013-08-19,26.036544,26.208699,25.725023,25.733221,27902500
2013-08-20,25.774204,26.151307,25.716819,25.921766,22979600
2013-08-21,25.91357,26.241485,25.856185,25.91357,37409100
2013-08-22,26.38905,26.63499,26.315269,26.553009,31169900
2013-08-23,28.832029,28.856625,27.872876,28.487719,225493800
2013-08-26,28.20079,28.42213,27.897465,27.995842,72786800
2013-08-27,27.479369,27.954846,27.176048,27.266222,58522300
2013-08-28,27.372797,27.544952,27.053079,27.069475,44257400
2013-08-29,26.995691,27.544949,26.889117,27.50396,45284700
2013-08-30,27.356403,27.44658,27.126862,27.380999,42790200
2013-09-03,26.028342,26.290675,25.65124,26.134914,154507000
2013-09-04,25.73322,25.798803,25.50368,25.577461,142320600
2013-09-05,25.495483,25.774211,25.372514,25.602055,71644900
2013-09-06,25.667643,25.733226,25.52008,25.536476,75434900
2013-09-09,25.593855,26.061137,25.57746,25.954563,49628500
2013-09-10,26.151312,26.561209,26.061136,26.553009,56881200
2013-09-11,26.700567,26.995692,26.667775,26.839933,39087500
2013-09-12,26.82354,26.872726,26.716967,26.798944,32860200
2013-09-13,26.864529,27.110465,26.651382,27.077673,40899000
2013-09-16,27.364606,27.46298,26.831741,26.889126,52839700
2013-09-17,27.397393,27.438385,26.971104,26.995697,84716500
2013-09-18,27.044878,27.380992,26.913711,27.315407,64099900
2013-09-19,27.446581,27.61054,27.315415,27.577747,42026600
2013-09-20,27.389193,27.446578,26.798943,26.880924,102904900
2013-09-23,26.675975,27.028485,26.643182,26.839933,39826100
2013-09-24,26.946502,26.946502,26.356255,26.602192,40685000
2013-09-25,26.634991,26.889124,26.56121,26.651384,28907500
2013-09-26,26.757953,27.053078,26.716964,26.864527,28504000
2013-09-27,26.954704,27.667921,26.946504,27.274422,55348000
2013-09-30,27.053081,27.307217,26.807145,27.282621,39839500
2013-10-01,27.340004,27.553151,27.299015,27.528559,36718700
2013-10-02,27.348207,27.897465,27.290822,27.807287,46946800
2013-10-03,27.774504,27.872878,27.397398,27.758108,38703800
2013-10-04,27.618728,27.864668,27.561343,27.77449,33008100
2013-10-07,27.544951,27.635129,27.217037,27.299015,35069300
2013-10-08,27.307211,27.323607,26.889116,27.061272,41017600
2013-10-09,27.110472,27.340012,27.020294,27.110472,35878600
2013-10-10,27.307219,27.782696,27.266227,27.676123,42875100
2013-10-11,27.610542,27.987645,27.610542,27.979448,30033300
2013-10-14,27.790895,28.282768,27.692518,28.241779,27757900
2013-10-15,28.422122,28.684458,28.258167,28.274563,47097800
2013-10-16,28.364751,28.61069,28.331961,28.397543,35111600
2013-10-17,28.241783,28.684471,28.176199,28.627083,31359200
2013-10-18,28.5451,28.684466,28.143404,28.65987,41811700
2013-10-21,28.676264,28.856619,28.618879,28.684464,27433500
2013-10-22,28.709059,28.774641,28.299164,28.348352,40438500
2013-10-23,28.159799,28.274572,27.602341,27.676123,58600500
2013-10-24,27.725305,27.954846,27.520358,27.643328,53209700
2013-10-25,29.414071,29.750185,29.077957,29.291101,113494000
2013-10-28,29.192729,29.291103,28.914,29.159937,38383600
2013-10-29,29.209131,29.282912,28.905806,29.118954,31702200
2013-10-30,29.127148,29.340295,29.04517,29.135347,36997700
2013-10-31,29.233728,29.25832,28.971395,29.02878,41682300
2013-11-01,29.241912,29.258308,29.012372,29.127142,40264600
2013-11-04,29.176333,29.496051,29.143541,29.463259,28060700
2013-11-05,29.340296,30.094502,29.3239,30.037117,51681900
2013-11-06,30.529001,31.332395,30.381438,31.299603,88948800
2013-11-07,31.119227,31.160216,30.68474,30.742125,60437400
2013-11-08,30.881498,30.971676,30.610969,30.971676,36737800
2013-11-11,30.897892,30.971673,30.619163,30.815914,26872500
2013-11-12,30.643757,30.824109,30.496195,30.627361,31651600
2013-11-13,30.315846,31.283199,30.250265,31.283199,44957600
2013-11-14,31.045447,31.258594,30.922481,31.168417,46183700
2013-11-15,31.111046,31.168431,30.922494,31.020868,50601300
2013-11-18,30.619175,30.807729,30.389635,30.496208,53277500
2013-11-19,30.438379,30.752263,30.289697,30.347521,44275000
2013-11-20,30.4962,30.900945,30.446642,30.628365,32229900
2013-11-21,30.785307,31.000067,30.777045,30.892689,23064700
2013-11-22,31.000067,31.123969,30.834868,31.033108,27982000
2013-11-25,31.330464,31.346985,31.033101,31.090921,30646800
2013-11-26,31.033104,31.099186,30.851381,30.851381,34465300
2013-11-27,31.033118,31.190059,30.967039,31.057898,26002100
2013-11-29,31.239609,31.627833,31.239609,31.495672,22090400
2013-12-02,31.462643,32.032587,31.437863,31.760006,42950400
2013-12-03,31.503933,31.793037,31.454374,31.644356,52109800
2013-12-04,31.561734,32.19776,31.487393,32.164719,51983600
2013-12-05,32.090392,32.115174,30.710961,31.388287,116305000
2013-12-06,31.735208,31.84259,31.380028,31.68565,36457300
2013-12-09,31.850847,32.106908,31.693904,31.974747,30286000
2013-12-10,31.892158,32.131701,31.404814,31.479155,37828600
2013-12-11,31.437839,31.636079,30.884413,31.066135,39853400
2013-12-12,31.090913,31.090913,30.710951,30.743992,36012800
2013-12-13,30.909197,30.933979,30.248391,30.306211,40066100
2013-12-16,30.339253,30.562276,30.182313,30.471415,31734200
2013-12-17,30.512716,30.653139,30.008854,30.165794,45687700
2013-12-18,30.033638,30.231878,29.34805,30.215361,63192100
2013-12-19,30.157531,30.190572,29.80235,29.94277,34160100
2013-12-20,29.901471,30.504456,29.893209,30.397074,62649100
2013-12-23,30.405343,30.471422,30.190579,30.2484,25128700
2013-12-24,30.331001,30.702702,30.264919,30.628365,14243000
2013-12-26,30.727484,30.967027,30.702702,30.925724,17612800
2013-12-27,31.041368,31.074405,30.702701,30.801825,14563000
2013-12-30,30.744004,30.876165,30.479682,30.801825,16290500
2013-12-31,30.892677,31.041359,30.743996,30.900936,17503500
2014-01-02,30.851383,30.892686,30.644881,30.694443,30632200
2014-01-03,30.727492,30.744013,30.231886,30.487949,31134800
2014-01-06,30.438384,30.471425,29.82714,29.84366,43603700
2014-01-07,30.008857,30.141018,29.909734,30.074936,35802800
2014-01-08,29.736274,29.851914,29.389352,29.538031,59971700
2014-01-09,29.637144,29.661923,29.240661,29.34804,36516300
2014-01-10,29.653666,29.860167,29.529763,29.769306,40548800
2014-01-13,29.728011,29.75279,28.769842,28.893742,45901900
2014-01-14,28.687245,29.637155,28.604645,29.554552,41623300
2014-01-15,29.653667,30.388813,29.612364,30.364031,44812600
2014-01-16,30.306212,30.562276,29.992332,30.471415,38018700
2014-01-17,30.421862,30.421862,29.860176,30.050158,46267500
2014-01-21,30.413592,30.413592,29.785828,29.876686,31567300
2014-01-22,29.95104,30.000602,29.529778,29.678459,21904300
2014-01-23,29.810622,29.843663,29.339798,29.785843,43954000
2014-01-24,30.933977,31.016576,30.174048,30.405333,76395500
2014-01-27,30.4549,30.47142,29.719753,29.761053,44420800
2014-01-28,29.835389,30.058411,29.529767,29.959291,36205500
2014-01-29,29.719748,30.463156,29.653669,30.281433,52745900
2014-01-30,30.38882,30.463161,29.926254,30.44664,35036300
2014-01-31,30.520986,31.297432,30.198843,31.256132,93162300
2014-02-03,31.173525,31.380026,30.091454,30.132753,64063100
2014-02-04,30.537504,30.719224,29.942778,30.025377,54697900
2014-02-05,29.975822,30.124503,29.571076,29.587597,55814400
2014-02-06,29.571065,29.942769,29.480204,29.884949,35351800
2014-02-07,30.000596,30.223618,29.744532,30.198839,33260500
2014-02-10,30.256654,30.397074,29.975811,30.397074,26767000
2014-02-11,30.463173,30.777054,30.446653,30.702713,32141400
2014-02-12,30.851377,31.057879,30.810078,30.9505,27051800
2014-02-13,30.834854,31.272637,30.834854,31.066135,37635500
2014-02-14,30.884421,31.206563,30.834862,31.074402,31407500
2014-02-18,31.315735,31.440563,31.13265,31.14097,32834000
2014-02-19,30.974542,31.415607,30.966218,31.215878,29750400
2014-02-20,31.265815,31.515475,31.124342,31.415611,27526100
2014-02-21,31.573713,31.914916,31.507139,31.607002,38021300
2014-02-24,31.365671,31.60701,31.240843,31.365671,32085100
2014-02-25,31.299108,31.498835,31.082734,31.240854,30736500
2014-02-26,31.274129,31.407281,30.949568,31.182587,41041800
2014-02-27,31.165946,31.532114,30.982861,31.507149,33903400
2014-02-28,31.607017,32.006474,31.473865,31.881645,41215000
2014-03-03,31.557077,31.731841,31.199233,31.440569,29717500
2014-03-04,31.790101,32.023117,31.681914,31.964863,26802400
2014-03-05,31.831712,31.848356,31.565408,31.715204,20520100
2014-03-06,31.740166,31.823388,31.532115,31.748489,23582200
2014-03-07,31.856668,31.923246,31.365669,31.540434,26591600
2014-03-10,31.615324,31.631965,31.390629,31.473848,19006600
2014-03-11,31.51546,31.815053,31.390631,31.640291,25216400
2014-03-12,31.457215,31.981503,31.448894,31.848351,30494100
2014-03-13,31.973164,31.998133,31.324048,31.532099,32169700
2014-03-14,31.332382,31.740158,31.215871,31.373991,27195600
2014-03-17,31.54043,31.964851,31.448887,31.665258,20479600
2014-03-18,31.840011,33.204824,31.806726,32.913551,64063900
2014-03-19,32.846994,32.913569,32.38096,32.680553,35597200
2014-03-20,32.663908,33.828991,32.655587,33.562687,59269800
2014-03-21,33.887253,34.070335,33.296387,33.421219,80721800
2014-03-24,33.571007,33.820666,33.17155,33.704159,46098400
2014-03-25,33.837311,34.111939,33.254769,33.571007,43193100
2014-03-26,33.68753,33.878936,32.955191,33.113312,41977500
2014-03-27,33.071693,33.263098,32.738811,32.755455,35369200
2014-03-28,33.113306,33.820676,33.021763,33.537727,43472700
2014-03-31,33.645901,34.536356,33.620936,34.111935,46886300
2014-04-01,34.2451,34.611267,34.178522,34.469791,32605000
2014-04-02,34.486432,34.669517,34.261737,34.411533,28666700
2014-04-03,34.361612,34.361612,33.878934,34.128593,30139600
2014-04-04,34.328309,34.444817,32.988465,33.179871,51409600
2014-04-07,33.254788,33.512771,33.071705,33.121635,37559600
2014-04-08,33.080002,33.229799,32.622292,33.138256,35918600
2014-04-09,33.229798,33.745762,33.188189,33.679188,27398700
2014-04-10,33.654231,33.862281,32.53076,32.755455,45960800
2014-04-11,32.45585,33.11329,32.45585,32.630611,34330200
2014-04-14,32.547406,32.797065,32.372644,32.605659,32006600
2014-04-15,32.738796,33.25476,32.497457,33.079998,33968700
2014-04-16,33.337989,33.637579,33.213157,33.620937,30615800
2014-04-17,33.296387,33.454507,32.880286,33.296387,36688400
2014-04-21,33.396234,33.412878,33.113285,33.238113,22221200
2014-04-22,33.254771,33.404568,33.146587,33.279739,27056700
2014-04-23,33.27973,33.27973,32.846985,33.030067,24602800
2014-04-24,33.071695,33.263101,32.705524,33.171558,42381600
2014-04-25,33.529403,33.853961,33.080013,33.213165,56876800
2014-04-28,33.404571,34.361604,33.362961,34.012077,50610200
2014-04-29,34.203481,34.27838,33.612619,33.712482,29636200
2014-04-30,33.620937,33.704156,33.429528,33.620937,35458700
2014-05-01,33.487781,33.587645,33.246442,33.288052,28787400
2014-05-02,33.546035,33.571,33.005102,33.030067,43416600
2014-05-05,32.888619,32.988482,32.705534,32.813721,22460900
2014-05-06,32.697204,32.747134,32.414256,32.505798,27112400
2014-05-07,32.63894,32.880276,32.048075,32.805378,41744500
2014-05-08,32.738808,33.204842,32.430895,32.988468,32120400
2014-05-09,32.905258,33.163239,32.763782,32.905258,29647600
2014-05-12,33.071697,33.304713,32.996799,33.263103,22782600
2014-05-13,33.455842,33.941925,33.397177,33.874878,27004800
2014-05-14,33.774327,33.900039,33.564809,33.724045,18818700
2014-05-15,33.598344,33.858148,33.11226,33.187687,37793200
2014-05-16,33.246337,33.388811,32.91111,33.380432,29867100
2014-05-19,33.196052,33.372046,33.070339,33.313381,24537400
2014-05-20,33.254715,33.472612,33.070338,33.254715,21320900
2014-05-21,33.355273,33.816212,33.30499,33.816212,22398700
2014-05-22,33.765944,33.816227,33.39719,33.606709,20201800
2014-05-23,33.832981,33.832981,33.522895,33.623463,18020000
2014-05-27,33.740798,33.740798,33.363667,33.682133,26160600
2014-05-28,33.640227,33.68213,33.372044,33.531277,25711500
2014-05-29,33.648606,33.816218,33.447467,33.807838,19888200
2014-05-30,33.900027,34.335825,33.732412,34.31068,34567600
2014-06-02,34.319074,34.436403,34.092794,34.184982,18504300
2014-06-03,34.025746,34.092793,33.732422,33.765945,18068900
2014-06-04,33.698888,33.83298,33.405564,33.791077,23209000
2014-06-05,34.017357,34.570484,33.858124,34.536961,31865200
2014-06-06,34.763248,34.914102,34.562113,34.763248,24060500
2014-06-09,34.687814,34.76324,34.377728,34.587246,15019200
2014-06-10,34.386116,34.495066,34.243645,34.453163,15117700
2014-06-11,34.30231,34.419639,34.168218,34.243645,18040000
2014-06-12,34.201728,34.260393,33.76593,34.008972,29818900
2014-06-13,34.444787,34.838682,34.243652,34.553738,26310000
2014-06-16,34.394483,34.872183,34.394483,34.779995,24205300
2014-06-17,34.604015,35.123619,33.807845,34.930862,22518600
2014-06-18,34.872192,34.981143,34.511821,34.905716,27097000
2014-06-19,34.838673,35.006288,34.637537,34.788387,19828200
2014-06-20,34.738106,35.056575,34.679441,34.930862,47764900
2014-06-23,34.972762,35.199042,34.939238,35.190662,18743900
2014-06-24,35.056565,35.14875,34.830285,34.989517,26509100
2014-06-25,34.947612,35.240936,34.746474,35.224174,20049100
2014-06-26,35.140392,35.148771,34.721356,34.964397,23604400
2014-06-27,34.872196,35.442085,34.788387,35.408562,74640000
2014-06-30,35.341505,35.375028,34.947613,34.947613,30793100
2014-07-01,35.081712,35.324754,34.939238,35.090092,26917000
2014-07-02,34.972776,35.11525,34.80516,35.11525,20208100
2014-07-03,35.123614,35.190661,34.83029,35.031425,15969300
2014-07-07,34.989524,35.299609,34.956,35.190662,21952400
2014-07-08,35.090087,35.199037,34.872189,35.01466,31218200
2014-07-09,35.18227,35.190652,34.805137,34.922466,18445900
2014-07-10,34.671057,35.199043,34.402874,34.93924,21854700
2014-07-11,34.947627,35.274475,34.76325,35.274475,24083000
2014-07-14,35.383415,35.576172,35.232562,35.316368,21881100
2014-07-15,35.475604,35.592934,35.22418,35.576172,28748700
2014-07-16,35.626454,37.134986,35.601313,36.94223,63318000
2014-07-17,38.090391,38.308288,37.084703,37.319363,82180300
2014-07-18,37.419936,37.579169,37.084706,37.453457,43407500
2014-07-21,37.344507,37.847349,37.059562,37.579166,37604400
2014-07-22,37.713268,37.83898,37.369658,37.570797,43095800
2014-07-23,38.090412,38.090412,37.39481,37.604328,52362900
2014-07-24,37.654592,37.713257,37.143368,37.210415,30725300
2014-07-25,37.126597,37.428304,37.126597,37.294212,26737700
2014-07-28,37.176892,37.302601,36.816521,36.850044,29684200
2014-07-29,36.79977,36.950624,36.57349,36.783009,27763100
2014-07-30,36.933851,36.958992,36.280155,36.523197,31921400
2014-07-31,36.355584,36.615385,36.104163,36.171207,31537500
2014-08-01,36.21312,36.246644,35.701895,35.919796,31170300
2014-08-04,36.011983,36.431019,35.877891,36.34721,34277400
2014-08-05,36.296924,36.422633,35.89465,36.104168,26266400
2014-08-06,35.81921,36.179578,35.37503,35.81921,24634000
2014-08-07,35.903033,36.414258,35.743801,36.229881,30314900
2014-08-08,36.229884,36.30531,35.961701,36.204742,28942700
2014-08-11,36.255025,36.414261,36.053889,36.204742,20351600
2014-08-12,36.070641,36.53158,36.037118,36.472916,21431100
2014-08-13,36.607,37.026036,36.472909,36.94223,22889500
2014-08-14,36.942242,37.227184,36.883574,37.101475,19313200
2014-08-15,37.361271,37.629454,37.210418,37.537266,41611300
2014-08-18,37.662973,37.805447,37.445075,37.805447,26891100
2014-08-19,37.923498,38.235521,37.805436,38.227089,28139500
2014-08-20,38.235536,38.286135,37.864482,37.906647,24770500
2014-08-21,37.81387,38.159625,37.805438,38.134327,22285500
2014-08-22,38.243957,38.345156,38.007832,38.075298,18294500
2014-08-25,38.286134,38.319864,37.982543,38.092171,16910000
2014-08-26,38.21024,38.286137,37.898214,37.957245,14873100
2014-08-27,37.864504,37.948834,37.746439,37.839203,21287900
2014-08-28,37.737976,37.931936,37.619913,37.847607,17657600
2014-08-29,38.024704,38.31986,37.830743,38.311428,21607600
2014-09-02,38.311428,38.336727,37.822309,38.024704,22976800
2014-09-03,37.552451,38.041571,37.552451,37.915073,33684500
2014-09-04,37.729555,38.176507,37.712688,38.168072,26475500
2014-09-05,38.041576,38.733087,38.041576,38.716221,36939400
2014-09-08,38.808988,39.466766,38.78369,39.188477,45736700
2014-09-09,39.188469,39.610122,39.146301,39.433025,40302400
2014-09-10,39.483633,39.584829,39.028247,39.5005,27302400
2014-09-11,39.416152,39.63541,39.188459,39.63541,29216400
2014-09-12,39.559521,39.652285,39.298095,39.382427,38244700
2014-09-15,39.247498,39.390859,38.876441,38.994507,37667600
2014-09-16,39.121003,39.508923,39.036673,39.433025,27910600
2014-09-17,39.01139,39.374013,38.986092,39.230652,38311900
2014-09-18,39.289665,39.49206,39.180034,39.365562,35556600
2014-09-19,39.475197,40.116109,39.2981,40.073944,202522400
2014-09-22,39.888419,39.955886,39.618561,39.686028,38686100
2014-09-23,39.508934,39.618565,39.18848,39.264378,33430300
2014-09-24,39.323396,39.728183,39.078836,39.702885,26582700
2014-09-25,39.534222,39.711315,38.817409,38.825844,33077400
2014-09-26,38.733076,39.314957,38.589713,39.137863,27078800
2014-09-29,38.775257,39.264377,38.589728,39.163177,26091000
2014-09-30,39.104127,39.196891,38.800536,39.095695,33033100
2014-10-01,39.019805,39.239064,38.665615,38.707783,38088400
2014-10-02,38.648748,38.876438,38.488518,38.589714,25119400
2014-10-03,38.775259,39.045117,38.463236,38.868023,32453200
2014-10-06,38.893321,39.045117,38.724659,38.868023,20604000
2014-10-07,38.674064,38.733095,38.303007,38.395771,25723700
2014-10-08,38.353592,39.542654,38.23553,39.44989,33031000
2014-10-09,39.213774,39.466765,38.572862,38.665623,34422800
2014-10-10,38.45479,38.89331,37.063335,37.130798,51978100
2014-10-13,36.953713,37.577762,36.675423,36.810352,37100200
2014-10-14,36.99587,37.425958,36.734447,36.877808,38115700
2014-10-15,36.262199,36.591088,35.503221,36.447727,60218700
2014-10-16,35.865826,36.329647,35.604403,36.042923,49040400
2014-10-17,36.430861,37.054907,36.085106,36.793484,40683300
2014-10-20,36.3128,37.22357,36.101973,37.172974,34527900
2014-10-21,37.409087,37.931936,37.265723,37.847607,36433800
2014-10-22,37.948818,38.007849,37.299471,37.425968,33570900
2014-10-23,37.628359,38.328305,37.552461,37.965683,45451900
2014-10-24,39.492056,39.551088,38.100599,38.901741,61076700
2014-10-27,38.547559,38.876448,38.547559,38.716221,30371300
2014-10-28,38.67405,39.213765,38.598152,39.205334,29049800
2014-10-29,39.163169,39.38243,39.078839,39.314964,30276100
2014-10-30,39.061975,39.061975,38.598157,38.834282,30073900
2014-10-31,39.584823,39.610124,39.196903,39.593258,35849700
2014-11-03,39.542659,40.023344,39.40773,40.006477,23130400
2014-11-04,39.888411,40.251033,39.846246,40.116104,21530800
2014-11-05,40.310072,40.394405,39.854686,40.360672,22449600
2014-11-06,40.360668,41.203975,40.301637,41.069046,33037800
2014-11-07,41.254577,41.254577,40.723296,41.052185,28000600
2014-11-10,41.026887,41.44854,40.942554,41.229279,36370100
2014-11-11,41.195536,41.279868,41.026877,41.212402,23445200
2014-11-12,40.950991,41.254579,40.917258,41.136517,22722100
2014-11-13,41.161811,41.870189,41.077479,41.836456,26210400
2014-11-14,41.946082,42.207505,41.650923,41.811153,29081700
2014-11-17,41.667796,41.920788,41.440103,41.709961,30318600
2014-11-18,41.692982,41.862708,41.328073,41.362019,23995500
2014-11-19,41.294129,41.370505,40.674632,40.920734,26177500
2014-11-20,40.73404,41.328079,40.623718,41.328079,21510600
2014-11-21,41.599628,41.625085,40.36912,40.717056,42884800
2014-11-24,40.72556,40.734045,40.216383,40.386108,35434200
2014-11-25,40.445509,40.708584,40.267298,40.284271,28008000
2014-11-26,40.30124,40.725553,40.123026,40.521881,27163600
2014-11-28,40.691607,40.903763,40.403074,40.5728,21534400
2014-12-01,40.6322,41.395961,40.487932,41.260181,31191600
2014-12-02,41.446891,41.625102,40.903771,41.124413,25773500
2014-12-03,41.107428,41.158347,40.572796,40.801926,23534800
2014-12-04,41.064991,41.633571,40.903753,41.446873,30320400
2014-12-05,41.429906,41.557201,41.056512,41.090454,27313400
2014-12-08,40.954675,41.031051,40.26729,40.479446,26663100
2014-12-09,39.978768,40.666153,39.92785,40.386108,24330500
2014-12-10,40.377607,40.445495,39.630815,39.800541,30431800
2014-12-11,39.953298,40.51339,39.613846,40.029671,29060400
2014-12-12,39.698719,40.504914,39.60537,39.842987,34248400
2014-12-15,40.055144,40.453995,39.503535,39.60537,29247800
2014-12-16,38.951925,39.325319,38.298483,38.32394,47801400
2014-12-17,38.230593,38.994357,38.103301,38.816147,34970900
2014-12-18,39.528991,40.326698,39.32532,40.326698,40105600
2014-12-19,40.420053,40.818905,40.029683,40.445511,64551200
2014-12-22,40.547331,40.835863,40.487927,40.717056,26566000
2014-12-23,41.048018,41.412927,40.84435,41.11591,23648100
2014-12-24,41.277157,41.277157,40.801929,40.852844,11437800
2014-12-26,41.081977,41.081977,40.581287,40.632206,13197800
2014-12-29,40.479445,40.547333,40.106047,40.267288,14439500
2014-12-30,40.258811,40.411564,39.749637,39.90239,16384700
2014-12-31,39.656281,40.258805,39.418667,39.418667,21552500
2015-01-02,39.596875,40.241829,39.495041,39.681736,27913900
2015-01-05,39.350772,39.656278,39.248938,39.31683,39673900
2015-01-06,39.359269,39.67326,38.646423,38.739773,36447900
2015-01-07,39.019815,39.427155,38.60399,39.231972,29114100
2015-01-08,39.673262,40.521888,39.647805,40.386108,29645200
2015-01-09,40.403071,40.581281,39.800547,40.046646,23944200
2015-01-12,40.241844,40.343681,39.342302,39.545971,23651900
2015-01-13,39.85994,40.657646,39.087691,39.342278,35270600
2015-01-14,39.00285,39.240467,38.714317,39.00285,29719600
2015-01-15,39.223501,39.359281,38.536113,38.595516,32750800
2015-01-16,38.45123,39.274394,38.332419,39.240452,35695300
2015-01-20,39.291372,39.588393,38.671875,39.367748,36161900
2015-01-21,38.985872,39.155598,38.595505,38.968899,39081100
2015-01-22,39.35927,40.004224,39.104682,39.995739,35898000
2015-01-23,40.190934,40.216392,39.715702,40.038181,26211600
2015-01-26,39.885417,39.995739,39.240463,39.893902,42525500
2015-01-27,36.448472,36.660628,35.735626,36.20237,169164000
2015-01-28,36.270279,36.31271,34.929449,34.954906,84507100
2015-01-29,34.734269,35.744133,34.615462,35.650784,63585300
2015-01-30,35.260395,35.285856,34.242043,34.284477,78004900
2015-02-02,34.445718,35.107646,34.140213,35.031269,50352500
2015-02-03,35.328291,35.582878,34.836086,35.30283,52082400
2015-02-04,35.591369,35.820499,35.099168,35.506508,41614800
2015-02-05,35.828971,36.185392,35.523465,36.024155,36548200
2015-02-06,36.219364,36.312713,35.769593,35.990234,34616600
2015-02-09,35.84595,36.270263,35.820489,35.947784,31381100
2015-02-10,36.270265,36.295723,35.795034,36.151455,29670700
2015-02-11,36.193901,36.193901,35.820503,35.964771,38262500
2015-02-12,36.202378,36.567287,36.075083,36.567287,33268800
2015-02-13,36.813385,37.22921,36.618202,37.22921,40264900
2015-02-17,37.579626,37.605265,36.912985,37.246307,33695700
2015-02-18,37.289047,37.348874,37.083926,37.203579,27111700
2015-02-19,36.904452,37.203583,36.793344,37.177944,27603400
2015-02-20,37.186476,37.502705,36.998452,37.485611,29721100
2015-02-23,37.348882,37.767667,37.30615,37.733482,32518800
2015-02-24,37.733463,37.861661,37.536888,37.682182,25271700
2015-02-25,37.562538,37.682191,37.434337,37.596725,29759800
2015-02-26,37.596717,37.801835,37.511249,37.656544,28957300
2015-02-27,37.716382,37.776208,37.314688,37.477074,33807700
2015-03-02,37.323222,37.767649,37.220664,37.502705,31924000
2015-03-03,37.229211,37.459971,36.827517,36.989902,31748600
2015-03-04,36.759148,36.930082,36.648044,36.801884,25748700
2015-03-05,36.810417,36.955712,36.596751,36.844604,23193500
2015-03-06,36.750606,36.84462,36.024142,36.203621,36248800
2015-03-09,36.058331,36.861718,36.058331,36.62241,32108000
2015-03-10,36.19507,36.50275,35.921577,35.921577,39159700
2015-03-11,36.160879,36.212156,35.759185,35.878838,32215300
2015-03-12,35.32332,35.596813,34.921626,35.058372,59992500
2015-03-13,34.784878,35.442971,34.707958,35.366051,58007700
2015-03-16,35.442977,35.588269,35.280589,35.519897,35273500
2015-03-17,35.357489,35.750638,35.169465,35.63953,31673400
2015-03-18,35.408777,36.60531,35.323312,36.323269,44194800
2015-03-19,36.118149,36.40019,36.083965,36.143791,33879100
2015-03-20,36.374548,36.733506,36.314722,36.648041,71904500
2015-03-23,36.648041,36.861707,36.562572,36.630947,26246100
2015-03-24,36.562584,36.895903,36.536945,36.665146,25513300
2015-03-25,36.682216,36.690765,35.417313,35.434406,43469900
2015-03-26,35.22929,35.562609,34.972888,35.220741,37495600
2015-03-27,35.143838,35.408786,34.895988,35.01564,34401400
2015-03-30,35.126733,35.502787,34.964347,35.00708,35049700
2015-03-31,34.853249,35.066916,34.648132,34.75069,34887200
2015-04-01,34.699398,34.836144,34.451547,34.80196,36865300
2015-04-02,34.750681,34.819056,34.289161,34.434456,37487500
2015-04-06,34.477189,35.707906,34.340443,35.511333,39223700
2015-04-07,35.562607,35.819006,35.306208,35.494232,28809400
2015-04-08,35.434429,35.631002,35.075471,35.400242,24753400
2015-04-09,35.254935,35.57116,35.254935,35.451508,25723900
2015-04-10,35.579719,35.853212,35.391692,35.656639,28022000
2015-04-13,35.383138,35.947217,35.37459,35.690815,30276700
2015-04-14,35.724996,35.921568,35.374583,35.596798,24244400
2015-04-15,35.690805,36.289071,35.622433,36.118137,27343600
2015-04-16,35.853202,36.18652,35.742094,36.032681,22509700
2015-04-17,35.613896,35.673725,35.178018,35.571163,42387600
2015-04-20,35.665159,36.895875,35.622427,36.673664,46057700
2015-04-21,36.750601,36.878802,36.348907,36.442921,26013800
2015-04-22,36.468566,36.861714,36.366007,36.742062,25064300
2015-04-23,36.656587,37.271947,36.579667,37.041187,46309500
2015-04-24,39.024013,41.143583,39.015468,40.912823,130933700
2015-04-27,40.365829,41.135029,40.357284,41.049561,59248200
2015-04-28,40.8359,42.058072,40.767529,42.015339,60730800
2015-04-29,41.639292,42.143545,41.451265,41.929878,47804600
2015-04-30,41.6222,42.340119,41.536732,41.570919,64725500
2015-05-01,41.51963,41.776029,41.36579,41.588001,38937300
2015-05-04,41.340146,41.767479,41.177761,41.229042,34039500
2015-05-05,40.87008,41.160666,40.434202,40.682053,50369200
2015-05-06,40.656428,40.827362,39.331698,39.553909,52433000
2015-05-07,39.545347,40.246172,39.451333,39.912853,32971700
2015-05-08,40.639316,41.006822,40.613677,40.810249,35364900
2015-05-11,40.639329,40.947009,40.485489,40.485489,24609400
2015-05-12,40.041063,40.750436,39.673556,40.468395,29928300
2015-05-13,41.186325,41.297432,40.656433,40.707714,34184600
2015-05-14,41.049576,41.724763,41.049576,41.639297,32980900
2015-05-15,41.767486,41.801673,41.066661,41.280327,28642700
2015-05-18,41.006828,41.211949,40.690603,41.032467,24136500
2015-05-19,40.91204,41.127095,40.585156,40.929245,28574800
2015-05-20,40.765801,41.230321,40.662576,40.929245,25047900
2015-05-21,40.671181,40.946451,40.438921,40.791611,22410700
2015-05-22,40.688381,40.731392,40.275476,40.344296,25720600
2015-05-26,40.284083,40.327094,39.73354,40.077629,29581900
2015-05-27,40.275466,41.092675,40.103421,40.95504,27335600
2015-05-28,40.860424,41.307738,40.765799,40.817413,19283700
2015-05-29,40.800212,40.920642,40.077627,40.309887,36519600
2015-06-01,40.481938,41.092693,40.103439,40.628174,28837300
2015-06-02,40.3701,40.731391,40.103431,40.361496,21498300
2015-06-03,40.748599,41.066883,40.275479,40.301285,28002200
2015-06-04,40.249678,40.567959,39.742149,39.879784,27745500
2015-06-05,39.83676,40.017406,39.432456,39.690521,25438100
2015-06-08,39.828162,39.939992,39.286223,39.337837,22121600
2015-06-09,39.363653,39.518493,39.105588,39.269032,24406100
2015-06-10,39.389446,40.284075,39.303422,40.094826,28417400
2015-06-11,40.137846,40.361502,39.681931,39.948597,27347800
2015-06-12,39.75934,39.974394,39.48407,39.544285,23931000
2015-06-15,39.096978,39.269023,38.727083,39.122784,33254500
2015-06-16,39.010954,39.776552,38.967944,39.423862,27070300
2015-06-17,39.337831,39.630305,39.01955,39.544285,28704100
2015-06-18,39.759351,40.258277,39.716337,40.189461,32658300
2015-06-19,40.249662,40.284072,39.561487,39.656109,63837000
2015-06-22,39.853968,40.189453,39.707729,39.767944,20318100
2015-06-23,39.681925,39.810956,39.243211,39.492676,25896500
2015-06-24,39.286223,39.785152,39.182998,39.260418,34890900
2015-06-25,39.595913,39.621721,39.139997,39.269032,20616000
2015-06-26,39.269025,39.810961,38.735686,38.933537,49835300
2015-06-29,38.744295,38.907735,38.159345,38.167946,34081700
2015-06-30,38.460416,38.46902,37.798046,37.978695,35945400
2015-07-01,38.24536,38.907729,37.93568,38.236759,28343900
2015-07-02,38.262561,38.49482,37.90127,38.193745,21752000
2015-07-06,37.815259,38.262574,37.806658,38.185154,23034000
2015-07-07,38.142137,38.271171,37.264712,38.107727,36435800
2015-07-08,38.228159,38.623863,37.875469,38.056118,39785900
2015-07-09,38.494817,38.899121,38.279762,38.296967,32424700
2015-07-10,38.718475,38.830305,38.33998,38.37439,25465800
2015-07-13,38.692672,39.243212,38.666867,39.174397,28178300
2015-07-14,39.096982,39.535692,38.976551,39.243217,22880300
2015-07-15,39.29482,39.475465,39.079765,39.363636,26629600
2015-07-16,39.578704,40.163653,39.544298,40.137848,26271700
2015-07-17,40.04322,40.241071,39.793756,40.103436,29467100
2015-07-20,40.12924,40.542145,39.948591,40.361496,30631900
2015-07-21,40.241075,40.714198,39.983009,40.671185,42781900
2015-07-22,39.088373,40.370101,38.881922,39.174397,59152400
2015-07-23,38.942142,39.767952,38.795903,39.664726,33934000
2015-07-24,39.49268,39.84537,39.398056,39.518486,32333200
2015-07-27,39.518485,39.578701,38.924935,39.010956,39701400
2015-07-28,39.208812,39.260423,38.529237,39.002357,34328900
2015-07-29,39.053962,40.241063,38.933529,39.819557,40945900
2015-07-30,39.793753,40.774406,39.509882,40.327091,39777900
2015-07-31,40.679786,40.748602,40.000212,40.172256,31201500
2015-08-03,40.413116,40.430321,39.9572,40.26688,24125900
2015-08-04,40.215266,41.041076,40.155051,40.89484,33403900
2015-08-05,41.273331,41.643225,40.894835,40.929245,26959700
2015-08-06,41.041075,41.092689,39.853974,40.103436,27368000
2015-08-07,39.905586,40.241071,39.793757,40.206665,19163000
2015-08-10,40.387296,40.851815,40.292671,40.71418,23079900
2015-08-11,40.275484,40.37871,39.484084,39.922794,29237400
2015-08-12,39.733542,40.3443,39.320637,40.206665,30181400
2015-08-13,40.481933,40.516339,39.991608,40.198059,22627200
2015-08-14,40.026001,40.516326,40.017401,40.430305,21473400
2015-08-17,40.266886,40.817426,40.060432,40.705597,21099700
2015-08-18,40.558387,41.069264,40.437163,40.930721,23574100
2015-08-19,40.506442,40.766212,40.090814,40.359241,31485500
2015-08-20,39.891652,40.23801,39.536636,39.536636,36238200
2015-08-21,39.224911,39.380772,37.293972,37.293972,70053100
2015-08-24,35.025335,36.964931,34.393234,36.090382,88753700
2015-08-25,36.86104,37.44119,34.973394,35.042667,70616600
2015-08-26,36.376125,37.094817,35.55353,36.98225,63408000
2015-08-27,37.432515,38.055959,37.172748,38.012665,50943200
2015-08-28,37.579714,38.229133,37.571053,38.038635,28246700
2015-08-31,37.718253,38.038632,37.31994,37.683617,34441700
2015-09-01,36.514662,36.878338,36.073059,36.211601,49688900
2015-09-02,36.679201,37.562412,36.263573,37.545094,37671500
2015-09-03,37.588379,38.081937,37.475812,37.666309,28285200
2015-09-04,37.068839,37.267994,36.540645,36.89566,37138800
2015-09-08,37.493129,38.099254,37.406541,38.004005,32469800
2015-09-09,38.281088,38.44561,37.155429,37.293972,33469500
2015-09-10,37.337267,37.917416,37.016888,37.48447,31366600
2015-09-11,37.354587,37.744239,37.181408,37.648991,27132500
2015-09-14,37.605691,37.614349,37.112133,37.267994,23656000
2015-09-15,37.397884,38.350367,37.302639,38.08194,28882200
2015-09-16,38.073278,38.428293,37.960711,38.35902,23372200
2015-09-17,38.35036,38.965142,38.168523,38.315723,32768200
2015-09-18,37.666309,38.090597,37.519109,37.648991,63143700
2015-09-21,37.770193,38.506202,37.752874,38.194481,26177200
2015-09-22,37.562401,38.142547,37.501788,38.012665,28085900
2015-09-23,38.038634,38.246446,37.674957,37.986679,17145200
2015-09-24,37.623007,38.211814,37.467146,38.021317,27905600
2015-09-25,38.514885,38.731358,37.891441,38.047302,29384600
2015-09-28,37.952053,38.177183,37.415197,37.48447,27613800
2015-09-29,37.553749,37.726928,37.276663,37.614361,32763600
2015-09-30,37.995346,38.359019,37.804849,38.324383,34958900
2015-10-01,38.74867,38.74867,37.882778,38.627445,28657900
2015-10-02,38.333039,39.458698,38.029975,39.458698,41839000
2015-10-05,39.614567,40.601683,39.571273,40.376553,34369300
2015-10-06,40.116777,40.852783,40.021528,40.48045,27017200
2015-10-07,40.783517,40.99999,39.787743,40.52375,27711500
2015-10-08,40.315935,41.147191,40.26398,41.086578,33772700
2015-10-09,41.08659,41.164521,40.627665,40.792187,28600600
2015-10-12,40.679604,40.757534,40.263976,40.696922,19769100
2015-10-13,40.315938,40.809496,40.315938,40.601681,19987800
2015-10-14,40.393874,40.783523,40.289964,40.419849,24697800
2015-10-15,40.705589,40.722908,40.289961,40.705589,27189400
2015-10-16,40.714242,41.164506,40.610336,41.138527,26450300
2015-10-19,41.060608,41.458921,40.714254,41.233788,29387600
2015-10-20,41.077928,41.398311,40.714255,41.363674,30802200
2015-10-21,41.493546,41.554161,40.792175,40.870106,25144300
2015-10-22,41.15586,42.385429,40.774869,41.588806,56637100
2015-10-23,45.286173,46.818803,45.242879,45.779732,135227100
2015-10-26,45.485312,47.03526,45.459336,46.974648,64633300
2015-10-27,46.74952,47.078557,46.394505,46.48975,50999900
2015-10-28,46.359861,46.740852,45.771054,46.740852,47000800
2015-10-29,46.359863,46.610973,46.082778,46.204002,30202100
2015-10-30,46.169358,46.749507,45.563233,45.580551,46619800
2015-11-02,45.762389,46.203996,45.563235,46.10009,30285000
2015-11-03,45.831679,47.095881,45.805704,46.888069,36596900
2015-11-04,46.914041,47.520166,46.810134,47.104538,37087800
2015-11-05,47.18246,47.364297,46.758172,47.087212,31468500
2015-11-06,46.836106,47.606749,46.723539,47.554794,32851200
2015-11-09,47.234388,47.511473,46.377157,46.89669,32513100
2015-11-10,46.818801,46.870756,46.126088,46.3339,55283700
2015-11-11,46.498399,46.931345,46.290583,46.455105,36516300
2015-11-12,46.307908,46.740854,46.056798,46.169365,35361100
2015-11-13,45.952909,46.143406,45.485326,45.753754,36848200
2015-11-16,45.961545,46.662916,45.762387,46.55901,32165200
2015-11-17,46.3498,46.663623,46.070847,46.175457,31551300
2015-11-18,46.201609,47.055903,46.184175,46.942577,29710000
2015-11-19,47.064623,47.64868,46.881558,47.021034,28149200
2015-11-20,47.291269,47.334855,46.436975,47.238964,37147600
2015-11-23,47.291269,47.474331,46.855405,47.238964,28235900
2015-11-24,47.003607,47.456906,46.707222,47.291279,24600000
2015-11-25,47.151797,47.273839,46.803104,46.803104,21005100
2015-11-27,46.898996,47.143082,46.89028,47.012321,9009100
2015-11-30,47.544068,47.910192,47.073333,47.378437,56241400
2015-12-01,47.430758,48.145576,47.334868,48.13686,39952800
2015-12-02,48.224015,48.781921,47.997367,48.128124,47274900
2015-12-03,48.372223,48.616306,47.012325,47.247692,38627800
2015-12-04,47.177944,49.017291,47.160509,48.738338,43963700
2015-12-07,48.633738,48.790649,48.197873,48.651173,30709800
2015-12-08,48.354787,48.903973,47.936357,48.633739,32878000
2015-12-09,48.267613,48.703477,47.517925,47.927639,36373200
2015-12-10,48.285038,48.520405,47.95378,48.180431,31775800
2015-12-11,47.692262,48.032236,47.082052,47.125641,39549500
2015-12-14,47.361006,48.128125,46.794382,48.067104,46768900
2015-12-15,48.520402,48.729618,48.023517,48.119408,39843000
2015-12-16,48.41581,49.034737,47.735859,48.93013,37503300
2015-12-17,49.130616,49.505459,48.407079,48.555275,41280900
2015-12-18,48.616303,48.8168,47.099494,47.186668,84684200
2015-12-21,47.840468,48.250179,47.273843,47.796883,37246300
2015-12-22,47.936348,48.363493,47.5092,48.250168,28322200
2015-12-23,48.555279,48.71219,48.328628,48.659885,27279800
2015-12-24,48.694756,48.781927,48.319912,48.529125,9558500
2015-12-28,48.25017,48.773209,47.927631,48.773209,22458300
2015-12-29,49.069594,49.55776,48.869097,49.296242,27731400
2015-12-30,49.226516,49.49675,49.069605,49.08704,21704500
2015-12-31,48.851652,48.98241,48.311179,48.363483,27334100
2016-01-04,47.352292,47.770721,46.541584,47.770721,53778000
2016-01-05,47.884045,48.285039,47.544071,47.988651,34079700
2016-01-06,47.352295,47.422035,46.75952,47.116928,39518900
2016-01-07,45.940095,46.628762,45.390905,45.478077,56564900
2016-01-08,45.652424,46.445697,45.460646,45.617558,48754000
2016-01-11,45.77447,46.070858,44.859156,45.591408,36943800
2016-01-12,45.992396,46.288783,45.382188,46.00983,36095500
2016-01-13,46.898997,47.134364,44.719676,45.016064,66883600
2016-01-14,45.3299,46.567753,44.955056,46.29752,52381900
2016-01-15,44.728408,45.303749,43.88283,44.449455,71820700
2016-01-19,44.876585,45.050931,43.638732,44.074596,43564500
2016-01-20,43.568996,44.789417,42.801873,44.275097,63273000
2016-01-21,44.458148,44.963752,43.847937,44.004848,40191200
2016-01-22,44.815573,45.617565,44.684812,45.582695,37555800
2016-01-25,45.277589,45.896519,45.02479,45.146832,34707700
2016-01-26,45.146822,45.713444,44.937606,45.478077,28900800
2016-01-27,45.338588,45.504219,44.475579,44.649925,36775200
2016-01-28,45.207833,45.512937,44.676078,45.382179,62513800
2016-01-29,47.709706,48.023529,47.073345,48.023529,83611700
2016-02-01,47.84046,48.023522,47.509202,47.692265,44208500
2016-02-02,47.221527,47.299983,45.896503,46.201607,56313800
2016-02-03,46.419548,46.54159,44.684807,45.469364,57559800
2016-02-04,45.417047,46.035977,44.780686,45.329876,46987100
2016-02-05,45.277586,45.329891,43.202874,43.72591,62009000
2016-02-08,43.194147,43.211582,42.008596,43.072105,59290500
2016-02-09,42.732138,43.795648,42.427031,42.958786,46740500
2016-02-10,43.490533,43.926398,43.167995,43.333622,38237000
2016-02-11,42.435748,43.68232,42.287553,43.316193,48878600
2016-02-12,43.804357,44.179201,43.368493,44.022289,34243300
2016-02-16,44.689564,44.85638,44.013513,44.85638,37291200
2016-02-17,45.207576,46.331399,45.172456,46.024101,40789000
2016-02-18,45.945072,46.489423,45.743132,45.822151,27176000
2016-02-19,45.629006,45.90118,45.24269,45.497307,33559100
2016-02-22,45.901175,46.533326,45.901175,46.226032,25008300
2016-02-23,45.95386,45.980198,44.759796,44.935394,28895300
2016-02-24,44.505184,45.216355,44.074972,45.093437,33014500
2016-02-25,45.418275,45.74313,44.434931,45.74313,26939500
2016-02-26,46.182147,46.252388,44.865166,45.040764,35975900
2016-02-29,45.08466,45.348059,44.47885,44.672009,31654000
2016-03-01,44.751017,46.173356,44.707115,46.164577,33024500
2016-03-02,46.015323,46.498216,45.795826,46.489437,29289900
2016-03-03,46.506993,46.506993,45.462186,45.962639,24427800
2016-03-04,46.00654,46.050439,45.400727,45.681683,33034200
2016-03-07,45.269031,45.479746,44.408604,44.803696,38407800
2016-03-08,44.601758,45.769483,44.42616,45.348049,33835100
2016-03-09,45.558779,46.401646,45.532441,46.392868,28251600
2016-03-10,46.471875,46.480654,44.917837,45.699245,38387800
2016-03-11,46.533344,46.594803,45.988993,46.594803,32275700
2016-03-14,46.278713,47.051343,46.208476,46.682587,24083600
2016-03-15,46.31384,47.05135,46.305062,47.05135,21104800
2016-03-16,46.928426,47.93811,46.884527,47.718613,31691700
2016-03-17,47.595711,48.289323,47.411335,47.990807,28223900
2016-03-18,48.21907,48.262972,46.92843,46.963551,67625500
2016-03-21,46.752837,47.349869,46.471881,47.28841,23925700
2016-03-22,47.068909,47.63082,46.937209,47.472782,23124100
2016-03-23,47.507901,47.62204,47.183046,47.384983,20129000
2016-03-24,47.270837,47.701053,47.174258,47.595692,19950000
2016-03-28,47.5957,47.665941,46.823074,47.00745,17025100
2016-03-29,47.112805,48.16639,46.928428,48.034691,23924300
2016-03-30,48.227856,48.851227,48.201518,48.333214,23008300
2016-03-31,48.245414,48.807325,48.166395,48.491249,26360500
2016-04-01,48.333207,48.824881,47.911773,48.789761,24399200
2016-04-04,48.666832,48.868769,48.289297,48.666832,18928800
2016-04-05,48.45613,48.552709,47.815199,47.903,19272300
2016-04-06,47.727396,48.464905,47.595696,48.394665,21188700
2016-04-07,48.175168,48.210288,47.613256,47.815193,19225100
2016-04-08,47.99958,48.535153,47.692285,47.780083,22167200
2016-04-11,47.841544,48.421016,47.674724,47.683506,21414200
2016-04-12,47.736171,48.096146,47.200598,47.98201,24944300
2016-04-13,48.394663,48.675619,48.192726,48.5966,20818000
2016-04-14,48.48246,48.798535,48.35076,48.605377,20877100
2016-04-15,48.552695,49.097047,48.385879,48.859993,28793800
2016-04-18,48.719533,49.685318,48.473694,49.571178,23786000
2016-04-19,49.720435,49.843352,48.886346,49.509716,29596800
2016-04-20,49.421911,49.606288,48.719522,48.80732,36195700
2016-04-21,48.9917,49.369235,48.658064,48.97414,38909100
2016-04-22,45.576328,46.032882,44.575423,45.462189,126834100
2016-04-25,45.462197,45.769494,45.3305,45.751934,33226900
2016-04-26,45.883627,45.962646,44.856383,45.163677,33532600
2016-04-27,45.1988,45.21636,44.382271,44.724686,43369300
2016-04-28,44.443726,44.575425,43.513061,43.811577,43134800
2016-04-29,43.328675,44.118865,43.328675,43.785229,48411700
2016-05-02,43.899364,44.557854,43.706205,44.434937,33114500
2016-05-03,44.197885,44.259344,43.548173,43.706211,26460200
2016-05-04,43.75889,43.952048,43.425254,43.785229,24257600
2016-05-05,43.785232,44.162767,43.662315,43.846691,25390700
2016-05-06,43.829143,44.241798,43.600868,44.241798,24787300
2016-05-09,44.329583,44.417381,43.899368,43.960827,17951600
2016-05-10,44.189112,44.865159,44.066191,44.794922,22891000
2016-05-11,44.891507,45.462197,44.777367,44.821266,24039100
2016-05-12,44.95295,45.488523,44.707112,45.225124,24102800
2016-05-13,45.163676,45.567552,44.812483,44.847603,22592300
2016-05-16,44.601755,45.62022,44.557857,45.506084,20032000
2016-05-17,45.727116,45.735956,44.524701,44.657318,27803500
2016-05-18,44.630798,45.214322,44.471654,44.922562,24907500
2016-05-19,44.621951,44.754568,44.047266,44.48933,23842400
2016-05-20,44.630812,45.285068,44.560083,44.754589,23905800
2016-05-23,44.73689,44.807622,44.188731,44.232937,26118700
2016-05-24,44.825301,45.718269,44.560064,45.612175,34757900
2016-05-25,45.903938,46.407895,45.789004,46.080765,24040200
2016-05-26,45.912788,45.956994,45.408835,45.877422,24335200
2016-05-27,45.903942,46.257595,45.771325,46.257595,17721400
2016-05-31,46.20455,46.858807,46.04541,46.858807,37653100
2016-06-01,46.363681,46.814588,46.363681,46.726173,25324800
2016-06-02,46.540512,46.628927,45.83321,46.399052,22840800
2016-06-03,46.310649,46.346011,45.621026,45.789013,23368300
2016-06-06,45.965837,46.284121,45.877423,46.089615,18243300
2016-06-07,46.186857,46.620078,46.063076,46.063076,20866800
2016-06-08,45.992361,46.363693,45.859741,46.010044,21149400
2016-06-09,45.974672,45.974672,45.523768,45.638702,20305700
2016-06-10,45.134759,46.018888,45.125919,45.514935,25833200
2016-06-13,43.83509,44.842996,43.375343,44.3302,83217800
2016-06-14,44.118022,44.294845,43.826258,44.056133,42577100
2016-06-15,44.01191,44.312514,43.932339,43.932339,33757600
2016-06-16,43.782048,44.621971,43.773205,44.551239,31188600
2016-06-17,44.568905,44.586588,44.047269,44.32135,45710500
2016-06-20,44.772263,44.94025,44.232945,44.268311,35607900
2016-06-21,44.383248,45.470726,44.347882,45.258533,34097800
2016-06-22,45.161283,45.497249,45.046345,45.081711,28816800
2016-06-23,45.338098,46.02772,45.223164,45.8951,29028800
2016-06-24,44.03845,45.037513,43.782052,44.056133,133503000
2016-06-27,43.410705,43.454914,42.473531,42.81834,50216300
2016-06-28,43.25156,43.737834,43.030528,43.711308,38140700
2016-06-29,44.126863,44.843008,44.029608,44.683865,31304000
2016-06-30,44.843005,45.355798,44.648495,45.24086,28527800
2016-07-01,45.205476,45.727111,45.152427,45.231998,21400400
2016-07-05,44.940259,45.338115,44.860688,45.24086,24806400
2016-07-06,44.896038,45.567978,44.551229,45.426517,28167500
2016-07-07,45.46188,45.629867,45.152436,45.426517,19585200
2016-07-08,45.735965,46.292967,45.576821,46.239918,28391000
2016-07-11,46.416743,46.708507,46.390221,46.496315,22269200
2016-07-12,46.805753,47.212454,46.673136,47.044468,27317600
2016-07-13,47.353928,47.619166,47.017958,47.309719,25356800
2016-07-14,47.601477,47.734097,47.371605,47.513065,24545500
2016-07-15,47.698731,47.742937,47.044475,47.477699,32024400
2016-07-18,47.477693,48.043535,47.345073,47.707565,31433900
2016-07-19,47.486528,47.654515,46.796909,46.93837,53336500
2016-07-20,49.643802,50.25385,49.09564,49.43161,89893300
2016-07-21,49.493505,49.714537,49.298996,49.334362,32776700
2016-07-22,49.581923,50.068193,49.316682,50.015144,32157200
2016-07-25,49.926729,50.165444,49.74106,50.156601,25610600
2016-07-26,49.970958,50.651738,49.962115,50.183147,28079000
2016-07-27,50.050504,50.218488,49.60844,49.679169,32327500
2016-07-28,49.511203,49.838329,49.263648,49.696869,37550400
2016-07-29,49.741057,50.183121,49.555391,50.112392,30558700
2016-08-01,50.041663,50.174283,49.634964,50.023983,26003400
2016-08-02,50.262695,50.306904,49.785268,50.023983,35122000
2016-08-03,50.112395,50.492571,49.944412,50.368793,22075600
2016-08-04,50.218503,50.855077,50.103565,50.740139,26587700
2016-08-05,50.969998,51.465108,50.793172,51.244076,29335200
2016-08-08,51.332493,51.359016,51.084935,51.332493,19473500
2016-08-09,51.429738,51.721502,51.297121,51.456264,16920700
2016-08-10,51.420927,51.562388,51.120323,51.29715,15756900
2016-08-11,51.305974,51.67731,51.305974,51.544689,18162300
2016-08-12,51.305974,51.447434,50.943481,51.226402,21655200
2016-08-15,51.288301,51.721525,51.244095,51.385555,19283900
2016-08-16,51.252086,51.260981,50.949608,51.100845,20523500
2016-08-17,51.189826,51.314374,50.914036,51.207619,18856400
2016-08-18,51.083059,51.33216,50.949616,51.243195,14214300
2016-08-19,51.091971,51.358862,50.887355,51.261002,17271000
2016-08-22,51.243206,51.376654,50.940729,51.305481,15221900
2016-08-23,51.510081,51.759179,51.465596,51.501183,18732400
2016-08-24,51.421122,51.634637,51.349953,51.554569,18151500
2016-08-25,51.492297,51.857049,51.403331,51.75029,18552600
2016-08-26,51.848142,52.221792,51.323255,51.625732,20971200
2016-08-29,51.759184,52.132831,51.688011,51.688011,16417200
2016-08-30,51.58125,51.768073,51.252085,51.501183,16930200
2016-08-31,51.287682,51.421126,50.976306,51.118649,20860300
2016-09-01,50.718303,51.438911,50.718303,51.234295,26075400
2016-09-02,51.305481,51.768094,51.083071,51.305481,18900500
2016-09-06,51.40335,51.421144,50.896256,51.252113,16278400
2016-09-07,51.127543,51.456709,51.074164,51.296574,17493400
2016-09-08,51.269889,51.412231,50.869551,51.091961,20146100
2016-09-09,50.522599,51.172035,50.006607,50.006607,35113900
2016-09-12,49.819782,50.896245,49.472824,50.753902,29303000
2016-09-13,50.264602,50.398049,49.864264,50.29129,30130200
2016-09-14,50.16674,50.380255,49.84647,50.051086,24062500
2016-09-15,49.953234,51.020798,49.801994,50.878456,26847000
2016-09-16,51.269891,51.269891,50.487008,50.931828,44607000
2016-09-19,50.949622,51.376648,50.575972,50.647144,20937100
2016-09-20,51.020777,51.020777,50.486995,50.540375,17384000
2016-09-21,51.163142,51.465619,50.7806,51.385551,33707300
2016-09-22,51.52787,51.599043,51.269877,51.438908,19822200
2016-09-23,51.483401,51.518987,51.04748,51.091961,19955300
2016-09-26,50.780588,50.833964,50.558178,50.620453,21688700
2016-09-27,50.647137,51.65243,50.424728,51.554569,28065100
2016-09-28,51.492289,51.652424,51.305462,51.625732,20536400
2016-09-29,51.430025,51.750292,50.89624,51.065273,25463500
2016-09-30,51.216507,51.394435,51.01189,51.243195,29910800
2016-10-03,51.074182,51.198731,50.762809,51.083076,19189500
2016-10-04,50.949616,51.243195,50.682725,50.922928,20085900
2016-10-05,50.967406,51.563462,50.940714,51.278778,16726400
2016-10-06,51.367744,51.4745,50.958508,51.367744,16212600
2016-10-07,51.465605,51.581259,51.08306,51.421124,20089000
2016-10-10,51.518982,51.946008,51.483396,51.634636,18196500
2016-10-11,51.501204,51.616858,50.611565,50.878456,26497400
2016-10-12,50.807281,50.949624,50.175639,50.807281,22177500
2016-10-13,50.442507,50.976289,50.104444,50.638226,25313700
2016-10-14,50.816185,51.367764,50.816185,51.083076,27402500
2016-10-17,51.029689,51.118651,50.593764,50.90514,23830000
2016-10-18,51.18092,51.55457,51.074164,51.296574,19149500
2016-10-19,51.127543,51.456709,51.065269,51.18092,22878400
2016-10-20,51.154237,51.17203,50.40694,50.931828,49455600
2016-10-21,53.627419,53.778659,52.924607,53.075844,80032200
2016-10-24,53.324964,54.267982,53.316069,54.267982,54067000
2016-10-25,54.13453,54.597143,54.090049,54.259083,35137200
2016-10-26,54.098948,54.445906,53.79647,53.938812,29911600
2016-10-27,53.92101,54.116732,53.458398,53.467293,28479900
2016-10-28,53.387229,53.840947,53.004687,53.26268,33574700
2016-10-31,53.520682,53.751987,53.307167,53.307167,26434700
2016-11-01,53.351645,53.396127,52.711104,53.200405,24533000
2016-11-02,53.218197,53.316058,52.755585,52.871239,22147000
2016-11-03,52.960206,53.058067,52.586559,52.675522,21600400
2016-11-04,52.177321,52.737792,52.061667,52.230698,28697000
2016-11-07,53.182619,53.840953,53.182619,53.751987,31664800
2016-11-08,53.867636,54.072253,53.511783,53.796467,22935400
2016-11-09,53.378331,53.903218,52.66662,53.529568,49632500
2016-11-10,53.805366,53.814264,51.269896,52.221809,57822400
2016-11-11,51.803669,52.595448,51.607948,52.506485,38767800
2016-11-14,52.506487,52.559866,50.958514,51.705811,41328400
2016-11-15,52.243193,53.282146,52.234235,52.726841,35904100
2016-11-16,52.789544,53.434412,52.673112,53.425457,27332500
2016-11-17,54.106146,54.589798,53.712062,54.312145,32132700
2016-11-18,54.437532,54.759966,54.007621,54.052402,27686300
2016-11-21,54.186767,54.607723,54.115113,54.509201,19652600
2016-11-22,54.616664,54.867444,54.464405,54.742054,23206700
2016-11-23,54.643534,54.724142,53.962842,54.097191,21848900
2016-11-25,54.007617,54.213615,53.855358,54.213615,8409600
2016-11-28,54.043453,54.652494,53.927017,54.285278,20732600
2016-11-29,54.321103,55.001794,54.204668,54.715187,22366700
2016-11-30,54.509205,54.795812,53.93599,53.971813,34655400
2016-12-01,53.837459,53.873286,52.789548,53.022419,34542100
2016-12-02,52.914952,53.264255,52.664168,53.067211,25515700
2016-12-05,53.470233,54.267359,53.344842,53.93597,23552700
2016-12-06,54.124064,54.150932,53.559804,53.694153,19907000
2016-12-07,53.747882,54.974924,53.559797,54.965965,30809000
2016-12-08,54.903282,55.154066,54.491285,54.643543,21220800
2016-12-09,54.795805,55.521282,54.751023,55.503368,27349400
2016-12-12,55.369016,55.798927,55.279452,55.682491,20198100
2016-12-13,55.978059,56.802055,55.745192,56.40797,35718900
2016-12-14,56.425886,56.828929,56.00493,56.139278,30352700
2016-12-15,56.157186,56.560229,55.798925,56.049709,27669900
2016-12-16,56.381104,56.381104,55.637714,55.798931,42453100
2016-12-19,56.031796,57.115531,55.906403,56.981182,34338200
2016-12-20,57.043876,57.142398,56.452748,56.909531,26028400
2016-12-21,56.811009,57.052834,56.533356,56.909531,17096300
2016-12-22,57.178223,57.41109,56.793093,56.918484,22176600
2016-12-23,56.828924,56.909533,56.246751,56.640839,12403800
2016-12-27,56.613963,57.384222,56.613963,56.676659,11763200
2016-12-28,56.784136,56.784136,56.273616,56.41692,14653300
2016-12-29,56.300488,56.605009,56.184053,56.336315,10250600
2016-12-30,56.390049,56.41692,55.557095,55.655617,25579900
2017-01-03,56.237795,56.282577,55.646667,56.049709,20694100
2017-01-04,55.960148,56.201974,55.637714,55.798931,21340000
2017-01-05,55.700409,56.121365,55.557105,55.798931,24876000
2017-01-06,55.798907,56.560211,55.56604,56.282558,19922900
2017-01-09,56.210916,56.497527,56.013876,56.103439,20382700
2017-01-10,56.184063,56.488584,55.78102,56.085541,18593000
2017-01-11,56.076576,56.631877,55.915359,56.59605,21517300
2017-01-12,56.479611,56.784132,55.485441,56.076569,20968200
2017-01-13,56.085527,56.309439,55.843702,56.157181,19422300
2017-01-17,56.13927,56.157183,55.557097,56.004921,20664000
2017-01-18,56.130305,56.157177,55.637699,55.978046,19670100
2017-01-19,55.745194,56.407973,55.709368,55.798931,18451700
2017-01-20,56.130302,56.264651,55.861608,56.193001,30213500
2017-01-23,56.157193,56.533364,56.040758,56.39006,23097600
2017-01-24,56.605009,57.088661,56.372139,56.891617,24672900
2017-01-25,57.276749,57.411094,56.828925,57.034924,23672700
2017-01-26,57.429009,57.80518,56.918486,57.563351,43554600
2017-01-27,58.566473,59.032214,58.118648,58.915775,44818000
2017-01-30,58.835175,58.924738,58.038048,58.333607,31651400
2017-01-31,58.091795,58.351534,57.554407,57.903709,25270500
2017-02-01,57.643975,57.876846,56.846848,56.94537,39671500
2017-02-02,56.649794,56.793098,56.201969,56.57814,45827000
2017-02-03,56.873706,57.052837,56.488577,57.034924,30301800
2017-02-06,56.873713,57.008062,56.551279,56.999104,19796400
2017-02-07,57.088669,57.124492,56.631886,56.811016,20277200
2017-02-08,56.936391,57.151348,56.622916,56.730392,18096400
2017-02-09,56.891615,57.715614,56.712485,57.375263,22644400
2017-02-10,57.545434,57.590219,57.303608,57.321522,18170700
2017-02-13,57.536478,58.091783,57.437956,57.966393,22920100
2017-02-14,58.03849,58.317822,57.687063,58.182659,23108400
2017-02-15,58.119571,58.182647,57.813208,58.146603,17005200
2017-02-16,58.335838,58.786378,58.065519,58.1376,20546300
2017-02-17,58.092544,58.290782,57.939362,58.227707,21248800
2017-02-21,58.218705,58.525068,58.074529,58.110573,20655900
2017-02-22,57.9664,58.020462,57.714099,57.993431,19292700
2017-02-23,58.047487,58.326826,57.840243,58.227707,20273100
2017-02-24,58.146606,58.389901,57.795186,58.227707,21796800
2017-02-27,58.155629,58.155629,57.714103,57.876297,15871500
2017-02-28,57.741126,57.849251,57.452778,57.651016,23239800
2017-03-01,57.786166,58.561094,57.687047,58.516045,26937500
2017-03-02,58.290793,58.344855,57.560917,57.678059,24539600
2017-03-03,57.660027,57.921337,57.326626,57.894306,18135900
2017-03-06,57.642007,58.17364,57.497835,57.912327,18750300
2017-03-07,57.840243,58.371876,57.840243,58.029469,18521000
2017-03-08,57.903324,58.642208,57.894311,58.561108,21510900
2017-03-09,58.741327,58.750333,58.101562,58.326832,19846800
2017-03-10,58.669248,58.804411,58.344859,58.507053,19538200
2017-03-13,58.57913,58.741324,58.182653,58.308804,20100000
2017-03-14,58.146604,58.164629,57.804196,58.038479,14280200
2017-03-15,58.164636,58.49803,57.894309,58.344849,24833800
2017-03-16,58.344843,58.353856,57.93936,58.245724,20674300
2017-03-17,58.48902,58.786371,58.281769,58.452976,49219700
2017-03-20,58.489035,58.732323,58.317828,58.507053,14598100
2017-03-21,58.741337,59.020669,57.786188,57.858276,26640500
2017-03-22,57.777178,58.696276,57.777178,58.597157,20680000
2017-03-23,58.516051,58.786371,58.362863,58.452976,19269200
2017-03-24,58.894509,58.975602,58.353863,58.552101,22617100
2017-03-27,58.236713,58.768353,57.984412,58.660221,18614700
2017-03-28,58.534082,58.993634,58.25475,58.83144,20080400
2017-03-29,58.678261,59.020668,58.525072,58.993637,13618400
2017-03-30,58.948579,59.453187,58.894516,59.209892,15122800
2017-03-31,59.15581,59.642393,58.97559,59.345036,21040300
2017-04-03,59.299999,59.417144,58.741334,59.065723,20400900
2017-04-04,58.921539,59.29999,58.82242,59.227909,12997400
2017-04-05,59.741526,59.786575,58.966597,59.074722,21448600
2017-04-06,59.110764,59.52526,59.002639,59.227909,18103500
2017-04-07,59.336043,59.435162,58.966604,59.182861,14108500
2017-04-10,59.119779,59.309005,58.89451,59.047691,17952700
2017-04-11,59.110765,59.119778,58.434956,59.00264,18791500
2017-04-12,58.948578,59.029679,58.669246,58.777378,17108500
2017-04-13,58.831441,59.345055,58.52507,58.52507,17896500
2017-04-17,58.606163,59.011646,58.579132,59.00264,16689300
2017-04-18,58.867484,59.209892,58.714303,58.921547,15155600
2017-04-19,59.155822,59.245928,58.471,58.606163,26992800
2017-04-20,58.984628,59.245942,58.696283,59.020672,22299500
2017-04-21,59.173848,60.101958,58.975609,59.831638,32522600
2017-04-24,60.804808,60.967002,60.462393,60.849857,29770000
2017-04-25,61.183256,61.309407,60.91293,61.201275,30242700
2017-04-26,61.345448,61.552692,60.930952,61.120178,26190800
2017-04-27,61.408522,61.615767,60.894908,61.516647,34971000
2017-04-28,62.093356,62.3006,60.994038,61.687866,39548800
2017-05-01,61.88609,62.670031,61.723895,62.54388,31954400
2017-05-02,62.81421,62.81421,62.291582,62.444771,23906100
2017-05-03,62.516848,62.516848,61.913127,62.246529,28928000
2017-05-04,62.201473,62.24653,61.850053,62.003235,21749400
2017-05-05,62.084328,62.201466,61.714883,62.174435,19128800
2017-05-08,62.147381,62.219469,61.651785,62.12035,18566100
2017-05-09,62.048285,62.426737,61.886091,62.21048,22858400
2017-05-10,62.165429,62.679043,62.102353,62.453773,17977800
2017-05-11,61.59776,61.931161,61.381503,61.687866,28789400
2017-05-12,61.823023,61.823023,61.309409,61.615772,18714100
2017-05-15,61.39951,61.705881,60.885895,61.660824,31530300
2017-05-16,61.833021,62.929576,61.769585,62.90239,34956000
2017-05-17,62.431147,62.621458,61.108032,61.153347,30548800
2017-05-18,61.080837,61.742391,60.845212,61.361771,25201300
2017-05-19,61.171447,61.715192,61.10801,61.343636,26961100
2017-05-22,61.524866,62.077675,61.171432,62.03236,16237600
2017-05-23,62.277069,62.304255,61.968942,62.240818,15425800
2017-05-24,62.412987,62.422045,62.03236,62.322357,14593900
2017-05-25,62.503615,63.328293,62.449242,63.092674,21854100
2017-05-26,63.255822,63.636443,63.002068,63.400818,19827900
2017-05-30,63.246743,63.808617,63.228614,63.808617,17072800
2017-05-31,63.917398,64.107709,63.264901,63.292088,30436400
2017-06-01,63.654572,63.989885,62.938639,63.527699,21603600
2017-06-02,63.83581,65.122674,63.654557,65.032051,34770300
2017-06-05,65.222385,66.056128,65.077383,65.503319,33316800
2017-06-06,65.521419,65.811417,65.494226,65.720787,31511100
2017-06-07,65.82955,65.947359,65.20424,65.602989,22301800
2017-06-08,65.711756,65.720813,64.796447,65.204254,24588300
2017-06-09,65.285795,65.322045,62.15925,63.727055,49187400
2017-06-12,62.757382,63.382692,61.742386,63.23769,47761700
2017-06-13,63.455185,64.180183,63.400813,64.026123,25258600
2017-06-14,64.261754,64.433935,62.92051,63.681751,25510700
2017-06-15,62.775471,63.627342,62.349543,63.346409,26068700
2017-06-16,63.192352,63.464221,62.730166,63.437035,48345100
2017-06-19,63.890174,64.288924,63.754236,64.225487,23798300
2017-06-20,64.180197,64.225512,63.319268,63.355518,21512200
2017-06-21,63.627379,63.998942,63.382696,63.681751,19891100
2017-06-22,63.926442,63.97175,63.174258,63.672695,22965700
2017-06-23,63.518605,64.56985,63.364545,64.5336,27617300
2017-06-26,64.705804,64.986738,63.835811,63.91737,19607000
2017-06-27,63.53674,63.600176,62.693933,62.721119,25215100
2017-06-28,62.721115,63.292046,62.340494,63.255802,25806200
2017-06-29,62.875187,62.974874,61.706131,62.06863,28918700
2017-06-30,62.331458,62.875203,62.295207,62.467396,24161100
2017-07-03,62.829879,63.074562,61.642695,61.778633,16165500
2017-07-05,61.860205,62.929573,61.823955,62.603325,21176300
2017-07-06,61.869237,62.331424,61.733306,62.141113,21117600
2017-07-07,62.258942,63.292059,62.258942,62.947689,16878300
2017-07-10,62.947687,63.66362,62.712062,63.418938,15014500
2017-07-11,63.437062,64.053308,63.210501,63.427998,17460000
2017-07-12,64.062384,64.597065,63.935511,64.479256,17750900
2017-07-13,64.796417,65.285789,64.624228,65.0411,20269800
2017-07-14,65.467041,66.400471,65.213294,65.956413,25868100
2017-07-17,65.974539,66.563592,65.902038,66.472969,21803900
2017-07-18,66.237364,66.50924,65.847685,66.427681,26435300
2017-07-19,66.608902,67.098274,66.563587,66.93515,22416200
2017-07-20,67.225171,67.333922,66.40955,67.261421,42361000
2017-07-21,66.563593,67.324841,66.309846,66.871719,46717100
2017-07-24,66.636072,66.835447,66.273573,66.699509,21394800
2017-07-25,66.880788,67.342967,66.608912,67.234222,22018700
2017-07-26,67.370142,67.406393,66.889835,67.107338,16252200
2017-07-27,66.844534,67.442651,65.539541,66.300789,36844200
2017-07-28,65.856727,66.436722,65.738918,66.192039,18306700
2017-07-31,66.427647,66.554521,65.621091,65.883896,23600100
2017-08-01,66.246413,66.536411,65.693604,65.775169,22132300
2017-08-02,65.747965,65.757022,64.742034,65.485153,26499200
2017-08-03,65.421733,65.648294,65.113607,65.385483,18214400
2017-08-04,65.612052,66.192047,65.467049,65.865799,22579000
2017-08-07,65.974544,66.065167,65.485172,65.612045,18705700
2017-08-08,65.331087,66.273581,65.022968,65.965462,22044600
2017-08-09,65.476101,65.711727,65.294855,65.675476,22213400
2017-08-10,65.158924,65.421736,64.660487,64.714867,24734500
2017-08-11,64.896126,65.883929,64.597064,65.702682,21443700
2017-08-14,66.210167,66.808292,66.11048,66.690475,20096600
2017-08-15,67.045771,67.045771,66.544686,66.708679,19181400
2017-08-16,66.818019,67.510436,66.663139,67.100456,18150400
2017-08-17,67.036697,67.300909,65.961632,65.961632,22977500
2017-08-18,65.84318,66.362491,65.533419,66.043617,18761500
2017-08-21,66.025376,66.034489,65.323847,65.733833,17734800
2017-08-22,65.916049,66.726903,65.916049,66.654022,14343700
2017-08-23,66.471852,66.644958,66.080091,66.253197,13766500
2017-08-24,66.271372,66.380703,65.660955,66.225822,17098300
2017-08-25,66.380713,66.827136,66.034508,66.344269,12794300
2017-08-28,66.562913,66.590244,66.098272,66.353371,14569700
2017-08-29,65.824957,66.654036,65.642746,66.553818,11478400
2017-08-30,66.517372,67.610656,66.353379,67.428444,16897800
2017-08-31,67.446666,68.293963,67.237123,68.120857,27652800
2017-09-01,68.0662,68.093531,67.091353,67.364677,21736200
2017-09-05,66.818032,67.319125,66.490053,67.064026,21556000
2017-09-06,67.182457,67.455782,66.82714,66.872696,16535800
2017-09-07,67.127799,67.965984,67.054912,67.729103,17471200
2017-09-08,67.719997,67.820215,67.273567,67.401123,14703800
2017-09-11,67.701761,68.275741,67.701761,68.111748,17910400
2017-09-12,68.111736,68.549047,67.756419,68.038849,14394900
2017-09-13,68.266637,68.539961,67.920432,68.521736,13380800
2017-09-14,68.330407,68.77683,67.893089,68.120857,15733900
2017-09-15,68.17552,68.685719,67.483104,68.612831,38578400
2017-09-18,68.539971,69.214163,68.366865,68.476196,23307000
2017-09-19,68.52172,68.977256,68.339509,68.73127,16093300
2017-09-20,68.649285,68.831504,67.701769,68.275749,21587900
2017-09-21,68.430615,68.549052,67.519543,67.610649,19186100
2017-09-22,67.410244,67.884006,67.282695,67.7929,14111400
2017-09-25,67.50134,67.647115,66.435387,66.745155,24149200
2017-09-26,67.118691,67.246241,66.499162,66.745155,18019600
2017-09-27,67.009367,67.574227,66.663155,67.282684,19565100
2017-09-28,67.000263,67.392024,66.790713,67.300919,10883800
2017-09-29,67.36466,67.911302,67.309991,67.865746,17079100
2017-10-02,68.066188,68.339513,67.692652,67.975082,15304800
2017-10-03,68.029748,68.221072,67.592437,67.656212,12190400
2017-10-04,67.501317,68.075297,67.155112,68.047966,13317700
2017-10-05,68.530853,69.350819,68.293972,69.214157,21195300
2017-10-06,68.940815,69.268801,68.822378,69.24147,13959800
2017-10-09,69.214134,69.742557,69.113915,69.505676,11386500
2017-10-10,69.54212,69.815437,69.369014,69.505676,13944500
2017-10-11,69.569461,69.660566,69.195918,69.624123,15388900
2017-10-12,69.687884,70.416744,69.57856,70.261864,16876500
2017-10-13,70.690074,70.94518,70.416757,70.598969,15335700
2017-10-16,70.535186,70.890504,70.471411,70.744736,12380100
2017-10-17,70.580747,70.717409,70.38031,70.690071,16824000
2017-10-18,70.76296,70.926953,70.489642,70.708298,13300700
2017-10-19,70.671853,70.999839,70.471416,70.981621,15092800
2017-10-20,71.355159,71.947357,71.264053,71.801582,22866400
2017-10-23,71.965569,72.284443,71.756027,71.819801,20627200
2017-10-24,71.883574,72.156891,71.4827,71.84713,17517200
2017-10-25,71.592016,72.06577,71.072706,71.637566,20410800
2017-10-26,72.156894,72.357331,71.746915,71.756027,32120700
2017-10-27,76.867131,78.534387,76.174714,76.356926,71066700
2017-10-30,76.256742,76.830722,75.719213,76.429848,31756700
2017-10-31,76.858016,76.858016,75.719177,75.782951,27086600
2017-11-01,76.238487,76.311375,75.509627,75.782951,22307400
2017-11-02,75.937853,76.949143,75.72831,76.575607,23992900
2017-11-03,76.602931,77.022023,75.983401,76.657593,17633500
2017-11-06,76.712259,77.167795,76.602934,76.958252,19860900
2017-11-07,77.23156,77.350004,76.466263,76.776024,17939700
2017-11-08,76.657612,77.085817,76.375182,77.04026,18034200
2017-11-09,76.630294,76.776061,75.527897,76.612068,21178400
2017-11-10,76.338711,76.621141,75.828513,76.411598,19397800
2017-11-13,76.220269,76.475368,76.03805,76.466255,14196900
2017-11-14,76.074515,76.621157,75.600761,76.575607,18801300
2017-11-15,76.429096,76.630539,75.714892,75.980431,19383100
2017-11-16,76.090306,76.383313,75.943806,76.18187,20962800
2017-11-17,76.108654,76.108654,75.30288,75.449387,22079000
2017-11-20,75.449351,75.623319,75.312002,75.568382,16315000
2017-11-21,75.76069,76.767901,75.76069,76.658028,21237500
2017-11-22,76.758724,76.822819,76.035362,76.099457,20553100
2017-11-24,76.007905,76.392475,75.797303,76.236816,7425600
2017-11-27,76.282605,76.896094,76.273453,76.795372,18265200
2017-11-28,76.978482,77.884971,76.932696,77.720154,21926000
2017-11-29,77.564498,77.756783,76.163559,76.310059,27381100
2017-11-30,76.465729,77.390528,76.310064,77.070053,33054600
2017-12-01,76.54815,77.656083,76.200207,77.152481,29532100
2017-12-04,77.298951,77.30811,73.892742,74.240692,39094900
2017-12-05,74.478768,75.705739,74.149141,74.70768,26152300
2017-12-06,74.67106,76.126936,74.561179,75.797302,26162100
2017-12-07,75.577539,75.815609,75.083088,75.531754,23184500
2017-12-08,76.575606,77.445476,76.300916,77.060905,24489100
2017-12-11,77.179946,78.168847,77.024288,78.040657,22857900
2017-12-12,78.113901,78.791485,77.903306,78.36113,23924100
2017-12-13,78.507615,78.745685,77.985696,78.150513,22062700
2017-12-14,78.223789,78.626676,77.399704,77.546211,19306000
2017-12-15,78.068126,79.743756,77.720175,79.524002,53936700
2017-12-18,79.771243,80.119187,78.956317,79.093658,22283800
2017-12-19,79.06616,79.06616,78.07726,78.590027,23524800
2017-12-20,78.928816,79.020386,77.564503,78.306175,23674900
2017-12-21,78.791481,78.837259,78.196309,78.287872,17990700
2017-12-22,78.196298,78.406893,77.756784,78.29702,14145800
2017-12-26,78.113885,78.315328,77.857505,78.196297,9891200
2017-12-27,78.425219,78.727385,78.031491,78.480156,14678000
2017-12-28,78.654136,78.681604,78.33366,78.489319,10594300
2017-12-29,78.406906,78.791483,78.287874,78.324501,18717400
2018-01-02,78.864715,79.029531,78.287859,78.699898,22483800
2018-01-03,78.800631,79.212677,78.718226,79.06617,26061400
2018-01-04,79.285937,80.265686,79.267627,79.762077,21912000
2018-01-05,80.265662,80.952397,80.05506,80.750954,23407100
2018-01-08,80.760128,81.108079,80.210741,80.833382,22113000
2018-01-09,81.172171,81.245425,80.448809,80.778442,19484300
2018-01-10,80.44882,80.750986,80.036781,80.412193,18652200
2018-01-11,80.696009,80.696009,79.881083,80.65023,17808900
2018-01-12,81.190463,82.206832,80.989019,82.042015,24271500
2018-01-16,82.499829,83.131628,80.586129,80.897446,36599700
2018-01-17,81.565892,82.664666,81.263726,82.536476,25621200
2018-01-18,82.22515,83.021759,82.09696,82.49984,24159700
2018-01-19,82.53647,82.966825,82.096963,82.408279,36875000
2018-01-22,82.408261,83.891612,82.170191,83.882454,23601600
2018-01-23,84.148033,84.514294,83.818399,84.148033,23412800
2018-01-24,84.743194,85.548961,83.855015,84.074768,33277500
2018-01-25,84.669931,85.374976,84.17548,84.54174,26383200
2018-01-26,85.265105,86.125809,84.770654,86.125809,29172200
2018-01-29,87.114711,87.398559,85.814493,85.99762,31569900
2018-01-30,85.429889,85.759523,84.331108,84.917122,38635100
2018-01-31,85.841941,87.352761,85.622188,86.995659,48756300
2018-02-01,86.794214,87.966241,85.686281,86.308922,47227900
2018-02-02,85.741221,86.043386,83.781736,84.038116,47867800
2018-02-05,82.921036,85.374972,80.576981,80.576981,51031500
2018-02-06,79.560621,83.763447,78.058959,83.626099,67998600
2018-02-07,82.856953,84.028981,81.675767,82.051186,41107600
2018-02-08,82.142744,82.298402,77.610291,77.839203,55628700
2018-02-09,79.020384,81.428534,76.758733,80.741798,63499100
2018-02-12,81.254562,82.206836,80.51289,81.611664,35720300
2018-02-13,81.428533,82.408275,80.393854,82.252617,26407700
2018-02-14,81.424694,83.706164,81.332701,83.540573,34960900
2018-02-15,83.908525,85.297649,83.365758,85.242455,27823900
2018-02-16,85.049259,86.015208,84.451297,84.635284,30596900
2018-02-20,84.156926,85.61044,83.724549,85.297661,30911700
2018-02-21,85.536851,85.886429,84.166122,84.166122,26922500
2018-02-22,84.681308,85.306874,84.046541,84.386925,24392800
2018-02-23,86.107212,86.539589,84.966478,86.530388,26329200
2018-02-26,86.843165,87.809107,86.705171,87.781509,30199800
2018-02-27,88.075871,88.167864,86.659149,86.659149,25869100
2018-02-28,87.247956,88.048314,86.134819,86.263611,31167300
2018-03-01,86.465962,86.999534,84.488071,85.417221,37135600
2018-03-02,84.248901,85.69322,83.586537,85.601227,32830400
2018-03-05,84.948061,86.723562,84.87447,86.143997,23901600
2018-03-06,86.787969,86.925963,85.500047,85.849625,22175800
2018-03-07,85.702428,86.419987,85.030863,86.34639,26716100
2018-03-08,86.723563,87.487122,86.263589,86.870758,25887800
2018-03-09,87.661923,88.811859,87.395137,88.811859,36937300
2018-03-12,88.775062,89.428225,88.351886,89.023445,26073700
2018-03-13,89.235035,89.455821,86.447591,86.852371,35387800
2018-03-14,87.50552,87.772306,86.0152,86.337181,32132000
2018-03-15,86.042802,87.008751,85.398841,86.64077,27611000
2018-03-16,87.100743,87.744704,86.40158,87.027145,49081300
2018-03-19,86.236003,86.383198,84.736489,85.454048,33344100
2018-03-20,85.601245,86.263602,85.555244,85.674835,23075200
2018-03-21,85.490833,86.521178,84.828468,85.076859,24457100
2018-03-22,83.963739,84.405318,82.482628,82.602219,38604700
2018-03-23,82.335438,83.218588,80.109163,80.201157,44068900
2018-03-26,83.356553,86.475179,83.163365,86.272789,56396800
2018-03-27,87.339977,87.523964,81.424703,82.307854,56569000
2018-03-28,82.629793,83.926924,81.755845,82.234215,52501100
2018-03-29,82.960997,84.902089,81.323488,83.963737,45867500
2018-04-02,83.227749,83.604925,80.504703,81.433846,48515400
2018-04-03,82.409019,82.841396,80.854304,82.52861,37213800
2018-04-04,80.817492,85.334444,80.707103,84.938866,35560000
2018-04-05,85.040065,85.61963,84.083317,84.984863,29771900
2018-04-06,84.166135,85.058486,82.317042,83.007004,38026000
2018-04-09,83.752121,85.711609,83.365744,83.503731,31533900
2018-04-10,84.994051,85.812805,84.30409,85.444824,26812000
2018-04-11,84.644494,85.822027,84.156922,84.5065,24872100
2018-04-12,85.030864,86.622378,85.030864,86.088806,26758900
2018-04-13,86.521181,86.640772,85.040063,85.62883,23346100
2018-04-16,86.539591,87.082364,85.941623,86.631584,20288100
2018-04-17,87.395149,88.811871,87.284752,88.379494,26771000
2018-04-18,88.517459,88.977433,87.873491,88.719849,21043300
2018-04-19,88.719844,89.29941,87.707895,88.41626,23552500
2018-04-20,88.232275,88.416262,86.52117,87.395119,31154400
2018-04-23,88.075904,88.581879,87.054761,87.717125,22331800
2018-04-24,88.535862,88.747453,85.012464,85.665627,34524800
2018-04-25,85.831218,85.831218,83.052969,84.920464,33729300
2018-04-26,86.061185,87.533101,85.647204,86.714348,42529000
2018-04-27,89.787014,90.063001,86.392407,88.149506,48272800
2018-04-30,88.61866,88.683057,85.693223,86.0336,41523600
2018-05-01,85.74841,87.661905,85.362033,87.395119,31408900
2018-05-02,87.385942,87.551533,85.730038,86.024422,27471000
2018-05-03,85.518468,87.330769,85.049292,86.539612,31142500
2018-05-04,85.849626,87.735524,85.481645,87.542336,22531300
2018-05-07,87.551522,88.968244,87.487126,88.517471,24242000
2018-05-08,88.177088,88.462277,87.450328,88.140289,23484600
2018-05-09,88.324287,89.207437,87.441137,89.17984,27327400
2018-05-10,89.658208,90.108981,89.281033,90.072189,22388100
2018-05-11,89.970991,90.035387,89.271828,89.87899,16778300
2018-05-14,90.081407,90.789772,89.520238,90.182602,19454100
2018-05-15,89.455798,90.016968,88.627843,89.529396,24594000
2018-05-16,89.954432,89.991391,89.270721,89.760406,17384700
2018-05-17,89.400066,90.120735,88.540805,88.864182,17246700
2018-05-18,88.707118,89.557138,88.707118,89.030495,17865800
2018-05-21,89.621818,90.554995,89.437033,90.176178,19422500
2018-05-22,90.25011,90.702837,89.806618,90.083801,15441200
2018-05-23,89.353861,91.220216,88.993526,91.15554,21251200
2018-05-24,91.220219,91.414245,89.446257,90.832161,26649300
2018-05-25,90.822923,91.4512,90.416389,90.878357,18363900
2018-05-29,90.397911,91.358805,89.834316,90.554985,28671000
2018-05-30,90.832189,91.700691,90.46262,91.423508,22158500
2018-05-31,91.737637,92.384389,91.10936,91.321861,34140900
2018-06-01,91.728389,93.18821,91.626756,93.123535,28655600
2018-06-04,93.557767,94.112127,93.17895,93.936577,27281600
2018-06-05,94.24148,94.546381,93.807229,94.41703,23514400
2018-06-06,94.684987,94.795855,94.149103,94.694221,21122900
2018-06-07,94.842051,94.87901,92.744712,93.20668,28232200
2018-06-08,93.400686,94.195272,92.892526,93.899612,22165100
2018-06-11,93.326796,93.862674,93.012654,93.363754,23490900
2018-06-12,93.409955,93.733332,93.086579,93.603981,18325200
2018-06-13,93.982797,94.25074,92.911028,93.17897,29492900
2018-06-14,93.91809,94.269183,93.31753,93.705582,25691800
2018-06-15,93.788769,93.807245,92.458299,92.513733,65738600
2018-06-18,92.40285,93.419178,91.857724,93.188194,23586000
2018-06-19,92.070232,93.317545,91.931641,93.188194,28653100
2018-06-20,93.659408,94.721929,93.428424,94.121376,26180800
2018-06-21,94.315409,94.666503,93.206682,93.446907,23198200
2018-06-22,92.772453,93.105064,92.051777,92.772453,38923100
2018-06-25,92.393612,92.495246,89.898988,90.906075,35433300
2018-06-26,91.303369,92.46753,91.238694,91.543594,26897200
2018-06-27,92.005581,92.412109,89.9914,90.12075,31298400
2018-06-28,89.972888,91.5713,89.86202,91.127808,26650700
2018-06-29,91.405011,92.310472,90.850651,91.109352,28053200
2018-07-02,90.638163,92.449078,90.545771,92.402885,19564500
2018-07-03,92.837121,92.975706,91.414258,91.515892,14670300
2018-07-05,91.931665,92.319716,91.497414,92.17189,18977400
2018-07-06,92.292005,93.714868,92.088738,93.465408,19234600
2018-07-09,93.918106,94.472466,93.54853,94.10289,18212000
2018-07-10,94.241473,94.712683,94.112123,94.352348,19293100
2018-07-11,93.456123,94.555602,93.409924,94.222992,19644600
2018-07-12,94.952921,96.468183,94.915969,96.264915,24335900
2018-07-13,96.431229,97.567666,96.172521,97.410599,24635200
2018-07-16,97.382872,97.770923,96.569804,96.930145,21786900
2018-07-17,96.652966,98.399205,96.385024,97.891037,25901700
2018-07-18,97.881811,97.983445,96.754608,97.124184,29493900
2018-07-19,96.948601,97.299694,95.987706,96.458916,40171600
2018-07-20,99.859005,99.969873,98.011133,98.186676,56004000
2018-07-23,98.214399,99.914437,98.057324,99.75737,29707000
2018-07-24,100.311779,100.542763,99.101425,99.471001,26316600
2018-07-25,99.74815,102.695508,99.415532,102.399849,30702100
2018-07-26,102.316672,102.556897,101.170993,101.281868,31372100
2018-07-27,101.799305,101.799305,98.066601,99.489464,37005300
2018-07-30,99.036727,99.350862,96.791562,97.355164,34668300
2018-07-31,98.389941,98.60245,97.364372,98.011131,27655200
2018-08-01,97.964954,98.353006,97.401352,98.195938,23628700
2018-08-02,97.38287,99.868253,96.865461,99.38781,26104300
2018-08-03,99.60034,99.831324,98.694879,99.822083,18659600
2018-08-06,99.89597,100.173147,99.378561,99.905205,20265900
2018-08-07,100.302508,100.801435,99.942174,100.598167,16080200
2018-08-08,101.013963,101.402014,100.487319,101.161789,15487500
2018-08-09,101.36503,101.780805,101.263396,101.328072,13677200
2018-08-10,101.09712,101.346587,100.136225,100.709068,18183700
2018-08-13,100.930802,101.244944,99.877515,99.979149,18472500
2018-08-14,100.302504,101.401991,99.822061,101.22644,16788300
2018-08-15,100.62358,101.087326,99.074671,99.853767,29982800
2018-08-16,100.447361,100.966754,99.519869,99.835213,21384300
2018-08-17,99.575537,100.076384,98.95412,99.779587,18061500
2018-08-20,99.714642,100.076363,98.759327,99.121048,17914200
2018-08-21,99.167415,99.566237,98.175,98.295578,22881900
2018-08-22,98.175023,99.556984,98.110098,99.297287,18000600
2018-08-23,99.380726,100.336041,99.12103,99.760994,18167700
2018-08-24,99.863043,100.68851,99.761019,100.540115,17234000
2018-08-27,101.347025,101.6902,100.642136,101.653099,19662300
2018-08-28,101.968446,102.48784,101.829321,102.265244,19151500
2018-08-29,102.441444,103.906883,102.274496,103.897606,20818000
2018-08-30,103.573006,104.444851,103.359687,103.832703,22798700
2018-08-31,103.591548,104.602511,103.433869,104.185143,23222700
2018-09-04,102.812449,103.841965,102.228132,103.610092,22634600
2018-09-05,102.960872,103.34114,100.261867,100.623589,32872400
2018-09-06,100.400977,101.087319,99.714635,100.855446,23477600
2018-09-07,100.382453,100.836922,99.454961,100.363899,22498600
2018-09-10,100.948204,101.690201,100.503012,101.449051,20727900
2018-09-11,101.003867,103.498815,100.99459,103.174194,24301800
2018-09-12,103.350396,103.73994,102.497105,103.610092,18891100
2018-09-13,103.990364,105.483626,103.990364,104.723083,26055600
2018-09-14,105.140496,105.48367,104.287205,105.149773,19122300
2018-09-17,105.446518,105.455788,103.749207,104.008904,20736500
2018-09-18,104.055297,105.455804,103.619374,105.001335,22170900
2018-09-19,104.852957,105.103377,102.988697,103.600838,21728400
2018-09-20,104.13877,105.548562,103.81415,105.335236,23714500
2018-09-21,105.734047,106.930512,105.279578,105.975197,71229700
2018-09-24,104.834406,106.568818,104.083139,106.355492,27334500
2018-09-25,106.476064,106.754307,105.502194,106.151436,22668000
2018-09-26,106.169984,106.717201,105.492912,105.715515,19352000
2018-09-27,106.457494,106.578072,105.919547,106.114326,19091300
2018-09-28,105.910268,106.262713,105.437246,106.077217,21647800
2018-10-01,106.429682,107.29225,106.411135,107.227325,18883100
2018-10-02,106.9398,107.440639,106.142156,106.800674,20787200
2018-10-03,107.051094,107.75599,106.596625,106.819221,16648000
2018-10-04,106.29982,106.438946,103.535892,104.611786,34821700
2018-10-05,104.463403,104.964249,102.617696,103.999657,29068900
2018-10-08,103.563735,103.906902,101.411947,102.812462,29640600
2018-10-09,103.081431,104.880767,102.766087,104.120224,26198600
2018-10-10,103.174209,103.415359,98.11938,98.462555,61376300
2018-10-11,97.711244,101.031666,96.644627,98.230644,63904300
2018-10-12,101.105874,103.174176,99.352915,101.625267,47742100
2018-10-15,101.013122,101.541792,99.195232,99.798103,32068100
2018-10-16,101.597454,103.331867,101.05023,102.951591,31610200
2018-10-17,103.582278,103.702849,101.606723,102.68261,26548200
2018-10-18,102.116828,102.51565,100.011425,100.632843,32506200
2018-10-19,101.031677,102.821737,100.363882,100.781258,32785500
2018-10-22,101.393411,102.524952,100.391718,101.680931,26545600
2018-10-23,99.955782,101.068776,97.488658,100.261856,43770400
2018-10-24,100.549384,100.623578,94.223883,94.900955,63897800
2018-10-25,98.824262,101.347034,98.453263,100.447372,61646800
2018-10-26,98.026617,100.86474,97.16405,99.204529,55523100
2018-10-29,100.27114,100.818356,94.26099,96.320023,55162000
2018-10-30,96.143801,96.811589,92.851202,96.208725,65350900
2018-10-31,97.79474,100.298965,97.748362,99.065399,51062400
2018-11-01,99.287984,99.538404,97.878193,98.239914,33384200
2018-11-02,98.759352,99.538442,97.368114,98.462555,37680200
2018-11-05,98.657305,99.927965,98.221383,99.714645,27922100
2018-11-06,99.594058,100.948195,98.573818,99.909409,24340200
2018-11-07,101.504681,104.101654,101.467581,103.841957,37901700
2018-11-08,103.693594,104.073862,102.868127,103.647217,25644100
2018-11-09,102.812455,103.368949,100.874001,101.625267,32039200
2018-11-12,101.486148,101.986994,98.406875,99.121048,33621800
2018-11-13,99.751745,100.855455,98.907724,99.185974,35374600
2018-11-14,100.695007,100.84405,97.31367,97.779419,39495100
2018-11-15,97.798042,100.415559,96.792029,99.931175,38505200
2018-11-16,99.744881,101.421575,99.484063,100.871994,33502100
2018-11-19,100.853356,101.123492,96.456689,97.453392,44773900
2018-11-20,94.826575,95.916427,92.544399,94.742737,64052500
2018-11-21,96.503239,97.276384,95.2364,96.046806,28130600
2018-11-23,95.171194,96.698851,95.012841,96.009544,13823100
2018-11-26,97.611726,99.325679,97.416112,99.176643,32336200
2018-11-27,98.990337,99.97773,98.142677,99.800743,29124500
2018-11-28,100.49936,103.703716,100.471416,103.508102,46788500
2018-11-29,102.77224,103.508124,101.561289,102.64183,28123200
2018-11-30,103.116912,103.368421,101.868708,103.2939,33665600
2018-12-03,105.259319,105.650546,103.14482,104.411652,34732800
2018-12-04,104.271934,104.923981,100.797442,101.086205,45197000
2018-12-06,98.571167,101.75689,97.807339,101.71032,49107400
2018-12-07,100.955796,101.952499,97.155288,97.639664,45044900
2018-12-10,97.621058,100.583224,96.773391,100.219933,40801500
2018-12-11,102.278563,103.349781,100.080226,101.151443,42381900
2018-12-12,103.293882,103.647849,101.570611,101.607872,36183000
2018-12-13,102.073614,103.275248,101.188686,101.952515,31333400
2018-12-14,100.83472,101.775536,98.273099,98.766792,47043100
2018-12-17,98.189261,98.552545,94.742712,95.841881,56957300
2018-12-18,96.642962,97.350903,95.497216,96.847893,49319200
2018-12-19,96.549798,99.558534,94.407349,96.587059,68198200
2018-12-20,95.990912,97.164595,92.01341,94.556404,70334200
2018-12-21,94.668204,95.944359,90.783856,91.501114,111242100
2018-12-24,90.988784,91.258919,87.542242,87.681961,43935200
2018-12-26,88.62278,93.792601,87.523612,93.671501,51634800
2018-12-27,92.497816,94.258348,89.796469,94.249031,49498500
2018-12-28,95.096698,95.394784,92.702747,93.513153,38196300
2018-12-31,94.351494,95.385458,93.559721,94.612312,33173800
2019-01-02,92.730663,94.779957,92.162449,94.193115,35329300
2019-01-03,93.242994,93.326833,90.541647,90.727951,42579100
2019-01-04,92.889059,95.487941,92.153174,94.94767,44060600
2019-01-07,94.677536,96.195876,94.06275,95.068764,35656100
2019-01-08,95.98163,96.847924,94.742735,95.758072,31514400
2019-01-09,96.745447,97.695572,96.167915,97.127357,32280800
2019-01-10,96.149291,96.642984,95.366828,96.503258,30067600
2019-01-11,96.121356,96.354231,94.67753,95.758072,28314200
2019-01-14,94.919692,95.823246,94.323533,95.059418,28437100
2019-01-15,95.487942,97.853949,94.901093,97.816689,31587600
2019-01-16,98.049541,98.981039,97.770088,98.161316,29853900
2019-01-17,97.807351,99.325691,97.583793,98.850632,28393000
2019-01-18,100.098851,100.508713,98.655033,100.331726,37427600
2019-01-22,99.437476,99.763499,97.676944,98.440773,32371300
2019-01-23,98.850627,99.707604,98.124052,99.400208,25874300
2019-01-24,99.539933,99.670342,98.124051,98.92514,23164800
2019-01-25,99.893909,100.490068,98.92515,99.828705,31225600
2019-01-28,98.981043,99.185974,97.490646,97.881874,29476700
2019-01-29,97.695561,97.779399,95.1712,95.888458,31490500
2019-01-30,97.453387,99.092819,97.183251,99.092819,49471900
2019-01-31,96.689549,98.012275,96.112017,97.27639,55636400
2019-02-01,96.670917,96.968996,95.338873,95.739418,35535700
2019-02-04,95.823277,98.552568,95.730121,98.496674,31315100
2019-02-05,98.794733,99.921845,98.701585,99.875275,27325400
2019-02-06,99.670347,99.670347,98.301043,98.766792,20609800
2019-02-07,97.984339,98.356932,97.145989,98.058853,29760700
2019-02-08,97.239103,98.533885,97.118011,98.431419,21461100
2019-02-11,98.925143,99.279117,97.779404,98.040222,18914100
2019-02-12,98.869247,99.800746,98.254462,99.567871,25056600
2019-02-13,100.136114,100.396933,99.400229,99.493378,18394900
2019-02-14,99.027606,99.940478,98.422138,99.577194,21784700
2019-02-15,100.518016,100.8813,100.005689,100.806778,26606900
2019-02-19,100.406226,101.216632,100.396909,100.760193,18038500
2019-02-20,100.900508,100.975348,99.43181,100.23632,21607700
2019-02-21,100.002469,102.416,99.974405,102.350517,29063200
2019-02-22,102.949238,104.025031,102.734076,103.809875,27763200
2019-02-25,104.548883,104.941782,104.081145,104.389847,23750600
2019-02-26,104.081153,105.933393,103.996956,105.110176,21536700
2019-02-27,104.483394,105.110162,103.725653,104.932419,21487100
2019-02-28,104.810809,105.596606,104.520814,104.801453,29083900
2019-03-01,105.605975,105.727585,104.464693,105.269203,23501200
2019-03-04,105.727597,105.94276,103.650844,105.01664,26608000
2019-03-05,105.007275,105.138241,104.053092,104.49276,19538300
2019-03-06,104.651788,105.390815,104.240176,104.539528,17687000
2019-03-07,104.212122,104.352445,102.780843,103.267288,25339000
2019-03-08,102.116662,103.566647,101.77989,103.379555,22818400
2019-03-11,103.828577,105.662111,103.819227,105.549858,26491600
2019-03-12,105.540495,106.635001,105.381466,106.288879,26132700
2019-03-13,106.765947,107.579814,106.438531,107.112076,35513800
2019-03-14,107.149512,107.766923,106.953063,107.196281,30763400
2019-03-15,107.897886,109.68465,107.196278,108.431114,54681100
2019-03-18,108.674332,110.021421,108.56208,109.984001,31207600
2019-03-19,110.470435,110.797858,109.441412,110.05883,37588700
2019-03-20,109.815608,111.087857,109.179484,109.937218,28113300
2019-03-21,109.581743,113.024297,109.534966,112.463013,29854400
2019-03-22,111.789466,111.873656,109.488194,109.497551,33624500
2019-03-25,109.039177,110.395622,108.814664,110.068207,27067100
2019-03-26,110.966235,111.050425,109.310438,110.302048,26097700
2019-03-27,110.273998,110.582707,108.066273,109.235619,22733400
2019-03-28,109.86238,109.993346,108.6369,109.385284,18334800
2019-03-29,110.451733,110.685602,109.413354,110.330124,25399800
2019-04-01,111.274948,111.424628,110.479794,111.340431,22789100
2019-04-02,111.377857,111.770763,110.872699,111.499474,18142300
2019-04-03,112.126231,112.659452,111.462043,112.229134,22860700
2019-04-04,112.350751,112.472368,110.74173,111.658501,20112800
2019-04-05,111.686574,112.472378,111.667867,112.154312,15826200
2019-04-08,112.079467,112.275916,110.984961,112.191727,15116200
2019-04-09,110.975603,111.82689,110.928833,111.583664,17612000
2019-04-10,112.032696,112.584624,111.82689,112.434952,16477200
2019-04-11,112.762367,113.052363,112.182369,112.565918,14209100
2019-04-12,112.855901,113.173967,112.603326,113.145897,19745100
2019-04-15,113.136561,113.735265,112.790432,113.239464,15792600
2019-04-16,113.791376,113.800733,112.350741,112.977509,14071800
2019-04-17,113.4172,113.987842,112.76237,113.913002,19300900
2019-04-18,114.305904,115.550083,113.473331,115.409767,27991000
2019-04-22,114.708162,115.999117,114.661385,115.774605,15648700
2019-04-23,116.092649,117.477158,115.840073,117.346191,24025500
2019-04-24,117.673633,117.729759,116.485573,116.943962,31257000
2019-04-25,121.66809,122.893562,120.517458,120.816803,38033900
2019-04-26,121.331344,122.098442,120.695226,121.509087,23654900
2019-04-29,121.518392,121.780324,121.003891,121.39679,16324200
2019-04-30,121.434244,122.266818,121.041346,122.173279,24166500
2019-05-01,122.107768,122.220021,119.460368,119.628754,26821700
2019-05-02,119.722311,119.741017,117.421032,118.066513,27350200
2019-05-03,119.142326,121.078756,119.039423,120.582954,24911100
2019-05-06,118.234899,120.264881,117.972966,119.881332,24239800
2019-05-07,118.300409,118.973954,116.204943,117.421059,36017700
2019-05-08,117.346207,118.2162,116.700725,117.41169,28419000
2019-05-09,116.270403,117.673618,115.596858,117.402328,27235800
2019-05-10,116.85041,119.675546,115.830736,118.927162,30915100
2019-05-13,116.102009,117.449098,115.101049,115.391045,33944900
2019-05-14,115.877511,117.757815,115.718475,116.682022,25266300
2019-05-15,116.672629,118.973028,116.146818,118.325157,24722700
2019-05-16,119.010598,121.480014,118.738305,121.05748,30112200
2019-05-17,120.475306,122.494034,120.10912,120.249969,25770500
2019-05-20,118.794625,119.79929,118.081036,118.512947,23706900
2019-05-21,119.64905,119.742942,118.850953,119.151413,15293300
2019-05-22,118.888515,120.4096,118.794615,119.874397,15396500
2019-05-23,118.494156,118.578664,117.123305,118.47538,23603800
2019-05-24,119.160818,119.639672,118.278213,118.531723,14123400
2019-05-28,119.226542,120.184257,118.353328,118.456612,23128400
2019-05-29,117.724255,117.733647,116.46608,117.311127,22763100
2019-05-30,117.611569,118.081039,117.160875,118.052872,16829600
2019-05-31,116.644448,117.010634,115.79001,116.128029,26646800
2019-06-03,116.287656,116.775909,111.743192,112.522507,37983600
2019-06-04,113.87459,115.752469,113.283061,115.639801,29382600
2019-06-05,117.32051,118.18434,116.625697,118.146782,24926100
2019-06-06,118.71954,120.156116,117.930827,120.015274,21459000
2019-06-07,121.301592,124.174745,120.428371,123.37664,33885600
2019-06-10,124.315619,125.893045,123.940048,124.503418,26477100
2019-06-11,125.705208,126.043227,123.26396,124.033897,23913700
2019-06-12,123.376666,123.911869,122.72881,123.461182,17092500
2019-06-13,123.921205,124.878927,123.526853,124.240456,17200800
2019-06-14,124.184118,125.620694,123.60198,124.362518,17821700
2019-06-17,124.531546,125.56437,124.437646,124.738113,14517800
2019-06-18,125.996294,126.982183,125.414156,126.907066,25934500
2019-06-19,126.756823,127.63003,125.639483,127.404694,23744400
2019-06-20,129.057254,129.254437,127.432892,128.587784,33042600
2019-06-21,128.240366,129.320141,128.127698,128.606552,36727900
2019-06-24,128.634724,129.949234,128.634724,129.367096,20628800
2019-06-25,128.869448,129.188684,124.625437,125.282692,33327400
2019-06-26,126.146542,127.451667,125.442337,125.752174,23657700
2019-06-27,125.949341,126.484543,125.357804,125.958725,16557500
2019-06-28,126.353103,126.38127,125.029195,125.78035,30043000
2019-07-01,128.287329,128.353047,126.728686,127.395325,22613500
2019-07-02,127.808484,128.249786,127.076112,128.240402,15237800
2019-07-03,128.446977,129.329583,127.968109,129.066681,13629300
2019-07-05,127.639463,128.944588,127.432895,128.691071,18141100
2019-07-08,128.071365,128.728634,127.104258,128.597183,16779700
2019-07-09,127.695767,128.60654,127.507982,128.127686,19953100
2019-07-10,128.756778,130.118237,128.653494,129.432816,24204400
2019-07-11,129.761449,130.719171,129.451597,129.949234,22327900
2019-07-12,130.37175,130.634652,129.58303,130.418686,18936800
2019-07-15,130.925721,131.019607,130.005565,130.418686,16651500
2019-07-16,130.475019,130.55952,128.184005,128.709808,22726100
2019-07-17,129.291949,129.507901,127.902322,127.949272,20211000
2019-07-18,127.273246,128.277903,126.446974,128.090118,30381800
2019-07-19,131.658128,132.080648,128.118321,128.277939,48992400
2019-07-22,129.019709,130.69102,128.944592,129.977417,25074900
2019-07-23,131.226184,131.442151,129.601823,130.784882,18034600
2019-07-24,130.418657,132.146316,130.371721,132.127533,20738300
2019-07-25,131.855295,132.024312,130.813086,131.629959,18356900
2019-07-26,131.798944,133.028953,131.733226,132.709717,19037600
2019-07-29,132.859958,132.869342,130.860012,132.418655,16605900
2019-07-30,131.582968,132.597024,131.263732,131.780151,16846500
2019-07-31,131.761364,131.911597,126.831932,127.949272,38598800
2019-08-01,128.634716,132.33414,128.568983,129.62999,40557500
2019-08-02,129.658127,129.874093,127.000927,128.540787,30791600
2019-08-05,125.160663,125.752185,122.794531,124.137222,42749600
2019-08-06,125.630104,127.3953,125.076133,126.465759,32696700
2019-08-07,125.620667,127.367094,123.780354,127.019691,33414500
2019-08-08,128.259152,130.503217,127.63005,130.409317,27496500
2019-08-09,130.146401,130.869388,128.127687,129.301361,23466700
2019-08-12,128.700413,129.442169,126.982153,127.498558,20484300
2019-08-13,127.742755,130.32484,126.756866,130.137054,25154600
2019-08-14,128.460147,128.987702,125.925987,126.218025,32527300
2019-08-15,126.604252,126.783247,124.588232,125.935379,28074400
2019-08-16,127.065902,128.554368,126.915168,128.243484,24449100
2019-08-19,129.863833,130.523277,128.959443,130.391388,24355700
2019-08-20,130.202942,130.673975,129.289137,129.307968,21170800
2019-08-21,130.523288,131.408832,130.005148,130.749374,14970300
2019-08-22,130.626905,131.135614,128.394198,129.797882,18697000
2019-08-23,129.242102,130.334903,125.106431,125.662247,38508600
2019-08-26,127.169532,127.706503,126.142669,127.602875,20312600
2019-08-27,128.488398,128.799281,126.858627,127.87606,23102100
2019-08-28,127.065854,127.894862,125.812904,127.706451,17393300
2019-08-29,129.298601,130.419663,128.978302,130.118195,20168700
2019-08-30,131.08852,131.116781,128.375379,129.87326,23940100
2019-09-03,128.695661,129.251476,127.838377,128.158676,18869300
2019-09-04,129.345687,129.713092,128.573186,129.65657,17995900
2019-09-05,131.050842,132.24727,130.721113,131.936386,26101800
2019-09-06,131.917481,132.058785,130.193499,131.041367,20824500
2019-09-09,131.503018,131.653752,128.55436,129.552948,25773900
2019-09-10,128.874654,128.959437,126.717315,128.196365,28903400
2019-09-11,128.036229,128.375373,127.263727,128.234055,24726100
2019-09-12,129.863832,130.400802,128.940596,129.552948,27010000
2019-09-13,129.797905,130.061683,128.658013,129.364563,23363100
2019-09-16,127.960836,128.780429,127.800687,128.43187,16731400
2019-09-17,129.025399,129.552954,128.526091,129.430481,17814200
2019-09-18,129.402225,130.63633,128.620309,130.495026,23982100
2019-09-19,132.171928,134.121999,131.955257,132.897324,35772100
2019-09-20,132.840731,133.443652,130.240633,131.361694,39167300
2019-09-23,131.163869,131.540704,130.419643,131.079086,17139300
2019-09-24,132.228451,132.539335,128.950064,129.421097,29773200
2019-09-25,129.534118,131.851607,128.149279,131.286362,21382000
2019-09-26,131.361735,132.058855,130.419668,131.455933,17456600
2019-09-27,132.030561,132.228401,128.73333,129.750763,22477700
2019-09-30,130.052228,131.154443,129.797866,130.975449,17280900
2019-10-01,131.568961,132.124776,129.063062,129.129013,21466600
2019-10-02,128.356493,128.469537,125.841179,126.849182,30521700
2019-10-03,127.131831,128.827553,125.502061,128.384781,24132900
2019-10-04,128.827568,130.240668,128.516685,130.118195,22897700
2019-10-07,129.194962,130.174705,129.081919,129.176117,15303700
2019-10-08,129.138413,129.779011,127.762991,127.810097,25550500
2019-10-09,129.496406,130.664559,129.034789,130.231216,19749900
2019-10-10,130.466706,131.578337,130.240605,131.041367,17654600
2019-10-11,132.002326,132.85961,131.418249,131.587814,25446000
2019-10-14,131.597205,132.162436,131.437056,131.465317,13304300
2019-10-15,131.945757,133.575527,131.710241,133.368286,19695700
2019-10-16,132.633534,132.821959,131.446535,132.275558,20751600
2019-10-17,132.784196,133.226969,130.966016,131.597198,21460600
2019-10-18,131.663173,131.889274,128.648564,129.449326,32273500
2019-10-21,130.429078,130.476184,129.0725,130.410233,20078200
2019-10-22,130.918968,131.89871,128.365961,128.469589,27431000
2019-10-23,128.95004,129.48701,127.753612,129.289185,29844600
2019-10-24,131.314609,132.284936,130.63632,131.832748,37029300
2019-10-25,131.267509,132.963231,131.13562,132.576981,25959700
2019-10-28,136.034389,137.230817,135.19595,135.836563,35280100
2019-10-29,135.73285,136.128516,134.385688,134.555267,20589500
2019-10-30,135.205359,136.599614,134.517641,136.232208,18496600
2019-10-31,136.505371,136.533631,134.706035,135.064011,24605100
2019-11-01,135.902462,136.053197,134.687203,135.393753,33128400
2019-11-04,136.439467,136.599617,135.808284,136.17569,16912000
2019-11-05,136.571315,136.618421,135.572727,136.090866,18250200
2019-11-06,136.006104,136.147422,134.903888,135.714066,16575800
2019-11-07,135.506754,136.486511,135.440817,135.90242,17786700
2019-11-08,135.638696,137.532259,135.431441,137.503998,16732700
2019-11-11,136.91996,137.937394,136.345299,137.645355,14362600
2019-11-12,137.805427,139.0207,137.598171,138.549667,18641600
2019-11-13,138.238802,138.917091,137.805445,138.775772,16919200
2019-11-14,138.502573,139.812044,138.483727,139.482315,19729800
2019-11-15,140.301905,141.300507,139.680152,141.281662,23485700
2019-11-18,141.375871,141.828059,140.349008,141.630219,21534000
2019-11-19,142.138925,142.562851,141.498312,141.677307,23935700
2019-11-20,142.083804,142.584797,140.33506,141.431564,25696800
2019-11-21,141.223601,141.601719,140.372863,141.299225,18576100
2019-11-22,141.856954,142.074363,140.675365,141.403214,15901800
2019-11-25,141.790765,143.066888,141.715142,142.953445,22420900
2019-11-26,143.07631,144.078296,143.038506,143.709641,24620100
2019-11-27,143.993227,144.153922,143.22756,143.98378,15184400
2019-11-29,143.775842,143.964894,143.000712,143.095245,11977300
2019-12-02,143.501696,143.520605,140.202707,141.365387,27418400
2019-12-03,139.418147,141.251963,138.624108,141.138535,24066000
2019-12-04,141.923079,141.960883,141.034521,141.648956,17574700
2019-12-05,141.838037,142.093264,141.299225,141.724594,17869100
2019-12-06,142.726636,143.558466,142.046039,143.445038,16403500
2019-12-09,142.802217,143.879827,142.65097,143.07634,16687400
2019-12-10,143.010165,143.577334,142.509172,142.858932,16476100
2019-12-11,143.246458,143.5584,142.102688,143.397705,18856600
2019-12-12,143.350431,145.042476,142.75492,144.853424,24612100
2019-12-13,144.62652,146.413083,144.465826,146.072784,23845400
2019-12-16,146.621115,147.367873,146.346993,147.018127,24144200
2019-12-17,146.942538,147.188318,145.997266,146.224136,25425600
2019-12-18,145.855424,146.970837,145.741981,145.921585,24129200
2019-12-19,145.571857,147.244992,145.335539,147.188278,24958900
2019-12-20,148.738513,149.816122,147.736513,148.795227,53477500
2019-12-23,149.466362,149.466362,148.66289,148.795227,17718200
2019-12-24,148.861425,149.078848,148.521127,148.766907,8989200
2019-12-26,148.937045,150.043012,148.785798,149.986298,14520600
2019-12-27,150.723565,150.818098,149.560885,150.260391,18412800
2019-12-30,150.288721,150.317078,148.152398,148.965332,16348400
2019-12-31,148.190255,149.135527,147.887762,149.069351,18369400
2020-01-02,150.090232,151.933509,149.664863,151.829529,22622100
2020-01-03,149.655425,151.196208,149.409646,149.938995,21116200
2020-01-06,148.483276,150.392729,147.944465,150.326553,20813700
2020-01-07,150.600695,150.931532,148.710152,148.955917,21634100
2020-01-08,150.232064,151.999732,149.305701,151.328583,27746500
2020-01-09,152.982768,153.341976,152.2171,153.219086,21385000
2020-01-10,153.909144,154.287247,152.358885,152.510132,20725900
2020-01-13,152.907147,154.372321,152.434511,154.343964,21626500
2020-01-14,154.44798,154.646494,152.869378,153.256943,23477400
2020-01-15,153.72007,154.967836,153.672818,154.24942,21417900
2020-01-16,155.355403,157.141966,155.05291,157.07579,23865400
2020-01-17,158.25739,158.304656,156.376294,157.95491,34371700
2020-01-21,157.557883,158.985253,157.321565,157.387741,29517200
2020-01-22,158.238505,158.323591,156.612637,156.631546,24138800
2020-01-23,157.09471,157.671327,156.225062,157.595703,19680800
2020-01-24,158.342498,158.361408,155.449968,156.007675,24918100
2020-01-27,152.33055,154.438517,151.432545,153.398712,32078100
2020-01-28,154.816584,156.688218,154.145449,156.404648,24899900
2020-01-29,158.654378,159.514579,156.62205,158.84343,34754500
2020-01-30,164.52455,164.52455,161.442955,163.324051,51597500
2020-01-31,162.785253,162.964843,160.299184,160.913605,36142700
2020-02-03,161.102697,164.949961,161.07434,164.836533,30107000
2020-02-04,167.445454,170.753905,166.660876,170.26236,36433300
2020-02-05,173.958359,174.119054,168.645937,170.054382,39186300
2020-02-06,171.065835,173.759865,170.205634,173.580261,27751400
2020-02-07,172.842913,175.470766,172.493152,173.825989,33529100
2020-02-10,173.532986,178.50511,173.221044,178.372772,35844300
2020-02-11,180.216062,180.263328,173.457374,174.345932,53159900
2020-02-12,175.423548,175.678775,171.897688,174.601166,47062900
2020-02-13,173.060388,176.037989,172.861875,173.655914,35295800
2020-02-14,173.221054,175.262845,172.653886,175.206131,23149500
2020-02-18,175.451895,177.427509,175.347914,176.983231,27792200
2020-02-19,178.253347,178.367085,176.746264,177.514023,29997500
2020-02-20,177.201277,177.485636,171.65634,174.803207,36862400
2020-02-21,173.618394,173.931188,168.007101,169.277222,48572600
2020-02-24,159.02143,165.447877,154.718166,161.978729,68311100
2020-02-25,165.11612,165.722746,158.907675,159.305786,68073300
2020-02-26,160.86029,164.22516,159.43851,161.296295,56206100
2020-02-27,154.803517,158.320047,149.741966,149.931534,93174900
2020-02-28,144.462395,155.173146,144.073772,153.561783,97012700
2020-03-02,156.689691,163.902858,153.84613,163.779633,71030800
2020-03-03,164.736981,165.874403,153.798741,155.931412,71677000
2020-03-04,159.703872,161.798621,156.983522,161.656448,49814400
2020-03-05,157.391126,161.959774,157.049898,157.599655,47817300
2020-03-06,154.130506,154.604433,147.865192,153.144745,72821100
2020-03-09,143.125906,149.523918,142.178052,142.765717,70419300
2020-03-10,149.912539,152.632875,144.623514,152.52861,65354400
2020-03-11,148.936231,149.4765,143.268057,145.618744,56371600
2020-03-12,137.723145,145.467108,131.353567,131.808533,93226400
2020-03-13,139.808423,153.466999,133.391449,150.547607,92727400
2020-03-16,132.69954,141.56198,127.960271,128.358368,87905900
2020-03-17,132.69952,139.808423,127.960251,138.926926,81059800
2020-03-18,130.803816,138.386646,127.979216,133.078659,81593200
2020-03-19,135.325057,142.320207,131.751645,135.268188,85922700
2020-03-20,138.386626,139.429271,128.775391,130.187698,84866200
2020-03-23,129.865448,133.23982,125.609594,128.88916,78975200
2020-03-24,136.253969,141.798919,133.903296,140.604614,82516700
2020-03-25,141.144886,146.282251,136.907979,139.258652,75638200
2020-03-26,140.661479,148.490759,140.633044,147.969437,64568100
2020-03-27,143.836779,146.813039,141.41975,141.893677,57042300
2020-03-30,144.4908,152.225288,142.187508,151.874573,63420300
2020-03-31,151.087868,156.187326,148.395967,149.486008,77927200
2020-04-01,145.02166,149.523966,142.955345,144.17807,57969900
2020-04-02,143.941076,147.372302,142.519295,147.163773,49630700
2020-04-03,147.012082,149.173187,144.253825,145.808304,41243300
2020-04-06,151.959921,157.817651,149.362797,156.651794,67111700
2020-04-07,160.746482,161.135106,154.746568,154.964584,62769000
2020-04-08,157.030908,157.978762,154.974067,156.519073,48318200
2020-04-09,157.684901,158.642228,154.812906,156.528519,51385100
2020-04-13,155.779758,156.936141,153.836655,156.879257,41905300
2020-04-14,160.187272,164.689577,159.239418,164.642181,52874300
2020-04-15,162.272521,164.518943,160.414736,162.917068,40940800
2020-04-16,165.210904,168.035504,163.8839,167.808014,50479600
2020-04-17,170.139699,170.613625,166.698986,169.286636,52765600
2020-04-20,167.41935,169.428795,165.864871,165.931213,36669600
2020-04-21,164.452588,164.613721,157.447951,159.068787,56203700
2020-04-22,162.452655,164.926554,161.912386,164.471588,34620200
2020-04-23,165.030839,165.931297,161.997709,162.48111,32790800
2020-04-24,163.0877,165.457334,161.808106,165.447861,34277600
2020-04-27,167.381495,167.675328,164.263063,164.973953,33194400
2020-04-28,166.433578,166.509408,160.55689,160.954987,34392700
2020-04-29,164.187232,168.414652,162.917112,168.177689,51286600
2020-04-30,170.613651,170.992787,167.040239,169.864853,53875900
2020-05-01,166.632714,169.324616,164.936048,165.466858,39370500
2020-05-04,165.390975,169.66579,164.736954,169.51413,30372900
2020-05-05,171.201301,174.073296,170.518845,171.334,36839200
2020-05-06,172.585205,174.59465,172.158674,173.02121,32139300
2020-05-07,174.566224,174.926413,173.05914,174.025955,28316000
2020-05-08,175.333965,175.352926,173.798447,175.049606,30877800
2020-05-11,173.599377,177.732019,173.315032,177.002182,30892700
2020-05-12,177.059068,177.286543,172.793726,172.992767,32038200
2020-05-13,173.030702,174.452483,167.334092,170.376709,44711500
2020-05-14,168.28194,171.267688,166.518932,171.116028,41873900
2020-05-15,169.722696,177.305526,167.770119,173.608902,46610400
2020-05-18,176.063787,176.490318,174.367135,175.267593,35264500
2020-05-19,175.381372,176.869509,173.921683,174.054382,26799100
2020-05-20,175.660718,176.649239,174.833793,176.468643,31261300
2020-05-21,176.221457,177.428587,174.215915,174.348984,29119500
2020-05-22,174.120914,175.328045,173.503084,174.425064,20826900
2020-05-26,177.115006,177.267089,172.134428,172.581161,36073600
2020-05-27,171.278955,172.980346,167.857186,172.80925,39517100
2020-05-28,171.792195,175.033367,171.450017,172.41951,33810200
2020-05-29,173.683702,175.147471,171.478565,174.177963,42130400
2020-06-01,173.503081,173.940314,172.476561,173.778732,22622400
2020-06-02,175.128408,175.841278,172.371983,175.755737,30794600
2020-06-03,175.670212,176.73476,174.491594,176.183472,27311000
2020-06-04,175.175943,176.639697,173.274957,173.864258,28761800
2020-06-05,173.579126,178.436149,172.999324,177.932388,39893600
2020-06-08,176.73475,179.215539,175.30901,179.034943,33211600
2020-06-09,178.69278,181.25911,177.98941,180.403671,29783900
2020-06-10,181.667814,188.69196,181.553745,187.095123,43872300
2020-06-11,183.568818,186.068606,176.858336,177.048431,52854700
2020-06-12,181.107018,182.228608,176.012373,178.445648,43373600
2020-06-15,175.442076,181.37316,174.900287,179.586227,32770200
2020-06-16,183.340687,185.897517,181.981488,183.98703,42556700
2020-06-17,185.374785,186.60093,184.101127,184.623901,25687800
2020-06-18,184.395724,186.762458,184.395724,186.600876,23061600
2020-06-19,188.758484,189.423827,184.747401,185.488785,44441100
2020-06-22,186.097115,190.821069,185.564841,190.640488,32818900
2020-06-23,192.085251,193.85317,191.457922,191.914169,30917400
2020-06-24,191.61952,193.187828,186.829024,188.045654,36740600
2020-06-25,188.007613,190.678497,185.792961,190.42186,27803900
2020-06-26,189.842085,189.994168,185.2322,186.610413,54675800
2020-06-29,186.08765,188.701508,183.968053,188.615967,26701600
2020-06-30,188.083653,194.28086,187.950584,193.434921,34310300
2020-07-01,193.083272,196.134363,191.781101,194.56604,32061200
2020-07-02,195.497494,197.72166,194.851166,196.048782,29315800
2020-07-06,198.491533,200.677671,197.788163,200.268951,31897600
2020-07-07,200.031329,204.042412,197.693124,197.940247,33600700
2020-07-08,199.670176,202.702239,198.358491,202.293533,33600000
2020-07-09,205.62028,205.667808,201.000881,203.709793,33121700
2020-07-10,203.044437,203.481671,200.63019,203.091965,26177600
2020-07-13,203.861825,205.116483,196.276892,196.81868,38135600
2020-07-14,195.925227,198.510571,192.028198,198.035324,37591800
2020-07-15,199.185431,200.867809,194.879696,197.740677,32179400
2020-07-16,195.231388,195.516539,192.294366,193.824661,29940700
2020-07-17,194.347386,194.88916,191.419865,192.836105,31635300
2020-07-20,194.851158,201.789763,192.95967,201.12442,36884800
2020-07-21,203.08247,203.348607,197.731186,198.415543,37990400
2020-07-22,198.843222,201.789757,198.073325,201.266983,49605700
2020-07-23,196.932774,200.478111,192.142278,192.51297,67457000
2020-07-24,190.497927,192.817134,187.731987,191.334366,39827000
2020-07-27,191.495938,193.872172,190.916137,193.758118,30160900
2020-07-28,193.529989,194.566023,191.75257,192.018707,23251400
2020-07-29,192.47495,194.518506,192.009203,193.957718,19632600
2020-07-30,191.049208,194.337922,189.690009,193.805634,25079600
2020-07-31,194.280886,194.946243,189.157726,194.860687,51044000
2020-08-03,201.048418,206.865434,200.021883,205.819885,78983000
2020-08-04,203.567152,204.137453,199.898247,202.730713,49280100
2020-08-05,204.261046,204.356101,201.095915,202.398087,28806400
2020-08-06,201.827779,205.658266,201.076895,205.639267,32656800
2020-08-07,204.213525,205.021436,200.487578,201.960846,27820400
2020-08-10,201.190932,201.390542,196.134315,197.940247,36716500
2020-08-11,196.904235,197.369968,193.083247,193.311371,36446500
2020-08-12,195.126837,199.869805,194.613577,198.833771,28013100
2020-08-13,199.071397,200.886844,197.845252,198.368027,22588900
2020-08-14,198.424991,199.213902,197.236874,198.55806,17958900
2020-08-17,199.223453,200.734734,198.57711,199.869781,20184800
2020-08-18,200.107387,201.846792,198.852743,201.019867,21336200
2020-08-19,201.505782,202.086985,199.371525,199.800278,27627600
2020-08-20,199.64783,204.850076,199.047582,204.449905,26981500
2020-08-21,203.763934,206.041104,202.80162,202.963593,36249300
2020-08-24,204.650021,205.345569,202.401433,203.601959,25460100
2020-08-25,203.03977,206.384062,203.03977,206.250671,23043700
2020-08-26,207.594101,211.605343,207.098645,210.709717,39600800
2020-08-27,212.367621,220.237671,209.042375,215.883423,57602200
2020-08-28,217.407876,219.751749,215.883419,218.103424,26292900
2020-08-31,216.2836,217.903342,213.720589,214.882996,28774200
2020-09-01,214.863911,216.712328,213.834895,216.540833,25725500
2020-09-02,217.207801,221.866949,216.617075,220.714066,34080800
2020-09-03,218.446446,218.484552,204.812006,207.041534,58400300
2020-09-04,204.945392,208.051486,195.503227,204.135513,59664100
2020-09-08,196.751335,200.114686,192.654331,193.092621,52924300
2020-09-09,197.799414,204.697612,196.941894,201.315201,45679000
2020-09-10,203.325577,204.602328,194.474156,195.674667,35461500
2020-09-11,197.418341,198.780841,191.739714,194.397995,33620100
2020-09-14,194.598051,199.323886,194.397958,195.712814,30375800
2020-09-15,198.580746,199.876543,197.161082,198.923752,21823900
2020-09-16,200.676866,200.705449,194.979179,195.369827,26328100
2020-09-17,190.605873,194.683818,190.520125,193.330856,34011300
2020-09-18,193.22604,194.035903,186.985255,190.92981,55225300
2020-09-21,187.880908,193.14032,187.109149,192.978333,39839700
2020-09-22,195.379342,198.275835,192.540029,197.62793,33517100
2020-09-23,198.085278,198.275848,190.586816,191.120377,30803800
2020-09-24,190.415337,195.865304,189.796014,193.597656,31202500
2020-09-25,193.940641,199.171456,192.978313,198.009064,29437300
2020-09-28,200.924603,202.534823,198.237725,199.552582,32004900
2020-09-29,199.466854,200.152865,197.046756,197.47551,24221900
2020-09-30,197.923326,201.972689,196.789502,200.400589,33829100
2020-10-01,203.411382,203.887777,201.343827,202.430008,27158400
2020-10-02,198.180497,201.029347,195.836625,196.455948,33154800
2020-10-05,197.437388,200.476794,197.208713,200.448212,21331600
2020-10-06,198.96185,200.257632,195.150685,196.189224,28554300
2020-10-07,197.284943,200.190959,196.960998,199.924179,25681100
2020-10-08,200.572061,201.219967,198.485461,200.638763,19925800
2020-10-09,201.258071,205.669499,201.258071,205.621857,26458000
2020-10-12,208.461152,213.291809,206.574629,210.947937,40461400
2020-10-13,212.205645,214.5781,210.023745,212.339035,28950800
2020-10-14,212.472429,213.634835,208.785132,210.433456,23421700
2020-10-15,206.850972,209.957066,205.812419,209.290115,22733100
2020-10-16,209.756974,211.795946,208.96617,209.290115,26057900
2020-10-19,210.014252,211.805504,203.630553,204.106949,27625800
2020-10-20,205.61232,207.108194,203.03025,204.516602,22753500
2020-10-21,203.058879,206.679489,203.058879,204.659576,22724900
2020-10-22,203.830645,205.860095,201.705924,204.745331,22351500
2020-10-23,204.878687,206.069676,203.096972,206.022034,18879600
2020-10-26,203.754396,206.126836,198.275846,200.162369,37111600
2020-10-27,201.601042,204.53564,200.40053,203.182678,36700300
2020-10-28,197.866143,198.980907,192.559104,193.11171,51195600
2020-10-29,194.436096,197.570773,193.769131,195.055405,31432600
2020-10-30,193.892995,194.645693,190.196161,192.911621,36953700
2020-11-02,194.645707,195.588975,190.672569,192.778244,30842200
2020-11-03,194.264594,198.294897,193.530941,196.684677,27512000
2020-11-04,203.916374,208.013379,202.391902,206.174484,42311800
2020-11-05,211.557745,213.539552,210.709761,212.748734,36080100
2020-11-06,211.76732,213.768187,207.737018,213.158401,25231900
2020-11-09,213.844437,217.350701,207.594129,208.080048,44395000
2020-11-10,204.373693,206.279275,199.819353,201.048447,44045100
2020-11-11,202.36329,207.746554,202.182257,206.326904,29440800
2020-11-12,206.955762,208.766059,204.335586,205.269318,21593900
2020-11-13,206.145905,207.155862,204.049768,206.288818,18621100
2020-11-16,204.72625,207.460771,204.392782,206.974838,24953300
2020-11-17,205.898163,207.403561,203.973521,204.335587,24154100
2020-11-18,204.09677,205.548808,201.498392,201.641693,28372800
2020-11-19,201.928293,203.504508,200.543117,202.921783,24792700
2020-11-20,202.711624,203.752882,200.609998,200.982559,22843100
2020-11-23,201.517494,202.797573,198.852253,200.715057,25683500
2020-11-24,200.21829,204.669924,199.520936,204.297363,33979700
2020-11-25,205.491505,205.66345,202.960004,204.306946,21012900
2020-11-27,205.243096,206.599599,204.469302,205.606094,14512200
2020-11-30,204.526643,205.157121,201.412403,204.497986,33064800
2020-12-01,204.918331,207.602696,203.81021,206.542328,30904500
2020-12-02,205.271772,205.835387,203.284777,205.739853,23724500
2020-12-03,205.013882,206.704742,204.096801,204.660431,25120900
2020-12-04,204.64127,205.749404,203.647765,204.775009,24666000
2020-12-07,204.784585,205.902267,203.466301,204.70816,24620000
2020-12-08,204.402466,207.249213,203.370756,206.351242,23284100
2020-12-09,205.539228,205.60609,201.765853,202.329468,32440600
2020-12-10,202.300842,203.552264,200.953886,201.106735,26733300
2020-12-11,200.657754,203.781542,199.759783,203.724213,30979400
2020-12-14,203.571372,206.542311,203.361208,204.622177,28798400
2020-12-15,205.548788,205.78761,202.749809,204.555298,27000600
2020-12-16,205.147594,210.267925,205.118936,209.475037,35023300
2020-12-17,210.038656,211.013051,208.175851,209.60878,32515800
2020-12-18,208.815842,209.866661,206.360766,208.815842,63354900
2020-12-21,207.822391,213.98398,207.56446,212.637024,37181900
2020-12-22,212.732529,215.541071,211.930093,213.926636,22612200
2020-12-23,213.133766,213.563641,210.927058,211.137222,18699600
2020-12-24,211.519385,213.611463,211.309221,212.789917,10550600
2020-12-28,214.413857,215.92321,213.047806,214.901062,17933500
2020-12-29,216.190679,217.021772,213.582753,214.127258,17403200
2020-12-30,215.158967,215.54109,211.567098,211.7677,20272300
2020-12-31,211.786833,213.028707,209.857152,212.47464,20942100
2021-01-04,212.579741,213.028727,205.204934,207.956161,37130100
2021-01-05,207.545356,208.749025,206.055113,208.156738,23823000
2021-01-06,202.68296,206.809801,202.463248,202.759384,35930700
2021-01-07,204.469333,209.53235,204.154101,208.529297,27694500
2021-01-08,208.901819,210.71687,207.325604,209.799789,22956200
2021-01-11,208.701252,209.12158,207.039049,207.765076,23031300
2021-01-12,206.819355,207.392532,203.781554,205.31955,23249300
2021-01-13,204.450234,207.067707,204.364247,206.666489,20087100
2021-01-14,206.255724,207.73642,203.227471,203.494949,29480800
2021-01-15,203.972603,204.918327,202.549222,203.141495,31746500
2021-01-19,204.192303,207.277872,203.122388,206.762024,30480900
2021-01-20,207.965651,215.693907,207.573981,214.308746,37777300
2021-01-21,214.652668,216.18113,212.474618,214.910599,30709400
2021-01-22,216.926233,219.782542,215.703469,215.846756,30172700
2021-01-25,218.875053,219.505545,214.194159,219.266724,33152100
2021-01-26,221.492543,223.708798,219.792135,221.941528,49169600
2021-01-27,227.357986,229.688885,219.84944,222.486023,69870600
2021-01-28,225.074843,231.7905,224.57809,228.246384,49111200
2021-01-29,225.437843,227.377071,221.005318,221.588043,42503100
2021-02-01,224.549416,231.656743,222.037011,228.934174,33314200
2021-02-02,230.510415,231.475248,228.017119,228.800446,25916300
2021-02-03,228.857792,234.130958,228.561641,232.134415,27158100
2021-02-04,231.809589,232.363656,229.621977,231.188644,25296100
2021-02-05,231.398851,232.401904,229.669786,231.370193,18054800
2021-02-08,232.277669,232.78397,230.042305,231.628082,22211900
2021-02-09,231.054928,233.815703,230.586848,232.86998,23565000
2021-02-10,234.044994,234.923856,230.11877,231.962479,22186700
2021-02-11,233.834781,234.188232,231.322375,233.557755,15751100
2021-02-12,233.022816,234.331567,231.876476,234.035431,16561100
2021-02-16,234.073648,235.124468,232.057994,232.803116,26728500
2021-02-17,231.060505,233.923378,230.696655,233.818054,21653500
2021-02-18,231.520058,233.559493,230.620019,233.425446,16925600
2021-02-19,233.387151,233.492475,229.96892,230.725342,25262600
2021-02-22,227.326265,227.814578,222.519683,224.539978,36446900
2021-02-23,220.537666,224.846352,219.005683,223.352676,30228700
2021-02-24,220.231329,225.200683,219.264274,224.578323,26339700
2021-02-25,222.213343,224.616628,218.191905,219.254715,39542200
2021-02-26,221.686696,225.363438,219.781294,222.500565,37819200
2021-03-01,225.870875,227.374135,223.23779,226.866669,25324000
2021-03-02,226.933721,227.2114,223.525073,223.927216,22812500
2021-03-03,222.289877,223.649505,217.598188,217.885437,34029500
2021-03-04,217.100359,222.605903,214.725783,217.090775,44727800
2021-03-05,219.762151,223.352723,216.832247,221.753723,41872800
2021-03-08,221.533492,223.448463,217.473761,217.722702,35267400
2021-03-09,222.979272,225.372986,221.820708,223.841003,33080500
2021-03-10,226.924151,226.924151,222.175015,222.538864,29746800
2021-03-11,224.970902,229.00191,224.348528,227.048645,29907600
2021-03-12,224.061234,225.794295,223.314396,225.727264,22653700
2021-03-15,224.970856,225.191074,221.954768,224.827225,26034900
2021-03-16,226.234761,229.854056,225.909219,227.603973,28092200
2021-03-17,226.110225,228.4082,223.314369,226.962387,29562100
2021-03-18,222.672903,224.23361,220.537714,220.911133,34833000
2021-03-19,221.198353,222.586704,219.599353,220.556839,46430700
2021-03-22,220.480242,226.828363,220.355764,225.957062,30127000
2021-03-23,227.393307,230.801954,226.991164,227.479477,31638400
2021-03-24,227.737991,227.881608,225.315553,225.4496,25620100
2021-03-25,225.296383,226.866659,221.724966,222.462219,34061900
2021-03-26,221.705856,226.646487,221.705856,226.426254,25479900
2021-03-29,226.531565,226.732643,222.021815,225.238968,25227500
2021-03-30,223.601626,223.908029,221.274943,221.993057,24792000
2021-03-31,223.008035,228.934874,222.510138,225.746445,43623500
2021-04-01,228.331642,232.515851,227.9295,232.046692,30338000
2021-04-05,232.439255,239.333165,232.381808,238.481003,36910600
2021-04-06,237.083062,238.796955,236.384101,237.322433,22931900
2021-04-07,237.274554,240.261905,236.680917,239.275696,22719800
2021-04-08,242.023687,243.335438,241.286419,242.483276,23625200
2021-04-09,242.11943,245.106795,241.707718,244.972748,24326800
2021-04-12,243.881202,246.715366,243.795017,245.030182,27148700
2021-04-13,246.322754,248.170694,245.911013,247.500443,23837500
2021-04-14,246.533448,247.82603,244.312074,244.723785,23070900
2021-04-15,246.964346,248.879318,246.772866,248.467606,25627500
2021-04-16,248.438819,249.903771,246.648326,249.654816,24878600
2021-04-19,249.128204,250.363368,246.858967,247.739838,23209300
2021-04-20,246.858977,249.137798,245.920631,247.280273,19722900
2021-04-21,247.931386,249.597402,246.313233,249.501648,24030400
2021-04-22,249.147369,250.650629,244.771667,246.236633,25606200
2021-04-23,246.916426,250.392104,246.332344,250.047394,21462600
2021-04-26,250.535713,251.28255,249.109068,250.430374,19763300
2021-04-27,250.459056,252.000623,249.061135,250.832489,31014200
2021-04-28,245.192932,245.633396,242.196011,243.737564,46903100
2021-04-29,244.599329,245.21212,238.413965,241.774734,40589000
2021-04-30,239.122518,242.320517,238.98847,241.458771,30945100
2021-05-03,242.626911,243.536535,240.443845,241.15239,19626600
2021-05-04,240.300214,240.530016,235.311707,237.255402,32756100
2021-05-05,238.471385,238.892681,235.369141,235.991501,21901300
2021-05-06,235.972378,239.237408,234.287208,239.11293,26491100
2021-05-07,241.43002,243.488623,240.491688,241.726852,27032900
2021-05-10,240.204435,241.027873,236.613864,236.67131,29299900
2021-05-11,234.15315,236.115998,232.257332,235.761719,33641600
2021-05-12,231.874355,233.990405,227.948672,228.839127,36684400
2021-05-13,231.520096,235.158545,231.156247,232.6978,29624300
2021-05-14,235.139352,238.586292,235.053181,237.600082,23901100
2021-05-17,236.068113,236.106406,233.166932,234.756348,24970200
2021-05-18,235.800018,235.934065,232.573281,232.745636,20168000
2021-05-19,229.665,233.427009,228.983623,233.321442,25739800
2021-05-20,234.127596,237.956776,234.03162,236.546021,21800700
2021-05-21,237.592176,238.32154,234.876232,235.288895,21863100
2021-05-24,237.803246,241.037434,237.534532,240.672745,21411500
2021-05-25,241.622847,242.563346,240.711138,241.57486,17704300
2021-05-26,241.296532,242.745683,240.643945,241.354126,17771600
2021-05-27,241.046984,241.344487,239.204368,239.261948,24426200
2021-05-28,240.883857,241.920331,239.501891,239.61705,18270200
2021-06-01,241.10458,241.162159,237.006686,237.42894,23213300
2021-06-02,238.129558,239.223612,235.931844,237.333008,19406700
2021-06-03,235.336796,236.411651,233.206268,235.807053,25307700
2021-06-04,237.774463,241.507682,237.534538,240.682343,25281100
2021-06-07,239.904972,243.849326,239.741825,243.580612,23079200
2021-06-08,244.876236,245.691984,242.333031,242.390625,22455000
2021-06-09,243.58058,245.231259,243.004771,243.369446,17937600
2021-06-10,244.041258,247.083495,243.446251,246.87236,24563600
2021-06-11,247.592162,248.07201,246.267776,247.496216,18999700
2021-06-14,247.505772,249.473168,246.4501,249.415588,19150500
2021-06-15,249.300396,249.51153,247.294633,247.94722,18038900
2021-06-16,248.945337,250.077772,244.166051,247.00676,27220000
2021-06-17,245.74955,251.200621,245.691971,250.384872,27565500
2021-06-18,249.166026,251.7284,248.321489,248.974075,37202200
2021-06-21,249.348405,252.899266,247.524987,252.045151,26696100
2021-06-22,252.13146,255.077735,251.82435,254.809021,24694100
2021-06-23,255.269688,256.075829,253.772563,254.578705,19518700
2021-06-24,255.43289,257.05478,254.770697,255.941528,21446900
2021-06-25,255.50006,256.47894,254.089305,254.338806,25611100
2021-06-28,255.461617,258.062387,255.192904,257.889648,19590000
2021-06-29,258.033608,260.701564,257.179494,260.461639,19937800
2021-06-30,259.780283,260.423264,258.734218,259.981812,21656500
2021-07-01,258.743779,260.883913,258.734202,260.653595,16725300
2021-07-02,261.824456,266.795678,261.517346,266.459778,26458000
2021-07-06,266.824474,268.110464,263.244795,266.469391,31565600
2021-07-07,268.139281,269.377298,265.979963,268.647919,23260000
2021-07-08,265.739983,267.496244,263.7918,266.239044,24618600
2021-07-09,264.60754,266.84362,264.223667,266.738068,23916700
2021-07-12,267.909028,268.494429,265.432993,266.143188,18931700
2021-07-13,266.335037,271.450237,266.210301,269.655609,26120100
2021-07-14,270.970377,272.227577,269.242905,271.123932,23113700
2021-07-15,270.63449,271.123945,268.551935,269.703583,22604200
2021-07-16,270.701652,272.649835,268.196828,269.434845,26186800
2021-07-19,267.688152,269.070117,263.38873,265.845551,32935600
2021-07-20,266.824453,269.645963,265.1258,268.062469,26259700
2021-07-21,267.659383,270.173783,266.114285,270.058624,24364300
2021-07-22,272.400285,274.876319,271.997229,274.607605,23384100
2021-07-23,275.788072,278.302473,274.95314,277.995392,22768100
2021-07-26,277.352387,278.01458,275.087516,277.40036,23176100
2021-07-27,277.765055,277.909004,271.546238,274.991547,33604100
2021-07-28,277.342736,278.455988,272.390698,274.684387,33566900
2021-07-29,274.703503,276.987585,274.549948,274.953033,18168300
2021-07-30,273.676746,275.106685,272.467519,273.427216,20944800
2021-08-02,274.818763,275.212242,272.304362,273.340851,16267400
2021-08-03,273.916659,275.653708,272.553877,275.548126,17879000
2021-08-04,274.684418,275.999198,273.177687,274.962738,16191300
2021-08-05,275.317856,277.957022,274.569293,277.85144,13900200
2021-08-06,276.882159,277.83225,276.028015,277.793854,16589300
2021-08-09,278.072133,279.799575,276.210319,276.709351,16117600
2021-08-10,277.160409,277.592284,273.705524,274.895538,18616600
2021-08-11,275.634542,277.026114,274.338945,275.38504,13955900
2021-08-12,275.077841,278.283224,274.799521,278.129669,14561300
2021-08-13,277.812977,281.095123,277.640209,281.04715,18249000
2021-08-16,281.373448,282.937758,278.331197,282.726624,22507600
2021-08-17,280.60575,281.603814,279.34852,281.267914,20075300
2021-08-18,280.806391,283.479454,279.104457,279.546783,21813000
2021-08-19,277.585249,286.027517,277.537184,285.354431,29850500
2021-08-20,288.190963,294.075547,286.594814,292.652466,40817600
2021-08-23,291.585224,293.652517,290.239082,292.931366,22830200
2021-08-24,293.287076,293.892847,290.383254,290.979401,18175800
2021-08-25,292.594775,292.873628,288.864048,290.392883,20006100
2021-08-26,289.412052,290.796663,287.450545,287.585144,17666100
2021-08-27,287.489049,289.296737,285.412132,288.190979,22605700
2021-08-30,289.537119,292.517881,289.479429,291.912109,16348100
2021-08-31,292.710188,292.787098,289.902496,290.267883,26285300
2021-09-01,291.219822,293.450588,289.8929,290.219818,18983800
2021-09-02,290.575577,291.69093,288.633259,289.565948,16285600
2021-09-03,289.412082,290.960167,288.710181,289.556335,14747900
2021-09-07,289.43136,289.50827,286.729452,288.63327,17180400
2021-09-08,288.248657,289.046717,286.027516,288.662109,15046800
2021-09-09,289.248662,290.517894,285.575596,285.815979,19927000
2021-09-10,286.941014,288.383315,284.017942,284.335236,19633400
2021-09-13,286.104466,287.056405,282.767942,285.56601,23652900
2021-09-14,288.037076,289.7967,286.633245,288.25824,21853400
2021-09-15,291.594827,293.575585,290.210216,293.094818,28356300
2021-09-16,292.075539,293.565905,289.190937,293.47937,19550800
2021-09-17,292.469788,292.787081,288.008257,288.335175,41372500
2021-09-20,284.931313,287.229393,278.38327,282.979401,38278700
2021-09-21,284.316015,286.094859,282.758334,283.460236,22364100
2021-09-22,285.315943,288.671687,283.181337,287.094757,26626300
2021-09-23,287.354368,289.3255,286.085136,288.037048,18604600
2021-09-24,286.758322,288.267908,285.50831,287.835236,14999000
2021-09-27,284.748715,285.066009,281.671795,282.854492,23571700
2021-09-28,278.652537,279.594851,271.873735,272.614105,43186200
2021-09-29,274.133377,275.739122,272.123774,273.075684,26353700
2021-09-30,274.719907,276.758355,270.787236,271.075714,32343600
2021-10-01,271.267944,278.825616,270.469884,277.979462,30086300
2021-10-04,276.344899,276.681442,269.469936,272.21991,31350700
2021-10-05,273.123711,279.229458,273.123711,277.652557,24993000
2021-10-06,274.787144,282.335191,274.527541,281.835175,28002600
2021-10-07,283.825625,285.229486,282.614112,283.508331,20430500
2021-10-08,284.825628,285.229486,282.460263,283.508331,17685700
2021-10-11,281.652594,286.508329,281.48912,282.912201,19298600
2021-10-12,283.979409,284.075569,281.104432,281.614044,17974100
2021-10-13,283.565937,285.844768,282.200546,284.912079,23416300
2021-10-14,287.700623,291.604449,286.373701,291.104462,27262900
2021-10-15,290.710146,292.738997,288.960147,292.508209,25384800
2021-10-18,291.89294,296.354444,291.046786,295.469849,22729300
2021-10-19,296.489037,297.402476,295.402498,296.373657,17682100
2021-10-20,297.315893,297.787065,294.335132,295.585144,16537100
2021-10-21,295.354371,299.056253,294.575502,298.806274,16918100
2021-10-22,298.460146,299.123606,295.960151,297.267853,17449300
2021-10-25,297.460164,297.498634,294.671722,296.277496,17554500
2021-10-26,299.037054,300.383195,296.729378,298.181274,28107300
2021-10-27,303.844771,313.556271,303.844771,310.738983,52588700
2021-10-28,311.854286,312.373522,308.998529,311.873535,26297900
2021-10-29,311.661982,319.229249,311.440818,318.863861,34766000
2021-11-01,318.613852,318.738856,313.815807,316.700409,27073200
2021-11-02,317.604324,320.623555,317.306251,320.315857,26487100
2021-11-03,321.056215,322.017749,317.931229,321.152374,21500100
2021-11-04,320.08504,323.594633,316.835051,323.498474,23992200
2021-11-05,325.488888,325.758116,321.556217,323.133118,22570100
2021-11-08,324.325447,324.66199,321.575474,324.027374,20897000
2021-11-09,324.142728,325.690813,321.661983,323.027374,21307400
2021-11-10,321.700411,321.7581,317.229284,318.075409,25500900
2021-11-11,318.508188,320.931244,317.796663,319.642792,16849800
2021-11-12,321.075447,324.258122,320.950443,323.767731,23831000
2021-11-15,324.556187,324.883105,321.181193,323.142731,16723000
2021-11-16,322.767717,327.565792,322.604273,326.450409,20886800
2021-11-17,326.498581,329.629284,325.593083,326.671967,19053400
2021-11-18,325.766409,329.879689,324.745321,328.742981,22463500
2021-11-19,330.062661,332.432354,329.63881,330.515381,21963400
2021-11-22,331.970078,336.834726,327.086175,327.355896,31031100
2021-11-23,324.67788,326.989807,321.315997,325.28476,30427600
2021-11-24,323.936266,325.747263,321.653266,325.506439,21661300
2021-11-26,322.077114,325.525691,316.075787,317.578522,24217200
2021-11-29,322.645348,326.585213,322.452678,324.273315,28563500
2021-11-30,323.011403,325.381096,316.913742,318.455017,42885600
2021-12-01,322.828392,326.826053,317.2991,317.963745,33337600
2021-12-02,318.175681,321.248588,315.767449,317.395416,30766000
2021-12-03,319.803642,320.487602,306.35608,311.15329,41779300
2021-12-06,312.058786,315.430311,307.512042,314.216553,30032600
2021-12-07,319.466529,323.473802,317.983049,322.626129,31021900
2021-12-08,323.001802,323.18483,318.657341,322.674286,24761000
2021-12-09,322.134806,324.138442,319.928857,320.872894,22214200
2021-12-10,322.683967,330.409568,322.500939,329.966461,38095700
2021-12-13,328.174726,331.170583,326.633451,326.941711,28899400
2021-12-14,320.988472,322.356361,312.212858,316.287598,44438700
2021-12-15,316.547699,322.886184,312.588579,322.365997,35381100
2021-12-16,323.387103,324.398578,311.162912,312.973907,35034800
2021-12-17,309.101477,312.993189,305.604718,311.914276,47750300
2021-12-20,308.301929,310.950985,305.912982,308.167084,28326500
2021-12-21,311.423042,315.700066,308.061129,315.276215,24740600
2021-12-22,316.249079,321.364163,313.792694,320.969238,24831500
2021-12-23,320.53575,324.042151,320.516495,322.404541,19617800
2021-12-27,323.146292,329.908628,323.117394,329.87973,19947000
2021-12-28,330.553944,331.189721,327.827839,328.723694,15661500
2021-12-29,328.771907,331.661786,327.211377,329.398071,15042000
2021-12-30,329.35955,330.534768,326.382977,326.864624,15994500
2021-12-31,326.084346,326.903121,323.521983,323.974731,18000800
2022-01-03,323.040323,325.593044,317.674774,322.462341,28865100
2022-01-04,322.539387,322.895831,314.149114,316.933044,32674300
2022-01-05,313.898662,314.100975,304.381351,304.766663,40054300
2022-01-06,301.655184,307.001478,300.056114,302.358398,39646100
2022-01-07,302.618491,304.882235,298.707524,302.512543,32720000
2022-01-10,298.129501,303.167533,293.505707,302.734039,44289500
2022-01-11,301.876816,304.988234,298.514932,303.418091,29386800
2022-01-12,307.935945,311.538652,305.44099,306.587311,34372200
2022-01-13,308.706509,309.101462,292.841072,293.611694,45366000
2022-01-14,293.081962,299.410805,292.600315,298.813568,39846400
2022-01-18,292.9086,298.428252,290.66411,291.54071,42333200
2022-01-19,295.047109,302.387399,291.58889,292.19574,45933900
2022-01-20,297.7251,300.210384,290.08619,290.529297,35380700
2022-01-21,291.57917,292.94703,284.759039,285.163635,57984400
2022-01-24,281.474265,286.204008,265.917057,285.49118,85731500
2022-01-25,280.819167,284.161795,274.70228,277.900391,72848600
2022-01-26,296.684577,297.175866,282.273723,285.818634,90428900
2022-01-27,291.550264,296.019928,286.993878,288.833771,53481300
2022-01-28,289.209431,297.156597,283.641599,296.944672,49743700
2022-01-31,297.609457,300.913546,295.124144,299.564941,46444500
2022-02-01,299.015819,299.227745,293.929633,297.426392,40950400
2022-02-02,298.264488,303.552958,297.542018,301.953888,36636000
2022-02-03,298.129636,299.805786,288.949452,290.192108,43730000
2022-02-04,289.19022,297.464904,288.959039,294.7099,35096500
2022-02-07,294.931436,296.540119,288.89157,289.903046,28533300
2022-02-08,290.192026,294.343817,288.939757,293.380524,32421200
2022-02-09,298.495659,300.480041,296.106711,299.786469,31284700
2022-02-10,292.879649,297.773165,289.662253,291.280579,45386200
2022-02-11,292.060855,293.120484,283.420115,284.210022,39175600
2022-02-14,282.986587,285.866853,280.655434,284.171448,36359500
2022-02-15,288.997537,289.758517,286.117271,289.440643,27058300
2022-02-16,288.012037,290.425249,283.484849,289.102814,29982100
2022-02-17,286.071766,286.496493,279.932569,280.637238,32461600
2022-02-18,282.876733,283.658611,276.370722,277.934479,34264000
2022-02-22,275.106265,281.419238,274.623623,277.731842,41736100
2022-02-23,280.106351,281.573603,270.376293,270.540375,37811200
2022-02-24,263.049803,284.913501,262.094151,284.363281,56989700
2022-02-25,284.894118,287.297668,281.525255,286.98877,32546700
2022-02-28,284.093024,288.755367,282.828503,288.417511,34627500
2022-03-01,286.110461,289.556535,282.008,284.710815,31217800
2022-03-02,285.106548,291.004454,283.504201,289.76889,31873000
2022-03-03,292.375131,292.60679,283.841987,285.647095,27314500
2022-03-04,284.073782,285.396218,277.200956,279.797546,32356500
2022-03-07,278.513667,279.633401,268.860818,269.227631,43157200
2022-03-08,268.156153,274.102312,260.626942,266.273865,48159500
2022-03-09,273.600341,279.546499,271.03268,278.48468,35204500
2022-03-10,273.194931,276.650667,270.839633,275.67572,30628000
2022-03-11,277.963434,279.459643,269.729555,270.347351,27209300
2022-03-14,270.607989,275.492329,266.244912,266.843384,30660700
2022-03-15,270.617594,277.828272,269.053837,277.181519,34245100
2022-03-16,279.073465,284.343941,273.368658,284.170197,37826300
2022-03-17,283.108443,285.347881,279.324512,284.971436,30816600
2022-03-18,285.11624,290.550799,282.567903,290.00058,43390600
2022-03-21,288.51395,289.720556,284.662445,288.774567,28351200
2022-03-22,289.392424,294.411917,288.398181,293.504547,27599700
2022-03-23,290.077749,292.703325,287.384596,289.09314,25715400
2022-03-24,288.755347,293.639686,287.963806,293.543152,24484500
2022-03-25,294.633966,294.894582,288.90017,293.137756,22566500
2022-03-28,293.765172,300.010567,293.765172,299.914062,29578200
2022-03-29,303.012583,304.856281,298.321283,304.46051,30393400
2022-03-30,302.867851,304.981827,300.763507,302.964355,28163600
2022-03-31,303.002934,304.199907,297.201591,297.606995,33422100
2022-04-01,298.630215,299.363841,294.933187,298.678497,27110500
2022-04-04,299.325202,304.170922,298.958389,304.035797,24289600
2022-04-05,302.394723,303.939184,299.112761,300.087708,23156700
2022-04-06,294.595287,296.34245,286.409661,289.102814,40110400
2022-04-07,286.361444,293.108777,286.062208,290.907928,31411200
2022-04-08,290.010246,290.666633,285.994657,286.660706,24361900
2022-04-11,281.660518,282.452029,275.106225,275.357208,34569300
2022-04-12,279.199019,280.646947,270.752776,272.26828,30966700
2022-04-13,272.914966,278.561858,271.534586,277.635193,21907200
2022-04-14,278.088956,278.30132,269.623417,270.115692,28221600
2022-04-18,269.227674,272.654424,268.677454,270.781769,20778000
2022-04-19,269.681342,276.235636,268.745014,275.395813,22297700
2022-04-20,279.353419,279.643023,275.463323,276.418945,22906700
2022-04-21,278.561836,283.117981,270.337621,271.061584,29454600
2022-04-22,271.901484,273.368736,263.88963,264.517059,29405800
2022-04-25,263.802762,271.351269,261.370225,270.974823,35678900
2022-04-26,267.866599,268.69673,260.626961,260.839325,46518400
2022-04-27,272.306916,280.86899,269.468976,273.388031,63477700
2022-04-28,275.289663,280.878672,271.689139,279.575531,33646600
2022-04-29,278.590902,279.816833,266.901315,267.885895,37073900
2022-05-02,268.069209,275.048228,266.630945,274.594543,35151100
2022-05-03,274.102269,274.266381,270.424536,271.997955,25978600
2022-05-04,272.77992,280.782142,267.123363,279.913391,33599300
2022-05-05,275.627457,276.409335,264.816254,267.721771,43260400
2022-05-06,265.269898,269.555764,261.852782,265.192688,37780300
2022-05-09,260.684853,262.904996,254.178842,255.395081,47726000
2022-05-10,262.258202,264.246686,255.868022,260.144226,39336400
2022-05-11,256.456875,261.939686,250.298353,251.504959,48975900
2022-05-12,248.744298,250.858275,241.340564,246.485535,51033800
2022-05-13,248.416138,253.908613,246.485567,252.055252,34925100
2022-05-16,250.93545,256.592035,246.900566,252.421997,32550900
2022-05-17,256.871969,259.014903,253.348685,257.557343,28828800
2022-05-18,254.46122,255.041746,244.56336,245.830826,31356000
2022-05-19,245.656661,249.30428,243.702254,244.921341,32692300
2022-05-20,248.888216,250.146027,238.43887,244.360168,39199300
2022-05-23,247.195085,253.009955,245.201954,252.187546,33175400
2022-05-24,249.517165,252.845453,245.26968,251.190979,29043900
2022-05-25,249.75901,255.989896,248.781792,253.99678,28547900
2022-05-26,253.754909,258.437766,252.942185,257.267059,25002100
2022-05-27,259.763306,264.465503,258.873163,264.368744,26910800
2022-05-31,263.681788,265.849053,260.198663,263.043213,37827700
2022-06-01,266.26515,268.674298,261.272675,263.575409,25292200
2022-06-02,255.864078,265.732896,253.106603,265.665161,44008200
2022-06-03,261.533889,264.571957,259.695582,261.253296,28059000
2022-06-06,263.227038,265.278203,258.544181,260.024506,22400300
2022-06-07,257.983071,264.262352,257.305786,263.652802,22860700
2022-06-08,262.888427,264.136553,260.856602,261.630646,17372300
2022-06-09,259.086061,263.855993,256.038337,256.193146,26439700
2022-06-10,252.119804,252.119804,244.331173,244.776245,31422800
2022-06-13,237.152052,240.935111,233.688282,234.394577,46135800
2022-06-14,235.94265,237.761617,233.668941,236.5522,28651500
2022-06-15,240.24815,247.011211,238.419512,243.586136,33111700
2022-06-16,237.993835,239.387086,235.129945,237.016632,33169200
2022-06-17,236.755399,242.367095,236.107153,239.609619,43084800
2022-06-21,242.134851,246.47908,241.409201,245.501877,29928300
2022-06-22,243.711951,248.82054,242.241296,244.911697,25939900
2022-06-23,247.272434,250.949048,245.395418,250.455597,25861400
2022-06-24,253.309822,259.279514,253.222748,259.008606,33923200
2022-06-27,259.502043,259.589118,254.732112,256.289856,24615100
2022-06-28,255.409375,258.24424,247.998069,248.152878,27295500
2022-06-29,249.226915,253.464715,247.456327,251.810242,20069800
2022-06-30,248.70439,251.103883,244.689133,248.491531,31730900
2022-07-01,248.065818,251.336055,246.343596,251.152222,22837700
2022-07-05,247.843332,254.441916,246.469436,254.316132,22941000
2022-07-06,255.186833,259.289163,253.880657,257.566956,23824400
2022-07-07,256.512405,260.324489,256.415646,259.685913,20859900
2022-07-08,256.193125,259.395657,254.741825,258.96994,19658800
2022-07-11,257.025153,257.876586,253.667812,255.92218,19455200
2022-07-12,257.247714,257.305763,243.857044,245.434128,35868500
2022-07-13,242.067126,245.318038,240.054656,244.514984,29497400
2022-07-14,242.43479,246.856409,237.955107,245.830826,25102800
2022-07-15,247.417614,251.916638,246.49846,248.385147,29774100
2022-07-18,251.316748,252.371356,245.076162,245.995316,20975000
2022-07-19,249.21715,251.287685,245.443777,251.103851,25012600
2022-07-20,251.461895,256.270536,250.504046,253.754944,22788300
2022-07-21,251.355455,256.28988,248.685054,256.241486,22404700
2022-07-22,256.628504,256.715578,250.65884,251.906937,21881300
2022-07-25,252.526196,253.009963,248.472229,250.426636,21056000
2022-07-26,251.423159,251.442529,241.467264,243.721603,39348000
2022-07-27,252.680973,261.282328,250.445974,260.014862,45994000
2022-07-28,260.992048,268.819387,259.173081,267.435822,33459300
2022-07-29,268.683965,272.844345,267.648697,271.625244,32152800
2022-08-01,268.800084,272.14774,266.884357,268.983917,21539600
2022-08-02,267.039174,268.867826,263.536708,265.897491,22754200
2022-08-03,267.774467,274.29563,267.629313,273.299072,23518900
2022-08-04,272.650854,274.58592,271.073799,274.440796,18098700
2022-08-05,270.086889,274.440788,269.632147,273.724823,16774600
2022-08-08,274.827751,276.637063,270.251339,271.218872,18739200
2022-08-09,270.561001,273.889288,268.59688,273.134613,23405200
2022-08-10,278.814002,280.400741,277.623926,279.771851,24687800
2022-08-11,281.407054,281.755352,277.207964,277.701385,20065900
2022-08-12,279.113955,282.432587,277.623946,282.432587,22619700
2022-08-15,281.552147,284.628896,280.691029,283.941956,18085700
2022-08-16,282.51004,284.493501,280.991035,283.206665,18102900
2022-08-17,280.928089,284.428313,280.666311,282.460052,18253400
2022-08-18,281.364474,283.032165,280.288217,281.345093,17186200
2022-08-19,280.113722,280.453083,276.875304,277.447357,20570000
2022-08-22,273.501094,273.869542,268.788915,269.302795,25061100
2022-08-23,268.032623,270.379007,267.024245,268.032623,17527400
2022-08-24,267.033957,268.798612,266.743063,267.402405,18137000
2022-08-25,268.895502,270.534106,266.170966,270.369293,16583400
2022-08-26,270.592241,271.81393,259.829853,259.936493,27549300
2022-08-29,257.764713,259.267561,255.825539,257.163574,20338500
2022-08-30,258.559774,258.928192,252.732546,254.97229,22767100
2022-08-31,257.318723,258.986385,253.382173,253.517929,24791800
2022-09-01,250.996971,252.955556,247.642209,252.480438,23263400
2022-09-02,253.740899,256.688422,246.730776,248.272415,22855400
2022-09-06,248.408129,249.98853,244.27768,245.547836,21328200
2022-09-07,246.953793,250.958177,245.518808,250.240692,24126700
2022-09-08,249.678361,252.509538,247.041068,250.657623,20319900
2022-09-09,252.577375,257.163532,252.373771,256.416931,22084700
2022-09-12,257.696839,259.316062,257.0957,258.540375,18747700
2022-09-13,250.967864,252.480417,243.938359,244.326202,33353300
2022-09-14,245.819366,246.498074,242.260984,244.54921,23913000
2022-09-15,242.173691,243.754108,236.598567,237.917206,31530900
2022-09-16,236.831295,237.839673,234.698207,237.296707,39791800
2022-09-19,235.095718,237.684513,233.524992,237.083374,26826900
2022-09-20,234.707892,236.104084,232.351788,235.076324,26660300
2022-09-21,236.840994,240.127893,231.634303,231.682785,28625600
2022-09-22,230.635646,236.443477,230.344782,233.651062,31061200
2022-09-23,232.254839,233.796493,228.046835,230.684113,34176000
2022-09-26,229.84058,234.106756,229.695133,230.228409,27694200
2022-09-27,232.681418,234.446073,227.368087,229.220001,27018700
2022-09-28,229.607817,234.95994,227.591075,233.738266,29029700
2022-09-29,231.624596,232.652355,227.280851,230.276871,27484200
2022-09-30,231.042861,233.224431,225.65196,225.816788,35694800
2022-10-03,228.25048,234.261917,227.52329,233.418381,28880400
2022-10-04,237.636033,242.74576,237.529378,241.310776,34888400
2022-10-05,238.508682,242.959083,236.676164,241.621048,20347100
2022-10-06,240.389661,242.726369,238.595934,239.284332,20239900
2022-10-07,233.573481,233.98072,226.078578,227.116043,37769600
2022-10-10,225.96225,227.426321,219.834453,222.277817,29743600
2022-10-11,220.697359,222.093567,217.294115,218.554581,30474000
2022-10-12,218.544931,220.930122,217.148738,218.884293,21903900
2022-10-13,213.163688,228.919475,212.465584,227.116043,42551800
2022-10-14,228.376492,230.024802,221.39547,221.60878,30198600
2022-10-17,228.647999,231.692502,227.988672,230.305984,28142300
2022-10-18,235.842322,236.511325,228.211663,231.246475,26329600
2022-10-19,229.830854,232.322699,227.16449,229.287888,19985700
2022-10-20,228.599493,233.970998,227.726856,228.967926,21811000
2022-10-21,227.600822,235.609604,227.368116,234.756363,26299700
2022-10-24,236.346468,240.302384,233.961293,239.730331,24911200
2022-10-25,239.740047,243.405085,238.353545,243.036652,34775500
2022-10-26,224.139389,231.052548,223.063147,224.284836,82543200
2022-10-27,224.013357,226.582772,218.913336,219.853836,40424600
2022-10-28,219.359345,229.404266,219.175121,228.696457,40647700
2022-10-31,226.650607,227.775331,224.119985,225.07019,28357300
2022-11-01,227.465088,228.570416,220.416187,221.230637,30592300
2022-11-02,222.481416,224.265452,213.347895,213.406082,38407000
2022-11-03,213.396362,213.706637,207.472186,207.733978,36633900
2022-11-04,210.93362,214.850744,206.938912,214.65683,36789100
2022-11-07,215.238597,221.463344,214.550184,220.939758,33498000
2022-11-08,221.744504,224.604782,218.971485,221.909332,28192500
2022-11-09,220.454949,221.676638,217.507412,217.681931,27852900
2022-11-10,228.269826,235.929571,227.852911,235.59021,46268000
2022-11-11,235.599926,240.447861,234.572152,239.59462,34620200
2022-11-14,234.63031,236.491915,231.93486,234.20369,31123300
2022-11-15,238.188709,239.487952,232.729931,234.610931,31390100
2022-11-16,236.069413,237.051466,233.765021,235.038757,24093300
2022-11-17,231.198088,236.516676,231.052246,234.990128,23123500
2022-11-18,236.769482,236.993126,232.413495,234.542877,27613500
2022-11-21,234.747051,237.897371,234.513704,235.349899,26394700
2022-11-22,236.847249,238.519639,234.046979,238.247391,19665700
2022-11-23,238.325192,241.407442,237.508447,240.726822,19508500
2022-11-25,240.464318,241.815841,239.900371,240.639343,9200800
2022-11-28,239.268312,239.822527,234.134468,235.067886,24778200
2022-11-29,234.717879,236.069403,231.616193,233.677505,17956300
2022-11-30,233.910861,248.262288,233.220507,248.077545,47594200
2022-12-01,246.84269,249.030409,243.974352,247.639999,26041500
2022-12-02,242.904834,248.972097,242.778428,247.960892,21528500
2022-12-05,245.034203,246.794114,241.193544,243.274307,23435300
2022-12-06,243.877163,244.888369,237.032026,238.33493,22463700
2022-12-07,238.052956,239.346142,235.505484,237.605682,20481500
2022-12-08,238.062638,241.854692,236.331911,240.551773,22611800
2022-12-09,237.926531,241.436604,237.401485,238.626602,20609700
2022-12-12,240.600407,245.549508,240.328158,245.52034,30665100
2022-12-13,254.446257,256.614539,246.064868,249.808304,42196900
2022-12-14,250.01247,255.321326,247.270523,250.099976,35410900
2022-12-15,246.696864,247.163573,240.493462,242.117233,35560400
2022-12-16,241.669947,242.924232,236.769449,237.916794,86102000
2022-12-19,238.082106,238.422424,232.102348,233.794174,29696400
2022-12-20,232.773251,236.186102,231.820383,235.106827,25150800
2022-12-21,234.999856,238.821064,233.46359,237.664001,23690600
2022-12-22,234.581769,235.291573,227.396329,231.596756,28651700
2022-12-23,229.574294,232.257889,227.464363,232.121765,21207000
2022-12-27,232.092629,232.316258,229.302077,230.400803,16688600
2022-12-28,230.332714,233.08438,227.688005,228.03804,17457100
2022-12-29,229.127022,235.223468,229.127022,234.338654,19770700
2022-12-30,231.616191,233.317749,230.109093,233.181625,21938500
2023-01-03,236.351359,238.94745,230.828579,232.948242,25740000
2023-01-04,225.850346,226.42401,219.705295,222.758377,50623400
2023-01-05,220.910952,221.25127,215.621532,216.156311,39585600
2023-01-06,216.827197,219.510793,213.278237,218.703766,43613600
2023-01-09,220.181708,224.839126,220.142822,220.83316,27369800
2023-01-10,221.45545,224.907187,221.03736,222.515289,27033900
2023-01-11,224.887712,229.418724,224.712702,229.243713,28669300
2023-01-12,228.747815,233.259375,227.094875,231.907852,27269500
2023-01-13,230.439688,232.74408,228.417262,232.607956,21333300
2023-01-17,231.382836,234.241457,230.52719,233.69696,29831300
2023-01-18,234.883177,235.670753,229.000642,229.282608,30028700
2023-01-19,227.308837,229.000678,224.294641,225.51004,28623000
2023-01-20,228.358909,234.076152,228.018592,233.570541,35389800
2023-01-23,234.426191,238.383523,233.016316,235.865219,31934000
2023-01-24,235.787407,237.197267,233.784432,235.340134,40234400
2023-01-25,227.989416,236.565279,224.508511,233.949738,66526600
2023-01-26,236.905598,241.436609,235.301277,241.135193,33454500
2023-01-27,242.097798,242.914543,239.997585,241.290771,26498900
2023-01-30,237.741801,238.801641,235.495746,235.991638,25867400
2023-01-31,236.711157,241.086594,236.224997,240.95047,26541100
2023-02-01,241.135191,248.116437,238.675224,245.753708,31259900
2023-02-02,251.655721,257.363232,250.129173,257.275726,39940400
2023-02-03,252.355778,256.886789,249.983316,251.198715,29077300
2023-02-06,250.313882,251.150062,247.727509,249.662415,22518000
2023-02-07,253.318314,261.330215,252.880759,260.153717,50841400
2023-02-08,265.637679,269.099134,258.841146,259.346771,54686000
2023-02-09,266.22105,266.39609,255.525536,256.322845,42375100
2023-02-10,254.290712,256.779848,253.444799,255.817261,25818500
2023-02-13,260.231564,266.998899,259.755108,263.809692,44630900
2023-02-14,265.122329,267.358652,261.826152,264.636169,37047900
2023-02-15,261.54615,263.895312,259.460161,262.520905,28922400
2023-02-16,257.354739,260.006073,255.288263,255.531952,29603600
2023-02-17,252.841622,253.523932,249.537189,251.545181,30000100
2023-02-21,248.055548,249.04006,245.238508,246.291245,28397400
2023-02-22,247.675422,247.919111,244.020092,245.160553,22491100
2023-02-23,249.108306,250.355991,244.156551,248.338257,29219100
2023-02-24,243.649684,244.663422,241.83664,242.92836,24990900
2023-02-27,246.086605,246.437517,243.0941,243.844666,21190000
2023-02-28,242.782182,245.141086,242.450754,243.123337,22491000
2023-03-01,244.42948,244.595187,239.584948,240.052841,27565300
2023-03-02,240.325781,245.053333,239.409509,244.77066,24808200
2023-03-03,245.823393,249.166794,245.043586,248.845123,30760100
2023-03-06,249.956359,253.553207,249.517723,250.385254,24109800
2023-03-07,249.829603,251.184526,246.993079,247.733887,21473200
2023-03-08,247.626671,248.114048,244.478217,247.295258,17340200
2023-03-09,249.361761,253.007334,245.228795,245.950119,26653400
2023-03-10,244.741399,246.408221,241.349257,242.314255,28333900
2023-03-13,241.1543,251.398981,239.526461,247.509705,33339700
2023-03-14,250.268311,254.47926,249.40078,254.206329,33620300
2023-03-15,253.416769,259.752675,252.666189,258.738922,46028000
2023-03-16,258.514661,269.578131,256.633391,269.227234,54768800
2023-03-17,271.235195,276.177177,269.344169,272.375641,69527400
2023-03-20,269.987537,270.474914,263.037532,265.357452,43466600
2023-03-21,267.940553,268.057518,262.715852,266.868317,34558700
2023-03-22,266.497949,273.945089,265.308747,265.415985,34873300
2023-03-23,270.923321,273.964551,268.252502,270.650391,36610900
2023-03-24,270.240989,273.545421,268.330478,273.486938,28172000
2023-03-27,273.418695,274.354451,268.564405,269.40271,26840200
2023-03-28,268.827568,269.168738,265.181966,268.281708,21878600
2023-03-29,271.917579,274.042567,271.381476,273.428467,25087000
2023-03-30,277.054537,277.278712,274.373962,276.879059,25053400
2023-03-31,276.567123,281.967242,275.855541,281.021729,32766000
2023-04-03,279.286754,280.992575,276.781657,279.978851,24883300
2023-04-04,279.97884,283.117552,278.458225,279.930084,25824300
2023-04-05,278.633632,279.900801,275.777608,277.161743,22064800
2023-04-06,276.060288,284.706358,274.910085,284.238495,29770300
2023-04-10,281.90875,282.288919,277.522355,282.084229,23103000
2023-04-11,278.536116,278.76032,274.529889,275.689819,27276600
2023-04-12,277.60039,279.764346,274.841817,276.333191,27403400
2023-04-13,276.430642,282.581341,276.021261,282.522858,24222700
2023-04-14,279.754596,281.197243,276.52816,278.916321,20987900
2023-04-17,282.610602,284.238456,278.935788,281.509125,23836200
2023-04-18,284.209254,284.39446,279.764375,281.090027,20161800
2023-04-19,278.770051,281.752798,277.356675,281.167969,17150300
2023-04-20,278.048749,281.73332,277.883028,278.887024,23244400
2023-04-21,277.814832,279.043003,275.914049,278.545898,21676400
2023-04-24,274.968575,277.75639,271.683657,274.656647,26611000
2023-04-25,272.453662,274.490895,268.418163,268.466919,45772200
2023-04-26,289.20974,292.007281,285.339963,287.9133,64599200
2023-04-27,288.498148,297.495145,287.796324,297.13446,46462600
2023-04-28,296.33516,301.130936,295.65282,299.503113,36469600
2023-05-01,299.220446,300.809301,297.446386,297.846039,21294100
2023-05-02,299.990539,301.374674,296.237727,297.69986,26404400
2023-05-03,298.879227,300.818979,296.413099,296.715271,22360800
2023-05-04,298.508893,299.990539,295.740593,297.69986,22519900
2023-05-05,298.001992,304.094209,296.588586,302.807526,28197100
2023-05-08,302.30068,302.36892,298.362663,300.858032,21318600
2023-05-09,300.22448,302.212988,298.577142,299.249725,21340800
2023-05-10,300.828782,305.098212,299.902782,304.425629,30078000
2023-05-11,302.271462,303.265701,298.528407,302.281189,31680200
2023-05-12,302.710021,302.807502,298.859758,301.169922,19774700
2023-05-15,301.296655,302.076447,299.824766,301.647552,16336500
2023-05-16,302.008271,305.790324,302.008271,303.870056,26730300
2023-05-17,305.071599,307.162119,303.557409,306.742065,24315000
2023-05-18,307.259889,311.665654,306.468614,311.157654,27276000
2023-05-19,309.418728,311.382277,309.057285,310.98175,27546700
2023-05-22,311.235752,315.133516,310.659393,313.756104,24115700
2023-05-23,312.632664,315.260488,307.963153,307.972931,30797200
2023-05-24,307.455153,309.18423,305.384131,306.59549,23384900
2023-05-25,315.76849,319.343895,312.60339,318.386566,43301700
2023-05-26,316.530405,325.693595,316.393657,325.195404,36630600
2023-05-30,327.481359,327.979551,322.880207,323.55426,29503100
2023-05-31,324.609255,328.174881,319.763882,320.799408,45950600
2023-06-01,318.396325,325.820662,317.214302,324.892609,26773900
2023-06-02,326.524018,329.698896,324.8633,327.64743,25873800
2023-06-05,327.471598,330.734393,326.924545,328.174957,21307100
2023-06-06,327.579018,327.618102,324.492086,325.967163,20396200
2023-06-07,323.984075,326.758427,315.045579,315.905243,40717100
2023-06-08,316.452295,319.089898,315.875936,317.741791,23277700
2023-06-09,317.477947,322.362374,316.911367,319.236359,22529000
2023-06-12,320.985069,324.423726,317.644137,324.179504,24260300
2023-06-13,326.738912,329.190904,322.753232,326.56308,22951300
2023-06-14,326.611946,331.20332,325.117312,329.542603,26003800
2023-06-15,329.679344,341.753635,329.405817,340.053864,38899100
2023-06-16,343.19949,343.346016,334.046075,334.417267,46552000
2023-06-20,331.46703,334.172993,328.096763,330.236145,26375400
2023-06-21,328.59496,329.92354,324.394365,325.849915,25117800
2023-06-22,326.396941,332.258254,325.634972,331.857727,23556800
2023-06-23,326.631436,330.14823,325.742496,327.276184,23146900
2023-06-26,326.006289,328.34103,320.897166,321.004639,21520600
2023-06-27,324.189288,328.380136,321.688463,326.83667,24354100
2023-06-28,326.92457,330.167838,326.094211,328.087067,20259500
2023-06-29,326.973343,328.340977,324.931656,327.305481,16997000
2023-06-30,329.943121,334.808022,329.405846,332.66864,26832800
2023-07-03,331.349826,333.020292,328.79039,330.177551,12508700
2023-07-05,327.344564,333.752931,326.9929,330.333832,18172400
2023-07-06,329.503507,335.061989,327.745125,333.381744,28161200
2023-07-07,331.47685,333.889759,329.210468,329.425385,21214800
2023-07-10,326.865904,327.481347,320.017927,324.159912,32791400
2023-07-11,323.407683,325.166065,319.441531,324.785095,26698200
2023-07-12,328.819716,333.752977,327.911219,329.405853,29995300
2023-07-13,331.711242,335.794617,331.183716,334.739594,20567200
2023-07-14,339.555636,343.306873,336.351452,337.259949,28352700
2023-07-17,337.689785,338.969503,334.290243,337.738647,20363900
2023-07-18,337.836342,358.302108,334.260967,351.180603,64738600
2023-07-19,353.388399,354.08198,344.293596,346.872559,39732900
2023-07-20,345.397471,349.695762,337.386997,338.852325,33778400
2023-07-21,341.079562,342.202975,331.974982,335.823914,69405400
2023-07-24,337.85585,338.901125,334.397667,337.132935,26678100
2023-07-25,339.086798,343.75634,337.093972,342.867371,41637700
2023-07-26,333.547768,336.703119,325.410296,329.962585,58383700
2023-07-27,332.610005,333.440333,321.44418,323.075592,39635300
2023-07-28,325.957393,332.150843,325.46895,330.548737,28484900
2023-07-31,329.132281,329.894251,325.654541,328.155396,25446000
2023-08-01,327.442292,330.714865,325.986742,328.565704,18311900
2023-08-02,325.918336,325.918336,318.816359,319.930023,27761300
2023-08-03,318.464688,322.255009,318.415856,319.109436,18253700
2023-08-04,324.208789,327.393446,319.676026,320.203552,23741500
2023-08-07,320.779934,323.456591,319.949576,322.479706,17741500
2023-08-08,319.402458,321.151091,315.534,318.513489,22327600
2023-08-09,318.923815,319.549006,313.629082,314.78183,22373300
2023-08-10,318.484241,320.672485,313.756118,315.465668,20113700
2023-08-11,312.857393,314.957691,311.831645,313.590057,24355500
2023-08-14,313.961247,316.569515,312.6815,316.549988,18836100
2023-08-15,315.534013,317.5757,313.482547,314.420349,16966300
2023-08-16,314.048375,317.592213,313.069421,313.656799,20698900
2023-08-17,313.793882,315.095877,309.554995,310.210907,21257200
2023-08-18,307.871167,311.679312,304.993041,309.819305,24755000
2023-08-21,311.238772,315.976905,310.367519,315.105652,24040000
2023-08-22,318.649459,319.217239,314.694478,315.673431,16084600
2023-08-23,317.004854,322.27163,316.652415,320.11792,21166400
2023-08-24,325.844769,325.972038,313.226041,313.23584,23281400
2023-08-25,314.704296,318.512411,312.090476,316.182526,21684100
2023-08-28,318.806101,319.285779,314.94902,316.88736,14808500
2023-08-29,315.105663,322.056241,315.105663,321.49823,19284600
2023-08-30,321.75277,322.868761,319.579491,321.870239,15222100
2023-08-31,322.271573,323.945576,319.902492,320.861877,26411000
2023-09-01,324.337172,325.002853,319.902513,321.74295,14942000
2023-09-05,322.075832,327.802718,321.742991,326.53006,18553900
2023-09-06,326.363653,327.42091,323.230989,325.874176,17535800
2023-09-07,324.317636,326.069942,322.105191,322.966675,18381000
2023-09-08,323.142844,329.0851,322.526098,327.234863,19530100
2023-09-11,330.142357,331.297545,328.370453,330.827637,16583300
2023-09-12,328.752256,329.701843,324.503601,324.787476,17565500
2023-09-13,324.337213,329.760626,324.200175,328.987244,16544400
2023-09-14,332.012197,333.6862,329.486509,331.571686,20267000
2023-09-15,329.829207,330.299085,322.712192,323.270203,37679800
2023-09-18,320.901121,323.446408,319.491425,322.134613,16834200
2023-09-19,319.305429,322.457662,317.680361,321.733215,16505900
2023-09-20,322.575121,322.653424,313.764535,314.019043,21436500
2023-09-21,312.540838,318.502664,308.370485,312.805145,35560400
2023-09-22,314.557454,314.684723,309.496249,310.338165,21447900
2023-09-25,309.926977,310.984263,308.370444,310.856995,17836000
2023-09-26,308.49771,309.231926,303.495241,305.570648,26297600
2023-09-27,305.727232,307.685139,303.172177,306.20694,19410100
2023-09-28,304.444811,308.840334,302.937244,307.039062,19683600
2023-09-29,311.062614,312.746416,308.350922,309.104706,24147300
2023-10-02,309.623529,315.115476,308.546674,315.027344,20570000
2023-10-03,314.077731,314.625972,304.6602,306.794342,21033500
2023-10-04,307.420866,313.304388,307.391498,312.247101,20720100
2023-10-05,312.374396,313.245679,308.272576,312.638702,16965600
2023-10-06,309.887879,322.261872,309.64314,320.372498,25673600
2023-10-09,317.915237,323.348419,316.378273,322.87854,19891200
2023-10-10,323.994557,324.131625,320.77382,321.478668,20557100
2023-10-11,324.239333,325.815465,322.212921,325.423889,20063200
2023-10-12,323.612759,326.608355,321.801689,324.190338,19313100
2023-10-13,325.384679,326.804145,319.491358,320.83255,21072400
2023-10-16,324.082628,329.065529,323.642117,325.639191,22158000
2023-10-17,322.653394,326.441941,320.519282,325.071411,18338500
2023-10-18,325.492329,328.527092,321.390511,323.162415,23153600
2023-10-19,325.159503,329.789966,323.94561,324.346985,25052100
2023-10-20,324.738535,324.934337,318.600506,319.79483,25027700
2023-10-23,318.620091,325.727305,317.562834,322.389069,24374700
2023-10-24,324.327362,324.856005,320.705251,323.573578,31153600
2023-10-25,337.758639,338.913827,330.514387,333.500214,55053800
2023-10-26,333.372957,334.440013,320.059179,320.989197,37828500
2023-10-27,323.47569,329.633318,321.488415,322.868744,29856500
2023-10-30,326.393023,332.305913,324.846259,330.210938,22828100
2023-10-31,331.718526,331.865363,327.646074,330.99408,20265300
2023-11-01,332.638761,340.108184,332.501693,338.786591,28158800
2023-11-02,339.93191,341.488443,337.513893,340.989197,24348100
2023-11-03,342.271672,346.931502,340.02006,345.374939,23637700
2023-11-06,346.011233,350.015151,345.913332,349.026398,23828300
2023-11-07,351.836008,354.831604,350.10327,352.94223,25833900
2023-11-08,354.068032,356.211943,352.961809,355.556061,26767800
2023-11-09,354.674948,357.112563,352.775775,353.098846,24847300
2023-11-10,353.881997,362.310805,353.470853,361.889862,28042100
2023-11-13,360.470335,360.715074,358.199155,358.962738,19986500
2023-11-14,363.20168,364.121899,359.618705,362.477234,27683900
2023-11-15,364.203659,366.018406,360.113123,362.624359,26860100
2023-11-16,363.889796,369.177081,363.124663,369.000519,27182300
2023-11-17,366.489281,367.234806,360.005277,362.800964,40157000
2023-11-20,364.144824,371.649015,363.929016,370.246277,52465100
2023-11-21,368.510016,369.049522,364.046718,365.959564,28423100
2023-11-22,370.795634,372.551526,367.823384,370.648499,23345300
2023-11-24,370.138411,370.766228,367.990178,370.236511,10176600
2023-11-27,369.598873,373.38532,369.029941,371.393982,22179200
2023-11-28,371.138908,375.700276,370.952527,375.406006,20453100
2023-11-29,376.445879,376.975565,370.246325,371.629456,28963400
2023-11-30,371.276285,372.845796,368.313855,371.688293,30554400
2023-12-01,369.579248,370.952559,364.233109,367.372131,33040500
2023-12-04,362.065216,362.477194,355.983371,362.104462,32063300
2023-12-05,359.465816,365.96943,358.651619,365.420105,23065000
2023-12-06,366.420615,367.048401,361.015621,361.770935,21182100
2023-12-07,361.211905,364.370536,359.338304,363.880066,23118900
2023-12-08,362.163372,367.323101,361.211859,367.097504,20154400
2023-12-11,361.457037,364.517567,359.122393,364.223267,27708800
2023-12-12,363.781939,367.283905,363.399358,367.244659,24838300
2023-12-13,368.853318,370.442467,363.703379,367.234772,30955500
2023-12-14,366.194975,366.63641,357.189946,358.955627,43277500
2023-12-15,359.85816,365.30237,359.299016,363.664215,78502300
2023-12-18,362.408615,365.890943,361.653271,365.547607,21802900
2023-12-19,364.409681,366.145966,362.791135,366.145966,20603700
2023-12-20,367.8528,368.863168,363.467993,363.556274,26316700
2023-12-21,365.459291,367.274037,362.987331,366.420624,17708000
2023-12-22,366.557925,368.029336,365.606411,367.440765,17107500
2023-12-26,367.852773,369.7558,366.381362,367.519257,12673100
2023-12-27,366.567728,367.911612,365.704496,366.940491,14905400
2023-12-28,368.215753,369.284975,367.028823,368.127472,14327000
2023-12-29,368.833709,369.971604,366.361749,368.872955,18730800
2024-01-02,366.734517,368.735645,359.77965,363.801514,25258600
2024-01-03,361.97699,366.145988,361.486519,363.536682,23083500
2024-01-04,363.605286,365.988965,360.171994,360.927307,20901500
2024-01-05,361.937777,364.968881,359.514852,360.741028,21004600
2024-01-08,362.261451,368.049026,361.977,367.548737,23134000
2024-01-09,364.919822,368.823947,364.115443,368.627777,20830000
2024-01-10,369.196686,376.848042,369.147651,375.474701,25514200
2024-01-11,378.643109,383.233904,373.130227,377.299225,27850800
2024-01-12,378.142887,381.27209,377.3189,381.066101,21661200
2024-01-16,386.15713,386.520073,380.232239,382.831726,27202300
2024-01-17,380.585435,382.674814,377.47584,382.047028,22234100
2024-01-18,384.254082,386.480806,382.684571,386.363098,23392100
2024-01-19,388.217084,391.071625,386.000148,391.071625,29331100
2024-01-22,392.395932,392.984503,386.08849,388.95285,27016900
2024-01-23,388.207284,391.768104,386.421965,391.297241,20525900
2024-01-24,393.886994,397.899038,392.817772,394.887543,24867000
2024-01-25,396.614059,399.252792,394.858166,397.153564,21021200
2024-01-26,396.663062,398.428773,394.760034,396.231445,17803300
2024-01-29,398.320795,402.166095,396.623756,401.911041,24510200
2024-01-30,404.402648,405.177569,398.703384,400.802582,33477600
2024-01-31,399.20364,407.40432,389.639468,390.002411,47871100
2024-02-01,394.171443,400.223861,394.142016,396.08429,30657700
2024-02-02,396.113762,404.785276,395.868527,403.382538,28256700
2024-02-05,402.087577,403.323572,396.290214,397.918579,25352300
2024-02-06,398.14427,400.194432,395.230874,397.761688,18382600
2024-02-07,399.674504,406.403743,399.635258,406.158508,22340500
2024-02-08,406.158492,407.639722,404.667473,406.217346,21225300
2024-02-09,407.335693,412.799541,407.178739,412.534668,22032800
2024-02-12,412.544464,412.721026,406.8452,407.34549,21202900
2024-02-13,397.222164,402.254395,395.701717,398.575867,27824900
2024-02-14,401.032758,402.772223,397.593116,402.428253,20401200
2024-02-15,401.101536,402.074454,397.317925,399.548767,21825500
2024-02-16,400.924626,401.248952,396.482585,397.091888,22296500
2024-02-20,396.286094,397.514537,391.146305,395.843872,24307900
2024-02-21,393.268946,395.352381,390.369808,395.244263,18518900
2024-02-22,403.116181,405.710638,401.524123,404.550995,27009900
2024-02-23,408.501711,408.688407,401.917242,403.263611,16295900
2024-02-26,404.364253,405.052193,400.334953,400.511871,16193500
2024-02-27,400.954096,401.278422,396.885507,400.452911,14835800
2024-02-28,401.140841,402.241521,398.330176,400.688782,13183100
2024-02-29,401.59297,407.057085,398.919875,406.506744,31947300
2024-03-01,404.177592,408.69827,403.794333,408.334656,17823400
2024-03-04,406.31013,410.152705,405.20945,407.764618,17596000
2024-03-05,406.82113,407.106137,393.73086,395.706177,26919200
2024-03-06,396.020713,398.172948,391.519709,395.155884,22344100
2024-03-07,399.116321,402.713206,395.303228,402.084259,18718500
2024-03-08,400.924644,403.342243,397.35724,399.214661,18002200
2024-03-11,396.797072,398.683944,394.340185,397.543945,16120800
2024-03-12,400.590503,408.403415,399.77483,408.118408,22457000
2024-03-13,410.889823,410.968431,404.35451,407.941559,17115900
2024-03-14,412.992894,420.442193,410.781695,417.887024,34157300
2024-03-15,412.05924,415.312156,405.671335,409.238739,45079900
2024-03-18,407.106196,413.474458,406.6443,410.12326,20106000
2024-03-19,410.624391,414.398196,408.383711,414.14267,19837900
2024-03-20,414.722542,418.614242,413.405654,417.896851,17860100
2024-03-21,422.417482,423.39043,419.793544,421.965424,21296200
2024-03-22,422.289749,422.446964,418.722344,421.346283,17648500
2024-03-25,417.90668,420.039271,414.339275,415.567719,18060500
2024-03-26,418.27021,418.643661,414.083695,414.37851,16725600
2024-03-27,417.120424,417.130262,411.784073,414.162323,16705000
2024-03-28,413.700482,414.594792,411.892216,413.46463,21871200
2024-04-01,416.638896,420.510952,414.93872,417.248199,16316000
2024-04-02,412.8651,415.095972,410.634257,414.17218,17912000
2024-04-03,412.491634,415.960757,411.862657,413.199219,16502300
2024-04-04,417.660925,421.277485,410.368902,410.673553,19370900
2024-04-05,412.766835,419.154741,411.105977,418.181793,16554800
2024-04-08,417.837898,419.911496,416.000121,417.267883,14272400
2024-04-09,419.085925,420.363494,414.34904,418.92868,12496900
2024-04-10,414.909261,416.717526,412.462211,415.960815,16216600
2024-04-11,418.476634,421.965401,415.076281,420.550232,17966400
2024-04-12,416.737123,417.847641,412.530934,414.624207,19253800
2024-04-15,419.243239,419.459447,406.300344,406.506744,20273500
2024-04-16,407.420674,411.184612,406.595163,407.430481,16765600
2024-04-17,410.054439,411.656334,403.253763,404.737732,15855500
2024-04-18,403.548615,404.786896,396.98382,397.298279,21029900
2024-04-19,397.062452,398.487458,390.910397,392.237122,30565800
2024-04-22,393.180551,395.902801,388.925235,394.04538,20286900
2024-04-23,397.268761,401.160492,396.109118,400.541351,15734500
2024-04-24,402.497023,405.356843,399.764966,402.005646,15065300
2024-04-25,387.234867,392.993825,381.338338,392.158478,40586500
2024-04-26,405.06208,405.877753,398.762617,399.312958,29694700
2024-04-29,398.261375,399.31293,392.305883,395.31311,19582100
2024-04-30,394.566207,395.224666,382.458691,382.615906,28781400
2024-05-01,385.839315,394.792226,383.578991,388.12915,23562500
2024-05-02,390.802268,393.03311,387.844166,390.979156,17709400
2024-05-03,395.342624,400.128635,394.929853,399.647095,17446700
2024-05-06,401.71082,406.791645,399.362022,406.408386,16996600
2024-05-07,407.509116,407.518953,402.035165,402.280853,20018200
2024-05-08,401.13102,405.121002,399.696177,403.460144,11792300
2024-05-09,403.489591,405.602507,402.04494,405.209412,14689700
2024-05-10,405.818731,408.216654,404.698376,407.587677,13402300
2024-05-13,410.801323,411.135456,403.735314,406.585297,15440200
2024-05-14,404.914658,410.290328,404.452762,409.376373,15109300
2024-05-15,411.433969,417.252529,410.813712,416.533813,22239500
2024-05-16,415.273631,418.837645,413.846084,414.476166,17530100
2024-05-17,416.002218,416.376343,411.561989,413.708252,15352200
2024-05-20,413.70825,420.166748,413.491653,418.758881,16272100
2024-05-21,420.225845,426.270858,418.2765,422.401672,21453300
2024-05-22,423.435364,425.719475,420.521172,423.858704,18073700
2024-05-23,426.270818,426.891075,418.837648,420.393188,17211700
2024-05-24,420.580225,424.390341,417.84324,423.504272,11855300
2024-05-28,422.982539,424.154129,419.999422,423.661865,15718000
2024-05-29,419.103497,424.272266,419.103497,422.529663,15517100
2024-05-30,417.73494,417.73494,407.830598,408.253967,28394500
2024-05-31,410.301778,410.301778,398.251172,408.706848,47995300
2024-06-03,409.100644,409.986713,402.592933,407.121735,17484700
2024-06-04,406.04866,409.996625,403.34121,409.632355,14348900
2024-06-05,411.345381,417.518357,409.858735,417.449463,16988000
2024-06-06,417.44948,418.729354,414.072528,417.951569,14861300
2024-06-07,419.605576,419.684325,416.455077,417.291931,13621700
2024-06-10,418.128821,421.456498,417.331356,421.249756,13982900
2024-06-11,418.896742,426.123169,418.670289,425.985321,14551100
2024-06-12,428.584509,436.539478,426.54653,434.235687,22366200
2024-06-13,434.028903,436.529611,432.571792,434.747589,15960600
2024-06-14,431.498659,436.283478,429.962799,435.72229,13582000
2024-06-17,435.741959,443.962768,433.900897,441.432526,20790000
2024-06-18,442.751843,443.175213,438.006444,439.43399,17112500
2024-06-20,439.394586,439.621039,434.442415,438.803894,19877400
2024-06-21,440.45785,443.608319,439.601316,442.820709,34187100
2024-06-24,442.840426,445.744794,439.502894,440.743408,15913700
2024-06-25,441.31436,444.435324,439.837569,443.972595,16413400
2024-06-26,442.05286,446.581693,441.255395,445.163971,16507000
2024-06-27,445.183554,449.111839,444.779894,445.843201,14806300
2024-06-28,446.059818,448.334074,439.502862,440.034515,28362300
2024-07-01,441.718065,450.29329,438.764483,449.663208,17662800
2024-07-02,446.187823,452.478938,446.099189,452.173737,13979800
2024-07-03,451.100588,453.886787,450.795387,453.640656,9932800
2024-07-05,452.498618,461.103408,451.868536,460.325623,16000300
2024-07-08,459.331263,460.463494,457.273604,459.026062,12962300
2024-07-09,459.774284,460.099165,450.913537,452.429718,17207200
2024-07-10,454.083717,459.242631,451.760217,459.035889,18196100
2024-07-11,455.816497,457.588635,444.563327,447.664612,23111200
2024-07-12,447.30034,449.298929,443.677286,446.53241,16324300
2024-07-15,446.286243,450.184993,444.445182,446.936035,14429400
2024-07-16,447.192049,447.270798,439.749024,442.564758,17175700
2024-07-17,435.741959,437.967,432.384717,436.657562,21778000
2024-07-18,437.464911,437.770112,427.678706,433.556335,20794800
2024-07-19,426.398806,434.314415,425.31582,430.346741,20940400
2024-07-22,434.954347,437.720867,432.118904,436.086548,15808800
2024-07-23,437.031667,441.452215,436.244057,437.96698,13107100
2024-07-24,433.635135,434.649197,420.974096,422.263824,26805800
2024-07-25,422.165317,423.149845,411.050025,411.926239,29943800
2024-07-26,411.729386,422.283521,410.813752,418.689972,23583800
2024-07-29,424.902314,425.463502,418.128791,420.12738,15125800
2024-07-30,421.102062,422.411471,410.902343,416.376343,32687600
2024-07-31,413.993803,415.253997,405.832062,411.877075,42891400
2024-08-01,414.279303,420.846084,406.69843,410.656219,30296400
2024-08-02,406.107696,408.578869,398.083803,402.169586,29437900
2024-08-05,383.148586,394.834923,379.614106,389.036041,40709200
2024-08-06,393.810982,399.393266,392.334191,393.427002,24946500
2024-08-07,402.317337,403.735029,391.320151,392.265289,20650900
2024-08-08,396.213219,399.580286,393.7519,396.459351,20203000
2024-08-09,397.778623,401.736413,396.036021,399.737823,19276700
2024-08-12,400.761726,402.435435,397.985352,400.515594,16762900
2024-08-13,403.252563,408.529645,403.232883,407.604187,19414300
2024-08-14,408.382001,411.256835,406.068386,410.410126,18267000
2024-08-15,414.049533,415.341586,411.938863,415.262695,20752100
2024-08-16,414.83859,415.568444,411.583776,412.737762,22775600
2024-08-19,413.220995,415.972786,410.755241,415.755798,15234000
2024-08-20,415.923537,420.026526,415.864361,418.981049,16387600
2024-08-21,418.270903,420.559131,415.943245,418.330109,16067300
2024-08-22,418.547106,420.943843,408.930662,409.857788,19361900
2024-08-23,411.26818,413.516947,406.445149,411.08078,18493800
2024-08-26,410.666482,411.56402,405.705385,407.825928,13152800
2024-08-27,407.204617,408.68407,404.630383,408.171204,13492900
2024-08-28,409.196957,409.315308,401.730644,404.975586,14882700
2024-08-29,409.256106,416.268698,404.975559,407.461029,17045200
2024-08-30,409.907112,411.771207,406.484643,411.426025,24308300
2024-09-03,412.185461,414.128477,401.454491,403.831482,20313600
2024-09-04,400.349856,405.606832,398.830942,403.298889,15135800
2024-09-05,402.036366,407.441311,400.566786,402.795837,14195500
2024-09-06,403.456616,405.024832,395.309753,396.197449,19609500
2024-09-09,401.661583,403.052272,396.641309,400.162415,15295100
2024-09-10,402.608464,410.627073,402.115313,408.526276,19594300
2024-09-11,409.808453,418.182147,403.969533,417.245178,19266900
2024-09-12,417.511453,421.515836,414.000221,421.150909,17395700
2024-09-13,419.996935,425.914747,419.632008,424.691742,15874600
2024-09-16,424.701604,427.591461,422.3542,425.431458,13834700
2024-09-17,434.199701,435.797505,426.348716,429.18927,18874200
2024-09-18,429.041299,430.057188,424.514177,424.908691,18898000
2024-09-19,435.186032,435.452323,430.915328,432.680817,21706600
2024-09-20,431.230918,433.223237,428.272012,429.307617,55167100
2024-09-23,428.331219,430.48135,424.49452,427.571777,15128900
2024-09-24,427.068783,427.413995,420.263305,423.29126,17015800
2024-09-25,423.942151,427.187093,422.699431,426.190918,13396400
2024-09-26,429.130106,429.337221,423.251755,425.401886,14492000
2024-09-27,425.609009,425.934505,421.614498,422.156952,14896100
2024-09-30,422.344333,424.524082,419.543239,424.405701,16807300
2024-10-01,422.581081,422.610669,413.073116,414.927368,19092900
2024-10-02,416.791434,417.028167,411.001847,411.416107,16582300
2024-10-03,411.909294,413.802977,408.615049,410.834229,13686400
2024-10-04,412.51094,414.000266,409.285744,410.360809,19169700
2024-10-07,410.301586,411.396367,403.397473,403.930084,20919800
2024-10-08,405.271428,409.966235,402.578843,409.029236,19229300
2024-10-09,410.163519,414.621623,408.62489,411.741608,14974300
2024-10-10,409.542139,411.633094,407.490614,410.143768,13848400
2024-10-11,410.439691,411.41612,407.589264,410.617218,14144900
2024-10-14,412.047331,418.231463,411.800756,413.39859,16653100
2024-10-15,416.39694,416.692849,409.571747,413.004059,18900200
2024-10-16,409.482953,410.656625,404.857195,410.419922,15508900
2024-10-17,416.574446,416.712542,409.897193,411.011719,14820000
2024-10-18,411.42602,413.901618,410.55807,412.432037,17145300
2024-10-21,410.419951,413.221045,408.082421,413.043518,14206100
2024-10-22,412.757468,424.681855,412.313651,421.653931,25482200
2024-10-23,424.958043,425.175031,416.742161,418.783813,19654400
2024-10-24,419.503744,420.144865,416.613887,418.911987,13581600
2024-10-25,420.914212,426.595291,420.726812,422.285156,16899100
2024-10-28,425.747079,426.023242,420.460485,420.746521,14882400
2024-10-29,422.137268,427.236462,419.967391,426.033173,17644100
2024-10-30,431.44794,432.493418,426.181091,426.605194,29749100
2024-10-31,409.670343,410.459402,400.73445,400.783783,53971000
2024-11-01,403.407332,409.808421,401.918006,404.748688,24230400
2024-11-04,404.186509,404.798042,400.014471,402.864868,19672300
2024-11-05,402.776122,409.216673,402.490086,405.823792,17626000
2024-11-06,406.770664,414.690668,404.896666,414.424347,26681800
2024-11-07,415.5093,421.00301,414.128484,419.602448,19901800
2024-11-08,419.493963,420.657792,416.002446,416.752045,16891400
2024-11-11,416.732289,418.990929,410.301612,412.284088,24503300
2024-11-12,412.520769,418.62598,411.485164,417.235291,19401200
2024-11-13,415.864347,423.448981,412.481309,419.37558,21502200
2024-11-14,419.178355,422.304946,414.246845,421.04248,30246900
2024-11-15,414.069259,417.00842,407.973921,409.315277,28247600
2024-11-18,409.187057,412.668702,406.455012,410.06488,24727000
2024-11-19,407.451162,412.215017,405.912533,412.067078,18133500
2024-11-20,411.159685,411.573946,404.955838,409.798584,19191700
2024-11-21,414.581847,414.858563,405.479832,408.029572,20780200
2024-11-22,406.547146,412.506449,406.240782,412.111145,24814600
2024-11-25,413.475022,416.143349,409.986408,413.880219,27691100
2024-11-26,414.670807,424.010029,413.939492,422.972321,23458900
2024-11-27,420.126055,422.221226,417.072285,418.030914,18332400
2024-11-29,415.164906,419.898757,412.901745,418.495392,16271900
2024-12-02,416.627594,427.923584,416.370633,425.927277,20207200
2024-12-03,424.800643,427.399814,422.725257,426.144714,18302000
2024-12-04,427.953201,434.515369,427.557897,432.291748,26009400
2024-12-05,432.785876,439.446847,431.056393,437.430756,21697800
2024-12-06,437.11456,440.870028,436.590775,438.36969,18821000
2024-12-09,437.411036,443.07384,435.335651,440.790924,19144400
2024-12-10,439.180016,444.348681,436.422717,438.132416,18469500
2024-12-11,438.844078,445.070237,438.844078,443.726166,19200200
2024-12-12,443.844692,450.812057,443.844692,444.289429,20834800
2024-12-13,443.182572,446.137508,440.356086,442.026276,20177800
2024-12-16,442.026264,446.878703,440.059604,446.295624,23598800
2024-12-17,445.722423,449.952244,444.299303,449.131958,22733500
2024-12-18,446.028795,447.343189,431.896428,432.262115,24444500
2024-12-19,436.442526,437.984234,431.204674,431.906342,22963700
2024-12-20,428.03228,438.53766,423.604822,431.481384,64263700
2024-12-23,431.619708,432.519043,427.755545,430.147186,19152500
2024-12-24,429.554257,434.446236,429.099658,434.179382,7164500
2024-12-26,433.932292,435.770502,431.511034,432.973663,8194200
2024-12-27,429.504774,430.1175,421.351496,425.482483,18117700
2024-12-30,421.064925,422.537447,416.953693,419.849335,13158700
2024-12-31,421.104456,421.727075,415.728232,416.55838,13246500
2025-01-02,420.541201,421.074878,409.986417,413.672668,16896500
2025-01-03,416.143282,419.058709,414.621359,418.386688,16662900
2025-01-06,422.982159,429.228071,420.491714,422.833923,20573600
2025-01-07,423.970489,425.601139,415.866612,417.418213,18139100
2025-01-08,418.49541,421.964269,416.597936,419.58252,15054600
2025-01-10,419.651701,419.73075,410.154351,414.0383,20201100
2025-01-13,410.3718,413.59359,407.456403,412.29895,17604800
2025-01-14,412.911648,414.819014,405.904774,410.796753,16935900
2025-01-15,414.216166,423.130406,413.366233,421.311981,19637800
2025-01-16,423.674018,424.454735,419.41455,419.602295,15300000
2025-01-17,429.000797,429.386239,423.150219,424.000122,26197500
2025-01-21,425.15643,425.848206,420.610354,423.476349,26085700
2025-01-22,432.430091,442.026244,430.888383,440.968811,27803800
2025-01-23,436.818037,441.512348,436.323899,441.472809,18389300
2025-01-24,439.941053,441.413575,436.225124,438.853943,15549500
2025-01-27,419.039,430.097813,418.534969,429.465302,35647800
2025-01-28,429.504837,443.123281,426.322586,441.957123,23491700
2025-01-29,441.453065,441.64084,435.236799,437.144165,23581400
2025-01-30,413.860347,417.902392,408.316132,410.124664,54586300
2025-01-31,414.067934,415.757877,410.045643,410.193878,34161900
2025-02-03,406.774499,410.539829,403.868964,406.102478,25679100
2025-02-04,407.851656,409.067246,404.936229,407.5354,20532100
2025-02-05,407.51569,408.978319,405.588539,408.444672,16316700
2025-02-06,409.146307,413.297079,409.146307,410.944977,16309800
2025-02-07,411.597277,413.741819,403.315517,404.946167,22886800
2025-02-10,408.859668,410.589151,406.102399,407.387146,20817900
2025-02-11,404.837448,407.654011,404.501408,406.616333,18140600
2025-02-12,402.435944,405.934451,399.629244,404.244507,19121700
2025-02-13,402.228392,406.181497,401.595881,405.726898,23891700
2025-02-14,403.009121,404.115985,401.12151,403.641602,22758500
2025-02-18,403.216676,405.7862,401.734262,404.837463,21423100
2025-02-19,403.098081,410.618848,402.870766,409.907288,24114200
2025-02-20,411.244145,415.224971,408.520937,412.075958,23508700
2025-02-21,413.274182,413.977257,403.916264,404.233124,27524800
2025-02-24,404.53022,405.381827,395.429749,400.064148,26443700
2025-02-25,397.192366,398.004384,392.835238,394.023529,29387400
2025-02-26,394.132479,399.668016,390.409101,395.835724,19619000
2025-02-27,397.360715,401.787168,388.349393,388.705872,21127400
2025-02-28,388.834634,393.756216,382.803967,393.122437,32845700
2025-03-03,394.93461,394.93461,382.397943,384.705231,23007700
2025-03-04,379.664801,388.75536,377.288189,384.824036,29342900
2025-03-05,385.546956,397.756851,385.02212,397.113159,23433100
2025-03-06,390.438849,398.232173,388.85443,393.023438,23304600
2025-03-07,388.497956,390.953776,381.78401,389.478302,22034100
2025-03-10,382.081047,382.635589,373.54503,376.45639,32840100
2025-03-11,375.307675,382.239479,373.23804,376.743561,30380200
2025-03-12,379.219212,381.467086,375.258181,379.536072,24253600
2025-03-13,379.427141,381.566101,373.772778,375.079895,20473000
2025-03-14,376.080075,386.42828,375.812716,384.774536,19952800
2025-03-17,382.932692,388.884121,381.813696,384.913208,22474300
2025-03-18,383.299094,383.596159,377.387254,379.783661,19486900
2025-03-19,381.77408,385.883644,380.258987,384.041779,19185500
2025-03-20,381.982,387.973077,379.545974,383.071289,18470500
2025-03-21,379.486592,387.923577,379.07067,387.448273,39675900
2025-03-24,391.547924,391.547924,386.012387,389.250519,21004500
2025-03-25,390.082362,392.498563,388.814833,391.310272,15775000
2025-03-26,391.151864,391.458841,384.784513,386.170868,16108400
2025-03-27,386.329274,388.418703,383.625859,386.774872,13766800
2025-03-28,384.29921,385.338998,373.257842,375.109619,21632000
2025-03-31,368.910669,373.396536,363.662284,371.73291,35184700
2025-04-01,371.000062,379.120188,369.593913,378.466614,19689500
2025-04-02,374.287756,381.328475,372.950902,378.417145,16092600
2025-04-03,371.138723,373.802519,365.751718,369.475067,30198000
2025-04-04,360.582596,370.940684,355.977903,356.334381,49209900
2025-04-07,347.461677,367.38566,341.43101,354.373657,50425000
2025-04-08,364.672317,370.00979,346.837766,351.105774,35868900
2025-04-09,350.095725,389.399057,349.660009,386.68573,50199700
2025-04-10,378.337871,380.159941,364.216786,377.634796,38024400
2025-04-11,376.931768,386.250068,375.198817,384.66568,23839200
2025-04-14,389.389158,390.80522,380.466926,384.03186,19251200
2025-04-15,384.725053,388.072129,380.417426,381.972137,17199900
2025-04-16,376.961448,377.892263,364.414869,367.989685,21967800
2025-04-17,370.108862,370.673316,363.315708,364.197021,21120200
2025-04-21,359.285303,360.929135,352.204967,355.621338,20807300
2025-04-22,359.839879,364.187095,356.354152,363.246368,19485000
2025-04-23,372.396328,376.684161,369.385936,370.742615,20545500
2025-04-24,372.039859,384.665646,371.534818,383.526825,22232300
2025-04-25,383.229775,388.339509,380.853163,388.032532,18973200
2025-04-28,388.141407,388.913807,382.873259,387.349213,16579400
2025-04-29,387.487845,391.250843,386.576825,390.201172,14974000
2025-04-30,386.497601,392.795657,380.694705,391.409302,36461100
2025-05-01,426.91004,432.732761,420.760547,421.255676,58938100
2025-05-02,427.533877,435.158874,425.800926,431.039398,30757400
2025-05-05,428.652847,435.21826,427.900241,431.920715,20136100
2025-05-06,427.989421,433.465545,426.969457,429.088593,15104200
2025-05-07,429.613452,433.851754,426.910037,429.128235,23295300
2025-05-08,433.663593,439.347694,431.415719,433.901276,23491300
2025-05-09,435.713427,436.446208,431.63357,434.455811,15324200
2025-05-12,441.595546,444.992123,435.495555,444.883209,22821900
2025-05-13,443.417638,446.279498,441.021201,444.764404,23618800
2025-05-14,443.774119,449.477983,443.774119,448.527344,19902800
2025-05-15,447.197962,452.575025,446.86066,449.539276,21992300
2025-05-16,448.467818,450.75951,445.174149,450.670227,23849800
2025-05-19,447.30712,455.948091,447.227737,455.233795,21336500
2025-05-20,451.979795,454.708004,450.71987,454.539368,15441800
2025-05-21,450.967855,454.152409,448.229716,448.983704,19216900
2025-05-22,451.344868,456.602857,450.30317,451.255554,18025600
2025-05-23,446.414243,450.094836,445.352715,446.61264,16883500
2025-05-27,452.862737,457.297317,452.505574,457.039368,20974300
2025-05-28,457.565176,458.854863,453.309163,453.735748,17086300
2025-05-29,457.892571,458.061237,451.702028,455.045319,13974800
2025-05-30,456.077062,458.021522,451.930193,456.711975,34770500
2025-06-02,453.517552,458.44814,453.269533,458.309265,16626500
2025-06-03,457.813156,460.462011,457.207974,459.30127,15743800
2025-06-04,460.323128,461.999738,459.350882,460.194153,14162700
2025-06-05,461.275521,465.928359,460.352898,463.973969,20131700
2025-06-06,466.364847,469.589093,465.06523,466.652557,15285600
2025-06-09,465.977996,469.678419,464.906537,469.003815,16469900
2025-06-10,467.456174,469.053401,463.259682,467.188324,15375900
2025-06-11,466.295414,471.702239,465.938281,468.874817,16399200
2025-06-12,471.25582,476.613053,469.767706,475.075317,18950600
2025-06-13,472.63478,475.382819,469.01371,471.196259,16814500
2025-06-16,471.44432,476.880906,471.235992,475.343201,15626100
2025-06-17,471.632798,474.946327,470.32325,474.251892,15414100
2025-06-18,474.212208,477.188436,470.700252,476.434448,17526500
2025-06-20,478.408655,479.628889,473.091114,473.616913,37576200
2025-06-23,474.420555,483.884967,468.765742,482.148834,24864000
2025-06-24,485.075446,487.952459,482.942459,486.226227,22305600
2025-06-25,488.140983,490.641003,485.511988,488.369141,17495100
2025-06-26,489.073507,494.093408,488.904841,493.508087,21578900
2025-06-27,493.607298,495.343431,489.123127,492.010071,34539200
2025-06-30,493.101321,496.791843,491.404849,493.468384,28369000
2025-07-01,492.535806,494.103272,487.08932,488.150818,19945400
2025-07-02,486.107197,489.589393,484.827441,487.198486,16319600
2025-07-03,489.896945,496.166871,489.529882,494.887085,13984800
2025-07-07,493.438607,494.797746,491.305651,493.775909,13981600
2025-07-08,493.299713,494.252128,490.194512,492.684631,11846600
2025-07-09,496.335496,502.764157,495.779936,499.520081,18659500
2025-07-10,499.06367,500.44267,493.805681,497.506134,16492100
2025-07-11,494.51997,501.027984,493.855266,499.331543,16459500
2025-07-14,497.545791,499.976389,497.059684,499.033905,12058800
2025-07-15,499.033937,504.272096,498.805779,501.811768,14927200
2025-07-16,501.176827,502.704632,497.912919,501.613342,15154400
2025-07-17,501.672827,509.301891,501.613304,507.645142,17503100
2025-07-18,510.403097,510.561863,503.408976,506.008209,21209700
2025-07-21,502.694698,508.032101,501.543887,506.018158,14066800
2025-07-22,506.920957,507.149146,501.266113,501.266113,13868600
2025-07-23,502.73436,502.774051,496.732314,501.861328,16396600
2025-07-24,504.738369,509.599535,503.280017,506.831665,16107000
2025-07-25,508.409057,514.182946,506.315792,509.639282,19125700
2025-07-28,510.006309,510.919002,506.077667,508.438812,14308000
2025-07-29,511.444836,513.518241,507.506264,508.50827,16469200
2025-07-30,511.087642,511.86149,505.403067,509.172943,26380400
2025-07-31,550.830186,551.048474,527.685103,529.2724,51617300
2025-08-01,530.760568,531.554217,516.732602,519.956848,28977600
2025-08-04,524.083793,533.984689,523.944888,531.395386,25349000
2025-08-05,532.923198,533.042243,523.061964,523.567932,19171600
2025-08-06,526.693005,527.486654,519.87745,520.780212,21355700
2025-08-07,522.62544,523.905256,513.44874,516.712708,16079100
2025-08-08,518.458819,520.502493,515.294095,517.903259,15531000
2025-08-11,518.161145,523.409264,515.601572,517.635376,20194400
2025-08-12,519.599657,526.772345,518.557989,525.046143,18667000
2025-08-13,527.893374,528.478725,515.25434,516.454773,19619200
2025-08-14,518.419044,521.782195,516.018238,518.339661,20269100
2025-08-15,518.627407,521.930975,514.966645,516.047974,25213300
2025-08-18,517.456852,518.677086,509.94683,513.00238,23760600
2025-08-19,510.918974,511.07768,504.520074,505.730408,21481000
2025-08-20,505.829633,506.950683,500.442669,501.712524,27723000
2025-08-21,500.520063,504.435269,499.556166,501.066589,18443300
2025-08-22,501.076585,507.515815,499.248168,504.037842,24324200
2025-08-25,503.441597,504.991777,500.947384,501.086517,21638600
2025-08-26,501.18587,501.801993,495.37271,498.880493,30835700
2025-08-27,498.840713,504.09743,496.753923,503.550873,17277900
2025-08-28,503.898678,507.873504,502.318688,506.432648,18015600
2025-08-29,505.458824,506.392911,501.315054,503.501221,20961600
2025-09-02,497.320341,502.815537,493.683371,501.941071,18128000
2025-09-03,500.619467,504.594294,499.158717,502.169647,16345100
2025-09-04,501.126246,504.952023,499.98349,504.773163,15509500
2025-09-05,505.866256,508.747999,489.271343,491.884796,31994800
2025-09-08,494.975176,498.045756,491.914573,495.064636,16771000
2025-09-09,498.274329,499.089176,494.567823,495.273346,14410500
2025-09-10,499.814568,500.062994,493.593955,497.220978,21611800
2025-09-11,499.089151,500.003374,494.746658,497.856964,18881600
2025-09-12,503.461463,509.324326,500.679096,506.69101,23624900
2025-09-15,505.588009,512.225931,503.809265,512.116638,17143800
2025-09-16,513.627082,513.974855,505.399192,505.836426,19711900
2025-09-17,507.406472,508.072269,502.745985,506.810242,15816600
2025-09-18,508.270999,509.841072,504.465116,505.250153,18913700
2025-09-19,507.346798,516.031783,507.098371,514.67041,52474100
2025-09-22,512.345181,514.481614,509.314328,511.212341,20009300
2025-09-23,510.566485,511.351552,504.117338,506.025269,19799600
2025-09-24,507.167986,509.254746,503.72977,506.939423,13533700
2025-09-25,505.101077,506.800338,501.861614,503.839081,15786500
2025-09-26,506.849997,510.705584,503.431644,508.24118,16213100
2025-09-29,508.280923,513.597229,505.677417,511.361389,17617800
2025-09-30,510.009989,514.899008,506.452532,514.690369,19728200
2025-10-01,511.560197,517.234284,508.469784,516.439331,22632300
2025-10-02,514.38233,518.317369,507.466109,512.494263,21222900
2025-10-03,513.845629,517.214308,511.758869,514.094055,15112300
2025-10-06,515.34619,527.68807,514.938797,525.24353,21388600
2025-10-07,524.965246,526.465753,518.15838,520.682373,14615200
2025-10-08,519.986809,523.633695,519.798002,521.546875,13363400
2025-10-09,519.052746,521.030212,514.143833,519.112366,18343600
2025-10-10,516.36972,520.284927,506.422707,507.744324,24133800
2025-10-13,513.160013,513.160013,508.459801,510.81488,14284200
2025-10-14,507.018914,512.037151,502.815525,510.337891,14684300
2025-10-15,511.719161,513.935107,506.790355,510.198761,14694700
2025-10-16,509.354155,513.597241,504.932149,508.390228,15559600
2025-10-17,505.836464,512.235907,504.11734,510.3479,19867800
2025-10-20,511.371325,515.435611,510.198758,513.537598,14665600
2025-10-21,514.243194,515.425708,509.811241,514.402161,15586200
2025-10-22,517.870245,521.924525,514.451892,517.264038,18962700
2025-10-23,519.172002,520.652616,515.346195,517.283936,14023500
2025-10-24,519.499851,522.043737,517.432985,520.314697,15532400
2025-10-27,528.433361,531.215728,525.680774,528.174988,18734700
2025-10-28,546.538656,550.235215,537.366763,538.658569,29986700
2025-10-29,541.510526,542.832173,533.352172,538.141846,36023000
2025-10-30,527.141438,531.60317,518.834065,522.451172,41023100
2025-10-31,525.551548,525.988781,511.858242,514.551208,34006400
2025-11-03,516.538596,521.656209,511.351477,513.776123,22374700
2025-11-04,508.539337,512.305463,504.643993,511.09317,20958700
2025-11-05,510.069574,511.589974,503.391864,503.968231,23024300
2025-11-06,502.477684,502.51744,492.689668,493.971558,27406500
2025-11-07,493.822516,496.237215,490.145789,493.693329,24019800
2025-11-10,496.893039,503.660178,495.660822,502.815521,26101500
2025-11-11,501.623082,506.392892,499.188519,505.478668,17980000
2025-11-12,506.154391,508.449881,495.978845,507.923218,26574900
2025-11-13,507.098398,510.268325,498.135176,500.122589,25273100
2025-11-14,495.094462,508.380315,494.309426,506.969238,28505700
2025-11-17,505.250123,508.897009,501.732393,504.296143,19092800
2025-11-18,492.252447,499.81457,483.71651,490.682404,33815100
2025-11-19,487.015608,492.073571,479.791342,484.054352,23245300
2025-11-20,490.525557,491.38176,473.391866,476.308868,26802500
2025-11-21,476.378544,476.796695,466.193888,470.026825,31769200
2025-11-24,472.894096,474.785666,465.94503,471.898529,34421000
2025-11-25,471.968177,477.025641,462.828884,474.875214,28019800
2025-11-26,484.15391,486.145043,479.06658,483.347504,25709100
2025-11-28,485.438222,490.445921,484.492422,489.828674,14386700
2025-12-01,486.274476,487.688163,482.501271,484.582001,23964000
2025-12-02,484.562119,491.312058,484.163898,487.827576,19562700
2025-12-03,474.208217,482.093086,473.093187,475.611969,34615100
2025-12-04,477.632962,479.186043,474.37744,478.70816,22318200
2025-12-05,480.380706,481.25681,476.75686,481.017883,22608700
2025-12-08,482.740251,490.117372,482.232502,488.843048,21965900
2025-12-09,486.931556,489.938155,486.33421,489.838593,14696100
2025-12-10,481.884012,482.103038,472.973681,476.438263,35756200
2025-12-11,474.516837,483.875155,473.750231,481.326508,24669200
2025-12-12,477.692706,480.311051,474.228124,476.408417,21248100
2025-12-15,477.971464,478.58871,470.425053,472.714874,23727700
2025-12-16,469.817775,475.771273,468.792343,474.277924,20705600
2025-12-17,474.7956,477.871897,472.894065,474.009094,24527200
2025-12-18,476.069921,487.429338,475.771263,481.834259,28573500
2025-12-19,485.199243,485.687091,480.35084,483.765656,70836100
2025-12-22,483.964773,486.563217,480.549987,482.770111,16963000
2025-12-23,482.829854,485.667195,482.590898,484.691559,14683600
2025-12-24,483.526701,486.991284,482.680464,485.856323,5855900
2025-12-26,484.552163,485.955915,483.805488,485.547729,8842200
2025-12-29,482.71034,486.184888,482.033362,484.94043,10893400
2025-12-30,483.77561,487.508984,483.347524,485.318756,13944500
2025-12-31,485.677152,485.975841,481.157272,481.475861,15601600
2026-01-02,482.242449,482.511241,468.075527,470.843201,25571600
2026-01-05,471.958228,473.959326,467.418447,470.753601,25250300
2026-01-06,471.699379,476.61748,467.667347,476.388519,23037700
2026-01-07,477.632965,487.528897,475.830992,481.326508,25564200
2026-01-08,479.106393,480.520111,473.75024,475.990265,18162600
2026-01-09,471.958232,477.692705,470.106493,477.15509,18491000
2026-01-12,474.556674,478.857498,473.571042,475.064392,23519900
2026-01-13,472.575483,473.670613,463.884208,468.583282,28545800
2026-01-14,464.391951,466.124257,455.14316,457.343353,28184300
2026-01-15,462.062324,462.191753,453.878766,454.635406,23225800
2026-01-16,455.800199,461.136451,454.456208,457.821198,34246700
2026-01-20,449.219495,454.774743,447.288094,452.504852,26130000
2026-01-21,450.593371,450.682968,436.735073,442.140991,37980500
2026-01-22,445.635449,450.832307,442.728412,449.139862,25349400
2026-01-23,449.866594,469.011347,448.532538,463.884186,38000200
2026-01-26,463.24701,472.147377,459.951688,468.194977,29291200
2026-01-27,471.599869,480.729197,471.062254,478.449341,29213900
2026-01-28,481.067641,481.59529,475.880748,479.494659,36875400
2026-01-29,438.039281,440.538162,419.153384,431.578064,128855300
2026-01-30,437.222929,437.651015,424.559322,428.382294,58566800
2026-02-02,428.332518,428.830301,420.377951,421.492981,42219900
2026-02-03,420.139007,420.178808,406.748626,409.386871,61424100
2026-02-04,409.177839,417.938812,407.425632,412.353699,45012400
2026-02-05,405.633591,406.489764,390.580631,391.924652,66289200
2026-02-06,397.400275,400.008654,391.177984,399.361542,53515300
2026-02-09,403.05509,413.050586,399.092724,411.766296,45480500
2026-02-10,417.759597,421.801595,410.870294,411.437744,44857900
2026-02-11,414.334816,414.613573,399.23209,402.577179,42491000
2026-02-12,403.204404,404.399096,396.245405,400.058411,40802400
2026-02-13,402.656869,403.742033,396.285219,399.540741,34091600
2026-02-17,397.450047,398.744271,392.780838,395.100494,32078800
2026-02-18,396.364855,400.775207,394.562882,397.828339,23223400
2026-02-19,399.824038,403.555945,395.812737,397.598846,28234000
2026-02-20,395.253916,399.255259,394.305987,396.371521,34015200
2026-02-23,394.14631,394.505517,382.272034,383.639069,43238300
2026-02-24,383.30982,388.518509,380.885048,388.159302,33884700
2026-02-25,389.685979,400.602337,389.316783,399.734222,43625500
2026-02-26,403.835335,406.609326,397.878236,400.851807,34405900
2026-02-27,390.035239,395.962404,389.0374,391.891205,51367200
2026-03-02,392.010924,400.322938,389.785763,397.688629,35474900
2026-03-03,392.290348,405.82104,391.821363,403.057007,38199200
2026-03-04,400.40275,410.141666,399.444834,404.32428,35808000
2026-03-05,403.545969,410.720402,403.525993,409.792419,39001300
2026-03-06,408.315643,412.157298,407.627132,408.076141,31123900
2026-03-09,404.044891,409.323436,402.627946,408.525177,30131900
2026-03-10,409.143848,409.313494,402.059186,404.883087,31706400
2026-03-11,404.693486,408.126053,400.722076,404.004974,25512100
2026-03-12,403.755519,405.242289,400.841816,400.991486,27263900
2026-03-13,400.133363,403.925138,393.397951,394.695129,26848000
2026-03-16,397.209691,399.764155,393.936781,399.085632,27733700
2026-03-17,399.40491,403.525989,396.890367,398.546783,26228300
2026-03-18,396.271723,397.139838,390.154967,390.943268,25908500
2026-03-19,389.256913,391.641732,386.223474,388.17923,25138800
2026-03-20,385.954089,386.163626,379.29849,381.044708,50853200
2026-03-23,383.070321,386.373165,380.855117,382.172272,29680100
2026-03-24,381.533622,381.6434,371.046357,371.934418,42733600
2026-03-25,376.105426,376.245107,368.831172,370.238129,31181200
2026-03-26,370.018602,373.910167,364.400764,365.179077,36836600
2026-03-27,361.11785,361.666679,355.739515,355.998932,37883400
2026-03-30,361.117853,364.570366,355.510003,358.184204,44797000
2026-03-31,363.762116,372.094076,362.285334,369.369995,45244400
2026-04-01,372.682807,373.181727,367.404262,368.571716,29417200
2026-04-02,366.41637,372.832497,363.362986,372.652863,24099100
2026-04-06,372.682794,372.922296,368.701427,372.074127,16146600
2026-04-07,369.539615,371.64507,365.767785,371.485413,21443300
2026-04-08,384.148004,384.16795,370.607324,373.520996,33064800
2026-04-09,371.694957,372.692796,366.256724,372.263733,30435300
2026-04-10,372.173937,374.828192,369.2303,370.068481,28111100
2026-04-13,372.802551,383.708953,370.218152,383.539307,35745800
2026-04-14,387.081651,393.837009,385.684652,392.260406,37504500
2026-04-15,397.139838,413.474454,395.872594,410.331268,45063400
2026-04-16,418.952586,419.910533,411.249299,419.351746,41642400
2026-04-17,423.901893,430.647263,419.780814,421.876282,48568200
2026-04-20,420.239803,422.415085,415.400279,417.166473,27582200
2026-04-21,419.331775,426.256779,416.298367,423.243317,32048500
2026-04-22,425.268909,432.762688,422.754366,431.984375,29378200
2026-04-23,418.982538,422.744379,410.520854,414.851471,38308000
2026-04-24,416.06884,424.031605,414.901356,423.702301,27457400
2026-04-27,421.467157,426.186915,416.168635,423.901886,30867300
2026-04-28,423.652418,428.990862,420.988175,428.322296,30438100
2026-04-29,423.662369,425.897548,419.381662,423.542633,38288300
2026-04-30,409.922163,413.524377,397.149838,406.898712,70909400
2026-05-01,411.907841,416.208524,409.552956,413.544312,31372400
2026-05-04,410.650583,419.870604,409.912162,412.726074,28066500
2026-05-05,414.422424,415.87926,407.916495,410.490936,25700900
2026-05-06,407.118227,417.515721,404.234459,413.065338,30285900
2026-05-07,419.202049,427.055066,417.854991,419.860626,34942400
2026-05-08,416.487953,417.725263,413.105265,414.222839,33383800
2026-05-11,406.988502,411.798092,404.623629,411.768158,35657900
2026-05-12,413.584222,414.602007,405.76117,406.888702,38594200
2026-05-13,402.328624,405.431888,400.1633,404.334259,29667100
2026-05-14,403.605852,410.949931,400.013626,408.545135,27077500
2026-05-15,413.374657,427.244641,412.017611,421.008148,50771200
2026-05-18,415.719606,424.201236,414.711779,422.624664,32564100
2026-05-19,428.970892,431.764859,415.58987,416.517883,33018700
2026-05-20,413.274901,421.187755,410.411078,420.149994,27864000
2026-05-21,424.75,426.339996,415.709991,419.089996,31393500
2026-05-22,419.540009,424.399994,416.329987,418.570007,22390300
2026-05-26,416.429993,419.769989,413.019989,416.029999,30398000
2026-05-27,411.01001,415.940002,409.579987,412.670013,28901500
2026-05-28,412.980011,429.48999,412.670013,426.98999,47250500
2026-05-29,432.549988,450.329987,432.359985,450.23999,79654400
2026-06-01,464.839996,466.320007,458.269989,460.519989,53628900
2026-06-02,446.880005,453.5,440.429993,441.309998,37036800
2026-06-03,438.450012,440.390015,424.25,427.339996,39037000
2026-06-04,435.809998,436.149994,426.410004,428.049988,26899500
2026-06-05,428.339996,429.470001,414.399994,416.670013,34641500
