Date,Open,High,Low,Close,Volume
2009-01-02,0.184746,0.200771,0.184059,0.199398,497124000
2009-01-05,0.197108,0.207639,0.195735,0.20306,705736000
2009-01-06,0.209013,0.21588,0.204434,0.209928,657904000
2009-01-07,0.205121,0.205121,0.19024,0.197337,870096000
2009-01-08,0.194819,0.194819,0.180396,0.192301,1014496000
2009-01-09,0.192301,0.192301,0.181083,0.181541,761352000
2009-01-12,0.181541,0.182457,0.171697,0.174215,645532000
2009-01-13,0.168263,0.18177,0.165058,0.175131,1824424000
2009-01-14,0.16895,0.17101,0.164829,0.167347,974908000
2009-01-15,0.168263,0.176047,0.164829,0.1733,998204000
2009-01-16,0.178107,0.184517,0.172384,0.182915,831324000
2009-01-20,0.182457,0.183144,0.163685,0.165058,705788000
2009-01-21,0.168263,0.174215,0.162082,0.173071,648472000
2009-01-22,0.167576,0.174444,0.163685,0.169866,547656000
2009-01-23,0.165058,0.18177,0.164829,0.176505,633616000
2009-01-26,0.17742,0.187722,0.174444,0.182457,581748000
2009-01-27,0.185433,0.19459,0.184746,0.193216,725300000
2009-01-28,0.200084,0.204434,0.193674,0.201229,723752000
2009-01-29,0.19459,0.196879,0.188638,0.189553,413128000
2009-01-30,0.18818,0.193216,0.17971,0.181999,506760000
2009-02-02,0.179252,0.193903,0.178336,0.191843,577992000
2009-02-03,0.192301,0.195735,0.187035,0.194132,396948000
2009-02-04,0.19459,0.20947,0.19459,0.199626,779232000
2009-02-05,0.194361,0.216567,0.192301,0.214278,919192000
2009-02-06,0.214965,0.227327,0.211302,0.225953,1157880000
2009-02-09,0.225038,0.228243,0.216796,0.222977,716128000
2009-02-10,0.222748,0.225724,0.209241,0.213362,1129664000
2009-02-11,0.196421,0.203518,0.179939,0.186577,1983400000
2009-02-12,0.182457,0.191614,0.179939,0.190469,1024020000
2009-02-13,0.18612,0.19253,0.184746,0.19024,764304000
2009-02-17,0.183143,0.187493,0.178565,0.179252,779576000
2009-02-18,0.179252,0.190011,0.179023,0.184059,646252000
2009-02-19,0.187722,0.189325,0.169866,0.169866,743988000
2009-02-20,0.167576,0.176962,0.165974,0.174215,770056000
2009-02-23,0.177191,0.178107,0.165058,0.166203,679548000
2009-02-24,0.167118,0.181312,0.166889,0.181083,659524000
2009-02-25,0.180625,0.188638,0.174444,0.183144,702360000
2009-02-26,0.189554,0.195506,0.186806,0.189096,1117556000
2009-02-27,0.184288,0.193903,0.182915,0.189553,755444000
2009-03-02,0.184975,0.188867,0.172842,0.173528,700064000
2009-03-03,0.176733,0.187264,0.17101,0.180396,1041372000
2009-03-04,0.185204,0.199169,0.183601,0.193674,1108668000
2009-03-05,0.190927,0.198711,0.18818,0.189096,955252000
2009-03-06,0.189096,0.19894,0.186577,0.192072,974756000
2009-03-09,0.190698,0.205121,0.189554,0.190011,682768000
2009-03-10,0.196879,0.210844,0.195048,0.207181,1254800000
2009-03-11,0.207181,0.271281,0.203747,0.212904,864916000
2009-03-12,0.212218,0.227785,0.20947,0.225495,1604604000
2009-03-13,0.22229,0.227556,0.218628,0.224351,1195156000
2009-03-16,0.22664,0.226869,0.21382,0.215651,699344000
2009-03-17,0.216338,0.226869,0.213591,0.226411,1005384000
2009-03-18,0.222977,0.240147,0.222748,0.233508,1359560000
2009-03-19,0.23511,0.23511,0.229158,0.230761,822648000
2009-03-20,0.234195,0.234424,0.212218,0.21817,1093672000
2009-03-23,0.225038,0.234424,0.220001,0.233966,816048000
2009-03-24,0.228243,0.230303,0.222748,0.223893,1114868000
2009-03-25,0.230761,0.238087,0.218856,0.227556,1243852000
2009-03-26,0.231219,0.242207,0.2287,0.241749,1333664000
2009-03-27,0.239231,0.245183,0.235797,0.23946,731892000
2009-03-30,0.230303,0.233279,0.220917,0.224122,780052000
2009-03-31,0.227556,0.231219,0.224122,0.225724,805272000
2009-04-01,0.222977,0.233508,0.214507,0.231448,887920000
2009-04-02,0.240147,0.246557,0.236713,0.242207,1002860000
2009-04-03,0.242436,0.259835,0.238316,0.259148,1003208000
2009-04-06,0.254799,0.262124,0.251365,0.259835,887288000
2009-04-07,0.254798,0.257546,0.249304,0.250907,607804000
2009-04-08,0.253654,0.261895,0.251593,0.261208,731652000
2009-04-09,0.267847,0.276547,0.265787,0.275631,904412000
2009-04-13,0.272197,0.272426,0.260751,0.266703,767628000
2009-04-14,0.26304,0.274715,0.261895,0.268305,711960000
2009-04-15,0.258919,0.261895,0.249762,0.26075,1045368000
2009-04-16,0.265558,0.270594,0.255485,0.267389,1038772000
2009-04-17,0.26739,0.271739,0.26098,0.269221,695764000
2009-04-20,0.258919,0.261208,0.251593,0.252967,590660000
2009-04-21,0.249533,0.262811,0.24587,0.25228,932184000
2009-04-22,0.249991,0.270366,0.24587,0.259835,916404000
2009-04-23,0.262353,0.264642,0.247702,0.255714,753952000
2009-04-24,0.258232,0.263498,0.252051,0.261666,759508000
2009-04-27,0.258232,0.265558,0.250678,0.25228,787024000
2009-04-28,0.249075,0.258232,0.246786,0.252967,634392000
2009-04-29,0.254112,0.255256,0.246099,0.249075,859668000
2009-04-30,0.253883,0.270137,0.251822,0.262811,1110276000
2009-05-01,0.262124,0.273342,0.261895,0.267161,840548000
2009-05-04,0.271739,0.283644,0.268076,0.281583,927704000
2009-05-05,0.275402,0.277234,0.264413,0.270137,837076000
2009-05-06,0.273113,0.275631,0.259377,0.264642,935088000
2009-05-07,0.270595,0.270595,0.242207,0.245641,1289196000
2009-05-08,0.240376,0.240376,0.208555,0.21176,2930564000
2009-05-11,0.208326,0.221146,0.206494,0.21588,1038596000
2009-05-12,0.220688,0.220688,0.201458,0.205579,1201384000
2009-05-13,0.204205,0.20535,0.190698,0.192301,1305608000
2009-05-14,0.192072,0.199169,0.190698,0.195048,1017864000
2009-05-15,0.196421,0.206952,0.194132,0.200084,780308000
2009-05-18,0.205121,0.213591,0.204663,0.212218,938320000
2009-05-19,0.213591,0.218856,0.210157,0.216338,859768000
2009-05-20,0.22023,0.234653,0.219314,0.222748,1309436000
2009-05-21,0.220001,0.224351,0.215194,0.221375,965600000
2009-05-22,0.221375,0.228014,0.217254,0.224809,718260000
2009-05-26,0.222748,0.238773,0.220459,0.236942,865540000
2009-05-27,0.235797,0.244497,0.233508,0.2374,814152000
2009-05-28,0.241063,0.242665,0.230303,0.240605,995288000
2009-05-29,0.240834,0.241292,0.230532,0.238773,834232000
2009-06-01,0.24152,0.251822,0.240605,0.250449,1022764000
2009-06-02,0.250449,0.255943,0.24381,0.248388,907984000
2009-06-03,0.245183,0.246099,0.234653,0.240605,735688000
2009-06-04,0.241292,0.249762,0.241063,0.249304,673180000
2009-06-05,0.253883,0.253883,0.244954,0.247931,559992000
2009-06-08,0.246099,0.249991,0.240376,0.246557,473948000
2009-06-09,0.249991,0.262811,0.248159,0.260064,725032000
2009-06-10,0.261437,0.269908,0.255714,0.268305,833320000
2009-06-11,0.268992,0.279294,0.263269,0.264871,835156000
2009-06-12,0.26098,0.264414,0.255027,0.263498,595000000
2009-06-15,0.25869,0.262124,0.25457,0.259148,445164000
2009-06-16,0.259148,0.262353,0.248388,0.252051,594912000
2009-06-17,0.255943,0.260751,0.246099,0.258232,799016000
2009-06-18,0.257317,0.262124,0.250449,0.253196,566376000
2009-06-19,0.255714,0.262353,0.252509,0.255943,747564000
2009-06-22,0.256859,0.256859,0.240605,0.24152,574864000
2009-06-23,0.24381,0.244268,0.23099,0.240376,589764000
2009-06-24,0.243352,0.254112,0.243352,0.248388,515096000
2009-06-25,0.246099,0.261895,0.243581,0.261437,870444000
2009-06-26,0.260293,0.265787,0.258003,0.264871,513956000
2009-06-29,0.265558,0.269679,0.262124,0.264871,510056000
2009-06-30,0.263956,0.267618,0.253654,0.258461,589844000
2009-07-01,0.260064,0.26304,0.255256,0.259606,696420000
2009-07-02,0.251136,0.254341,0.246099,0.249533,552312000
2009-07-06,0.249304,0.249533,0.2374,0.24152,752456000
2009-07-07,0.242436,0.24381,0.230303,0.23099,1072996000
2009-07-08,0.232363,0.23305,0.22229,0.231448,1205860000
2009-07-09,0.235339,0.240376,0.234653,0.236484,714564000
2009-07-10,0.236484,0.239002,0.231448,0.2374,520008000
2009-07-13,0.242207,0.242207,0.227785,0.240147,556012000
2009-07-14,0.241978,0.246099,0.239231,0.245183,452568000
2009-07-15,0.254112,0.260293,0.251822,0.255256,1022808000
2009-07-16,0.258003,0.26945,0.25663,0.268534,952076000
2009-07-17,0.268534,0.277233,0.265787,0.276318,850356000
2009-07-20,0.278607,0.282728,0.274944,0.279752,782756000
2009-07-21,0.279065,0.28021,0.267618,0.274029,941296000
2009-07-22,0.268534,0.283415,0.266703,0.280896,600908000
2009-07-23,0.281354,0.298524,0.278378,0.297608,1046120000
2009-07-24,0.288451,0.297608,0.28662,0.296692,650592000
2009-07-27,0.293945,0.302416,0.291198,0.298066,677484000
2009-07-28,0.296006,0.301729,0.293487,0.298524,563180000
2009-07-29,0.29509,0.296921,0.289596,0.292572,373972000
2009-07-30,0.297608,0.3015,0.292343,0.294861,468444000
2009-07-31,0.294861,0.300126,0.287993,0.296006,541560000
2009-08-03,0.303102,0.307452,0.297379,0.304018,471900000
2009-08-04,0.298753,0.311344,0.298295,0.306079,695380000
2009-08-05,0.304247,0.309055,0.300584,0.306765,610768000
2009-08-06,0.30791,0.313404,0.298524,0.300355,957588000
2009-08-07,0.316609,0.325766,0.309513,0.313862,1401872000
2009-08-10,0.316152,0.32073,0.301729,0.303561,693312000
2009-08-11,0.3015,0.306079,0.294861,0.296464,481884000
2009-08-12,0.296693,0.310657,0.296464,0.307452,634940000
2009-08-13,0.309742,0.317754,0.304247,0.316609,564028000
2009-08-14,0.316151,0.316609,0.303102,0.307223,427148000
2009-08-17,0.297837,0.298753,0.291198,0.294403,465032000
2009-08-18,0.294403,0.308597,0.294174,0.305163,636200000
2009-08-19,0.300584,0.30356,0.297608,0.301729,552996000
2009-08-20,0.300355,0.315007,0.299669,0.313633,819840000
2009-08-21,0.316152,0.319357,0.309742,0.318899,607324000
2009-08-24,0.317067,0.320501,0.308139,0.30997,461456000
2009-08-25,0.311573,0.315923,0.306308,0.312718,444088000
2009-08-26,0.312031,0.317067,0.310886,0.31638,434308000
2009-08-27,0.317754,0.322103,0.31432,0.32073,551072000
2009-08-28,0.329429,0.344081,0.328972,0.337213,883992000
2009-08-31,0.333321,0.334924,0.328056,0.332405,431796000
2009-09-01,0.332177,0.341563,0.319357,0.321188,736856000
2009-09-02,0.321646,0.328972,0.319814,0.325767,404656000
2009-09-03,0.325767,0.334008,0.324851,0.33355,534020000
2009-09-04,0.332177,0.348202,0.332177,0.345912,513048000
2009-09-08,0.348431,0.355527,0.345683,0.355527,549712000
2009-09-09,0.354841,0.366058,0.349804,0.365371,571684000
2009-09-10,0.366516,0.377505,0.362395,0.377047,607952000
2009-09-11,0.376131,0.377505,0.370866,0.373613,712732000
2009-09-14,0.368119,0.371095,0.364227,0.367432,490516000
2009-09-15,0.370866,0.379565,0.367432,0.374986,546136000
2009-09-16,0.374071,0.374757,0.359419,0.364913,707064000
2009-09-17,0.363998,0.363998,0.342707,0.348888,923096000
2009-09-18,0.352322,0.354841,0.345683,0.348431,604740000
2009-09-21,0.34431,0.35278,0.341334,0.346828,588776000
2009-09-22,0.349346,0.351406,0.344768,0.347515,361388000
2009-09-23,0.349575,0.352551,0.341563,0.34202,478936000
2009-09-24,0.347744,0.347744,0.336297,0.337442,552876000
2009-09-25,0.33561,0.337213,0.329429,0.331948,377556000
2009-09-28,0.333092,0.347973,0.333092,0.339502,467708000
2009-09-29,0.341563,0.345683,0.332634,0.333321,470928000
2009-09-30,0.340189,0.348202,0.332634,0.344081,875956000
2009-10-01,0.342936,0.342936,0.319356,0.319585,999960000
2009-10-02,0.31638,0.323935,0.314549,0.317067,612476000
2009-10-05,0.320501,0.321646,0.30997,0.315465,754276000
2009-10-06,0.319356,0.326224,0.317067,0.32073,761272000
2009-10-07,0.318441,0.321875,0.314778,0.318212,459608000
2009-10-08,0.320043,0.320959,0.308826,0.320272,1241524000
2009-10-09,0.318441,0.324851,0.317983,0.324393,618540000
2009-10-12,0.318899,0.326911,0.31867,0.32073,499008000
2009-10-13,0.322561,0.326224,0.316609,0.319585,602124000
2009-10-14,0.331948,0.331948,0.317525,0.319128,1101948000
2009-10-15,0.31867,0.321646,0.307681,0.309741,1092196000
2009-10-16,0.30585,0.306765,0.29715,0.302645,1018832000
2009-10-19,0.305163,0.316151,0.302645,0.313633,695588000
2009-10-20,0.318899,0.321188,0.311344,0.313862,660180000
2009-10-21,0.312718,0.317525,0.304705,0.306307,503956000
2009-10-22,0.304705,0.30997,0.29944,0.308368,379328000
2009-10-23,0.312489,0.312489,0.299211,0.301042,429528000
2009-10-26,0.303332,0.30791,0.295548,0.29715,481652000
2009-10-27,0.295777,0.300126,0.284101,0.287077,591836000
2009-10-28,0.280667,0.287078,0.2738,0.275173,773632000
2009-10-29,0.279523,0.28868,0.277005,0.287306,637100000
2009-10-30,0.285933,0.287078,0.272426,0.2738,604144000
2009-11-02,0.273342,0.28227,0.268534,0.276318,593136000
2009-11-03,0.26739,0.276318,0.264642,0.274944,876472000
2009-11-04,0.277005,0.279981,0.273113,0.274257,916840000
2009-11-05,0.277463,0.283644,0.276547,0.280896,955156000
2009-11-06,0.298524,0.307452,0.294861,0.301271,1641112000
2009-11-09,0.305392,0.312489,0.305163,0.308139,818124000
2009-11-10,0.309284,0.309284,0.296692,0.300584,781472000
2009-11-11,0.305621,0.31638,0.305163,0.309055,871512000
2009-11-12,0.311802,0.317067,0.307223,0.308139,505864000
2009-11-13,0.30791,0.312031,0.306537,0.310428,388524000
2009-11-16,0.313175,0.318441,0.311573,0.314778,402820000
2009-11-17,0.315007,0.315007,0.308368,0.31432,350124000
2009-11-18,0.311344,0.312489,0.304247,0.309513,455516000
2009-11-19,0.302874,0.302874,0.291656,0.29715,833840000
2009-11-20,0.290282,0.296692,0.289596,0.295319,426748000
2009-11-23,0.299669,0.305163,0.296235,0.297608,390924000
2009-11-24,0.296235,0.298295,0.290969,0.295777,418504000
2009-11-25,0.299211,0.303332,0.29715,0.299211,441760000
2009-11-27,0.288451,0.296235,0.286849,0.292801,279932000
2009-11-30,0.293945,0.299211,0.29074,0.298982,509836000
2009-12-01,0.300584,0.308368,0.298982,0.304934,461936000
2009-12-02,0.305621,0.314778,0.303789,0.314091,602292000
2009-12-03,0.317754,0.323477,0.316152,0.316609,660036000
2009-12-04,0.322562,0.327827,0.317525,0.326453,824564000
2009-12-07,0.362853,0.376589,0.345683,0.368347,2732184000
2009-12-08,0.362395,0.363998,0.348431,0.350491,1075512000
2009-12-09,0.354154,0.361937,0.35072,0.35919,671588000
2009-12-10,0.361708,0.363998,0.351636,0.35278,417012000
2009-12-11,0.355756,0.356214,0.347286,0.348202,416744000
2009-12-14,0.353238,0.359877,0.349346,0.358732,405488000
2009-12-15,0.356214,0.364227,0.355298,0.358275,446152000
2009-12-16,0.371095,0.39124,0.369034,0.38712,1683400000
2009-12-17,0.388264,0.400169,0.379565,0.385288,1016132000
2009-12-18,0.388493,0.389867,0.380481,0.385059,812828000
2009-12-21,0.387349,0.400398,0.386891,0.398795,427792000
2009-12-22,0.398795,0.413446,0.398337,0.409326,793044000
2009-12-23,0.413218,0.416194,0.407952,0.415049,442196000
2009-12-24,0.416194,0.41688,0.412531,0.414133,136812000
2009-12-28,0.413446,0.417109,0.403374,0.407494,465760000
2009-12-29,0.406121,0.413675,0.405205,0.412531,475848000
2009-12-30,0.416423,0.429929,0.413446,0.427411,704008000
2009-12-31,0.428327,0.433821,0.427182,0.42764,700340000
2010-01-04,0.423748,0.426267,0.414591,0.42329,800204000
2010-01-05,0.421688,0.43405,0.421688,0.429472,728648000
2010-01-06,0.429243,0.433134,0.425122,0.432219,649168000
2010-01-07,0.429929,0.431761,0.420543,0.423748,547792000
2010-01-08,0.420314,0.42764,0.417796,0.424664,478168000
2010-01-11,0.426953,0.428785,0.41276,0.418712,556612000
2010-01-12,0.412531,0.414133,0.395819,0.404518,627432000
2010-01-13,0.407265,0.411386,0.391469,0.410012,508868000
2010-01-14,0.404976,0.407952,0.396735,0.403603,608524000
2010-01-15,0.400626,0.40406,0.386433,0.391698,818192000
2010-01-19,0.388722,0.401542,0.387577,0.399024,545328000
2010-01-20,0.393988,0.399024,0.388722,0.397421,719728000
2010-01-21,0.397192,0.404289,0.386662,0.390325,608632000
2010-01-22,0.385746,0.392843,0.374528,0.376818,1067916000
2010-01-25,0.382999,0.390554,0.380252,0.383228,643676000
2010-01-26,0.381396,0.383915,0.370866,0.371095,714636000
2010-01-27,0.370866,0.382541,0.366745,0.381167,812504000
2010-01-28,0.384144,0.385517,0.363082,0.368347,687764000
2010-01-29,0.372468,0.376589,0.346828,0.352322,774700000
2010-02-01,0.353696,0.380023,0.35072,0.379336,949832000
2010-02-02,0.377962,0.388035,0.376818,0.383228,849812000
2010-02-03,0.379794,0.388035,0.377963,0.386433,562296000
2010-02-04,0.382999,0.382999,0.359877,0.363998,783480000
2010-02-05,0.36354,0.372239,0.35713,0.371323,604856000
2010-02-08,0.370179,0.379565,0.363311,0.370637,445160000
2010-02-09,0.376589,0.37842,0.363998,0.36766,930144000
2010-02-10,0.36995,0.378191,0.367432,0.374757,535828000
2010-02-11,0.38071,0.396048,0.377962,0.391927,695980000
2010-02-12,0.38918,0.405205,0.38483,0.397192,780212000
2010-02-16,0.402458,0.406121,0.39765,0.404518,457024000
2010-02-17,0.409555,0.409784,0.396735,0.40841,876560000
2010-02-18,0.385975,0.388035,0.371095,0.381625,1515508000
2010-02-19,0.380023,0.384144,0.377734,0.379565,510548000
2010-02-22,0.381167,0.386891,0.377733,0.380252,458084000
2010-02-23,0.381396,0.382999,0.367203,0.371095,489764000
2010-02-24,0.3743,0.382541,0.373155,0.378878,445868000
2010-02-25,0.370179,0.37636,0.360793,0.375444,576972000
2010-02-26,0.373613,0.37636,0.368576,0.370866,393396000
2010-03-01,0.371095,0.387577,0.368118,0.385746,555868000
2010-03-02,0.38918,0.393987,0.38277,0.385517,538648000
2010-03-03,0.387806,0.389867,0.377505,0.38071,399300000
2010-03-04,0.382312,0.385288,0.376589,0.381396,557396000
2010-03-05,0.378649,0.395819,0.378649,0.393072,632832000
2010-03-08,0.393301,0.394445,0.385746,0.387348,439312000
2010-03-09,0.39124,0.405663,0.391011,0.401771,830832000
2010-03-10,0.400626,0.407036,0.400397,0.402687,418520000
2010-03-11,0.399482,0.400855,0.391927,0.39353,540660000
2010-03-12,0.397879,0.399024,0.392843,0.394903,520352000
2010-03-15,0.394445,0.398337,0.38918,0.392843,358904000
2010-03-16,0.392614,0.408868,0.392385,0.406579,664988000
2010-03-17,0.408868,0.419856,0.408868,0.414362,651168000
2010-03-18,0.415049,0.415049,0.396048,0.399711,740964000
2010-03-19,0.405663,0.406807,0.389867,0.394903,584612000
2010-03-22,0.389867,0.402916,0.389867,0.401313,435336000
2010-03-23,0.404289,0.411615,0.401542,0.409555,493612000
2010-03-24,0.406121,0.407265,0.395132,0.395819,436252000
2010-03-25,0.401542,0.40406,0.396048,0.396964,495184000
2010-03-26,0.400397,0.404518,0.393759,0.396964,344676000
2010-03-29,0.399482,0.402916,0.393987,0.402,394456000
2010-03-30,0.406579,0.408639,0.396735,0.403603,324104000
2010-03-31,0.402,0.403832,0.396277,0.398337,389840000
2010-04-01,0.400169,0.404747,0.390096,0.394216,339664000
2010-04-05,0.396735,0.400855,0.396277,0.400169,413636000
2010-04-06,0.395132,0.396048,0.383457,0.390325,809260000
2010-04-07,0.387806,0.399482,0.384601,0.392843,817468000
2010-04-08,0.390325,0.393301,0.384373,0.386433,1037600000
2010-04-09,0.385517,0.390325,0.383457,0.388951,817572000
2010-04-12,0.389409,0.39765,0.388722,0.396048,546460000
2010-04-13,0.39765,0.405663,0.396048,0.404289,648696000
2010-04-14,0.412989,0.415049,0.402916,0.409326,900720000
2010-04-15,0.410699,0.41482,0.406579,0.412302,957596000
2010-04-16,0.39559,0.397192,0.381854,0.390554,1917736000
2010-04-19,0.387577,0.389867,0.375673,0.388722,1094492000
2010-04-20,0.391469,0.39559,0.385059,0.390096,678188000
2010-04-21,0.392156,0.392614,0.375444,0.380023,895908000
2010-04-22,0.373842,0.38277,0.368576,0.381625,656932000
2010-04-23,0.380481,0.381396,0.369721,0.37636,752916000
2010-04-26,0.376818,0.384601,0.376131,0.380023,491092000
2010-04-27,0.377276,0.381167,0.368118,0.369263,606704000
2010-04-28,0.369034,0.375215,0.362395,0.36995,672164000
2010-04-29,0.371095,0.381625,0.3656,0.381167,987128000
2010-04-30,0.376589,0.377276,0.359419,0.359648,1068048000
2010-05-03,0.36148,0.36354,0.350262,0.355756,1078972000
2010-05-04,0.350262,0.350949,0.332634,0.337671,1311376000
2010-05-05,0.330803,0.340418,0.327827,0.331948,1330840000
2010-05-06,0.329658,0.336526,0.298524,0.32508,1002888000
2010-05-07,0.328056,0.328056,0.308139,0.319585,1153712000
2010-05-10,0.338815,0.342936,0.329658,0.333321,979156000
2010-05-11,0.330116,0.336297,0.32714,0.329658,829124000
2010-05-12,0.331948,0.3379,0.329887,0.336068,901236000
2010-05-13,0.334695,0.350033,0.332176,0.335382,1252000000
2010-05-14,0.312717,0.313633,0.288451,0.296692,2493068000
2010-05-17,0.29715,0.301042,0.287993,0.297379,856060000
2010-05-18,0.299897,0.301729,0.285933,0.287535,674112000
2010-05-19,0.286162,0.292572,0.284101,0.292114,826520000
2010-05-20,0.283643,0.292114,0.274944,0.285246,1129136000
2010-05-21,0.277005,0.29944,0.277005,0.291427,1069600000
2010-05-24,0.290512,0.293946,0.282041,0.282957,664564000
2010-05-25,0.274029,0.291885,0.271281,0.290512,966652000
2010-05-26,0.302187,0.30791,0.290969,0.291885,995028000
2010-05-27,0.299211,0.309055,0.298524,0.309055,713560000
2010-05-28,0.308597,0.308597,0.296235,0.300813,545116000
2010-06-01,0.296692,0.300126,0.287764,0.287993,527492000
2010-06-02,0.288451,0.291656,0.28662,0.291198,649088000
2010-06-03,0.285246,0.291427,0.28433,0.29074,586360000
2010-06-04,0.28227,0.287306,0.275402,0.277005,671456000
2010-06-07,0.278149,0.279981,0.262124,0.263269,577248000
2010-06-08,0.262124,0.262124,0.249304,0.255943,967636000
2010-06-09,0.257317,0.264184,0.248846,0.249762,697152000
2010-06-10,0.254799,0.26098,0.254112,0.259835,611768000
2010-06-11,0.257088,0.266932,0.256401,0.265787,442104000
2010-06-14,0.269679,0.270137,0.259377,0.260064,375080000
2010-06-15,0.26304,0.274257,0.262582,0.272884,528632000
2010-06-16,0.271053,0.273571,0.265787,0.26945,366480000
2010-06-17,0.278836,0.280438,0.269221,0.279752,859068000
2010-06-18,0.281354,0.285017,0.279294,0.281583,932832000
2010-06-21,0.287535,0.288222,0.272426,0.274944,579836000
2010-06-22,0.278378,0.281812,0.263269,0.264642,818164000
2010-06-23,0.267161,0.270366,0.259606,0.267618,614060000
2010-06-24,0.266016,0.26739,0.253425,0.254341,725028000
2010-06-25,0.256172,0.256401,0.249533,0.253654,507220000
2010-06-28,0.255485,0.257774,0.249533,0.254112,372008000
2010-06-29,0.248617,0.248846,0.238315,0.239918,660808000
2010-06-30,0.240376,0.242894,0.233737,0.233737,623072000
2010-07-01,0.234424,0.239231,0.227327,0.237629,737008000
2010-07-02,0.238544,0.239002,0.22664,0.234653,737096000
2010-07-06,0.233737,0.241292,0.230074,0.232134,712020000
2010-07-07,0.23305,0.244725,0.232592,0.243352,608412000
2010-07-08,0.244954,0.245183,0.23305,0.236026,783272000
2010-07-09,0.237171,0.238544,0.233966,0.236942,571516000
2010-07-12,0.236942,0.244268,0.236713,0.241292,565396000
2010-07-13,0.245183,0.251593,0.24381,0.249991,723316000
2010-07-14,0.26098,0.262811,0.248846,0.252509,1355664000
2010-07-15,0.252738,0.252967,0.242436,0.245412,953088000
2010-07-16,0.245412,0.246099,0.229158,0.230074,1288604000
2010-07-19,0.233279,0.240376,0.231677,0.23946,798440000
2010-07-20,0.233279,0.246786,0.231219,0.245412,1160988000
2010-07-21,0.247702,0.247931,0.23511,0.2374,624940000
2010-07-22,0.239918,0.24381,0.238544,0.241292,462612000
2010-07-23,0.241063,0.241292,0.234882,0.237171,817604000
2010-07-26,0.236484,0.242436,0.232821,0.24152,683548000
2010-07-27,0.242207,0.242665,0.236484,0.23946,683472000
2010-07-28,0.235568,0.239689,0.231219,0.231905,1320808000
2010-07-29,0.215194,0.219772,0.207639,0.209013,2664476000
2010-07-30,0.20741,0.214049,0.204205,0.210386,984288000
2010-08-02,0.214049,0.214965,0.209241,0.210157,917020000
2010-08-03,0.208555,0.208784,0.20306,0.204663,955444000
2010-08-04,0.206494,0.214049,0.205579,0.213362,855496000
2010-08-05,0.214049,0.216567,0.210157,0.216109,800504000
2010-08-06,0.215194,0.220917,0.213362,0.218628,739904000
2010-08-09,0.220917,0.221146,0.215423,0.220688,466456000
2010-08-10,0.217025,0.217483,0.210615,0.211531,772560000
2010-08-11,0.207181,0.207181,0.202603,0.203289,796148000
2010-08-12,0.199626,0.209699,0.198024,0.205121,1343584000
2010-08-13,0.21176,0.217941,0.211302,0.214965,1797392000
2010-08-16,0.211989,0.216338,0.206723,0.20947,814008000
2010-08-17,0.211531,0.216109,0.20947,0.212218,481224000
2010-08-18,0.211531,0.215194,0.210157,0.213362,352920000
2010-08-19,0.215651,0.226869,0.214507,0.226182,1615100000
2010-08-20,0.22458,0.233737,0.224351,0.228243,1305308000
2010-08-23,0.228929,0.234653,0.224122,0.224809,748620000
2010-08-24,0.217483,0.224809,0.217025,0.222519,641332000
2010-08-25,0.220001,0.228929,0.218857,0.227098,757532000
2010-08-26,0.230074,0.232592,0.224351,0.224351,657596000
2010-08-27,0.225724,0.233508,0.220001,0.231676,1060416000
2010-08-30,0.228929,0.230761,0.220688,0.220688,602804000
2010-08-31,0.217483,0.224351,0.212904,0.213591,931488000
2010-09-01,0.216796,0.219543,0.214049,0.215194,851440000
2010-09-02,0.21588,0.219772,0.21382,0.219085,596292000
2010-09-03,0.224351,0.227327,0.221604,0.22664,566484000
2010-09-07,0.225953,0.233966,0.225495,0.2287,899820000
2010-09-08,0.229158,0.237858,0.22664,0.236255,1224156000
2010-09-09,0.239231,0.23946,0.230074,0.23305,697748000
2010-09-10,0.234653,0.235339,0.228472,0.230532,609292000
2010-09-13,0.234653,0.246557,0.234653,0.243581,1015792000
2010-09-14,0.24152,0.244497,0.239231,0.241292,698536000
2010-09-15,0.239002,0.241978,0.235797,0.241749,555572000
2010-09-16,0.238544,0.244039,0.238544,0.241978,365280000
2010-09-17,0.244268,0.244497,0.240834,0.24152,416884000
2010-09-20,0.24152,0.246099,0.239231,0.245183,443168000
2010-09-21,0.24381,0.262582,0.24381,0.258461,1779624000
2010-09-22,0.257545,0.26304,0.255943,0.26075,999996000
2010-09-23,0.263727,0.274257,0.261437,0.266016,1240872000
2010-09-24,0.271968,0.281583,0.269908,0.280667,1086976000
2010-09-27,0.282728,0.282957,0.271052,0.274715,999504000
2010-09-28,0.274944,0.27792,0.269221,0.274029,723192000
2010-09-29,0.27151,0.279981,0.268992,0.271968,974904000
2010-09-30,0.275402,0.278607,0.2651,0.267389,787632000
2010-10-01,0.271281,0.271739,0.257775,0.259835,999120000
2010-10-04,0.257317,0.261666,0.252051,0.257317,749500000
2010-10-05,0.262811,0.263269,0.258461,0.259148,753588000
2010-10-06,0.259148,0.260293,0.244268,0.246786,1057604000
2010-10-07,0.24793,0.248159,0.237629,0.244954,761488000
2010-10-08,0.244039,0.250678,0.240605,0.248617,706932000
2010-10-11,0.249762,0.251822,0.246328,0.247473,442680000
2010-10-12,0.245412,0.253425,0.243352,0.25228,605208000
2010-10-13,0.256401,0.263269,0.253654,0.259606,968732000
2010-10-14,0.259835,0.260293,0.254341,0.255485,599172000
2010-10-15,0.259606,0.262582,0.255485,0.258461,639940000
2010-10-18,0.25869,0.261208,0.254112,0.260064,448156000
2010-10-19,0.25434,0.260293,0.25228,0.258461,866136000
2010-10-20,0.25869,0.265558,0.254112,0.258461,763532000
2010-10-21,0.25869,0.259148,0.249991,0.253883,1014428000
2010-10-22,0.255485,0.272197,0.252738,0.270137,1322676000
2010-10-25,0.272197,0.274715,0.269679,0.272655,673136000
2010-10-26,0.26945,0.27586,0.267161,0.271739,675248000
2010-10-27,0.269221,0.276547,0.268534,0.275631,496796000
2010-10-28,0.279294,0.28021,0.273342,0.27586,704448000
2010-10-29,0.275402,0.278149,0.272426,0.275173,554664000
2010-11-01,0.277005,0.281354,0.273342,0.275631,473920000
2010-11-02,0.276776,0.285933,0.275173,0.281354,581036000
2010-11-03,0.283186,0.285246,0.27586,0.283415,671748000
2010-11-04,0.286162,0.289138,0.283415,0.283872,700016000
2010-11-05,0.285933,0.291198,0.284559,0.28868,735116000
2010-11-08,0.288451,0.292343,0.286162,0.289825,605156000
2010-11-09,0.289825,0.292114,0.28662,0.288222,633964000
2010-11-10,0.290283,0.291656,0.286162,0.291656,521016000
2010-11-11,0.284788,0.293487,0.280896,0.28868,1089980000
2010-11-12,0.299669,0.313176,0.298295,0.303561,2142560000
2010-11-15,0.304934,0.309284,0.299211,0.299898,733548000
2010-11-16,0.294861,0.298982,0.290511,0.290969,739356000
2010-11-17,0.29074,0.299211,0.287993,0.295777,551764000
2010-11-18,0.299669,0.30791,0.299669,0.304934,993120000
2010-11-19,0.304247,0.315923,0.303789,0.314778,716484000
2010-11-22,0.312718,0.316838,0.30997,0.315007,462668000
2010-11-23,0.311344,0.314549,0.305392,0.307681,457832000
2010-11-24,0.310886,0.31638,0.310657,0.315236,397784000
2010-11-26,0.315007,0.316838,0.311344,0.311344,143104000
2010-11-29,0.30997,0.315923,0.308597,0.314778,468192000
2010-11-30,0.30997,0.313175,0.30585,0.311573,720936000
2010-12-01,0.317754,0.327369,0.317296,0.325309,626536000
2010-12-02,0.325309,0.331261,0.32508,0.329201,529316000
2010-12-03,0.327598,0.338587,0.326911,0.338587,606044000
2010-12-06,0.339731,0.340418,0.330803,0.332177,438424000
2010-12-07,0.33996,0.350949,0.339273,0.342936,1026812000
2010-12-08,0.342478,0.349575,0.33996,0.345912,613252000
2010-12-09,0.337671,0.342478,0.332863,0.340189,942408000
2010-12-10,0.340189,0.345454,0.339273,0.342249,451900000
2010-12-13,0.343623,0.34431,0.332634,0.33355,609108000
2010-12-14,0.33996,0.346141,0.33355,0.334008,755160000
2010-12-15,0.334695,0.338815,0.326224,0.326682,624176000
2010-12-16,0.330116,0.331948,0.326224,0.32714,631872000
2010-12-17,0.327369,0.330803,0.323477,0.328971,593156000
2010-12-20,0.330116,0.331719,0.327369,0.327598,344088000
2010-12-21,0.330803,0.340418,0.330574,0.340418,466952000
2010-12-22,0.339731,0.344539,0.336526,0.344081,477988000
2010-12-23,0.344081,0.344081,0.340189,0.341563,273784000
2010-12-27,0.340647,0.345912,0.334466,0.343394,255500000
2010-12-28,0.343394,0.345683,0.33996,0.34202,194260000
2010-12-29,0.341792,0.344539,0.338815,0.34202,177660000
2010-12-30,0.341563,0.345226,0.340418,0.343165,174488000
2010-12-31,0.343394,0.353009,0.342936,0.352551,391252000
2011-01-03,0.355298,0.3656,0.35484,0.362166,817448000
2011-01-04,0.362853,0.364456,0.353009,0.361022,651384000
2011-01-05,0.367661,0.38918,0.363998,0.388722,1428216000
2011-01-06,0.398795,0.44275,0.39765,0.442521,3493312000
2011-01-07,0.437484,0.456256,0.42764,0.454883,2579984000
2011-01-10,0.446641,0.473197,0.443207,0.472281,1750348000
2011-01-11,0.478691,0.48327,0.454883,0.464956,2711088000
2011-01-12,0.465184,0.535008,0.463582,0.53455,3431896000
2011-01-13,0.528827,0.545768,0.512344,0.535466,2695192000
2011-01-14,0.526309,0.548973,0.523104,0.540045,1595352000
2011-01-18,0.532719,0.536381,0.514404,0.527453,1813348000
2011-01-19,0.527682,0.540273,0.511886,0.513031,1197896000
2011-01-20,0.507994,0.516465,0.498837,0.513489,1111408000
2011-01-21,0.518983,0.526309,0.507765,0.508681,739244000
2011-01-24,0.532032,0.573468,0.52608,0.566142,2056900000
2011-01-25,0.563624,0.569576,0.545081,0.548744,1086856000
2011-01-26,0.554467,0.572324,0.550575,0.561793,1074660000
2011-01-27,0.569805,0.571179,0.549431,0.56019,657396000
2011-01-28,0.561564,0.57095,0.531116,0.543936,1094796000
2011-01-31,0.544852,0.555154,0.535924,0.547599,750160000
2011-02-01,0.552407,0.564311,0.548744,0.56019,654104000
2011-02-02,0.556985,0.599108,0.556985,0.585601,1606616000
2011-02-03,0.586517,0.586517,0.562022,0.574613,1030776000
2011-02-04,0.582625,0.59224,0.580336,0.587662,872900000
2011-02-07,0.57965,0.582168,0.561106,0.563167,934236000
2011-02-08,0.563853,0.567516,0.543936,0.546454,1076584000
2011-02-09,0.548515,0.554009,0.523333,0.533176,1277520000
2011-02-10,0.521272,0.531345,0.51738,0.522417,1042352000
2011-02-11,0.520585,0.554238,0.512115,0.537297,1359276000
2011-02-14,0.543707,0.560877,0.526996,0.529056,1287828000
2011-02-15,0.529972,0.531803,0.513946,0.516236,886980000
2011-02-16,0.523104,0.542792,0.521272,0.535237,1318364000
2011-02-17,0.520128,0.595446,0.517609,0.587891,3470096000
2011-02-18,0.584686,0.594072,0.577589,0.586746,1394412000
2011-02-22,0.567516,0.569118,0.529514,0.531345,1396648000
2011-02-23,0.531345,0.536382,0.498608,0.506163,1491604000
2011-02-24,0.508681,0.527453,0.505018,0.518525,1246120000
2011-02-25,0.53249,0.537984,0.525164,0.529285,775652000
2011-02-28,0.537984,0.538213,0.50685,0.518754,903696000
2011-03-01,0.51967,0.526309,0.495632,0.495632,988448000
2011-03-02,0.494945,0.504332,0.463582,0.475029,1718140000
2011-03-03,0.486017,0.488764,0.463353,0.477776,1593704000
2011-03-04,0.478233,0.483041,0.469992,0.475257,959760000
2011-03-07,0.478691,0.480294,0.456714,0.468618,1019140000
2011-03-08,0.473655,0.476173,0.437713,0.447557,1947184000
2011-03-09,0.446183,0.450533,0.434279,0.438171,1318976000
2011-03-10,0.428098,0.431303,0.409783,0.410241,1722736000
2011-03-11,0.413676,0.424664,0.404289,0.413218,1486832000
2011-03-14,0.416422,0.426953,0.409783,0.416651,1003360000
2011-03-15,0.396277,0.411157,0.389409,0.404289,1256280000
2011-03-16,0.400626,0.420085,0.396048,0.401313,1476520000
2011-03-17,0.412073,0.41276,0.393759,0.408868,1238516000
2011-03-18,0.415278,0.416651,0.402916,0.403373,886960000
2011-03-21,0.412073,0.416194,0.402458,0.406579,751832000
2011-03-22,0.405434,0.409326,0.39765,0.399482,718332000
2011-03-23,0.398795,0.408868,0.390096,0.407723,782396000
2011-03-24,0.416423,0.445268,0.415507,0.440231,1780592000
2011-03-25,0.444123,0.445268,0.425809,0.426495,1196392000
2011-03-28,0.436568,0.449617,0.432677,0.442292,1204284000
2011-03-29,0.442291,0.443894,0.432905,0.438858,715764000
2011-03-30,0.442292,0.444123,0.41688,0.422375,1176320000
2011-03-31,0.423062,0.42764,0.41482,0.422604,655112000
2011-04-01,0.428098,0.428556,0.410928,0.416651,850072000
2011-04-04,0.416652,0.417796,0.398795,0.401771,924328000
2011-04-05,0.407723,0.410928,0.401542,0.402458,821076000
2011-04-06,0.405434,0.405892,0.396277,0.399711,856984000
2011-04-07,0.400626,0.41688,0.399024,0.414362,1021208000
2011-04-08,0.417567,0.417567,0.400626,0.401771,746552000
2011-04-11,0.403373,0.405434,0.392156,0.396506,546208000
2011-04-12,0.392614,0.400398,0.385288,0.39765,840756000
2011-04-13,0.401771,0.409097,0.396735,0.406579,749588000
2011-04-14,0.402916,0.423977,0.400626,0.423748,1254704000
2011-04-15,0.420543,0.433592,0.418483,0.428327,969720000
2011-04-18,0.418254,0.421001,0.407494,0.414133,743584000
2011-04-19,0.414362,0.415965,0.401313,0.412531,659860000
2011-04-20,0.42764,0.433821,0.418254,0.425122,650516000
2011-04-21,0.4297,0.432448,0.423061,0.423977,421300000
2011-04-25,0.425809,0.437713,0.42558,0.430616,619612000
2011-04-26,0.434279,0.446183,0.429929,0.441834,676000000
2011-04-27,0.444123,0.444123,0.432676,0.441834,450004000
2011-04-28,0.441834,0.455569,0.436797,0.446641,684000000
2011-04-29,0.449617,0.467932,0.448931,0.457859,836000000
2011-05-02,0.467474,0.467703,0.449388,0.451678,613824000
2011-05-03,0.446412,0.447786,0.424664,0.430158,808000000
2011-05-04,0.431532,0.436339,0.418941,0.426953,639356000
2011-05-05,0.423519,0.432219,0.417796,0.427182,544000000
2011-05-06,0.43611,0.446412,0.432677,0.442292,841080000
2011-05-09,0.443665,0.454425,0.442521,0.452136,706328000
2011-05-10,0.455799,0.456256,0.448244,0.452822,690976000
2011-05-11,0.455111,0.45969,0.448701,0.454883,616000000
2011-05-12,0.45328,0.469763,0.452135,0.469305,1224000000
2011-05-13,0.439544,0.440689,0.41482,0.418025,2025192000
2011-05-16,0.41688,0.417796,0.404976,0.405205,728188000
2011-05-17,0.403831,0.40406,0.391927,0.403603,1420364000
2011-05-18,0.405205,0.416423,0.403831,0.412989,658844000
2011-05-19,0.416194,0.416423,0.400855,0.407036,650884000
2011-05-20,0.406121,0.415049,0.404289,0.414133,575820000
2011-05-23,0.408181,0.416652,0.402916,0.413675,588000000
2011-05-24,0.415736,0.43199,0.414591,0.415278,720372000
2011-05-25,0.413218,0.423062,0.409097,0.420314,545312000
2011-05-26,0.420314,0.434508,0.41917,0.430845,706436000
2011-05-27,0.432676,0.447099,0.432219,0.446412,658824000
2011-05-31,0.455112,0.459003,0.444123,0.458774,1200716000
2011-06-01,0.456714,0.457401,0.437255,0.438171,762208000
2011-06-02,0.438858,0.442063,0.430845,0.43611,607592000
2011-06-03,0.431074,0.434966,0.420543,0.422604,549300000
2011-06-06,0.421917,0.425809,0.413218,0.413675,435988000
2011-06-07,0.41688,0.41917,0.411615,0.413446,433956000
2011-06-08,0.411386,0.413904,0.399024,0.402229,569288000
2011-06-09,0.402,0.402916,0.383228,0.39765,741632000
2011-06-10,0.398337,0.400855,0.388722,0.391927,493548000
2011-06-13,0.391927,0.396964,0.386433,0.38918,574760000
2011-06-14,0.392614,0.401084,0.390782,0.392385,534576000
2011-06-15,0.38712,0.389409,0.375902,0.383915,935916000
2011-06-16,0.384144,0.390096,0.365142,0.370637,1024908000
2011-06-17,0.374986,0.375215,0.350491,0.361937,1467884000
2011-06-20,0.358732,0.366287,0.354841,0.357588,745960000
2011-06-21,0.358961,0.368119,0.355527,0.365371,704276000
2011-06-22,0.362853,0.367661,0.359648,0.360335,651720000
2011-06-23,0.355756,0.373613,0.352551,0.371095,744024000
2011-06-24,0.369263,0.372468,0.358046,0.360335,529052000
2011-06-27,0.360335,0.362624,0.340189,0.35278,1142152000
2011-06-28,0.35278,0.358961,0.350262,0.354841,692200000
2011-06-29,0.35713,0.363998,0.344768,0.360335,960544000
2011-06-30,0.36125,0.368805,0.355756,0.364913,652300000
2011-07-01,0.364913,0.371094,0.357588,0.369721,540804000
2011-07-05,0.369263,0.372697,0.360335,0.36354,535296000
2011-07-06,0.363311,0.363998,0.354383,0.358732,529580000
2011-07-07,0.360564,0.362395,0.353696,0.360106,986136000
2011-07-08,0.355069,0.357588,0.350262,0.353238,619516000
2011-07-11,0.346599,0.347973,0.33996,0.340876,714388000
2011-07-12,0.339273,0.342478,0.330574,0.336297,867604000
2011-07-13,0.340876,0.343165,0.332405,0.33561,634368000
2011-07-14,0.336984,0.339044,0.32073,0.322333,1088996000
2011-07-15,0.324164,0.326224,0.316151,0.32279,827736000
2011-07-18,0.320272,0.322104,0.311802,0.315923,818200000
2011-07-19,0.316838,0.326224,0.316838,0.325538,602224000
2011-07-20,0.326682,0.328514,0.320501,0.321417,662956000
2011-07-21,0.321875,0.338816,0.317067,0.336526,1143420000
2011-07-22,0.339502,0.344539,0.335153,0.343394,737192000
2011-07-25,0.338129,0.339502,0.333092,0.3379,566920000
2011-07-26,0.328285,0.336526,0.324851,0.329658,698276000
2011-07-27,0.32508,0.326682,0.31638,0.317296,652212000
2011-07-28,0.316152,0.323248,0.311115,0.316609,648176000
2011-07-29,0.313404,0.319586,0.311802,0.316609,677656000
2011-08-01,0.323935,0.334466,0.321188,0.33355,1019620000
2011-08-02,0.331261,0.352093,0.330116,0.330116,1356432000
2011-08-03,0.330803,0.340189,0.327598,0.339044,765236000
2011-08-04,0.332863,0.332863,0.306765,0.306765,979732000
2011-08-05,0.313862,0.317754,0.288451,0.296464,1270588000
2011-08-08,0.282041,0.292114,0.271281,0.273113,1084180000
2011-08-09,0.278378,0.296463,0.274715,0.296006,1329832000
2011-08-10,0.287306,0.295548,0.280896,0.282499,1140052000
2011-08-11,0.282499,0.311115,0.282499,0.306994,1078792000
2011-08-12,0.339731,0.340189,0.290054,0.294861,3195784000
2011-08-15,0.297837,0.306765,0.296235,0.306079,864152000
2011-08-16,0.302645,0.306765,0.291885,0.297379,716868000
2011-08-17,0.298295,0.303332,0.289367,0.293259,553328000
2011-08-18,0.279981,0.282728,0.270137,0.273342,802564000
2011-08-19,0.268763,0.283644,0.266703,0.268534,761332000
2011-08-22,0.276089,0.279294,0.270366,0.273342,611876000
2011-08-23,0.279981,0.303103,0.279523,0.302874,938312000
2011-08-24,0.302187,0.303102,0.29074,0.298524,687500000
2011-08-25,0.292572,0.297837,0.285246,0.285704,690968000
2011-08-26,0.284559,0.300813,0.279523,0.297837,732660000
2011-08-29,0.306307,0.306994,0.299211,0.30585,601528000
2011-08-30,0.303789,0.315694,0.301729,0.313175,684760000
2011-08-31,0.315465,0.31867,0.302187,0.304705,705808000
2011-09-01,0.308826,0.315465,0.303789,0.304018,762312000
2011-09-02,0.29715,0.301271,0.293487,0.295777,471356000
2011-09-06,0.286162,0.302416,0.283414,0.301729,696248000
2011-09-07,0.326224,0.335153,0.317296,0.326224,1606620000
2011-09-08,0.323019,0.330803,0.319356,0.324622,880164000
2011-09-09,0.321875,0.330574,0.315007,0.317754,869828000
2011-09-12,0.313404,0.328056,0.313404,0.325309,916480000
2011-09-13,0.328056,0.334237,0.323019,0.332634,853836000
2011-09-14,0.341334,0.354154,0.341105,0.349804,1547192000
2011-09-15,0.357588,0.359419,0.351636,0.354841,752908000
2011-09-16,0.355527,0.368576,0.352093,0.353925,1391588000
2011-09-19,0.347973,0.350491,0.337671,0.346599,968204000
2011-09-20,0.350949,0.352322,0.336068,0.337671,792436000
2011-09-21,0.339502,0.345454,0.331032,0.331261,715252000
2011-09-22,0.318212,0.31867,0.303331,0.309283,1314632000
2011-09-23,0.307452,0.324622,0.305621,0.315694,1011440000
2011-09-26,0.319585,0.320501,0.302187,0.31638,972124000
2011-09-27,0.324393,0.32714,0.31432,0.316838,781388000
2011-09-28,0.317525,0.325538,0.302187,0.307223,1236532000
2011-09-29,0.312717,0.317983,0.291885,0.299668,866416000
2011-09-30,0.294861,0.296463,0.285933,0.286391,677784000
2011-10-03,0.282728,0.291656,0.270366,0.270366,949896000
2011-10-04,0.263727,0.295319,0.262582,0.295319,1361548000
2011-10-05,0.294632,0.308597,0.28868,0.30585,856708000
2011-10-06,0.307452,0.318899,0.306994,0.317983,773192000
2011-10-07,0.319356,0.328743,0.312717,0.323935,806976000
2011-10-10,0.329429,0.338358,0.328743,0.338358,534376000
2011-10-11,0.335611,0.341105,0.33355,0.334695,816080000
2011-10-12,0.341105,0.341334,0.334237,0.334466,612064000
2011-10-13,0.332863,0.354612,0.331948,0.353925,854832000
2011-10-14,0.360106,0.363769,0.351178,0.359877,702452000
2011-10-17,0.355756,0.355756,0.340189,0.34202,611780000
2011-10-18,0.340189,0.355298,0.338129,0.354383,590916000
2011-10-19,0.354841,0.361022,0.34637,0.347286,557568000
2011-10-20,0.3379,0.339273,0.316838,0.329887,990308000
2011-10-21,0.334008,0.339502,0.325995,0.33149,628428000
2011-10-24,0.332863,0.349117,0.332177,0.343852,535256000
2011-10-25,0.339045,0.341792,0.330116,0.330803,577996000
2011-10-26,0.337213,0.339045,0.32508,0.334695,503116000
2011-10-27,0.347057,0.352551,0.339273,0.349117,577732000
2011-10-28,0.346141,0.360335,0.345226,0.35713,490156000
2011-10-31,0.345683,0.347744,0.338815,0.338815,519984000
2011-11-01,0.326453,0.327369,0.31867,0.321875,790824000
2011-11-02,0.32508,0.326682,0.309741,0.31638,961608000
2011-11-03,0.319814,0.336068,0.311344,0.335382,749372000
2011-11-04,0.332405,0.340418,0.32714,0.339273,654840000
2011-11-07,0.336755,0.342478,0.329658,0.337442,613536000
2011-11-08,0.341792,0.347286,0.336297,0.345226,549728000
2011-11-09,0.337213,0.341563,0.326453,0.327827,532244000
2011-11-10,0.335839,0.339273,0.323019,0.331261,990484000
2011-11-11,0.340647,0.345683,0.322104,0.342936,1751560000
2011-11-14,0.342936,0.34637,0.335382,0.336297,500292000
2011-11-15,0.333092,0.343165,0.332177,0.340647,505660000
2011-11-16,0.334237,0.343165,0.332634,0.333779,512420000
2011-11-17,0.333092,0.334008,0.315923,0.321875,657504000
2011-11-18,0.323706,0.323706,0.315465,0.318899,501352000
2011-11-21,0.313862,0.338129,0.309055,0.334924,1330788000
2011-11-22,0.338587,0.347057,0.336755,0.345226,1287480000
2011-11-23,0.341563,0.344081,0.330345,0.330574,825340000
2011-11-25,0.326224,0.333779,0.320501,0.321417,406620000
2011-11-28,0.331948,0.344539,0.331948,0.339502,690616000
2011-11-29,0.339045,0.345683,0.33584,0.341334,623440000
2011-11-30,0.351636,0.358732,0.348659,0.357817,730324000
2011-12-01,0.35484,0.363082,0.353238,0.362166,529760000
2011-12-02,0.366058,0.367432,0.356443,0.359877,546464000
2011-12-05,0.365829,0.366287,0.351407,0.354383,644696000
2011-12-06,0.356443,0.35713,0.345683,0.349346,573832000
2011-12-07,0.347057,0.349804,0.33996,0.347286,510016000
2011-12-08,0.343852,0.349575,0.335153,0.336297,491488000
2011-12-09,0.333779,0.343852,0.329201,0.341105,555840000
2011-12-12,0.333779,0.335153,0.326453,0.332634,573208000
2011-12-13,0.336984,0.341105,0.321417,0.323477,516596000
2011-12-14,0.32073,0.322562,0.307452,0.310886,636020000
2011-12-15,0.316152,0.318212,0.307452,0.308139,435148000
2011-12-16,0.310657,0.316609,0.30791,0.309283,619116000
2011-12-19,0.310657,0.31432,0.300126,0.301271,463276000
2011-12-20,0.308139,0.319356,0.308139,0.318212,445208000
2011-12-21,0.31638,0.319814,0.30791,0.314091,548424000
2011-12-22,0.315007,0.328514,0.315007,0.327598,576560000
2011-12-23,0.3292,0.329658,0.321646,0.324393,248948000
2011-12-27,0.323019,0.326911,0.320959,0.321875,195712000
2011-12-28,0.321875,0.322561,0.313633,0.313862,233960000
2011-12-29,0.317067,0.320501,0.312489,0.319814,211112000
2011-12-30,0.31867,0.322104,0.316838,0.317296,186956000
2012-01-03,0.327369,0.329658,0.32073,0.321417,468044000
2012-01-04,0.321646,0.326453,0.31867,0.32508,347372000
2012-01-05,0.323477,0.338358,0.322104,0.336755,563548000
2012-01-06,0.336526,0.336755,0.328971,0.332863,533252000
2012-01-09,0.333092,0.339273,0.330574,0.332863,508244000
2012-01-10,0.3379,0.338129,0.3292,0.33149,546328000
2012-01-11,0.328514,0.33149,0.323477,0.324851,484272000
2012-01-12,0.325538,0.325766,0.315694,0.32279,652364000
2012-01-13,0.320501,0.321188,0.312718,0.31432,504300000
2012-01-17,0.319128,0.319128,0.309055,0.309513,627176000
2012-01-18,0.315465,0.322562,0.313862,0.320043,632676000
2012-01-19,0.32279,0.328971,0.319356,0.328514,608312000
2012-01-20,0.328056,0.331948,0.324393,0.325538,546272000
2012-01-23,0.325767,0.334695,0.321646,0.334466,562792000
2012-01-24,0.332176,0.343394,0.331948,0.34202,730920000
2012-01-25,0.332863,0.340876,0.323248,0.33996,1274152000
2012-01-26,0.344997,0.348888,0.334924,0.336755,799672000
2012-01-27,0.334695,0.343165,0.331948,0.341334,449996000
2012-01-30,0.335382,0.340418,0.330345,0.338815,399076000
2012-01-31,0.339731,0.33996,0.332177,0.338129,357900000
2012-02-01,0.342021,0.345683,0.337213,0.341792,428020000
2012-02-02,0.343623,0.355985,0.340189,0.354612,696236000
2012-02-03,0.359877,0.365142,0.35919,0.362166,495232000
2012-02-06,0.360335,0.360793,0.356214,0.359419,278868000
2012-02-07,0.359877,0.362395,0.353925,0.360335,410296000
2012-02-08,0.360335,0.380481,0.358503,0.373384,847612000
2012-02-09,0.377962,0.380023,0.372468,0.373155,561944000
2012-02-10,0.369492,0.370866,0.361937,0.363998,440268000
2012-02-13,0.373155,0.374528,0.362166,0.369721,610668000
2012-02-14,0.369721,0.374986,0.366516,0.371781,453756000
2012-02-15,0.375215,0.386891,0.369263,0.370179,1110856000
2012-02-16,0.344768,0.379565,0.343394,0.376589,1888588000
2012-02-17,0.376818,0.379336,0.359419,0.362853,1020360000
2012-02-21,0.362624,0.373613,0.361937,0.364685,518176000
2012-02-22,0.362853,0.371781,0.361708,0.362166,492432000
2012-02-23,0.362853,0.366287,0.35713,0.364227,323968000
2012-02-24,0.365371,0.365829,0.359877,0.361479,366668000
2012-02-27,0.356901,0.358503,0.349117,0.354154,745268000
2012-02-28,0.354154,0.358275,0.347286,0.350949,699884000
2012-02-29,0.352093,0.358046,0.346599,0.346828,689196000
2012-03-01,0.348202,0.353238,0.346828,0.349117,449944000
2012-03-02,0.347973,0.35713,0.347973,0.352093,684076000
2012-03-05,0.349575,0.350262,0.337671,0.340189,514848000
2012-03-06,0.336297,0.339044,0.331032,0.336984,471400000
2012-03-07,0.338816,0.340418,0.334237,0.339044,441984000
2012-03-08,0.33996,0.343623,0.338129,0.340189,430852000
2012-03-09,0.341105,0.343623,0.337442,0.339273,367836000
2012-03-12,0.340647,0.342936,0.333092,0.334008,299948000
2012-03-13,0.335382,0.340418,0.333779,0.338587,553288000
2012-03-14,0.338586,0.339273,0.327827,0.328971,735708000
2012-03-15,0.329887,0.33561,0.328743,0.333779,382380000
2012-03-16,0.334008,0.33561,0.332177,0.334237,428340000
2012-03-19,0.336068,0.337671,0.33355,0.335153,405400000
2012-03-20,0.333321,0.333321,0.326682,0.329658,449616000
2012-03-21,0.329658,0.334008,0.325996,0.331032,467840000
2012-03-22,0.328514,0.333321,0.327598,0.330574,425372000
2012-03-23,0.329658,0.334008,0.327369,0.333092,315456000
2012-03-26,0.336297,0.338587,0.333092,0.336984,288600000
2012-03-27,0.338358,0.343394,0.337671,0.339273,419968000
2012-03-28,0.343623,0.351635,0.341105,0.347057,892448000
2012-03-29,0.346599,0.351407,0.342249,0.348659,372700000
2012-03-30,0.351635,0.354612,0.346599,0.352551,527240000
2012-04-02,0.351636,0.354612,0.345912,0.350949,407776000
2012-04-03,0.353467,0.353925,0.343394,0.345226,430476000
2012-04-04,0.33996,0.34431,0.333321,0.335382,495896000
2012-04-05,0.335839,0.33996,0.333779,0.334924,369424000
2012-04-09,0.329658,0.331719,0.324164,0.330574,365504000
2012-04-10,0.3292,0.333779,0.322562,0.324164,470360000
2012-04-11,0.328514,0.335382,0.327369,0.328285,372960000
2012-04-12,0.328743,0.3379,0.327369,0.336068,384868000
2012-04-13,0.333092,0.334924,0.323935,0.324164,311324000
2012-04-16,0.326453,0.327369,0.315007,0.320272,463468000
2012-04-17,0.321188,0.32508,0.319814,0.320959,460696000
2012-04-18,0.318898,0.320501,0.313633,0.317525,400764000
2012-04-19,0.313404,0.325309,0.311115,0.312718,667188000
2012-04-20,0.314549,0.315465,0.30585,0.306536,509592000
2012-04-23,0.301271,0.304247,0.295548,0.302874,706244000
2012-04-24,0.303789,0.306307,0.291885,0.293487,730440000
2012-04-25,0.297837,0.301729,0.292343,0.29944,727112000
2012-04-26,0.299211,0.302187,0.29715,0.299668,539208000
2012-04-27,0.299211,0.301042,0.293945,0.29715,475356000
2012-04-30,0.295548,0.299211,0.293488,0.297608,262268000
2012-05-01,0.296006,0.306079,0.296006,0.302874,408680000
2012-05-02,0.301729,0.302874,0.292572,0.294174,684008000
2012-05-03,0.294861,0.296692,0.287306,0.289138,419536000
2012-05-04,0.287306,0.288909,0.280667,0.280667,545092000
2012-05-07,0.285704,0.290511,0.283186,0.285475,604440000
2012-05-08,0.282957,0.287077,0.27792,0.285246,462312000
2012-05-09,0.280209,0.28868,0.277462,0.286391,520608000
2012-05-10,0.289138,0.289596,0.279752,0.28433,597092000
2012-05-11,0.30791,0.313175,0.301271,0.302416,1435140000
2012-05-14,0.299897,0.305163,0.293716,0.300584,437472000
2012-05-15,0.300584,0.307223,0.296235,0.297608,599940000
2012-05-16,0.298066,0.3015,0.29074,0.291656,470484000
2012-05-17,0.292801,0.295548,0.289596,0.289596,335364000
2012-05-18,0.290282,0.291656,0.275173,0.276547,567288000
2012-05-21,0.277005,0.282728,0.275173,0.281354,416260000
2012-05-22,0.281125,0.281583,0.273799,0.27792,410140000
2012-05-23,0.274944,0.285246,0.270823,0.284788,496000000
2012-05-24,0.286391,0.286849,0.275173,0.277234,520420000
2012-05-25,0.277005,0.286162,0.277005,0.283872,391752000
2012-05-29,0.288451,0.29303,0.287306,0.291198,310000000
2012-05-30,0.287993,0.290054,0.282728,0.287764,379792000
2012-05-31,0.287764,0.288909,0.280896,0.284559,358192000
2012-06-01,0.278607,0.281354,0.2738,0.274257,440984000
2012-06-04,0.275631,0.277233,0.266245,0.268534,432856000
2012-06-05,0.267161,0.277005,0.267161,0.276318,365224000
2012-06-06,0.278378,0.28433,0.276318,0.283644,368968000
2012-06-07,0.287764,0.289367,0.271968,0.272197,526780000
2012-06-08,0.273113,0.278378,0.272655,0.277462,370308000
2012-06-11,0.286391,0.291427,0.279981,0.280667,839080000
2012-06-12,0.283872,0.289138,0.283414,0.286391,496128000
2012-06-13,0.286162,0.286849,0.277462,0.278836,494276000
2012-06-14,0.278378,0.280667,0.272655,0.275402,589884000
2012-06-15,0.277463,0.281583,0.274944,0.281354,385288000
2012-06-18,0.279294,0.286162,0.277005,0.283872,304424000
2012-06-19,0.295548,0.307452,0.294174,0.303102,960476000
2012-06-20,0.306079,0.313633,0.304247,0.30791,972720000
2012-06-21,0.307681,0.307681,0.293259,0.293945,516376000
2012-06-22,0.297608,0.301042,0.293488,0.297608,865360000
2012-06-25,0.297837,0.298753,0.287077,0.288222,494616000
2012-06-26,0.289825,0.293487,0.285704,0.291427,437152000
2012-06-27,0.291656,0.302874,0.291656,0.300813,506064000
2012-06-28,0.298066,0.304934,0.295548,0.303102,545896000
2012-06-29,0.310199,0.317067,0.30997,0.31638,616508000
2012-07-02,0.317983,0.318212,0.305392,0.30791,581684000
2012-07-03,0.30791,0.316609,0.307681,0.315923,219284000
2012-07-05,0.313862,0.315236,0.30791,0.312718,280076000
2012-07-06,0.310428,0.311344,0.303331,0.306765,382760000
2012-07-09,0.304934,0.306307,0.300126,0.302645,306336000
2012-07-10,0.29944,0.308368,0.291198,0.293487,512028000
2012-07-11,0.294403,0.298066,0.287306,0.28868,485216000
2012-07-12,0.285475,0.285933,0.281354,0.283872,472160000
2012-07-13,0.284101,0.288909,0.28227,0.287535,324260000
2012-07-16,0.285704,0.29074,0.282957,0.288451,334460000
2012-07-17,0.289367,0.290969,0.278378,0.283186,447476000
2012-07-18,0.282499,0.303103,0.281125,0.298982,616008000
2012-07-19,0.301042,0.30585,0.298982,0.301958,403036000
2012-07-20,0.300126,0.302187,0.290054,0.293259,451000000
2012-07-23,0.285475,0.299211,0.28227,0.29715,451584000
2012-07-24,0.297608,0.29944,0.290511,0.293945,351164000
2012-07-25,0.29303,0.302645,0.291656,0.299668,415044000
2012-07-26,0.305163,0.308597,0.298753,0.301042,338440000
2012-07-27,0.302187,0.309512,0.299897,0.308597,376516000
2012-07-30,0.308597,0.312489,0.302645,0.305163,363552000
2012-07-31,0.305163,0.31432,0.304705,0.30997,387788000
2012-08-01,0.311802,0.314778,0.305163,0.306536,335912000
2012-08-02,0.304934,0.31226,0.299897,0.307681,367912000
2012-08-03,0.312489,0.317296,0.305163,0.314091,326548000
2012-08-06,0.317067,0.322332,0.316609,0.32073,360324000
2012-08-07,0.324622,0.327369,0.322104,0.323935,407340000
2012-08-08,0.323706,0.329201,0.32279,0.325767,517064000
2012-08-09,0.326224,0.337442,0.325766,0.336755,822300000
2012-08-10,0.345684,0.348431,0.330345,0.334695,1278744000
2012-08-13,0.335153,0.339273,0.333779,0.339044,447244000
2012-08-14,0.340189,0.340647,0.332634,0.334008,388828000
2012-08-15,0.335152,0.3379,0.329887,0.33149,594404000
2012-08-16,0.334466,0.339502,0.333321,0.338358,371008000
2012-08-17,0.338358,0.338358,0.332405,0.335382,309864000
2012-08-20,0.334237,0.335839,0.330345,0.335382,314392000
2012-08-21,0.336526,0.338587,0.331032,0.334466,340248000
2012-08-22,0.332405,0.336526,0.331261,0.335153,313556000
2012-08-23,0.334466,0.334695,0.326224,0.327598,379040000
2012-08-24,0.327598,0.335839,0.326911,0.334237,347724000
2012-08-27,0.334008,0.334924,0.328285,0.328514,340944000
2012-08-28,0.325995,0.330345,0.325309,0.32714,310764000
2012-08-29,0.326911,0.329887,0.326224,0.327827,250412000
2012-08-30,0.32714,0.328285,0.320043,0.321646,307488000
2012-08-31,0.323935,0.326224,0.317983,0.321188,485064000
2012-09-04,0.315923,0.317067,0.301042,0.304018,694452000
2012-09-05,0.305163,0.309513,0.301729,0.304934,480256000
2012-09-06,0.307223,0.322562,0.306994,0.31432,657296000
2012-09-07,0.306307,0.308826,0.296464,0.306765,781064000
2012-09-10,0.306079,0.310428,0.303331,0.304018,371108000
2012-09-11,0.303789,0.312489,0.302645,0.307681,382808000
2012-09-12,0.310199,0.312717,0.307223,0.311115,322608000
2012-09-13,0.313862,0.315007,0.307223,0.313175,433836000
2012-09-14,0.312946,0.322333,0.312946,0.316838,339468000
2012-09-17,0.317525,0.317525,0.304705,0.308139,493348000
2012-09-18,0.304705,0.313862,0.304476,0.310199,359952000
2012-09-19,0.310886,0.318212,0.307223,0.313862,451936000
2012-09-20,0.313175,0.314778,0.309055,0.311573,320596000
2012-09-21,0.312031,0.314778,0.310886,0.312946,340136000
2012-09-24,0.30791,0.313175,0.307452,0.312718,357832000
2012-09-25,0.316838,0.318212,0.306536,0.306994,481544000
2012-09-26,0.30585,0.306078,0.298066,0.301729,436812000
2012-09-27,0.302416,0.304476,0.299897,0.304018,558888000
2012-09-28,0.302645,0.309741,0.298753,0.305392,485508000
2012-10-01,0.306765,0.308597,0.299211,0.300355,504236000
2012-10-02,0.302416,0.302416,0.298066,0.3015,295492000
2012-10-03,0.302187,0.303102,0.296921,0.298524,430872000
2012-10-04,0.299211,0.313633,0.297608,0.311802,502608000
2012-10-05,0.312718,0.315923,0.303331,0.304476,483068000
2012-10-08,0.303331,0.304705,0.299211,0.3015,240596000
2012-10-09,0.301042,0.301958,0.294174,0.29509,366360000
2012-10-10,0.293716,0.29509,0.288909,0.290054,326568000
2012-10-11,0.292801,0.293716,0.289367,0.291656,320516000
2012-10-12,0.289596,0.291885,0.287306,0.289138,260696000
2012-10-15,0.289596,0.29303,0.286162,0.292801,249580000
2012-10-16,0.295319,0.302187,0.292572,0.301271,367696000
2012-10-17,0.297608,0.300355,0.294632,0.298982,391752000
2012-10-18,0.298295,0.298295,0.293259,0.294403,254772000
2012-10-19,0.290054,0.292114,0.275631,0.277234,709412000
2012-10-22,0.278378,0.279981,0.271739,0.274029,480840000
2012-10-23,0.27151,0.284101,0.270824,0.28227,573948000
2012-10-24,0.284101,0.285246,0.27586,0.278607,332916000
2012-10-25,0.280896,0.283872,0.277691,0.278836,307356000
2012-10-26,0.279294,0.280896,0.27586,0.27586,389376000
2012-10-31,0.277005,0.279294,0.273571,0.274257,347112000
2012-11-01,0.275631,0.287535,0.275402,0.287306,473220000
2012-11-02,0.290283,0.29074,0.284101,0.285933,256700000
2012-11-05,0.285246,0.299211,0.285246,0.298066,444840000
2012-11-06,0.298753,0.298753,0.292801,0.297837,350804000
2012-11-07,0.295548,0.297379,0.287306,0.28868,324620000
2012-11-08,0.291885,0.29944,0.289596,0.290283,839024000
2012-11-09,0.291885,0.295319,0.278149,0.279065,846280000
2012-11-12,0.279523,0.280667,0.270137,0.272884,643624000
2012-11-13,0.27151,0.277691,0.270595,0.270824,492120000
2012-11-14,0.272426,0.275173,0.263956,0.264185,619300000
2012-11-15,0.265787,0.272655,0.263498,0.265329,466688000
2012-11-16,0.265329,0.266245,0.255256,0.260522,624552000
2012-11-19,0.265329,0.268763,0.262124,0.267847,404092000
2012-11-20,0.266811,0.267963,0.261972,0.264737,336976000
2012-11-21,0.264737,0.273031,0.264506,0.27234,422312000
2012-11-23,0.273492,0.277409,0.27211,0.274184,276932000
2012-11-26,0.274644,0.279713,0.274183,0.279022,364600000
2012-11-27,0.27787,0.284322,0.275566,0.280174,451404000
2012-11-28,0.279022,0.283861,0.275566,0.282478,398332000
2012-11-29,0.282939,0.284322,0.276488,0.277409,488688000
2012-11-30,0.277179,0.279253,0.274184,0.275796,460504000
2012-12-03,0.279253,0.279253,0.270036,0.270727,391380000
2012-12-04,0.271188,0.279253,0.269576,0.278792,528068000
2012-12-05,0.276488,0.278331,0.271649,0.275566,633024000
2012-12-06,0.274875,0.27787,0.273953,0.276027,412896000
2012-12-07,0.276257,0.27764,0.27234,0.275566,338288000
2012-12-10,0.275566,0.286856,0.274875,0.284782,513644000
2012-12-11,0.285704,0.295151,0.285013,0.291464,816724000
2012-12-12,0.292386,0.293999,0.287317,0.288469,399404000
2012-12-13,0.288008,0.294229,0.285934,0.288699,377556000
2012-12-14,0.289851,0.293077,0.287777,0.290082,338660000
2012-12-17,0.28939,0.291003,0.284552,0.288929,445232000
2012-12-18,0.28893,0.292616,0.288008,0.28939,416436000
2012-12-19,0.291464,0.29492,0.290312,0.291464,458544000
2012-12-20,0.292616,0.292846,0.288008,0.291234,334332000
2012-12-21,0.287317,0.287317,0.281326,0.284552,462172000
2012-12-24,0.284321,0.285243,0.281326,0.282248,127376000
2012-12-26,0.281557,0.286165,0.280865,0.282017,196740000
2012-12-27,0.282478,0.282939,0.276949,0.280174,299804000
2012-12-28,0.27764,0.283169,0.277179,0.278792,220600000
2012-12-31,0.27787,0.28363,0.277179,0.282478,326460000
2013-01-02,0.28939,0.293307,0.288238,0.293077,478836000
2013-01-03,0.293077,0.296533,0.289851,0.293307,298888000
2013-01-04,0.293768,0.303906,0.292846,0.302984,524968000
2013-01-07,0.302754,0.303676,0.292155,0.294229,610732000
2013-01-08,0.29492,0.295842,0.285704,0.287777,466424000
2013-01-09,0.290082,0.291464,0.279483,0.281326,695020000
2013-01-10,0.283861,0.285243,0.280174,0.281787,506368000
2013-01-11,0.282939,0.283169,0.278561,0.281326,513172000
2013-01-14,0.283169,0.283169,0.27787,0.281096,305684000
2013-01-15,0.279713,0.279713,0.274414,0.276027,375888000
2013-01-16,0.275566,0.280865,0.275566,0.278561,337376000
2013-01-17,0.279483,0.2834,0.278792,0.282248,580736000
2013-01-18,0.282248,0.282248,0.276948,0.280405,397088000
2013-01-22,0.280174,0.282708,0.27764,0.279022,308224000
2013-01-23,0.279944,0.280174,0.276488,0.279483,421808000
2013-01-24,0.278561,0.282017,0.277179,0.280865,396980000
2013-01-25,0.281326,0.286165,0.279944,0.285934,393920000
2013-01-28,0.287317,0.292386,0.286626,0.290542,422492000
2013-01-29,0.28939,0.290082,0.283169,0.284321,388872000
2013-01-30,0.284552,0.288469,0.282939,0.283861,287592000
2013-01-31,0.283861,0.287086,0.280635,0.282478,470544000
2013-02-01,0.284782,0.285934,0.282478,0.285013,288816000
2013-02-04,0.2834,0.28916,0.279944,0.280174,511744000
2013-02-05,0.281557,0.288238,0.280635,0.286625,367296000
2013-02-06,0.279713,0.286626,0.278101,0.284321,530688000
2013-02-07,0.2834,0.285704,0.280404,0.283169,440000000
2013-02-08,0.285013,0.287317,0.283169,0.285013,307232000
2013-02-11,0.287317,0.291234,0.284552,0.288238,408308000
2013-02-12,0.285704,0.289621,0.285243,0.286395,277804000
2013-02-13,0.286625,0.291925,0.284091,0.285013,856396000
2013-02-14,0.281096,0.293538,0.27764,0.293307,882096000
2013-02-15,0.292616,0.29469,0.286856,0.293307,733860000
2013-02-19,0.293538,0.293768,0.287547,0.28939,433552000
2013-02-20,0.290312,0.29492,0.284321,0.285243,713012000
2013-02-21,0.284782,0.288008,0.282478,0.283169,580408000
2013-02-22,0.285013,0.288699,0.2834,0.288469,370148000
2013-02-25,0.28916,0.291464,0.282939,0.2834,644444000
2013-02-26,0.283979,0.288384,0.283052,0.286761,487504000
2013-02-27,0.286761,0.294179,0.286066,0.292093,476980000
2013-02-28,0.291166,0.297889,0.290007,0.293484,591392000
2013-03-01,0.291398,0.29557,0.288848,0.294643,389396000
2013-03-04,0.292557,0.296266,0.290239,0.293484,353680000
2013-03-05,0.295107,0.297193,0.293716,0.296729,366168000
2013-03-06,0.298584,0.301366,0.295107,0.296498,342928000
2013-03-07,0.29812,0.301134,0.294179,0.295802,314824000
2013-03-08,0.296498,0.298584,0.295107,0.297193,246464000
2013-03-11,0.294179,0.29557,0.291861,0.294411,299748000
2013-03-12,0.293948,0.296266,0.291166,0.295338,310856000
2013-03-13,0.295338,0.300439,0.292557,0.295338,485840000
2013-03-14,0.297193,0.29812,0.293716,0.29557,383304000
2013-03-15,0.29557,0.29557,0.291861,0.29302,355776000
2013-03-18,0.291166,0.293716,0.288848,0.290934,298312000
2013-03-19,0.291166,0.292557,0.286993,0.289079,355480000
2013-03-20,0.291861,0.293484,0.289311,0.292557,340588000
2013-03-21,0.290934,0.291398,0.287457,0.28792,339032000
2013-03-22,0.288848,0.29047,0.287689,0.289311,232476000
2013-03-25,0.290934,0.291166,0.285602,0.287688,362076000
2013-03-26,0.288384,0.290007,0.287225,0.289775,232540000
2013-03-27,0.288616,0.294875,0.28792,0.293252,254944000
2013-03-28,0.292557,0.297657,0.29047,0.297425,349276000
2013-04-01,0.296729,0.296729,0.285602,0.287688,442828000
2013-04-02,0.28792,0.288616,0.28282,0.284675,371524000
2013-04-03,0.284211,0.285834,0.279111,0.281198,353156000
2013-04-04,0.28027,0.284907,0.279343,0.283979,294676000
2013-04-05,0.279807,0.288848,0.279111,0.288848,551352000
2013-04-08,0.289079,0.289079,0.28282,0.288152,326660000
2013-04-09,0.288384,0.294875,0.286298,0.292789,380584000
2013-04-10,0.29302,0.297889,0.292325,0.297425,384688000
2013-04-11,0.293252,0.297889,0.285138,0.296034,969220000
2013-04-12,0.297425,0.306698,0.294875,0.303452,770548000
2013-04-15,0.302525,0.303452,0.295338,0.297193,430420000
2013-04-16,0.299975,0.302525,0.298352,0.300439,468844000
2013-04-17,0.29812,0.300902,0.294643,0.296498,532948000
2013-04-18,0.297193,0.299048,0.290702,0.290702,402548000
2013-04-19,0.29047,0.292325,0.286761,0.291398,303028000
2013-04-22,0.291166,0.294411,0.288848,0.291861,245568000
2013-04-23,0.294411,0.302525,0.293948,0.299511,376948000
2013-04-24,0.300439,0.312261,0.300207,0.309711,556556000
2013-04-25,0.311334,0.312957,0.308552,0.312261,353224000
2013-04-26,0.311798,0.312261,0.309248,0.31087,324332000
2013-04-29,0.311334,0.315739,0.309943,0.31458,269712000
2013-04-30,0.315275,0.319216,0.313189,0.319216,276712000
2013-05-01,0.319216,0.321302,0.315275,0.316434,341316000
2013-05-02,0.316202,0.32107,0.314348,0.320143,323480000
2013-05-03,0.32223,0.323852,0.320375,0.321534,293864000
2013-05-06,0.321534,0.323389,0.318752,0.320607,217116000
2013-05-07,0.320607,0.321302,0.31342,0.316434,448068000
2013-05-08,0.316898,0.324084,0.315739,0.32223,334032000
2013-05-09,0.316434,0.323852,0.31597,0.322461,566800000
2013-05-10,0.329184,0.338457,0.329184,0.337066,861136000
2013-05-13,0.334748,0.336139,0.328721,0.330112,289812000
2013-05-14,0.334052,0.337762,0.330807,0.33498,454140000
2013-05-15,0.333357,0.341934,0.333357,0.340775,313172000
2013-05-16,0.340312,0.343789,0.337993,0.339153,308368000
2013-05-17,0.340775,0.347034,0.338225,0.344716,312116000
2013-05-20,0.343325,0.345412,0.342166,0.344021,236380000
2013-05-21,0.346001,0.34903,0.34204,0.347632,357784000
2013-05-22,0.34903,0.34903,0.334118,0.335516,480404000
2013-05-23,0.331555,0.34204,0.330623,0.340875,393884000
2013-05-24,0.339011,0.341807,0.33505,0.338778,283304000
2013-05-28,0.341341,0.342273,0.335283,0.338545,279300000
2013-05-29,0.336448,0.338545,0.33505,0.336448,335052000
2013-05-30,0.335982,0.34437,0.33505,0.340875,284504000
2013-05-31,0.339011,0.343904,0.337147,0.337147,577508000
2013-06-03,0.337613,0.340176,0.329691,0.336681,444468000
2013-06-04,0.338778,0.344836,0.33505,0.337147,363676000
2013-06-05,0.336681,0.339244,0.328992,0.329924,464520000
2013-06-06,0.329924,0.334584,0.329691,0.332021,341044000
2013-06-07,0.334351,0.338778,0.332953,0.336681,274584000
2013-06-10,0.335749,0.338545,0.333885,0.336448,224148000
2013-06-11,0.332021,0.336681,0.330157,0.330157,296336000
2013-06-12,0.331788,0.334584,0.325497,0.327361,312588000
2013-06-13,0.326196,0.336448,0.325963,0.334817,236256000
2013-06-14,0.335982,0.336448,0.332021,0.334351,236012000
2013-06-17,0.336914,0.340642,0.33505,0.337613,255336000
2013-06-18,0.339244,0.342972,0.33272,0.335516,486772000
2013-06-19,0.338545,0.36068,0.33738,0.345768,1159588000
2013-06-20,0.342972,0.343438,0.334118,0.336448,628696000
2013-06-21,0.338312,0.339477,0.33039,0.335982,714228000
2013-06-24,0.331089,0.335283,0.324099,0.328992,580772000
2013-06-25,0.332487,0.333186,0.327827,0.331322,457360000
2013-06-26,0.33505,0.335516,0.32806,0.329458,579752000
2013-06-27,0.33039,0.330856,0.322934,0.326429,808036000
2013-06-28,0.326429,0.33039,0.322235,0.327128,431536000
2013-07-01,0.329458,0.330157,0.326429,0.328526,199524000
2013-07-02,0.326662,0.333186,0.325264,0.328293,256392000
2013-07-03,0.325497,0.333186,0.325497,0.329225,140388000
2013-07-05,0.330157,0.332487,0.32806,0.331788,184684000
2013-07-08,0.33272,0.334351,0.328293,0.330157,262084000
2013-07-09,0.330856,0.333885,0.329924,0.331788,157364000
2013-07-10,0.331788,0.337147,0.330856,0.336215,208468000
2013-07-11,0.338079,0.341341,0.33738,0.340875,239832000
2013-07-12,0.340176,0.34437,0.339011,0.341108,216360000
2013-07-15,0.341807,0.341807,0.33505,0.340409,201332000
2013-07-16,0.341807,0.344137,0.340176,0.342273,162560000
2013-07-17,0.342273,0.343438,0.339477,0.340409,166100000
2013-07-18,0.339943,0.341108,0.334584,0.339011,344488000
2013-07-19,0.336914,0.338545,0.328293,0.331788,480532000
2013-07-22,0.334351,0.33738,0.330157,0.331555,292384000
2013-07-23,0.335749,0.335749,0.329458,0.331089,246792000
2013-07-24,0.334118,0.33505,0.330623,0.331089,284252000
2013-07-25,0.330856,0.336681,0.328526,0.332254,243320000
2013-07-26,0.328293,0.332953,0.328293,0.330856,227360000
2013-07-29,0.330157,0.334351,0.329225,0.330157,179540000
2013-07-30,0.331322,0.340176,0.331089,0.335749,266076000
2013-07-31,0.334118,0.33971,0.333885,0.336448,270160000
2013-08-01,0.337613,0.341807,0.333652,0.341108,277648000
2013-08-02,0.340409,0.344603,0.338079,0.343904,209628000
2013-08-05,0.342972,0.3467,0.341108,0.345535,185188000
2013-08-06,0.345768,0.346467,0.33971,0.340409,206608000
2013-08-07,0.338545,0.343671,0.338312,0.340176,244380000
2013-08-08,0.34204,0.344137,0.338079,0.342506,345696000
2013-08-09,0.328992,0.342739,0.328759,0.337613,906224000
2013-08-12,0.323866,0.33971,0.30546,0.334817,257568000
2013-08-13,0.335283,0.33738,0.333186,0.335982,197468000
2013-08-14,0.335283,0.352292,0.33505,0.350195,828508000
2013-08-15,0.346467,0.355321,0.345069,0.352525,723616000
2013-08-16,0.351826,0.358816,0.351127,0.353923,660456000
2013-08-19,0.351826,0.352991,0.348098,0.348331,393432000
2013-08-20,0.348214,0.352429,0.347746,0.350087,234192000
2013-08-21,0.34798,0.352429,0.347043,0.348448,261540000
2013-08-22,0.348214,0.3536,0.348214,0.350322,129016000
2013-08-23,0.35079,0.3536,0.349619,0.350322,245120000
2013-08-26,0.350556,0.351961,0.349619,0.351024,300152000
2013-08-27,0.347746,0.350087,0.345404,0.346575,277464000
2013-08-28,0.347277,0.349853,0.34517,0.346575,318824000
2013-08-29,0.345404,0.349151,0.344467,0.345872,276216000
2013-08-30,0.346107,0.347043,0.343765,0.345404,378120000
2013-09-03,0.346341,0.350556,0.343531,0.345638,284680000
2013-09-04,0.345638,0.351024,0.34517,0.348917,222080000
2013-09-05,0.347512,0.351258,0.347277,0.349853,174904000
2013-09-06,0.350088,0.351961,0.345872,0.348448,226756000
2013-09-09,0.351258,0.354303,0.350322,0.354303,246408000
2013-09-10,0.356878,0.36203,0.355239,0.361796,292132000
2013-09-11,0.361328,0.368821,0.358752,0.367885,396164000
2013-09-12,0.366011,0.372334,0.366011,0.36765,303808000
2013-09-13,0.368821,0.371631,0.366245,0.369992,159696000
2013-09-16,0.373036,0.375612,0.368821,0.370226,231412000
2013-09-17,0.371631,0.374441,0.369992,0.371397,168608000
2013-09-18,0.371631,0.375612,0.369758,0.374676,268168000
2013-09-19,0.376315,0.377017,0.371397,0.373036,227572000
2013-09-20,0.373973,0.376315,0.369055,0.369758,356036000
2013-09-23,0.369524,0.372568,0.364138,0.366245,271244000
2013-09-24,0.36648,0.369055,0.364372,0.36765,229732000
2013-09-25,0.366948,0.370929,0.365309,0.368119,233156000
2013-09-26,0.369055,0.369758,0.36484,0.366948,148816000
2013-09-27,0.364138,0.367182,0.362733,0.36484,151920000
2013-09-30,0.361094,0.366948,0.358986,0.364372,226640000
2013-10-01,0.36484,0.36648,0.36203,0.364138,226976000
2013-10-02,0.360391,0.365309,0.360391,0.363904,162036000
2013-10-03,0.364138,0.367416,0.358518,0.360157,436768000
2013-10-04,0.359689,0.368119,0.358752,0.365075,246228000
2013-10-07,0.363669,0.36765,0.361796,0.365075,169952000
2013-10-08,0.364138,0.36929,0.35922,0.36203,290712000
2013-10-09,0.364372,0.364606,0.354537,0.35641,275860000
2013-10-10,0.358986,0.361328,0.35641,0.360391,223484000
2013-10-11,0.354771,0.35922,0.3536,0.357347,213704000
2013-10-14,0.35641,0.362733,0.35641,0.362733,166628000
2013-10-15,0.362733,0.36484,0.360625,0.360859,208820000
2013-10-16,0.362967,0.366714,0.362499,0.365309,210072000
2013-10-17,0.362499,0.366948,0.362499,0.366011,213324000
2013-10-18,0.365309,0.371397,0.363904,0.370226,255068000
2013-10-21,0.374676,0.37491,0.369992,0.371163,195008000
2013-10-22,0.371163,0.371397,0.366011,0.36929,179452000
2013-10-23,0.368587,0.368587,0.361796,0.362967,252216000
2013-10-24,0.363904,0.366245,0.359688,0.360391,236436000
2013-10-25,0.362264,0.362499,0.355708,0.356878,330492000
2013-10-28,0.35641,0.358049,0.351258,0.356176,394024000
2013-10-29,0.355708,0.357347,0.352429,0.356644,387952000
2013-10-30,0.357815,0.359454,0.353366,0.35641,204032000
2013-10-31,0.356878,0.359454,0.355005,0.355708,293368000
2013-11-01,0.357581,0.358986,0.354771,0.357347,206136000
2013-11-04,0.358518,0.358518,0.346341,0.347043,410264000
2013-11-05,0.344936,0.348214,0.341189,0.346575,422368000
2013-11-06,0.346575,0.349151,0.343062,0.348917,198044000
2013-11-07,0.347746,0.348682,0.340018,0.340721,553076000
2013-11-08,0.351258,0.365543,0.349853,0.364372,734532000
2013-11-11,0.362967,0.368353,0.362264,0.367416,297624000
2013-11-12,0.369055,0.371163,0.363904,0.368119,316032000
2013-11-13,0.367182,0.378188,0.366479,0.378188,332792000
2013-11-14,0.377017,0.382169,0.376783,0.379827,307980000
2013-11-15,0.381232,0.381701,0.37491,0.378656,450332000
2013-11-18,0.37046,0.373739,0.368587,0.369524,316948000
2013-11-19,0.367758,0.371054,0.363049,0.36352,206716000
2013-11-20,0.363756,0.364697,0.357399,0.358105,204776000
2013-11-21,0.358576,0.361637,0.356928,0.36093,213568000
2013-11-22,0.361401,0.361401,0.356692,0.357399,158668000
2013-11-25,0.357399,0.365639,0.357399,0.365168,248208000
2013-11-26,0.369171,0.372231,0.366816,0.368229,753176000
2013-11-27,0.367993,0.370819,0.365639,0.369642,181272000
2013-11-29,0.369641,0.370583,0.364933,0.367287,116964000
2013-12-02,0.365874,0.373408,0.365168,0.370819,373872000
2013-12-03,0.370819,0.375763,0.368229,0.370583,290560000
2013-12-04,0.369641,0.376469,0.3687,0.375763,493176000
2013-12-05,0.376469,0.376469,0.369171,0.369642,271812000
2013-12-06,0.374115,0.374115,0.363285,0.364226,281000000
2013-12-09,0.364226,0.365404,0.357399,0.358105,385220000
2013-12-10,0.358105,0.367993,0.357634,0.366345,524268000
2013-12-11,0.367052,0.367522,0.362107,0.362814,414156000
2013-12-12,0.361637,0.36352,0.355044,0.355751,258724000
2013-12-13,0.356457,0.359047,0.353161,0.353632,184588000
2013-12-16,0.353867,0.357163,0.353632,0.354102,237620000
2013-12-17,0.353867,0.356692,0.350806,0.355751,274104000
2013-12-18,0.356457,0.361401,0.351983,0.360695,426232000
2013-12-19,0.360224,0.362578,0.357869,0.362107,258544000
2013-12-20,0.362814,0.369641,0.361872,0.369406,382080000
2013-12-23,0.371525,0.374586,0.368464,0.371525,168568000
2013-12-24,0.373644,0.373644,0.3687,0.372467,79600000
2013-12-26,0.373879,0.375057,0.367993,0.368935,168920000
2013-12-27,0.370819,0.37176,0.3687,0.371054,210976000
2013-12-30,0.37129,0.376234,0.370819,0.375998,248180000
2013-12-31,0.376705,0.379059,0.37435,0.377176,235776000
2014-01-02,0.374821,0.376234,0.370112,0.373409,260092000
2014-01-03,0.374115,0.374821,0.367758,0.368935,259332000
2014-01-06,0.372702,0.376705,0.369171,0.37388,409492000
2014-01-07,0.377647,0.381414,0.375057,0.380001,333288000
2014-01-08,0.381413,0.387064,0.380001,0.38518,308192000
2014-01-09,0.379295,0.380001,0.369641,0.370819,292172000
2014-01-10,0.371996,0.374586,0.367052,0.370348,218492000
2014-01-13,0.370348,0.372702,0.36093,0.361637,243332000
2014-01-14,0.36352,0.373644,0.361872,0.372938,241828000
2014-01-15,0.374586,0.378353,0.372938,0.37694,175044000
2014-01-16,0.37694,0.378824,0.375292,0.378117,220652000
2014-01-17,0.378117,0.382591,0.374115,0.376469,340400000
2014-01-21,0.37694,0.380236,0.373879,0.377882,246076000
2014-01-22,0.378588,0.379059,0.372938,0.377411,337940000
2014-01-23,0.376234,0.380236,0.373173,0.375998,185028000
2014-01-24,0.372938,0.37435,0.366345,0.366345,246696000
2014-01-27,0.366345,0.371525,0.361872,0.363991,233812000
2014-01-28,0.363285,0.367758,0.361872,0.367523,167996000
2014-01-29,0.36611,0.368229,0.363756,0.363991,162944000
2014-01-30,0.36611,0.370819,0.364933,0.370112,202896000
2014-01-31,0.364933,0.37176,0.364697,0.369642,335348000
2014-02-03,0.372231,0.372702,0.363285,0.364697,431728000
2014-02-04,0.364462,0.367523,0.362578,0.366816,280692000
2014-02-05,0.364226,0.365404,0.360695,0.36352,214676000
2014-02-06,0.363991,0.369171,0.36352,0.368229,168380000
2014-02-07,0.369171,0.374115,0.365874,0.373644,157248000
2014-02-10,0.373173,0.379765,0.372938,0.374821,324372000
2014-02-11,0.37694,0.383532,0.375057,0.382591,235384000
2014-02-12,0.383768,0.399072,0.383768,0.396246,744528000
2014-02-13,0.406135,0.411079,0.399072,0.408725,902836000
2014-02-14,0.404958,0.422616,0.404722,0.421674,817536000
2014-02-18,0.421909,0.423322,0.417907,0.421438,428988000
2014-02-19,0.421438,0.430856,0.419555,0.427089,450340000
2014-02-20,0.428031,0.443099,0.427324,0.442157,398088000
2014-02-21,0.441451,0.447101,0.436036,0.438861,451052000
2014-02-24,0.437919,0.448514,0.433917,0.445218,403112000
2014-02-25,0.444627,0.446519,0.438478,0.443208,242184000
2014-02-26,0.442262,0.448884,0.441079,0.442498,360884000
2014-02-27,0.442498,0.446992,0.436349,0.437531,388848000
2014-02-28,0.435166,0.439423,0.428308,0.434693,321692000
2014-03-03,0.424997,0.432565,0.421213,0.432565,375948000
2014-03-04,0.434694,0.439897,0.433984,0.437059,260344000
2014-03-05,0.436585,0.441079,0.434693,0.440843,241472000
2014-03-06,0.441552,0.443917,0.433984,0.434693,290144000
2014-03-07,0.436585,0.437295,0.430909,0.43422,268452000
2014-03-10,0.432801,0.434693,0.425943,0.427835,300888000
2014-03-11,0.429963,0.435876,0.428544,0.432092,297220000
2014-03-12,0.429963,0.435876,0.428308,0.433275,239428000
2014-03-13,0.43422,0.435876,0.417429,0.419557,385172000
2014-03-14,0.4153,0.425233,0.4153,0.421449,460048000
2014-03-17,0.422632,0.425706,0.420976,0.421449,299656000
2014-03-18,0.423105,0.43422,0.421213,0.431382,293904000
2014-03-19,0.434694,0.447228,0.433511,0.438951,366168000
2014-03-20,0.436585,0.442971,0.434693,0.439187,191800000
2014-03-21,0.442971,0.446519,0.436112,0.438477,566116000
2014-03-24,0.438714,0.442262,0.429963,0.436349,306096000
2014-03-25,0.441079,0.441552,0.433038,0.436349,304424000
2014-03-26,0.440369,0.448647,0.422632,0.426416,557756000
2014-03-27,0.42547,0.429017,0.41601,0.42074,540728000
2014-03-28,0.42003,0.425943,0.418848,0.423341,398820000
2014-03-31,0.424051,0.427835,0.421213,0.423578,273404000
2014-04-01,0.437058,0.446282,0.431855,0.441079,656272000
2014-04-02,0.441079,0.442025,0.436349,0.438241,239948000
2014-04-03,0.439187,0.453614,0.438951,0.442971,599548000
2014-04-04,0.445336,0.447938,0.427362,0.429254,368032000
2014-04-07,0.429491,0.438951,0.427126,0.430673,428576000
2014-04-08,0.430673,0.447228,0.429963,0.446046,470692000
2014-04-09,0.448174,0.451958,0.442025,0.445573,421968000
2014-04-10,0.443681,0.44983,0.433274,0.434693,372748000
2014-04-11,0.431382,0.438004,0.422868,0.428544,353112000
2014-04-14,0.431382,0.43493,0.428544,0.433275,290184000
2014-04-15,0.433747,0.438714,0.42949,0.436349,304636000
2014-04-16,0.438477,0.43895,0.431855,0.437295,235136000
2014-04-17,0.43564,0.442971,0.434694,0.438951,153532000
2014-04-21,0.439187,0.443681,0.436349,0.442498,117004000
2014-04-22,0.443208,0.44912,0.440843,0.446282,255120000
2014-04-23,0.446992,0.452668,0.446282,0.451485,261580000
2014-04-24,0.45456,0.460236,0.45456,0.455506,391492000
2014-04-25,0.45456,0.458817,0.442025,0.442971,313600000
2014-04-28,0.446519,0.448884,0.435639,0.441079,226788000
2014-04-29,0.442735,0.443681,0.437059,0.442025,171300000
2014-04-30,0.441316,0.441789,0.435876,0.436822,305740000
2014-05-01,0.443444,0.44439,0.435639,0.439187,198104000
2014-05-02,0.441316,0.441316,0.433274,0.435876,156376000
2014-05-05,0.435403,0.443917,0.43493,0.440606,239260000
2014-05-06,0.444863,0.448647,0.430436,0.431619,416188000
2014-05-07,0.431619,0.43564,0.427362,0.432092,293900000
2014-05-08,0.430436,0.44439,0.428308,0.437531,432728000
2014-05-09,0.424287,0.428308,0.418848,0.426889,539532000
2014-05-12,0.427835,0.440369,0.427598,0.439423,299856000
2014-05-13,0.433511,0.440606,0.430909,0.432328,221104000
2014-05-14,0.432565,0.434221,0.427835,0.428071,214320000
2014-05-15,0.427125,0.42949,0.421449,0.425706,325896000
2014-05-16,0.422395,0.427835,0.422395,0.42476,283960000
2014-05-19,0.429254,0.440842,0.427362,0.438477,360076000
2014-05-20,0.438596,0.439784,0.431231,0.433369,256200000
2014-05-21,0.435032,0.438834,0.430756,0.433369,216712000
2014-05-22,0.432419,0.437646,0.432419,0.43527,130364000
2014-05-23,0.437646,0.441447,0.435032,0.439309,182656000
2014-05-27,0.441923,0.44715,0.440497,0.44715,209680000
2014-05-28,0.448813,0.453802,0.444536,0.450951,224676000
2014-05-29,0.450713,0.454515,0.449288,0.450238,171884000
2014-05-30,0.450238,0.452614,0.447862,0.451426,239128000
2014-06-02,0.452852,0.455703,0.446199,0.450001,181500000
2014-06-03,0.450951,0.451426,0.44216,0.4481,243212000
2014-06-04,0.446912,0.451902,0.446674,0.448575,161236000
2014-06-05,0.449288,0.451901,0.446674,0.450476,188696000
2014-06-06,0.452614,0.456178,0.450951,0.452139,161052000
2014-06-09,0.451664,0.456891,0.448575,0.452614,247456000
2014-06-10,0.450951,0.457129,0.44905,0.45499,217608000
2014-06-11,0.453327,0.462118,0.453327,0.46093,266228000
2014-06-12,0.46093,0.46592,0.456891,0.463781,337148000
2014-06-13,0.468533,0.468771,0.459742,0.464256,227852000
2014-06-16,0.462118,0.465919,0.458792,0.462831,198620000
2014-06-17,0.463306,0.46782,0.46093,0.465919,157608000
2014-06-18,0.464732,0.467583,0.460455,0.465444,215536000
2014-06-19,0.456891,0.459267,0.451426,0.454753,474592000
2014-06-20,0.455941,0.457604,0.446199,0.449763,353148000
2014-06-23,0.443823,0.444774,0.438596,0.444536,414200000
2014-06-24,0.443823,0.447387,0.435745,0.437646,275780000
2014-06-25,0.438834,0.442398,0.434795,0.44216,215420000
2014-06-26,0.44216,0.442398,0.434795,0.43622,256908000
2014-06-27,0.435745,0.439309,0.433132,0.436696,302820000
2014-06-30,0.435032,0.441685,0.435032,0.440497,180512000
2014-07-01,0.440022,0.4481,0.438596,0.445486,321180000
2014-07-02,0.443823,0.445724,0.44121,0.443823,179284000
2014-07-03,0.439784,0.44905,0.439784,0.447862,136892000
2014-07-07,0.448575,0.448813,0.443586,0.444299,127496000
2014-07-08,0.443111,0.445011,0.436458,0.440735,221940000
2014-07-09,0.444536,0.45594,0.44121,0.45404,387668000
2014-07-10,0.445487,0.453565,0.441923,0.451664,266308000
2014-07-11,0.452139,0.45404,0.450476,0.452614,191188000
2014-07-14,0.454515,0.459504,0.452852,0.458317,272636000
2014-07-15,0.459029,0.461405,0.455941,0.460217,395440000
2014-07-16,0.462118,0.465682,0.457128,0.459742,319728000
2014-07-17,0.454515,0.463306,0.454515,0.458554,324832000
2014-07-18,0.44905,0.452614,0.437408,0.438121,567816000
2014-07-21,0.436458,0.443823,0.436458,0.440735,243364000
2014-07-22,0.444061,0.446437,0.437884,0.438834,298816000
2014-07-23,0.439072,0.439309,0.429093,0.429568,297352000
2014-07-24,0.431944,0.433132,0.427192,0.43028,254576000
2014-07-25,0.428855,0.429805,0.421965,0.422678,266132000
2014-07-28,0.424578,0.424578,0.413887,0.421014,330352000
2014-07-29,0.421252,0.428142,0.421014,0.42244,217972000
2014-07-30,0.425054,0.430756,0.423866,0.429568,246184000
2014-07-31,0.424341,0.427667,0.415074,0.415787,401880000
2014-08-01,0.415787,0.422678,0.414362,0.420302,219884000
2014-08-04,0.419826,0.42339,0.417213,0.419351,241724000
2014-08-05,0.418163,0.425766,0.414599,0.419589,298136000
2014-08-06,0.416738,0.424341,0.413649,0.419114,223456000
2014-08-07,0.422678,0.426479,0.411986,0.414837,407696000
2014-08-08,0.432894,0.453802,0.432894,0.451426,894348000
2014-08-11,0.451901,0.453802,0.447862,0.44905,344624000
2014-08-12,0.448813,0.451426,0.444061,0.44905,296152000
2014-08-13,0.449763,0.455465,0.446912,0.451664,256596000
2014-08-14,0.453327,0.453327,0.444774,0.446674,255992000
2014-08-15,0.4481,0.45499,0.443823,0.452377,369796000
2014-08-18,0.454277,0.459029,0.449763,0.458554,284076000
2014-08-19,0.458673,0.46464,0.457003,0.462253,248260000
2014-08-20,0.460583,0.46273,0.458196,0.459389,221468000
2014-08-21,0.458196,0.460582,0.454378,0.455094,272796000
2014-08-22,0.454617,0.459151,0.451753,0.455332,251224000
2014-08-25,0.457242,0.460344,0.455094,0.456048,153380000
2014-08-26,0.457241,0.465117,0.455571,0.464162,269636000
2014-08-27,0.461298,0.464878,0.458196,0.458912,182972000
2014-08-28,0.457957,0.463685,0.456526,0.46273,179704000
2014-08-29,0.464401,0.465117,0.459389,0.464162,207932000
2014-09-02,0.465356,0.465356,0.46106,0.465356,192636000
2014-09-03,0.467742,0.471321,0.464639,0.469651,259456000
2014-09-04,0.468935,0.480867,0.468696,0.478004,491832000
2014-09-05,0.477526,0.479674,0.473469,0.476572,253792000
2014-09-08,0.476094,0.477049,0.470367,0.472276,319288000
2014-09-09,0.470128,0.473231,0.465833,0.46631,198588000
2014-09-10,0.468935,0.469651,0.463685,0.467981,172376000
2014-09-11,0.464639,0.46631,0.458196,0.463208,250720000
2014-09-12,0.466071,0.466071,0.45581,0.456287,262536000
2014-09-15,0.457719,0.458435,0.448173,0.450082,294152000
2014-09-16,0.448889,0.459151,0.447457,0.456764,219936000
2014-09-17,0.455571,0.461298,0.453423,0.457003,173584000
2014-09-18,0.459867,0.464401,0.458435,0.463924,219604000
2014-09-19,0.465356,0.465833,0.454617,0.455332,601316000
2014-09-22,0.46464,0.46464,0.450321,0.450798,221464000
2014-09-23,0.448412,0.4539,0.446741,0.448889,196144000
2014-09-24,0.44865,0.452946,0.448173,0.451514,159592000
2014-09-25,0.451037,0.45223,0.440775,0.44173,298440000
2014-09-26,0.443162,0.446025,0.441252,0.442684,241188000
2014-09-29,0.439105,0.445071,0.434809,0.441968,208540000
2014-09-30,0.440059,0.4434,0.435048,0.440298,277204000
2014-10-01,0.441014,0.444116,0.434809,0.436002,350976000
2014-10-02,0.435286,0.437434,0.42407,0.434093,288996000
2014-10-03,0.436718,0.442684,0.435048,0.435048,239140000
2014-10-06,0.436718,0.440298,0.429559,0.432423,199032000
2014-10-07,0.430513,0.434809,0.427411,0.427888,301896000
2014-10-08,0.427411,0.437911,0.42407,0.435764,260172000
2014-10-09,0.433854,0.434332,0.423831,0.427411,306956000
2014-10-10,0.42407,0.425502,0.401876,0.402115,691376000
2014-10-13,0.40474,0.412854,0.400206,0.400683,397628000
2014-10-14,0.406172,0.421206,0.403785,0.40999,376620000
2014-10-15,0.404024,0.418343,0.401399,0.416195,404428000
2014-10-16,0.408797,0.421206,0.407842,0.416434,351116000
2014-10-17,0.421445,0.426218,0.414047,0.415717,290716000
2014-10-20,0.415718,0.423116,0.412854,0.419297,200336000
2014-10-21,0.4224,0.437673,0.421206,0.437196,351092000
2014-10-22,0.436479,0.437911,0.426934,0.426934,239512000
2014-10-23,0.434332,0.439582,0.431229,0.43648,214476000
2014-10-24,0.439105,0.443639,0.43648,0.441014,210156000
2014-10-27,0.440775,0.442923,0.436002,0.441252,145092000
2014-10-28,0.440059,0.45223,0.439582,0.451753,192580000
2014-10-29,0.449844,0.452469,0.444832,0.448889,168340000
2014-10-30,0.447696,0.449605,0.440298,0.446025,170260000
2014-10-31,0.456287,0.466549,0.4539,0.46631,256316000
2014-11-03,0.477049,0.478719,0.471799,0.474185,308732000
2014-11-04,0.477288,0.482061,0.469412,0.48039,360196000
2014-11-05,0.483254,0.483492,0.47681,0.48039,335652000
2014-11-06,0.481345,0.483254,0.473947,0.482538,394088000
2014-11-07,0.488027,0.493754,0.467503,0.472276,450800000
2014-11-10,0.471799,0.480867,0.470606,0.477765,293388000
2014-11-11,0.474901,0.477526,0.46798,0.472037,212992000
2014-11-12,0.470367,0.47156,0.462492,0.468935,204584000
2014-11-13,0.470606,0.471322,0.46273,0.466549,225328000
2014-11-14,0.467026,0.472276,0.462492,0.472276,160248000
2014-11-17,0.470128,0.47514,0.467026,0.470128,158732000
2014-11-18,0.470367,0.482538,0.469174,0.481345,207772000
2014-11-19,0.481704,0.483142,0.474515,0.479547,240300000
2014-11-20,0.476192,0.487935,0.474754,0.487456,220968000
2014-11-21,0.491769,0.492488,0.486018,0.490092,198976000
2014-11-24,0.49129,0.495364,0.489373,0.493207,136004000
2014-11-25,0.492249,0.496563,0.49129,0.492968,190240000
2014-11-26,0.490092,0.501835,0.489852,0.501355,219264000
2014-11-28,0.503033,0.50543,0.49848,0.502554,124832000
2014-12-01,0.500397,0.503273,0.492488,0.493207,190060000
2014-12-02,0.492728,0.496083,0.488175,0.493927,245952000
2014-12-03,0.496323,0.506868,0.494885,0.506628,284424000
2014-12-04,0.505909,0.507826,0.49872,0.502075,185332000
2014-12-05,0.502314,0.507587,0.502075,0.504951,165680000
2014-12-08,0.504231,0.509264,0.494406,0.49848,226944000
2014-12-09,0.495364,0.498,0.487935,0.496802,239448000
2014-12-10,0.495364,0.497282,0.485299,0.485778,204364000
2014-12-11,0.488654,0.492009,0.48458,0.485539,135652000
2014-12-12,0.479068,0.483382,0.469961,0.47044,323964000
2014-12-15,0.475952,0.48458,0.467564,0.469002,254696000
2014-12-16,0.468523,0.475952,0.46349,0.46373,185308000
2014-12-17,0.473077,0.483382,0.457739,0.482663,345596000
2014-12-18,0.488654,0.494406,0.480027,0.48458,226156000
2014-12-19,0.487935,0.49129,0.483382,0.489373,325528000
2014-12-22,0.488894,0.498001,0.487216,0.498001,148976000
2014-12-23,0.501835,0.504231,0.494406,0.494885,109280000
2014-12-24,0.496083,0.496802,0.492488,0.492968,45644000
2014-12-26,0.492968,0.496083,0.49177,0.493447,52636000
2014-12-29,0.492009,0.496083,0.489613,0.492728,82944000
2014-12-30,0.489373,0.491769,0.487456,0.488175,112120000
2014-12-31,0.488894,0.49153,0.479068,0.480506,166300000
2015-01-02,0.482423,0.486018,0.474754,0.482423,113680000
2015-01-05,0.482423,0.483861,0.472118,0.474275,197952000
2015-01-06,0.474994,0.475473,0.459416,0.459896,197764000
2015-01-07,0.463251,0.467325,0.457259,0.458697,321808000
2015-01-08,0.46397,0.478828,0.46373,0.475952,283780000
2015-01-09,0.47763,0.481464,0.471159,0.47787,209540000
2015-01-12,0.479068,0.479307,0.467564,0.471878,190732000
2015-01-13,0.475473,0.485059,0.467804,0.471159,236720000
2015-01-14,0.466127,0.474514,0.464928,0.473076,155260000
2015-01-15,0.476432,0.479307,0.469482,0.469721,188932000
2015-01-16,0.469002,0.478828,0.467564,0.478349,181512000
2015-01-20,0.481704,0.48434,0.473796,0.479787,140308000
2015-01-21,0.477151,0.487695,0.473796,0.486497,144780000
2015-01-22,0.487456,0.496323,0.482423,0.494885,159712000
2015-01-23,0.495364,0.497282,0.49129,0.496323,120416000
2015-01-26,0.494166,0.496563,0.49105,0.494166,133240000
2015-01-27,0.486497,0.486976,0.469482,0.47044,357948000
2015-01-28,0.476192,0.478109,0.462532,0.462771,272728000
2015-01-29,0.463011,0.476671,0.460854,0.474035,235340000
2015-01-30,0.47068,0.476192,0.459416,0.460135,298200000
2015-02-02,0.463011,0.472118,0.453904,0.470201,259604000
2015-02-03,0.473556,0.482423,0.471159,0.481944,183468000
2015-02-04,0.480506,0.488654,0.479068,0.483142,181516000
2015-02-05,0.483621,0.49129,0.483142,0.491051,140448000
2015-02-06,0.490571,0.496323,0.486737,0.488894,210524000
2015-02-09,0.486018,0.489852,0.482902,0.488414,273944000
2015-02-10,0.488894,0.502314,0.486737,0.502075,226204000
2015-02-11,0.503273,0.503273,0.495364,0.49872,320832000
2015-02-12,0.527238,0.539221,0.524123,0.534428,676904000
2015-02-13,0.533229,0.535386,0.525081,0.534667,310084000
2015-02-17,0.533709,0.538981,0.530354,0.536345,203340000
2015-02-18,0.535626,0.536585,0.529155,0.530114,170948000
2015-02-19,0.536825,0.537783,0.529156,0.531552,169432000
2015-02-20,0.531073,0.535626,0.527238,0.535387,157752000
2015-02-23,0.535147,0.535147,0.528436,0.531073,125008000
2015-02-24,0.533118,0.536726,0.528306,0.536726,149356000
2015-02-25,0.534561,0.536967,0.530231,0.532636,123820000
2015-02-26,0.533118,0.537208,0.52975,0.53408,152864000
2015-02-27,0.532637,0.533839,0.528787,0.530712,157492000
2015-03-02,0.529268,0.54659,0.528547,0.543703,301512000
2015-03-03,0.539613,0.542259,0.531915,0.533599,160344000
2015-03-04,0.531674,0.540816,0.529509,0.539613,226840000
2015-03-05,0.539613,0.55092,0.53817,0.549958,323056000
2015-03-06,0.54683,0.549477,0.542019,0.5425,257392000
2015-03-09,0.542741,0.548033,0.541538,0.543944,222388000
2015-03-10,0.546349,0.556935,0.545387,0.553326,527212000
2015-03-11,0.553326,0.560543,0.548996,0.550439,262120000
2015-03-12,0.545146,0.549236,0.535042,0.545387,406972000
2015-03-13,0.542741,0.547552,0.535283,0.546109,359288000
2015-03-16,0.550439,0.555972,0.546831,0.552604,236956000
2015-03-17,0.551402,0.559581,0.547553,0.559341,299900000
2015-03-18,0.55934,0.562227,0.545146,0.550198,413844000
2015-03-19,0.552123,0.560543,0.548033,0.558619,310756000
2015-03-20,0.56319,0.568001,0.557897,0.564633,462084000
2015-03-23,0.547793,0.55501,0.546109,0.546349,426012000
2015-03-24,0.544665,0.548515,0.536486,0.538892,330480000
2015-03-25,0.538651,0.538651,0.504489,0.506173,542552000
2015-03-26,0.495828,0.506654,0.49222,0.504489,311920000
2015-03-27,0.507376,0.516278,0.499197,0.514353,318288000
2015-03-30,0.516759,0.519164,0.510023,0.516518,253252000
2015-03-31,0.515074,0.515556,0.503046,0.503527,357276000
2015-04-01,0.505451,0.507135,0.49679,0.505451,330768000
2015-04-02,0.508338,0.509782,0.502324,0.506654,192204000
2015-04-06,0.504489,0.523013,0.499196,0.521329,515864000
2015-04-07,0.521329,0.531674,0.518442,0.5259,413964000
2015-04-08,0.526381,0.531674,0.521329,0.52975,366432000
2015-04-09,0.52566,0.543703,0.525419,0.542019,379432000
2015-04-10,0.5425,0.547793,0.540575,0.547552,258728000
2015-04-13,0.546349,0.549477,0.540094,0.5425,236724000
2015-04-14,0.540335,0.5425,0.532636,0.537929,220276000
2015-04-15,0.539373,0.548515,0.536726,0.544425,243560000
2015-04-16,0.541297,0.545868,0.537207,0.541057,155284000
2015-04-17,0.52975,0.539373,0.529509,0.53408,293636000
2015-04-20,0.536485,0.539853,0.530471,0.531433,231624000
2015-04-21,0.537929,0.537929,0.528066,0.530712,230456000
2015-04-22,0.533839,0.537448,0.52566,0.536726,207420000
2015-04-23,0.526863,0.539613,0.520848,0.534561,259380000
2015-04-24,0.53432,0.534561,0.523976,0.52999,240960000
2015-04-27,0.531674,0.543463,0.527103,0.53408,248456000
2015-04-28,0.533118,0.538651,0.528065,0.536726,234484000
2015-04-29,0.532877,0.53817,0.530471,0.532636,195156000
2015-04-30,0.52999,0.536726,0.528787,0.53408,218844000
2015-05-01,0.53841,0.548996,0.536005,0.547312,256968000
2015-05-04,0.54683,0.550439,0.542259,0.543944,200720000
2015-05-05,0.542019,0.542741,0.527584,0.52999,292928000
2015-05-06,0.532877,0.537929,0.524698,0.531674,316484000
2015-05-07,0.529509,0.542741,0.527825,0.541057,534564000
2015-05-08,0.505451,0.525419,0.492941,0.501121,1146552000
2015-05-11,0.494144,0.501362,0.490295,0.496309,544144000
2015-05-12,0.492701,0.505211,0.49246,0.501121,388800000
2015-05-13,0.50473,0.508579,0.499196,0.504008,308524000
2015-05-14,0.505451,0.514834,0.504248,0.512187,293052000
2015-05-15,0.514353,0.516758,0.509301,0.512428,215824000
2015-05-18,0.511225,0.514834,0.508819,0.511706,324972000
2015-05-19,0.512383,0.514075,0.507549,0.508516,253808000
2015-05-20,0.508758,0.5148,0.508033,0.508516,196824000
2015-05-21,0.508758,0.510933,0.504407,0.504891,239692000
2015-05-22,0.506099,0.508033,0.502957,0.504165,212592000
2015-05-26,0.501749,0.505132,0.497157,0.501024,259732000
2015-05-27,0.504407,0.530268,0.502715,0.527851,432332000
2015-05-28,0.527851,0.536794,0.526885,0.535102,327656000
2015-05-29,0.535102,0.538486,0.534135,0.53486,335168000
2015-06-01,0.538244,0.54622,0.53486,0.540902,372660000
2015-06-02,0.537519,0.540419,0.529785,0.530268,224304000
2015-06-03,0.531718,0.535827,0.523501,0.524468,250788000
2015-06-04,0.521325,0.535585,0.521325,0.533893,323712000
2015-06-05,0.532202,0.540419,0.526643,0.538002,313320000
2015-06-08,0.53631,0.539936,0.519634,0.525676,342812000
2015-06-09,0.526159,0.532202,0.525193,0.528335,256888000
2015-06-10,0.522051,0.525434,0.516009,0.518909,529460000
2015-06-11,0.518909,0.528093,0.518909,0.524468,283052000
2015-06-12,0.521084,0.524226,0.508999,0.510208,323728000
2015-06-15,0.507549,0.511658,0.503682,0.509241,306548000
2015-06-16,0.508274,0.51625,0.503199,0.515525,256892000
2015-06-17,0.515283,0.524467,0.514075,0.521567,233544000
2015-06-18,0.525918,0.533652,0.524468,0.530268,299404000
2015-06-19,0.530268,0.534619,0.523743,0.528576,355656000
2015-06-22,0.529543,0.532443,0.518425,0.526401,514236000
2015-06-23,0.527368,0.531476,0.508758,0.512866,414064000
2015-06-24,0.512141,0.5148,0.505374,0.507791,253368000
2015-06-25,0.507791,0.5148,0.507791,0.511658,350460000
2015-06-26,0.507549,0.508033,0.49909,0.501265,421296000
2015-06-29,0.495465,0.50054,0.485555,0.486281,391724000
2015-06-30,0.489181,0.491356,0.482655,0.486039,315916000
2015-07-01,0.498123,0.505132,0.488697,0.493048,302892000
2015-07-02,0.492806,0.496673,0.490389,0.493531,145764000
2015-07-06,0.489423,0.49619,0.483864,0.487489,214776000
2015-07-07,0.484589,0.486522,0.463078,0.478305,594252000
2015-07-08,0.475646,0.478546,0.471054,0.474921,332492000
2015-07-09,0.482414,0.484589,0.46622,0.469121,357588000
2015-07-10,0.475163,0.481688,0.473954,0.477338,216708000
2015-07-13,0.482172,0.483139,0.477338,0.48048,212472000
2015-07-14,0.481205,0.481688,0.474438,0.480722,249216000
2015-07-15,0.479513,0.482655,0.472988,0.477338,265732000
2015-07-16,0.480238,0.487972,0.478547,0.487972,282848000
2015-07-17,0.486281,0.486764,0.478788,0.485072,220372000
2015-07-20,0.485072,0.487006,0.474921,0.47613,188412000
2015-07-21,0.475163,0.485072,0.475163,0.478305,149720000
2015-07-22,0.474921,0.474921,0.46332,0.469121,356472000
2015-07-23,0.470087,0.48193,0.46912,0.474921,169916000
2015-07-24,0.478305,0.478788,0.467429,0.469362,188844000
2015-07-27,0.465254,0.472021,0.461387,0.466704,192420000
2015-07-28,0.467912,0.479997,0.463078,0.476855,198308000
2015-07-29,0.475888,0.486522,0.473954,0.482655,232680000
2015-07-30,0.481447,0.488697,0.481447,0.483864,190180000
2015-07-31,0.485797,0.486039,0.479272,0.482172,218340000
2015-08-03,0.486039,0.490873,0.479755,0.490389,397132000
2015-08-04,0.488697,0.493773,0.486764,0.492323,260100000
2015-08-05,0.504407,0.504891,0.496431,0.497398,234628000
2015-08-06,0.49619,0.499815,0.486039,0.494256,655676000
2015-08-07,0.542836,0.56483,0.528818,0.555404,1405248000
2015-08-10,0.551537,0.578848,0.548153,0.574739,662304000
2015-08-11,0.56628,0.577398,0.56628,0.571839,435008000
2015-08-12,0.562655,0.577398,0.562655,0.573289,384048000
2015-08-13,0.574014,0.575223,0.567005,0.568455,276884000
2015-08-14,0.567972,0.572322,0.564588,0.568938,214652000
2015-08-17,0.567972,0.567972,0.558304,0.565313,273880000
2015-08-18,0.563566,0.567449,0.555799,0.560168,287084000
2015-08-19,0.55944,0.56575,0.551916,0.557983,249248000
2015-08-20,0.551673,0.554343,0.535169,0.537839,426932000
2015-08-21,0.533956,0.542936,0.520607,0.521092,382664000
2015-08-24,0.491967,0.529829,0.485414,0.502646,682284000
2015-08-25,0.524733,0.526674,0.49221,0.49221,622684000
2015-08-26,0.508228,0.529829,0.504345,0.529344,614976000
2015-08-27,0.534926,0.549489,0.531771,0.549246,463764000
2015-08-28,0.549246,0.555071,0.545362,0.551673,320944000
2015-08-31,0.549003,0.552887,0.543421,0.545606,219352000
2015-09-01,0.52983,0.53881,0.519393,0.523276,353408000
2015-09-02,0.537596,0.539295,0.528616,0.539052,344044000
2015-09-03,0.547061,0.549731,0.539538,0.540508,262556000
2015-09-04,0.531286,0.53978,0.527645,0.527888,287972000
2015-09-08,0.540751,0.552644,0.538567,0.55046,238448000
2015-09-09,0.552158,0.55677,0.538324,0.539537,289392000
2015-09-10,0.536382,0.554828,0.533955,0.548032,357076000
2015-09-11,0.541965,0.553372,0.53978,0.549731,301584000
2015-09-14,0.552401,0.5541,0.54779,0.550702,192460000
2015-09-15,0.550945,0.559683,0.549246,0.55677,327976000
2015-09-16,0.555799,0.563809,0.551673,0.560653,173508000
2015-09-17,0.570361,0.575458,0.564536,0.56575,268712000
2015-09-18,0.557983,0.570119,0.554586,0.565265,326412000
2015-09-21,0.565993,0.572303,0.56308,0.57109,281840000
2015-09-22,0.558712,0.562595,0.552644,0.555556,228356000
2015-09-23,0.556042,0.561624,0.553857,0.558226,161632000
2015-09-24,0.554828,0.57473,0.546091,0.568905,382440000
2015-09-25,0.575944,0.584196,0.567449,0.573031,369692000
2015-09-28,0.573031,0.576672,0.561867,0.565507,395584000
2015-09-29,0.571575,0.576429,0.563566,0.575458,380736000
2015-09-30,0.580798,0.599001,0.5774,0.598273,556380000
2015-10-01,0.598273,0.599972,0.569633,0.586623,489296000
2015-10-02,0.583468,0.601913,0.5774,0.601913,386144000
2015-10-05,0.605797,0.624485,0.602641,0.616961,482024000
2015-10-06,0.610408,0.62764,0.607981,0.624971,453216000
2015-10-07,0.626427,0.637834,0.616233,0.631524,310152000
2015-10-08,0.628854,0.636863,0.618175,0.635164,460068000
2015-10-09,0.631766,0.637834,0.620845,0.632737,423248000
2015-10-12,0.633465,0.643174,0.628854,0.639533,227588000
2015-10-13,0.634436,0.64463,0.632252,0.640747,298444000
2015-10-14,0.641475,0.674483,0.640747,0.664046,612148000
2015-10-15,0.66526,0.679337,0.658464,0.665745,526048000
2015-10-16,0.66793,0.682492,0.666231,0.676182,448396000
2015-10-19,0.678366,0.681521,0.667202,0.674968,294712000
2015-10-20,0.672056,0.677153,0.666959,0.673997,264824000
2015-10-21,0.678123,0.682249,0.664046,0.66526,386280000
2015-10-22,0.673027,0.691472,0.672056,0.689288,306884000
2015-10-23,0.695356,0.698511,0.684919,0.693899,381776000
2015-10-26,0.694385,0.696084,0.684434,0.690744,247436000
2015-10-27,0.687346,0.694628,0.686861,0.690259,208268000
2015-10-28,0.694628,0.695841,0.684434,0.695841,217036000
2015-10-29,0.684677,0.691715,0.6706,0.671813,327168000
2015-10-30,0.679094,0.693414,0.673997,0.68856,301160000
2015-11-02,0.690744,0.697297,0.686618,0.696569,190088000
2015-11-03,0.692443,0.696326,0.683948,0.691715,376768000
2015-11-04,0.689773,0.69487,0.677153,0.680308,442264000
2015-11-05,0.683706,0.685647,0.6706,0.672541,478800000
2015-11-06,0.739043,0.775206,0.723752,0.765741,1172272000
2015-11-09,0.758217,0.764527,0.751663,0.762343,492568000
2015-11-10,0.752392,0.756518,0.731762,0.747781,552260000
2015-11-11,0.748266,0.753605,0.737829,0.740499,619896000
2015-11-12,0.7388,0.745596,0.734674,0.737829,291080000
2015-11-13,0.738557,0.741713,0.719626,0.723267,292940000
2015-11-16,0.732732,0.738315,0.726907,0.737829,344280000
2015-11-17,0.739771,0.74414,0.734674,0.737829,257048000
2015-11-18,0.740875,0.756954,0.732835,0.75598,350216000
2015-11-19,0.758659,0.765725,0.752569,0.758172,254072000
2015-11-20,0.763776,0.769135,0.759147,0.76475,239744000
2015-11-23,0.771085,0.771085,0.75062,0.7533,242552000
2015-11-24,0.7533,0.765969,0.749889,0.759391,195428000
2015-11-25,0.757929,0.766943,0.755736,0.758416,138300000
2015-11-27,0.759877,0.767186,0.755979,0.76475,86996000
2015-11-30,0.765481,0.776201,0.76475,0.77279,327244000
2015-12-01,0.779612,0.798615,0.778881,0.797884,409496000
2015-12-02,0.799102,0.807385,0.790088,0.791793,294240000
2015-12-03,0.798128,0.806411,0.78619,0.790088,246656000
2015-12-04,0.790088,0.823708,0.790088,0.822247,458756000
2015-12-07,0.822003,0.822003,0.804218,0.806654,333588000
2015-12-08,0.796666,0.821028,0.791549,0.817618,314488000
2015-12-09,0.817374,0.822247,0.788626,0.796909,372676000
2015-12-10,0.799346,0.807873,0.796666,0.803487,236596000
2015-12-11,0.795448,0.801051,0.789844,0.791549,227320000
2015-12-14,0.79228,0.797884,0.783997,0.793498,275892000
2015-12-15,0.802513,0.808847,0.798128,0.803244,307296000
2015-12-16,0.804949,0.810796,0.797884,0.808116,236356000
2015-12-17,0.809334,0.817618,0.795447,0.795935,254160000
2015-12-18,0.790331,0.798371,0.782048,0.783022,395896000
2015-12-21,0.79155,0.802269,0.784484,0.801538,284216000
2015-12-22,0.803974,0.810309,0.797396,0.802269,130012000
2015-12-23,0.803487,0.808603,0.802025,0.805436,122524000
2015-12-24,0.803,0.810065,0.801782,0.808116,52448000
2015-12-28,0.799589,0.807385,0.788382,0.807385,142024000
2015-12-29,0.807873,0.822978,0.80568,0.820541,203660000
2015-12-30,0.81981,0.826876,0.813233,0.813476,180344000
2015-12-31,0.812258,0.815912,0.803,0.803,148528000
2016-01-04,0.786677,0.793742,0.780586,0.788626,358076000
2016-01-05,0.803487,0.814694,0.791793,0.801295,490272000
2016-01-06,0.788138,0.791793,0.759147,0.768161,449344000
2016-01-07,0.748914,0.754031,0.727962,0.737708,645304000
2016-01-08,0.747209,0.74794,0.72041,0.721872,398472000
2016-01-11,0.722603,0.728206,0.710178,0.72309,409372000
2016-01-12,0.736002,0.745991,0.730155,0.735271,469356000
2016-01-13,0.740875,0.745747,0.712126,0.712857,481672000
2016-01-14,0.69824,0.706523,0.677775,0.698483,600236000
2016-01-15,0.670466,0.678506,0.649027,0.660477,841452000
2016-01-19,0.67412,0.693123,0.663157,0.665837,457140000
2016-01-20,0.653168,0.678018,0.644398,0.669491,481180000
2016-01-21,0.676801,0.687764,0.662914,0.677288,481456000
2016-01-22,0.6902,0.697752,0.688738,0.693123,257996000
2016-01-25,0.69288,0.70092,0.690931,0.692393,270728000
2016-01-26,0.693854,0.702138,0.686789,0.699214,227944000
2016-01-27,0.698239,0.700432,0.677775,0.690931,231700000
2016-01-28,0.696534,0.698971,0.669979,0.683378,276776000
2016-01-29,0.689225,0.71505,0.686546,0.713588,310504000
2016-02-01,0.712857,0.717486,0.706767,0.713832,289884000
2016-02-02,0.706523,0.710177,0.678749,0.683622,341908000
2016-02-03,0.688982,0.693124,0.671197,0.687033,326772000
2016-02-04,0.688007,0.702869,0.680455,0.687276,348140000
2016-02-05,0.682648,0.6902,0.641962,0.643911,600428000
2016-02-08,0.634165,0.637332,0.605417,0.614431,608852000
2016-02-09,0.607123,0.646834,0.604199,0.621009,425372000
2016-02-10,0.624908,0.642936,0.616137,0.619548,335800000
2016-02-11,0.603712,0.622715,0.603712,0.61638,340144000
2016-02-12,0.626126,0.628075,0.602981,0.626857,340816000
2016-02-16,0.635871,0.658528,0.633922,0.657554,485352000
2016-02-17,0.665837,0.680211,0.663157,0.673877,771468000
2016-02-18,0.729181,0.754762,0.72845,0.73186,1068660000
2016-02-19,0.727962,0.748184,0.722359,0.741606,525628000
2016-02-22,0.752325,0.776445,0.750864,0.767918,449668000
2016-02-23,0.761827,0.777175,0.758172,0.769867,369380000
2016-02-24,0.766699,0.776444,0.745504,0.775226,336852000
2016-02-25,0.77815,0.78083,0.763045,0.776932,349616000
2016-02-26,0.780586,0.782535,0.764019,0.771816,361964000
2016-02-29,0.772916,0.782941,0.766314,0.766803,323344000
2016-03-01,0.768759,0.800791,0.767536,0.800791,348700000
2016-03-02,0.796389,0.808371,0.794922,0.805436,233812000
2016-03-03,0.804458,0.807882,0.787587,0.798346,302004000
2016-03-04,0.804458,0.805192,0.789787,0.7959,175304000
2016-03-07,0.791499,0.796878,0.780496,0.790766,239968000
2016-03-08,0.782697,0.787342,0.773894,0.776339,274940000
2016-03-09,0.783186,0.784408,0.765825,0.77585,222788000
2016-03-10,0.780496,0.784897,0.758978,0.774628,286084000
2016-03-11,0.78612,0.788076,0.776828,0.787831,277400000
2016-03-14,0.784163,0.792966,0.780496,0.789787,190312000
2016-03-15,0.785631,0.790766,0.771938,0.785875,226216000
2016-03-16,0.780007,0.812039,0.776339,0.809349,363644000
2016-03-17,0.806415,0.810327,0.791499,0.802502,353680000
2016-03-18,0.812039,0.837468,0.806904,0.82671,545512000
2016-03-21,0.819374,0.829399,0.810571,0.829154,337780000
2016-03-22,0.826465,0.833556,0.817418,0.827687,242012000
2016-03-23,0.831355,0.847982,0.827688,0.84187,429008000
2016-03-24,0.834289,0.844559,0.8316,0.843092,244956000
2016-03-28,0.841625,0.855318,0.840647,0.85165,265388000
2016-03-29,0.847982,0.867299,0.846026,0.865343,261812000
2016-03-30,0.868522,0.886371,0.868033,0.87439,376700000
2016-03-31,0.878302,0.880258,0.864365,0.871211,379884000
2016-04-01,0.865832,0.884415,0.85923,0.883926,348292000
2016-04-04,0.891262,0.895908,0.871945,0.875368,393940000
2016-04-05,0.867544,0.882215,0.86412,0.874146,339568000
2016-04-06,0.863142,0.875857,0.84676,0.875368,453376000
2016-04-07,0.869744,0.877569,0.862653,0.866321,378104000
2016-04-08,0.873412,0.879036,0.863387,0.871945,255936000
2016-04-11,0.87708,0.891751,0.87439,0.877325,387524000
2016-04-12,0.880259,0.881481,0.85923,0.876346,292764000
2016-04-13,0.880258,0.898597,0.880258,0.898353,350716000
2016-04-14,0.895907,0.90471,0.89224,0.900798,416564000
2016-04-15,0.900553,0.915958,0.897619,0.907889,436972000
2016-04-18,0.906177,0.906177,0.895174,0.903977,307320000
2016-04-19,0.9074,0.909111,0.882214,0.887838,309152000
2016-04-20,0.886371,0.896641,0.885393,0.891262,200172000
2016-04-21,0.891506,0.895663,0.886371,0.890283,178280000
2016-04-22,0.893218,0.899331,0.883926,0.88686,223540000
2016-04-25,0.887105,0.896152,0.88466,0.891262,191972000
2016-04-26,0.896641,0.906911,0.888083,0.891995,214536000
2016-04-27,0.889795,0.912779,0.888083,0.91229,352396000
2016-04-28,0.906666,0.912045,0.882948,0.885149,381224000
2016-04-29,0.881481,0.883437,0.85923,0.868766,321904000
2016-05-02,0.87708,0.885638,0.872923,0.880258,256076000
2016-05-03,0.870233,0.873901,0.862164,0.869744,224024000
2016-05-04,0.85923,0.859964,0.841136,0.849938,525764000
2016-05-05,0.857029,0.865098,0.848716,0.855073,246884000
2016-05-06,0.853606,0.866077,0.851895,0.863876,183240000
2016-05-09,0.866077,0.869744,0.855562,0.862653,333336000
2016-05-10,0.868033,0.880747,0.859719,0.87928,269676000
2016-05-11,0.88197,0.891506,0.87708,0.881725,328176000
2016-05-12,0.888083,0.891995,0.854095,0.869744,670540000
2016-05-13,0.958259,1.002517,0.953614,1.002028,2110256000
2016-05-16,0.994448,1.04653,0.991269,1.031614,973032000
2016-05-17,1.026968,1.04115,1.013765,1.033815,628392000
2016-05-18,1.026969,1.072204,1.026969,1.060223,541072000
2016-05-19,1.056065,1.072448,1.054598,1.064868,398880000
2016-05-20,1.07147,1.088342,1.069759,1.083941,391084000
2016-05-23,1.088586,1.092743,1.07905,1.085652,413636000
2016-05-24,1.088962,1.115438,1.08602,1.112006,415788000
2016-05-25,1.115438,1.120096,1.098523,1.107348,458076000
2016-05-26,1.109309,1.127205,1.106122,1.119115,309964000
2016-05-27,1.120341,1.12696,1.116664,1.125244,277416000
2016-05-31,1.130147,1.147798,1.129411,1.145346,412524000
2016-06-01,1.139953,1.158585,1.136521,1.147553,387132000
2016-06-02,1.153681,1.165449,1.142404,1.155643,329208000
2016-06-03,1.144366,1.145837,1.11936,1.139463,461076000
2016-06-06,1.142405,1.151231,1.127696,1.13358,322512000
2016-06-07,1.140444,1.146818,1.135296,1.135786,193400000
2016-06-08,1.136031,1.140198,1.122793,1.132108,234616000
2016-06-09,1.128186,1.163242,1.125734,1.161526,472168000
2016-06-10,1.147798,1.158094,1.131127,1.132598,400024000
2016-06-13,1.133824,1.169371,1.133824,1.147062,475588000
2016-06-14,1.144366,1.154662,1.131618,1.149269,298344000
2016-06-15,1.15883,1.171088,1.146082,1.161037,301036000
2016-06-16,1.152456,1.167655,1.141179,1.165694,246456000
2016-06-17,1.167165,1.16741,1.140688,1.145346,471000000
2016-06-20,1.163733,1.180893,1.162997,1.165939,293768000
2016-06-21,1.170842,1.174029,1.157114,1.15883,212508000
2016-06-22,1.161281,1.168881,1.155888,1.157849,202620000
2016-06-23,1.168881,1.189964,1.168145,1.188738,297880000
2016-06-24,1.139953,1.161036,1.110535,1.121077,1017684000
2016-06-27,1.111761,1.120341,1.092639,1.109064,449088000
2016-06-28,1.130147,1.131373,1.109799,1.125244,381920000
2016-06-29,1.13505,1.152456,1.132108,1.14363,318932000
2016-06-30,1.145591,1.159565,1.136276,1.152456,430940000
2016-07-01,1.146082,1.161036,1.139953,1.143875,218488000
2016-07-05,1.137502,1.162752,1.128431,1.160791,371084000
2016-07-06,1.152701,1.17501,1.146818,1.168146,273104000
2016-07-07,1.17599,1.202712,1.170597,1.198544,395400000
2016-07-08,1.211292,1.252478,1.206634,1.246594,481932000
2016-07-11,1.26449,1.284592,1.263019,1.275277,448776000
2016-07-12,1.289495,1.306165,1.273315,1.294398,436760000
2016-07-13,1.29685,1.304204,1.291947,1.293908,324604000
2016-07-14,1.300772,1.318914,1.289986,1.307146,316892000
2016-07-15,1.290476,1.29783,1.270864,1.291947,428616000
2016-07-18,1.307882,1.309843,1.293663,1.298566,252992000
2016-07-19,1.29783,1.317197,1.295379,1.312049,382652000
2016-07-20,1.316462,1.336319,1.311069,1.32921,296460000
2016-07-21,1.326268,1.330436,1.300282,1.304695,361308000
2016-07-22,1.309353,1.340242,1.299792,1.340242,315768000
2016-07-25,1.348331,1.368189,1.342448,1.365002,312528000
2016-07-26,1.377014,1.395401,1.375053,1.388291,514508000
2016-07-27,1.400303,1.402755,1.365982,1.374317,446676000
2016-07-28,1.377505,1.387556,1.373092,1.377259,221916000
2016-07-29,1.382407,1.40349,1.357647,1.399813,409588000
2016-08-01,1.405697,1.410846,1.381673,1.390743,301120000
2016-08-02,1.397362,1.398098,1.36059,1.373828,282748000
2016-08-03,1.372111,1.380201,1.364512,1.377505,299828000
2016-08-04,1.384124,1.409374,1.381427,1.403,272712000
2016-08-05,1.419181,1.427516,1.412316,1.42678,371588000
2016-08-08,1.446392,1.449824,1.424818,1.440018,305064000
2016-08-09,1.447128,1.457669,1.440018,1.443696,372344000
2016-08-10,1.456443,1.45865,1.429722,1.43438,375740000
2016-08-11,1.441979,1.469681,1.439037,1.463552,681064000
2016-08-12,1.517486,1.553769,1.486352,1.545434,1425744000
2016-08-15,1.547149,1.55671,1.523124,1.543962,573304000
2016-08-16,1.541755,1.544207,1.529988,1.534646,287652000
2016-08-17,1.534647,1.538079,1.487087,1.499099,595212000
2016-08-18,1.496893,1.52484,1.49101,1.522389,331684000
2016-08-19,1.521654,1.537834,1.515035,1.526312,291560000
2016-08-22,1.530969,1.534892,1.512828,1.532685,244748000
2016-08-23,1.548281,1.555158,1.540667,1.545088,339764000
2016-08-24,1.550492,1.551229,1.514143,1.521265,298448000
2016-08-25,1.521756,1.522493,1.492284,1.511195,406032000
2016-08-26,1.515125,1.532071,1.50309,1.523475,300024000
2016-08-29,1.529615,1.535755,1.520036,1.522492,274652000
2016-08-30,1.520528,1.528633,1.509476,1.513651,285544000
2016-08-31,1.516598,1.520773,1.502108,1.506528,388544000
2016-09-01,1.507756,1.556631,1.506528,1.550982,428492000
2016-09-02,1.554176,1.555895,1.518318,1.535755,323148000
2016-09-06,1.541159,1.550246,1.533299,1.550246,306812000
2016-09-07,1.545334,1.552948,1.518563,1.527405,397988000
2016-09-08,1.525931,1.540913,1.508493,1.538457,315808000
2016-09-09,1.52151,1.530107,1.449058,1.461829,697760000
2016-09-12,1.442426,1.494985,1.407796,1.492038,598260000
2016-09-13,1.488354,1.505546,1.462074,1.470425,471768000
2016-09-14,1.473864,1.488354,1.461583,1.483442,319048000
2016-09-15,1.485898,1.541404,1.48246,1.539685,515212000
2016-09-16,1.545088,1.553439,1.525686,1.543369,902444000
2016-09-19,1.559579,1.602805,1.552457,1.563754,417128000
2016-09-20,1.581684,1.581684,1.540913,1.54951,331112000
2016-09-21,1.554176,1.595928,1.55393,1.592981,336212000
2016-09-22,1.602314,1.607226,1.587823,1.59691,308732000
2016-09-23,1.598875,1.603541,1.588069,1.595191,276132000
2016-09-26,1.577017,1.586595,1.560316,1.580209,230040000
2016-09-27,1.57407,1.636698,1.573333,1.634242,402752000
2016-09-28,1.636698,1.641364,1.61926,1.640136,319788000
2016-09-29,1.637435,1.660521,1.622207,1.655364,336684000
2016-09-30,1.664451,1.699327,1.654627,1.682872,429932000
2016-10-03,1.682871,1.707186,1.678205,1.681152,242596000
2016-10-04,1.683608,1.711853,1.664942,1.677468,281624000
2016-10-05,1.691713,1.708906,1.670591,1.675749,305440000
2016-10-06,1.655609,1.665925,1.627365,1.65389,360212000
2016-10-07,1.664943,1.669364,1.63719,1.641856,286260000
2016-10-10,1.650452,1.659294,1.632523,1.647996,287876000
2016-10-11,1.642593,1.645049,1.611647,1.624173,388540000
2016-10-12,1.617541,1.640137,1.604033,1.631541,419920000
2016-10-13,1.612383,1.616067,1.564491,1.605015,390116000
2016-10-14,1.624664,1.635716,1.611155,1.620734,330636000
2016-10-17,1.620488,1.635716,1.60919,1.611401,195328000
2016-10-18,1.633751,1.645294,1.627119,1.635961,269372000
2016-10-19,1.624909,1.640136,1.616558,1.632523,199060000
2016-10-20,1.65168,1.668872,1.628348,1.663469,312084000
2016-10-21,1.657575,1.66175,1.643084,1.658803,279508000
2016-10-24,1.6701,1.738623,1.669855,1.736659,339836000
2016-10-25,1.733712,1.77571,1.725361,1.765149,397460000
2016-10-26,1.750412,1.791674,1.748693,1.772271,333792000
2016-10-27,1.785779,1.789217,1.728799,1.735922,388664000
2016-10-28,1.744272,1.770797,1.729782,1.732975,290856000
2016-10-31,1.738623,1.759254,1.737641,1.747711,252388000
2016-11-01,1.754096,1.763675,1.677222,1.695888,473224000
2016-11-02,1.708905,1.731992,1.685819,1.688766,295848000
2016-11-03,1.696626,1.698099,1.636699,1.669118,309664000
2016-11-04,1.658066,1.688029,1.635225,1.659539,328780000
2016-11-07,1.708169,1.761465,1.706941,1.750412,487580000
2016-11-08,1.757044,1.762692,1.731501,1.747711,429884000
2016-11-09,1.700309,1.741325,1.687783,1.718238,456532000
2016-11-10,1.755815,1.756061,1.639645,1.664451,869280000
2016-11-11,1.952789,2.180217,1.927983,2.160569,2175344000
2016-11-14,2.163517,2.165973,2.053732,2.054224,1348796000
2016-11-15,2.070187,2.147797,2.061345,2.116852,626092000
2016-11-16,2.145097,2.273302,2.120782,2.250461,987984000
2016-11-17,2.267161,2.328071,2.226391,2.269126,832988000
2016-11-18,2.269126,2.316773,2.254635,2.292949,576060000
2016-11-21,2.310878,2.317263,2.269371,2.283616,436436000
2016-11-22,2.291476,2.302282,2.26888,2.300072,330368000
2016-11-23,2.305236,2.34287,2.281869,2.311386,443236000
2016-11-25,2.322456,2.339182,2.297612,2.31606,195564000
2016-11-28,2.308927,2.330326,2.302285,2.31483,278736000
2016-11-29,2.312124,2.322947,2.275967,2.293677,444568000
2016-11-30,2.302285,2.316059,2.265389,2.267849,440500000
2016-12-01,2.265389,2.267111,2.085093,2.155686,1035524000
2016-12-02,2.121497,2.18422,2.093702,2.175611,478292000
2016-12-05,2.21349,2.277935,2.189139,2.259979,602284000
2016-12-06,2.268096,2.305483,2.252353,2.29712,498796000
2016-12-07,2.283592,2.3441,2.26539,2.338443,480804000
2016-12-08,2.341395,2.376568,2.288757,2.299334,381544000
2016-12-09,2.317043,2.318765,2.231199,2.258502,382312000
2016-12-12,2.210046,2.212506,2.153227,2.203651,601332000
2016-12-13,2.21595,2.270063,2.214966,2.242514,387796000
2016-12-14,2.276212,2.388621,2.252353,2.372387,983980000
2016-12-15,2.383455,2.458231,2.376076,2.427976,746548000
2016-12-16,2.455526,2.476925,2.403872,2.469792,1089528000
2016-12-19,2.452328,2.51997,2.43511,2.4998,744656000
2016-12-20,2.572362,2.610487,2.561047,2.586874,848056000
2016-12-21,2.598435,2.60606,2.550963,2.603108,576136000
2016-12-22,2.627459,2.677883,2.620325,2.634592,718612000
2016-12-23,2.616637,2.701743,2.613931,2.700267,647692000
2016-12-27,2.756346,2.886711,2.735685,2.885727,1194272000
2016-12-28,2.941809,2.949926,2.673455,2.68723,2295764000
2016-12-29,2.580233,2.742327,2.528579,2.740851,2175368000
2016-12-30,2.738884,2.752905,2.614669,2.625492,1212932000
2017-01-03,2.567934,2.61639,2.444457,2.509147,1501996000
2017-01-04,2.543337,2.594991,2.49734,2.567688,1199220000
2017-01-05,2.571131,2.602862,2.485534,2.502506,984296000
2017-01-06,2.529809,2.564245,2.489224,2.535958,822856000
2017-01-09,2.545796,2.656483,2.545796,2.638773,916248000
2017-01-10,2.65181,2.685754,2.598188,2.61885,880920000
2017-01-11,2.607289,2.612209,2.561785,2.586628,525664000
2017-01-12,2.563754,2.575314,2.499555,2.544322,625616000
2017-01-13,2.548256,2.582692,2.534974,2.544075,457820000
2017-01-17,2.533498,2.538417,2.473727,2.48701,580612000
2017-01-18,2.46561,2.539155,2.437815,2.532268,654424000
2017-01-19,2.53522,2.618604,2.533006,2.586628,644872000
2017-01-20,2.609257,2.626967,2.53645,2.558341,492024000
2017-01-23,2.553175,2.604829,2.550716,2.584906,369904000
2017-01-24,2.594991,2.646153,2.580232,2.640003,428052000
2017-01-25,2.682311,2.68846,2.615407,2.651319,522760000
2017-01-26,2.654023,2.704447,2.624507,2.697068,458800000
2017-01-27,2.703956,2.752166,2.677391,2.749215,471996000
2017-01-30,2.728307,2.730521,2.65427,2.70617,496004000
2017-01-31,2.679851,2.706908,2.661403,2.685508,362756000
2017-02-01,2.719944,2.807017,2.702234,2.802836,590004000
2017-02-02,2.786847,2.846864,2.756347,2.838255,483240000
2017-02-03,2.83973,2.850799,2.801605,2.813411,372744000
2017-02-06,2.804066,2.885974,2.804066,2.885483,506768000
2017-02-07,2.919671,2.974276,2.899993,2.930248,746224000
2017-02-08,2.912293,2.934676,2.862607,2.917458,449580000
2017-02-09,2.923608,2.928527,2.843421,2.862607,842568000
2017-02-10,2.949927,2.968866,2.76963,2.794719,1651092000
2017-02-13,2.789062,2.803574,2.661403,2.66583,1180724000
2017-02-14,2.656237,2.709367,2.614422,2.675669,850632000
2017-02-15,2.678621,2.700758,2.65058,2.68108,373020000
2017-02-16,2.690673,2.691903,2.598926,2.638036,647176000
2017-02-17,2.624506,2.64197,2.577526,2.637542,563740000
2017-02-21,2.662141,2.735932,2.661895,2.731997,551952000
2017-02-22,2.744064,2.753422,2.708845,2.727809,433772000
2017-02-23,2.598266,2.620185,2.45493,2.474879,1592888000
2017-02-24,2.390651,2.512068,2.356911,2.498769,1029904000
2017-02-27,2.516992,2.586444,2.50123,2.57142,715400000
2017-02-28,2.581025,2.590877,2.48202,2.49926,625360000
2017-03-01,2.556151,2.570436,2.490148,2.531523,504804000
2017-03-02,2.518716,2.532754,2.435473,2.438182,754332000
2017-03-03,2.427592,2.432518,2.369716,2.424145,864692000
2017-03-06,2.387942,2.416018,2.343857,2.405428,883568000
2017-03-07,2.405428,2.451236,2.392622,2.43178,603400000
2017-03-08,2.480052,2.494829,2.425131,2.427347,638712000
2017-03-09,2.411338,2.449265,2.398778,2.426854,478060000
2017-03-10,2.453206,2.465028,2.422914,2.441139,499740000
2017-03-13,2.451483,2.518225,2.450744,2.508373,774136000
2017-03-14,2.52118,2.530539,2.474387,2.506649,522016000
2017-03-15,2.518224,2.536449,2.470692,2.525612,615036000
2017-03-16,2.536203,2.557136,2.522165,2.556644,523100000
2017-03-17,2.57413,2.613535,2.556644,2.612304,1119688000
2017-03-20,2.62979,2.699488,2.613782,2.695547,748568000
2017-03-21,2.678307,2.708107,2.600482,2.608363,913484000
2017-03-22,2.597281,2.666239,2.59334,2.66156,616764000
2017-03-23,2.653679,2.673628,2.627819,2.637424,533940000
2017-03-24,2.683725,2.691606,2.620923,2.646783,439500000
2017-03-27,2.600236,2.669933,2.550979,2.665993,506644000
2017-03-28,2.667224,2.681755,2.641857,2.652201,432444000
2017-03-29,2.659589,2.671903,2.641364,2.643581,349992000
2017-03-30,2.650724,2.709093,2.645059,2.694316,525532000
2017-03-31,2.684711,2.706384,2.669688,2.682741,440808000
2017-04-03,2.683233,2.700473,2.645552,2.669195,445232000
2017-04-04,2.546547,2.571667,2.471185,2.482021,1271280000
2017-04-05,2.463303,2.521179,2.450496,2.463549,747048000
2017-04-06,2.468722,2.493596,2.423652,2.481529,635120000
2017-04-07,2.487932,2.505418,2.455915,2.470938,429068000
2017-04-10,2.471678,2.478327,2.403704,2.407891,756332000
2017-04-11,2.377843,2.435719,2.372918,2.416509,618148000
2017-04-12,2.41651,2.430795,2.39139,2.396562,414092000
2017-04-13,2.372426,2.394099,2.351738,2.351738,506892000
2017-04-17,2.364545,2.444094,2.359373,2.443847,497292000
2017-04-18,2.429563,2.451483,2.403704,2.445325,370116000
2017-04-19,2.462811,2.486947,2.448281,2.45493,380828000
2017-04-20,2.46946,2.498521,2.44828,2.493842,404016000
2017-04-21,2.483498,2.506895,2.471677,2.504186,341896000
2017-04-24,2.535709,2.548516,2.514776,2.535463,371820000
2017-04-25,2.549995,2.594079,2.528568,2.579549,388440000
2017-04-26,2.593094,2.595557,2.559846,2.561817,327004000
2017-04-27,2.569204,2.610087,2.551226,2.601713,319700000
2017-04-28,2.594818,2.601714,2.563048,2.568712,348248000
2017-05-01,2.579548,2.631513,2.572406,2.626341,307732000
2017-05-02,2.599496,2.600728,2.525858,2.548516,629972000
2017-05-03,2.541621,2.577086,2.526845,2.567481,336904000
2017-05-04,2.573637,2.584719,2.549748,2.557629,209788000
2017-05-05,2.546054,2.565018,2.530538,2.557875,228428000
2017-05-08,2.569697,2.571175,2.519702,2.531031,365240000
2017-05-09,2.536695,2.584227,2.528321,2.535217,847672000
2017-05-10,2.814747,3.000196,2.808097,2.987143,2129096000
2017-05-11,2.956605,3.212245,2.953157,3.115457,1939792000
2017-05-12,3.118658,3.191804,3.097724,3.149689,962620000
2017-05-15,3.190818,3.310265,3.186385,3.307802,1087540000
2017-05-16,3.358782,3.384888,3.284405,3.369372,1120700000
2017-05-17,3.302629,3.321347,3.141315,3.145502,1271368000
2017-05-18,3.18934,3.286128,3.129001,3.277262,1156032000
2017-05-19,3.378344,3.407682,3.33372,3.352951,1018372000
2017-05-22,3.396589,3.438747,3.385741,3.424448,836608000
2017-05-23,3.444171,3.44639,3.345801,3.378345,681248000
2017-05-24,3.475235,3.477947,3.404231,3.416312,815996000
2017-05-25,3.451567,3.452306,3.363798,3.408669,608228000
2017-05-26,3.400533,3.58174,3.380317,3.49693,779140000
2017-05-30,3.542787,3.606641,3.526762,3.571632,989652000
2017-05-31,3.616503,3.624146,3.502108,3.558813,887316000
2017-06-01,3.57459,3.575577,3.513695,3.559058,503340000
2017-06-02,3.5561,3.582234,3.535391,3.541308,487456000
2017-06-05,3.525035,3.661865,3.513448,3.649045,817376000
2017-06-06,3.644361,3.690464,3.619214,3.632527,758728000
2017-06-07,3.656936,3.695149,3.641404,3.676412,612612000
2017-06-08,3.78341,3.944648,3.742238,3.943169,1161744000
2017-06-09,4.061508,4.154207,3.519365,3.688246,3692928000
2017-06-12,3.596532,3.740019,3.503586,3.697367,1697532000
2017-06-13,3.806585,3.815707,3.590862,3.732623,1672504000
2017-06-14,3.735582,3.798203,3.661127,3.740513,1184640000
2017-06-15,3.623159,3.786862,3.611818,3.756538,963824000
2017-06-16,3.766152,3.813981,3.704024,3.738047,924960000
2017-06-19,3.782178,3.883753,3.77848,3.878576,778176000
2017-06-20,3.920733,3.987545,3.868713,3.872904,1095444000
2017-06-21,3.900518,3.93528,3.838636,3.931582,682652000
2017-06-22,3.939717,3.953031,3.880548,3.904462,469132000
2017-06-23,3.912104,3.927883,3.777493,3.792532,1088588000
2017-06-26,3.825322,3.860824,3.656935,3.751113,1063960000
2017-06-27,3.733608,3.742237,3.608119,3.61379,999492000
2017-06-28,3.681342,3.745936,3.593327,3.741251,994948000
2017-06-29,3.7129,3.715858,3.552156,3.616256,1064424000
2017-06-30,3.633513,3.647073,3.537856,3.563989,731060000
2017-07-03,3.576069,3.590862,3.416558,3.435048,709072000
2017-07-05,3.498409,3.555607,3.479426,3.526762,820188000
2017-07-06,3.49767,3.584206,3.44565,3.537363,746284000
2017-07-07,3.594068,3.636473,3.571139,3.618228,654972000
2017-07-10,3.691698,3.796724,3.665564,3.789328,958492000
2017-07-11,3.793025,3.850716,3.751113,3.843073,757956000
2017-07-12,3.902737,4.018611,3.859839,4.00653,1145208000
2017-07-13,4.01861,4.099968,3.91383,3.96018,1369132000
2017-07-14,3.976452,4.068165,3.969549,4.066686,941948000
2017-07-17,4.100707,4.129552,3.987791,4.049427,930792000
2017-07-18,3.988532,4.106132,3.976698,4.091587,776640000
2017-07-19,4.100707,4.127087,4.058303,4.070383,687044000
2017-07-20,4.090847,4.1298,4.041046,4.129554,699596000
2017-07-21,4.109091,4.173931,4.094791,4.144346,648332000
2017-07-24,4.151495,4.16111,4.085669,4.09627,652524000
2017-07-25,4.073342,4.090847,4.032909,4.076547,496556000
2017-07-26,4.133991,4.189463,4.088874,4.123637,640404000
2017-07-27,4.148537,4.160124,3.884492,3.987546,782856000
2017-07-28,3.951798,4.077288,3.926898,4.05288,513348000
2017-07-31,4.06644,4.102435,3.959934,4.00653,559672000
2017-08-01,3.997159,4.057068,3.9693,4.055343,431384000
2017-08-02,4.08641,4.090354,3.97596,4.05288,478444000
2017-08-03,4.052385,4.108103,4.035374,4.104405,442420000
2017-08-04,4.127089,4.192915,4.104407,4.122405,589096000
2017-08-07,4.151495,4.249618,4.14188,4.249125,717412000
2017-08-08,4.287093,4.303611,4.159385,4.198585,755336000
2017-08-09,4.152481,4.245673,4.133744,4.243208,530784000
2017-08-10,4.244441,4.256769,4.0514,4.061509,1328088000
2017-08-11,3.874137,3.919993,3.76985,3.845045,1497196000
2017-08-14,3.936511,4.155439,3.924924,4.151741,1279020000
2017-08-15,4.15692,4.183053,4.082465,4.116734,764532000
2017-08-16,4.131772,4.155194,4.03932,4.071616,596632000
2017-08-17,4.063235,4.080246,3.978671,3.98089,525444000
2017-08-18,4.035128,4.05214,3.935772,3.981629,601204000
2017-08-21,4.006036,4.017377,3.879808,3.923692,623672000
2017-08-22,3.96021,4.016964,3.940963,4.011042,450456000
2017-08-23,3.977732,4.102345,3.969095,4.09124,579520000
2017-08-24,4.123319,4.127761,4.049786,4.076189,469700000
2017-08-25,4.10037,4.110487,4.035719,4.042135,357200000
2017-08-28,4.061136,4.073967,4.005615,4.070759,389496000
2017-08-29,4.012032,4.085812,4.003889,4.064097,324096000
2017-08-30,4.083836,4.099382,4.053485,4.088278,384400000
2017-08-31,4.108513,4.185008,4.101111,4.18106,612684000
2017-09-01,4.193644,4.241762,4.185007,4.206229,445432000
2017-09-05,4.154903,4.159838,4.035966,4.093954,695364000
2017-09-06,4.126773,4.140592,4.056694,4.091486,397672000
2017-09-07,4.108266,4.142812,4.070266,4.110487,352868000
2017-09-08,4.09889,4.113695,4.014992,4.039174,498856000
2017-09-11,4.084824,4.180813,4.079395,4.170202,567444000
2017-09-12,4.194879,4.194879,4.120112,4.185256,411488000
2017-09-13,4.160086,4.232879,4.127761,4.204009,580960000
2017-09-14,4.165022,4.25805,4.140593,4.180074,513712000
2017-09-15,4.265452,4.444351,4.26027,4.444351,1364792000
2017-09-18,4.568469,4.718005,4.56156,4.627938,1684460000
2017-09-19,4.5776,4.684693,4.555638,4.623003,874280000
2017-09-20,4.626705,4.674083,4.545522,4.585743,724920000
2017-09-21,4.482104,4.508261,4.382661,4.46039,1075600000
2017-09-22,4.449038,4.498636,4.407089,4.416959,491232000
2017-09-25,4.386116,4.38735,4.198827,4.219554,874580000
2017-09-26,4.354038,4.409065,4.203516,4.243244,1125620000
2017-09-27,4.333556,4.349595,4.262736,4.33627,713720000
2017-09-28,4.343425,4.347373,4.287658,4.335036,435244000
2017-09-29,4.418934,4.434973,4.373778,4.411285,619092000
2017-10-02,4.461376,4.490493,4.367608,4.416959,503480000
2017-10-03,4.42313,4.455949,4.381921,4.426091,390332000
2017-10-04,4.432257,4.48531,4.395736,4.463101,427848000
2017-10-05,4.487532,4.490986,4.430777,4.460635,437364000
2017-10-06,4.432999,4.487039,4.416959,4.473713,318800000
2017-10-09,4.510482,4.607705,4.491729,4.574639,563492000
2017-10-10,4.723679,4.761186,4.620781,4.661989,974876000
2017-10-11,4.678523,4.713069,4.632626,4.711588,529508000
2017-10-12,4.715044,4.764642,4.686666,4.71381,528292000
2017-10-13,4.775992,4.811772,4.729108,4.801655,628728000
2017-10-16,4.831513,4.887034,4.768343,4.884072,576640000
2017-10-17,4.863344,4.908007,4.845084,4.87963,478596000
2017-10-18,4.888512,4.889252,4.770316,4.875434,567316000
2017-10-19,4.797954,4.885799,4.748849,4.880865,570772000
2017-10-20,4.89789,4.925033,4.849772,4.858656,451620000
2017-10-23,4.880369,4.906772,4.831511,4.851746,428696000
2017-10-24,4.860876,4.904306,4.834967,4.902578,407244000
2017-10-25,4.863097,4.915904,4.717264,4.778706,828160000
2017-10-26,4.806344,4.840397,4.782409,4.828799,322744000
2017-10-27,4.880865,4.981296,4.854956,4.981049,572192000
2017-10-30,4.981048,5.085426,4.965256,5.029906,504056000
2017-10-31,5.061737,5.129842,5.056062,5.103192,411908000
2017-11-01,5.165868,5.181167,5.048658,5.112815,502576000
2017-11-02,5.083206,5.127869,5.025218,5.081726,342308000
2017-11-03,5.112816,5.149583,5.066919,5.149583,353640000
2017-11-06,5.112816,5.181415,5.100478,5.172778,389944000
2017-11-07,5.195481,5.253469,5.183389,5.232,427700000
2017-11-08,5.227558,5.23126,5.113803,5.16118,522988000
2017-11-09,5.065193,5.091349,4.944282,5.066426,978564000
2017-11-10,5.25791,5.395847,5.22213,5.333417,1253256000
2017-11-13,5.333418,5.358834,5.231507,5.246806,582376000
2017-11-14,5.255936,5.300353,5.21226,5.285054,529292000
2017-11-15,5.230025,5.23126,5.127621,5.181414,501948000
2017-11-16,5.255444,5.285549,5.212755,5.221638,441768000
2017-11-17,5.278639,5.313926,5.200417,5.215469,515664000
2017-11-20,5.231012,5.294676,5.194246,5.282585,396100000
2017-11-21,5.322315,5.342796,5.290483,5.331198,399176000
2017-11-22,5.35836,5.35836,5.274651,5.307245,356640000
2017-11-24,5.323543,5.35836,5.299097,5.357372,180752000
2017-11-27,5.366013,5.367248,5.284526,5.287736,422896000
2017-11-28,5.292923,5.302306,5.142049,5.203041,512752000
2017-11-29,5.185757,5.188473,4.722024,4.850181,1396788000
2017-11-30,4.918825,5.004757,4.855859,4.956111,823768000
2017-12-01,4.921542,4.941791,4.752643,4.881293,811548000
2017-12-04,4.939814,4.945988,4.55584,4.609177,1240844000
2017-12-05,4.503984,4.758321,4.459043,4.635844,981488000
2017-12-06,4.58547,4.695106,4.564234,4.673377,467032000
2017-12-07,4.740049,4.780545,4.694614,4.740789,542600000
2017-12-08,4.790669,4.809683,4.720048,4.728444,466876000
2017-12-11,4.742517,4.809682,4.726714,4.806719,372748000
2017-12-12,4.76326,4.786471,4.688934,4.712392,455016000
2017-12-13,4.753384,4.754618,4.589916,4.597324,554280000
2017-12-14,4.590902,4.675352,4.558308,4.604484,438164000
2017-12-15,4.648438,4.75042,4.583496,4.730172,670036000
2017-12-18,4.770668,4.889688,4.741037,4.886725,477704000
2017-12-19,4.87734,4.882525,4.814126,4.842523,373100000
2017-12-20,4.881785,4.890921,4.804002,4.859561,288820000
2017-12-21,4.863018,4.887958,4.828695,4.837091,300904000
2017-12-22,4.800299,4.831165,4.722516,4.821782,466276000
2017-12-26,4.766469,4.88302,4.736591,4.875365,355080000
2017-12-27,4.862031,4.937838,4.847463,4.868698,329488000
2017-12-28,4.892404,4.92327,4.868205,4.874378,240248000
2017-12-29,4.900553,4.900553,4.778076,4.778076,279964000
2018-01-02,4.834375,4.926233,4.802768,4.922528,355616000
2018-01-03,5.03982,5.276873,5.031178,5.2465,914704000
2018-01-04,5.327741,5.384288,5.251933,5.274157,583268000
2018-01-05,5.288973,5.356137,5.212177,5.318851,580124000
2018-01-08,5.442313,5.5559,5.397372,5.481822,881216000
2018-01-09,5.487257,5.526765,5.398856,5.480343,497000000
2018-01-10,5.38799,5.526764,5.333666,5.523307,582664000
2018-01-11,5.555901,5.587261,5.511701,5.533184,406032000
2018-01-12,5.521331,5.555654,5.465525,5.506021,359916000
2018-01-16,5.532444,5.617881,5.350704,5.435154,702348000
2018-01-17,5.449722,5.558865,5.35589,5.548988,538408000
2018-01-18,5.529728,5.596399,5.498616,5.542075,408632000
2018-01-19,5.632202,5.706281,5.605287,5.682082,609380000
2018-01-22,5.689986,5.772213,5.632451,5.770484,550944000
2018-01-23,5.82382,5.922097,5.8053,5.89938,475228000
2018-01-24,5.90259,5.938395,5.767026,5.822586,579972000
2018-01-25,5.87691,5.920123,5.821352,5.836167,409884000
2018-01-26,5.879873,6.008769,5.867032,6.008523,516356000
2018-01-29,5.993953,6.126554,5.941357,6.09544,455116000
2018-01-30,5.953705,6.084825,5.887034,5.993461,570832000
2018-01-31,6.068772,6.155198,6.036178,6.069513,478576000
2018-02-01,5.889749,6.096676,5.878391,5.938641,519224000
2018-02-02,5.852217,5.876169,5.708257,5.766285,718464000
2018-02-05,5.605288,5.759125,5.062044,5.276873,1165204000
2018-02-06,5.047228,5.573186,5.03735,5.570223,1114800000
2018-02-07,5.668995,5.80209,5.59788,5.649734,802932000
2018-02-08,5.775175,5.808263,5.370952,5.371199,1144000000
2018-02-09,5.883083,5.898887,5.3712,5.730728,1674604000
2018-02-12,5.81172,5.814683,5.556643,5.630721,1093172000
2018-02-13,5.594422,5.790484,5.562074,5.744308,625524000
2018-02-14,5.70406,5.990251,5.692949,5.96136,744988000
2018-02-15,6.044574,6.132975,5.963829,6.086799,698900000
2018-02-16,6.059638,6.173225,6.01198,6.021117,637656000
2018-02-20,6.043587,6.2194,6.039882,6.150507,686240000
2018-02-21,6.214956,6.22187,5.959878,5.963582,892292000
2018-02-22,5.997433,6.069086,5.917625,5.983102,534364000
2018-02-23,6.042897,6.0765,5.992245,6.0765,415300000
2018-02-26,6.122703,6.127151,6.030294,6.092559,469312000
2018-02-27,6.065873,6.150129,6.056732,6.07971,455436000
2018-02-28,6.090582,6.130115,5.967782,5.979395,523116000
2018-03-01,5.977171,6.031035,5.636444,5.737501,1040120000
2018-03-02,5.63002,5.850912,5.481523,5.844487,913428000
2018-03-05,5.794329,5.86203,5.671035,5.822496,620776000
2018-03-06,5.907741,6.002621,5.864748,5.983348,636808000
2018-03-07,5.880562,6.027576,5.879326,5.975441,581208000
2018-03-08,6.002869,6.002869,5.914907,5.959135,411912000
2018-03-09,6.006573,6.074521,5.990513,6.061673,505524000
2018-03-12,6.102934,6.251183,6.09478,6.171129,605060000
2018-03-13,6.213875,6.288247,6.079215,6.120478,619772000
2018-03-14,6.163471,6.19065,6.083663,6.145928,505496000
2018-03-15,6.159518,6.241796,6.118749,6.160753,401952000
2018-03-16,6.177061,6.207946,6.139504,6.188921,399456000
2018-03-19,6.132091,6.161,5.855853,5.954686,713772000
2018-03-20,5.957652,6.205476,5.957652,6.166684,554696000
2018-03-21,6.160259,6.226477,6.11109,6.141481,438688000
2018-03-22,6.078228,6.12468,5.93838,5.975689,551196000
2018-03-23,5.989278,5.991749,5.745161,5.75628,735620000
2018-03-26,5.880562,6.041907,5.828675,6.040672,611424000
2018-03-27,6.121465,6.177059,5.432106,5.572201,1409000000
2018-03-28,5.537859,5.667824,5.361689,5.46917,945904000
2018-03-29,5.537365,5.818792,5.45311,5.722183,916628000
2018-04-02,5.651765,5.79779,5.374044,5.461758,922092000
2018-04-03,5.628537,5.691543,5.469169,5.568002,667432000
2018-04-04,5.312519,5.60037,5.287564,5.589993,789168000
2018-04-05,5.648306,5.661401,5.398506,5.469913,701240000
2018-04-06,5.367372,5.475347,5.264586,5.293742,662988000
2018-04-09,5.356748,5.48449,5.30239,5.322404,499524000
2018-04-10,5.552437,5.658188,5.495361,5.631257,761676000
2018-04-11,5.616431,5.657694,5.557378,5.589993,460244000
2018-04-12,5.682896,5.814344,5.638668,5.796554,593920000
2018-04-13,5.860053,5.868454,5.671777,5.719958,503036000
2018-04-16,5.726629,5.753067,5.625572,5.71971,350792000
2018-04-17,5.771846,5.890445,5.716252,5.869196,447224000
2018-04-18,5.818792,5.911448,5.751339,5.840289,391364000
2018-04-19,5.726136,5.759492,5.603831,5.659177,471996000
2018-04-20,5.650526,5.734781,5.619888,5.65102,386200000
2018-04-23,5.668812,5.719958,5.505738,5.531681,427508000
2018-04-24,5.557378,5.653246,5.400234,5.465464,414596000
2018-04-25,5.435814,5.474853,5.196144,5.353288,588492000
2018-04-26,5.514879,5.572944,5.448908,5.56479,375824000
2018-04-27,5.670542,5.690309,5.549966,5.592217,400848000
2018-04-30,5.608524,5.658188,5.537612,5.556884,327844000
2018-05-01,5.548732,5.61495,5.490173,5.612232,253788000
2018-05-02,5.608772,5.653246,5.565532,5.591723,268248000
2018-05-03,5.623597,5.782965,5.578381,5.756774,443144000
2018-05-04,5.728112,5.909965,5.710816,5.906753,400660000
2018-05-07,6.01127,6.201523,6.001386,6.144447,687616000
2018-05-08,6.144692,6.189661,6.09577,6.186944,506616000
2018-05-09,6.206959,6.3221,6.17978,6.319876,596760000
2018-05-10,6.37275,6.436497,6.35496,6.427355,994080000
2018-05-11,6.245749,6.418954,6.190403,6.288989,1214456000
2018-05-14,6.32704,6.386835,6.285778,6.309497,523140000
2018-05-15,6.245998,6.248716,5.967042,6.067358,963528000
2018-05-16,6.028811,6.140493,5.991996,6.078475,553828000
2018-05-17,6.080203,6.214122,6.064143,6.120478,519784000
2018-05-18,6.172368,6.23562,6.071805,6.076746,483716000
2018-05-21,6.174096,6.177802,5.942085,6.034741,640624000
2018-05-22,6.048084,6.073287,5.936156,5.996691,518264000
2018-05-23,5.940568,6.121297,5.939826,6.12006,442956000
2018-05-24,6.116352,6.166046,6.063196,6.123769,437372000
2018-05-25,6.136378,6.179397,6.100776,6.163079,292112000
2018-05-29,6.145032,6.21401,6.099293,6.14602,352684000
2018-05-30,6.179645,6.263457,6.154921,6.254804,390996000
2018-05-31,6.222911,6.309443,6.21228,6.235025,493868000
2018-06-01,6.279774,6.375454,6.271121,6.369273,421968000
2018-06-04,6.403392,6.570029,6.371252,6.548025,642024000
2018-06-05,6.55124,6.591045,6.50649,6.553465,391712000
2018-06-06,6.463471,6.558657,6.447153,6.555442,371356000
2018-06-07,6.551734,6.563601,6.409573,6.499815,369448000
2018-06-08,6.427126,6.527009,6.408337,6.484485,360456000
2018-06-11,6.471877,6.513413,6.430589,6.443445,265372000
2018-06-12,6.469901,6.504019,6.419712,6.491905,319160000
2018-06-13,6.493386,6.568298,6.478305,6.487453,338208000
2018-06-14,6.53245,6.655573,6.517615,6.598956,430016000
2018-06-15,6.541845,6.613048,6.51094,6.558162,432260000
2018-06-18,6.514154,6.571513,6.486959,6.553959,356268000
2018-06-19,6.450861,6.518109,6.304993,6.432319,594932000
2018-06-20,6.473362,6.538137,6.43504,6.485229,369780000
2018-06-21,6.517122,6.535417,6.349002,6.356666,359516000
2018-06-22,6.377433,6.390784,6.18904,6.204368,434160000
2018-06-25,6.098057,6.101765,5.823378,5.911889,665816000
2018-06-26,6.025122,6.073333,5.93142,5.982845,478884000
2018-06-27,6.026359,6.092618,5.82239,5.827829,453892000
2018-06-28,5.817941,5.966777,5.810276,5.954909,338012000
2018-06-29,6.019929,6.032538,5.855765,5.857001,392300000
2018-07-02,5.78753,5.992735,5.76701,5.989027,357572000
2018-07-03,6.023639,6.029573,5.847113,5.855519,222732000
2018-07-05,5.910652,6.006084,5.871836,6.00114,306216000
2018-07-06,5.976664,6.123274,5.955401,6.114868,296352000
2018-07-09,6.189041,6.198683,6.083718,6.162339,303880000
2018-07-10,6.1747,6.283236,6.134401,6.261232,360016000
2018-07-11,6.168519,6.203132,6.109183,6.119814,367508000
2018-07-12,6.165057,6.259253,6.155167,6.211289,345508000
2018-07-13,6.229833,6.229833,6.122039,6.164069,246988000
2018-07-16,6.136379,6.189287,6.124017,6.136379,197036000
2018-07-17,6.087179,6.287192,6.061713,6.27211,362136000
2018-07-18,6.264693,6.278538,6.17198,6.22291,277640000
2018-07-19,6.204121,6.264693,6.18904,6.231069,235752000
2018-07-20,6.228597,6.267413,6.192006,6.202885,222352000
2018-07-23,6.17643,6.178161,6.014738,6.166294,301584000
2018-07-24,6.214257,6.30079,6.131433,6.148987,354620000
2018-07-25,6.158383,6.239723,6.100529,6.227114,319112000
2018-07-26,6.207088,6.33738,6.190276,6.300542,325124000
2018-07-27,6.337133,6.344055,6.176924,6.230822,295420000
2018-07-30,6.244914,6.250848,6.000893,6.035753,340340000
2018-07-31,6.025371,6.128469,5.986556,6.053803,283988000
2018-08-01,6.085202,6.140336,6.029821,6.093608,283556000
2018-08-02,6.022403,6.200165,5.963561,6.196209,269668000
2018-08-03,6.220686,6.256535,6.203874,6.2328,214288000
2018-08-06,6.220191,6.283977,6.173711,6.280516,207508000
2018-08-07,6.32922,6.37125,6.302519,6.352707,258132000
2018-08-08,6.353946,6.43405,6.319086,6.389053,262100000
2018-08-09,6.406855,6.409575,6.332932,6.340596,204280000
2018-08-10,6.25876,6.331694,6.247634,6.299306,256396000
2018-08-13,6.30796,6.45284,6.306229,6.332189,375208000
2018-08-14,6.43751,6.477563,6.354439,6.46347,466220000
2018-08-15,6.484238,6.51811,6.32675,6.405371,591136000
2018-08-16,6.475091,6.477564,6.304746,6.364824,801260000
2018-08-17,6.253568,6.25431,6.025864,6.052813,1143188000
2018-08-20,6.012267,6.259996,5.901999,6.127478,854388000
2018-08-21,6.143795,6.267412,6.124016,6.262962,673988000
2018-08-22,6.230329,6.502782,6.226868,6.497837,749856000
2018-08-23,6.459268,6.662496,6.445423,6.597226,720684000
2018-08-24,6.605633,6.744826,6.601183,6.730239,531512000
2018-08-27,6.759906,6.895391,6.728507,6.82122,505776000
2018-08-28,6.815287,6.838033,6.663732,6.783641,475384000
2018-08-29,6.775972,6.914005,6.755193,6.88902,420108000
2018-08-30,6.857852,6.968922,6.835341,6.8722,346608000
2018-08-31,6.852162,6.956058,6.842267,6.943194,306592000
2018-09-04,6.930084,7.055501,6.901637,7.017901,391720000
2018-09-05,7.000337,7.035711,6.806399,6.887289,393156000
2018-09-06,6.870962,6.873436,6.713388,6.746288,322796000
2018-09-07,6.654265,6.85043,6.609491,6.725013,295420000
2018-09-10,6.747527,6.825696,6.703742,6.796011,220140000
2018-09-11,6.749751,6.83732,6.728972,6.748267,243112000
2018-09-12,6.70844,6.727983,6.479128,6.634477,419092000
2018-09-13,6.700277,6.802688,6.682961,6.712151,305536000
2018-09-14,6.80244,6.904109,6.765581,6.838061,386936000
2018-09-17,6.812582,6.861562,6.756924,6.776218,205528000
2018-09-18,6.780178,6.882837,6.697556,6.704235,299520000
2018-09-19,6.685682,6.745793,6.635713,6.727982,224860000
2018-09-20,6.606029,6.648329,6.533055,6.586982,430584000
2018-09-21,6.598855,6.644371,6.483828,6.516975,435128000
2018-09-24,6.486054,6.576096,6.398979,6.572633,293912000
2018-09-25,6.638681,6.664655,6.553091,6.639671,280388000
2018-09-26,6.644618,6.684939,6.586981,6.602812,268548000
2018-09-27,6.63794,6.659214,6.583272,6.614687,214428000
2018-09-28,6.746535,6.973868,6.718582,6.951605,709396000
2018-10-01,7.029279,7.224701,6.990689,7.157912,622060000
2018-10-02,7.130453,7.242017,7.064405,7.086668,383964000
2018-10-03,7.156922,7.164344,6.988958,7.092854,320552000
2018-10-04,7.056738,7.08098,6.831878,6.908811,391220000
2018-10-05,6.884074,6.946164,6.61815,6.67554,426636000
2018-10-08,6.592424,6.707698,6.433612,6.574366,408612000
2018-10-09,6.553832,6.648328,6.500895,6.568675,273500000
2018-10-10,6.462802,6.508566,6.07542,6.077646,684940000
2018-10-11,5.99057,6.123903,5.794901,5.816422,725436000
2018-10-12,6.073191,6.172881,5.928232,6.09867,608236000
2018-10-15,6.085315,6.085315,5.821618,5.822607,449760000
2018-10-16,5.935159,6.092239,5.885932,6.081107,408712000
2018-10-17,6.143197,6.181293,5.963606,6.012586,329668000
2018-10-18,6.081851,6.120193,5.864907,5.925265,524020000
2018-10-19,5.980428,5.99997,5.632625,5.668989,613608000
2018-10-22,5.721183,5.821121,5.61704,5.719699,368844000
2018-10-23,5.452787,5.545799,5.360765,5.468372,626436000
2018-10-24,5.430029,5.476535,4.918962,4.932815,884288000
2018-10-25,4.835351,5.188596,4.791071,5.141348,951720000
2018-10-26,4.905604,5.067137,4.777219,4.90511,664784000
2018-10-29,5.04611,5.049573,4.353967,4.59169,758016000
2018-10-30,4.614697,5.031516,4.591691,5.021621,807192000
2018-10-31,5.186122,5.258849,5.046605,5.215312,745772000
2018-11-01,5.251675,5.404797,5.125268,5.395397,566528000
2018-11-02,5.385999,5.491626,5.199976,5.316488,452960000
2018-11-05,5.303376,5.326629,5.078021,5.238565,379332000
2018-11-06,5.230649,5.314755,5.183896,5.221002,299012000
2018-11-07,5.287545,5.378082,5.223971,5.288534,483812000
2018-11-08,5.229412,5.230155,5.042153,5.095585,511352000
2018-11-09,5.006777,5.177958,4.973135,5.087667,413240000
2018-11-12,4.996387,5.018404,4.66689,4.688659,617116000
2018-11-13,4.786371,5.051552,4.780186,4.93034,644712000
2018-11-14,5.103253,5.117601,4.770045,4.877899,526580000
2018-11-15,4.871961,5.078515,4.836092,5.00653,840708000
2018-11-16,4.040056,4.221626,3.997755,4.067514,1963520000
2018-11-19,4.002207,4.002949,3.577719,3.579451,1697820000
2018-11-20,3.316249,3.815937,3.297696,3.687799,1692032000
2018-11-21,3.824843,3.841664,3.552488,3.579698,1025496000
2018-11-23,3.545066,3.700415,3.532203,3.586872,411968000
2018-11-26,3.707836,3.796395,3.625462,3.786005,814832000
2018-11-27,3.760031,3.883963,3.724162,3.802826,738060000
2018-11-28,3.920327,3.964854,3.787984,3.959659,804524000
2018-11-29,3.961888,3.999031,3.866307,3.896517,549172000
2018-11-30,3.906174,4.057469,3.855907,4.046821,729564000
2018-12-03,4.273886,4.325391,4.143639,4.210496,890804000
2018-12-04,4.165925,4.170877,3.875221,3.890326,812112000
2018-12-06,3.749927,3.924497,3.734327,3.919545,692308000
2018-12-07,3.923754,3.933907,3.605813,3.655089,681676000
2018-12-10,3.61027,3.785089,3.606556,3.760327,629472000
2018-12-11,3.851946,3.860117,3.590461,3.669451,671912000
2018-12-12,3.675146,3.783108,3.586004,3.687032,654136000
2018-12-13,3.733832,3.797965,3.65088,3.686784,471384000
2018-12-14,3.645184,3.728879,3.602842,3.626366,471820000
2018-12-17,3.596404,3.66846,3.497356,3.555299,662868000
2018-12-18,3.599127,3.722441,3.57189,3.638499,564372000
2018-12-19,3.604823,3.658308,3.378252,3.429757,745364000
2018-12-20,3.421337,3.511223,3.285643,3.345319,749588000
2018-12-21,3.371814,3.404747,3.180901,3.208386,863740000
2018-12-24,3.13212,3.218538,3.082843,3.146729,463840000
2018-12-26,3.192786,3.296785,3.081853,3.295795,695100000
2018-12-27,3.243548,3.277967,3.099682,3.248005,637044000
2018-12-28,3.268556,3.402023,3.226709,3.309413,628728000
2018-12-31,3.352748,3.385186,3.274996,3.305701,465140000
2019-01-02,3.234881,3.429013,3.220271,3.373052,508752000
2019-01-03,3.312881,3.346805,3.161834,3.169263,705552000
2019-01-04,3.24231,3.410443,3.211606,3.37231,585620000
2019-01-07,3.429509,3.587736,3.378252,3.550841,709160000
2019-01-08,3.632309,3.634537,3.389891,3.462443,786016000
2019-01-09,3.513699,3.577832,3.463185,3.530537,617260000
2019-01-10,3.511223,3.604822,3.450804,3.596156,523156000
2019-01-11,3.57387,3.708079,3.546137,3.685298,874764000
2019-01-14,3.633051,3.750422,3.609527,3.725165,730168000
2019-01-15,3.75785,3.797221,3.692726,3.71105,617012000
2019-01-16,3.738288,3.771221,3.680098,3.685545,470104000
2019-01-17,3.652613,3.796727,3.625375,3.75686,493436000
2019-01-18,3.806631,3.911868,3.755126,3.885868,651336000
2019-01-22,3.85566,3.867298,3.653604,3.683813,661552000
2019-01-23,3.739031,3.827679,3.665489,3.696689,591020000
2019-01-24,3.781127,3.925983,3.776422,3.908402,708972000
2019-01-25,3.848974,3.983678,3.74646,3.965602,1154572000
2019-01-28,3.381224,3.507261,3.243796,3.417376,2511528000
2019-01-29,3.371319,3.419605,3.244043,3.258653,1153932000
2019-01-30,3.334671,3.416385,3.255186,3.402023,974228000
2019-01-31,3.398805,3.595166,3.377014,3.559509,842852000
2019-02-01,3.57808,3.634785,3.530538,3.583775,625048000
2019-02-04,3.599623,3.731108,3.577585,3.693965,528592000
2019-02-05,3.705851,3.749679,3.672175,3.713032,542424000
2019-02-06,3.746212,3.852936,3.740765,3.788555,702464000
2019-02-07,3.74225,3.744479,3.607546,3.650384,637120000
2019-02-08,3.58328,3.679604,3.568919,3.668956,461604000
2019-02-11,3.62488,3.679108,3.57808,3.626366,495180000
2019-02-12,3.664746,3.758841,3.650384,3.743241,591060000
2019-02-13,3.772708,3.858631,3.759089,3.785584,605372000
2019-02-14,3.784594,3.85467,3.741508,3.826441,827264000
2019-02-15,4.034936,4.057716,3.873241,3.896022,1516748000
2019-02-19,3.885374,3.959164,3.866307,3.878688,551892000
2019-02-20,3.907907,3.993087,3.896764,3.925983,540988000
2019-02-21,3.938612,3.963126,3.842536,3.857146,448548000
2019-02-22,3.908898,3.96065,3.895279,3.941831,401740000
2019-02-25,4.025278,4.09263,3.920783,3.92945,656020000
2019-02-26,3.924745,3.980707,3.85665,3.890078,488464000
2019-02-27,3.875717,3.902212,3.791279,3.848231,500256000
2019-02-28,3.842034,3.864343,3.801383,3.823692,324944000
2019-03-01,3.873514,3.920114,3.815264,3.877976,357188000
2019-03-04,3.916396,3.9392,3.82964,3.886155,409992000
2019-03-05,3.870539,3.917883,3.816255,3.879711,362924000
2019-03-06,3.870788,3.879216,3.766186,3.768912,403524000
2019-03-07,3.745363,3.755031,3.65365,3.699755,450104000
2019-03-08,3.610521,3.744621,3.589204,3.733962,422416000
2019-03-11,3.75751,4.017033,3.710414,3.994229,859728000
2019-03-12,4.021988,4.074785,3.945891,4.028433,579576000
2019-03-13,4.065863,4.208886,4.058426,4.179636,768900000
2019-03-14,4.188809,4.200707,4.096104,4.103788,519384000
2019-03-15,4.146919,4.251769,4.143448,4.209135,661484000
2019-03-18,4.240613,4.294402,4.160798,4.187816,486992000
2019-03-19,4.282257,4.399749,4.265402,4.35538,854972000
2019-03-20,4.384379,4.437672,4.288204,4.322907,719148000
2019-03-21,4.34596,4.585653,4.341003,4.559379,824312000
2019-03-22,4.532114,4.580697,4.385869,4.39975,747644000
2019-03-25,4.359098,4.423297,4.241358,4.30754,525212000
2019-03-26,4.449075,4.505095,4.327865,4.384133,703508000
2019-03-27,4.409664,4.456016,4.305557,4.374961,474372000
2019-03-28,4.400988,4.459239,4.340507,4.393552,480264000
2019-03-29,4.46023,4.475103,4.409912,4.450811,456896000
2019-04-01,4.542525,4.548474,4.47089,4.518233,483824000
2019-04-02,4.542277,4.580449,4.499395,4.53608,440920000
2019-04-03,4.585655,4.734379,4.580697,4.675385,783504000
2019-04-04,4.660016,4.708847,4.603749,4.666461,457376000
2019-04-05,4.70959,4.75049,4.673153,4.733138,481744000
2019-04-08,4.70265,4.778995,4.678606,4.75396,424192000
2019-04-09,4.720498,4.731652,4.64911,4.691249,439972000
2019-04-10,4.690505,4.787423,4.686043,4.761644,444772000
2019-04-11,4.764123,4.795603,4.698437,4.747763,374600000
2019-04-12,4.786432,4.790398,4.701163,4.709839,471708000
2019-04-15,4.702154,4.707111,4.538557,4.578217,440092000
2019-04-16,4.617381,4.684059,4.584662,4.665221,394964000
2019-04-17,4.70017,4.720992,4.620107,4.642416,351004000
2019-04-18,4.649109,4.683068,4.590115,4.617877,380988000
2019-04-22,4.594329,4.687282,4.56285,4.671666,279936000
2019-04-23,4.684803,4.757431,4.675136,4.726198,346856000
2019-04-24,4.736609,4.779243,4.67588,4.738592,318204000
2019-04-25,4.698437,4.720746,4.553431,4.632998,499296000
2019-04-26,4.479317,4.48378,4.295644,4.414375,868988000
2019-04-29,4.422305,4.472871,4.350174,4.445109,391920000
2019-04-30,4.412884,4.512033,4.393798,4.486503,362920000
2019-05-01,4.538808,4.580946,4.473121,4.473369,354280000
2019-05-02,4.483035,4.582432,4.439905,4.540789,394684000
2019-05-03,4.549218,4.559132,4.474855,4.536328,336824000
2019-05-06,4.350175,4.470145,4.312994,4.458,422176000
2019-05-07,4.409663,4.409663,4.242845,4.290932,555220000
2019-05-08,4.26342,4.391074,4.251522,4.311011,419168000
2019-05-09,4.242103,4.25177,4.099824,4.218555,660248000
2019-05-10,4.187817,4.253256,4.06512,4.184595,569500000
2019-05-13,4.052726,4.075779,3.911686,3.92755,656912000
2019-05-14,3.967209,4.051734,3.928541,4.016536,524880000
2019-05-15,3.961013,3.991997,3.901771,3.955559,502320000
2019-05-16,3.950107,4.013314,3.907721,3.97068,781088000
2019-05-17,3.92879,4.057932,3.840547,3.879959,1022068000
2019-05-20,3.781305,3.836333,3.736688,3.761475,572064000
2019-05-21,3.822205,3.859386,3.783536,3.843522,361848000
2019-05-22,3.804853,3.83088,3.761723,3.77263,325868000
2019-05-23,3.710413,3.710413,3.59193,3.651667,591844000
2019-05-24,3.670507,3.705705,3.591187,3.59788,357584000
2019-05-28,3.615478,3.648197,3.550783,3.552766,428356000
2019-05-29,3.505175,3.540125,3.443951,3.478653,559800000
2019-05-30,3.481878,3.517613,3.413883,3.452099,394300000
2019-05-31,3.403213,3.470463,3.359786,3.361523,389720000
2019-06-03,3.37269,3.411402,3.29055,3.319833,478644000
2019-06-04,3.383856,3.553843,3.361771,3.548632,641836000
2019-06-05,3.622336,3.627795,3.46972,3.50595,511616000
2019-06-06,3.510168,3.592556,3.507686,3.567988,408140000
2019-06-07,3.573945,3.644917,3.554837,3.610672,348856000
2019-06-10,3.666754,3.751872,3.666754,3.683381,402780000
2019-06-11,3.743186,3.780906,3.701496,3.740953,383872000
2019-06-12,3.697525,3.703729,3.612904,3.628042,358892000
2019-06-13,3.650128,3.697526,3.632509,3.679163,308080000
2019-06-14,3.586105,3.610424,3.544662,3.58933,394428000
2019-06-17,3.587592,3.635983,3.564762,3.599008,276040000
2019-06-18,3.660303,3.849149,3.649384,3.793811,581920000
2019-06-19,3.829049,3.840464,3.77371,3.799767,331644000
2019-06-20,3.890343,3.90424,3.809693,3.824086,350168000
2019-06-21,3.809197,3.858332,3.759565,3.766017,434428000
2019-06-24,3.787359,3.817882,3.740209,3.788351,282948000
2019-06-25,3.793313,3.868257,3.756338,3.759068,311868000
2019-06-26,3.886372,4.01318,3.873468,3.952134,584072000
2019-06-27,4.037748,4.06976,4.001766,4.050653,445440000
2019-06-28,4.094575,4.103757,4.028814,4.075467,397668000
2019-07-01,4.282429,4.316675,4.086138,4.12361,709756000
2019-07-02,4.106984,4.128077,4.012685,4.025837,400228000
2019-07-03,4.049163,4.05487,3.978935,4.03874,246636000
2019-07-05,3.980424,3.984891,3.912926,3.976206,396552000
2019-07-08,3.916648,3.935508,3.871236,3.901262,329788000
2019-07-09,3.859075,3.931785,3.846419,3.903743,342860000
2019-07-10,3.947171,4.029311,3.933275,3.971987,452076000
2019-07-11,4.044943,4.167036,4.00772,4.126338,682560000
2019-07-12,4.154134,4.230319,4.154134,4.159346,506392000
2019-07-15,4.180437,4.196567,4.122617,4.150907,289840000
2019-07-16,4.136018,4.173241,4.090605,4.146192,341444000
2019-07-17,4.147931,4.218408,4.118649,4.211459,348204000
2019-07-18,4.221879,4.285903,4.165299,4.22312,442192000
2019-07-19,4.261337,4.267789,4.173986,4.179942,344896000
2019-07-22,4.201284,4.264315,4.193839,4.251411,315940000
2019-07-23,4.290619,4.361095,4.274985,4.35911,428176000
2019-07-24,4.402289,4.439264,4.326353,4.433556,366236000
2019-07-25,4.392115,4.404771,4.279204,4.30253,392700000
2019-07-26,4.329579,4.391121,4.329579,4.344468,274160000
2019-07-29,4.337274,4.354397,4.250171,4.338266,248160000
2019-07-30,4.29186,4.366059,4.277467,4.353899,197772000
2019-07-31,4.322384,4.323377,4.144704,4.186891,359416000
2019-08-01,4.197312,4.287641,4.040477,4.09259,421212000
2019-08-02,4.000027,4.069263,3.952629,4.000027,428348000
2019-08-05,3.816641,3.817882,3.695045,3.741946,589156000
2019-08-06,3.816641,3.862053,3.733012,3.780658,361272000
2019-08-07,3.71986,3.830786,3.702489,3.818874,372560000
2019-08-08,3.876447,3.928559,3.819123,3.927319,309300000
2019-08-09,3.886373,3.889847,3.775695,3.826071,341816000
2019-08-12,3.773957,3.82607,3.736486,3.758323,279200000
2019-08-13,3.756835,3.918384,3.717874,3.872475,351956000
2019-08-14,3.78438,3.795547,3.680403,3.724078,419880000
2019-08-15,3.742938,3.762791,3.657573,3.691818,477200000
2019-08-16,3.954368,4.008714,3.893073,3.959579,1007960000
2019-08-19,4.072737,4.253891,4.056607,4.238008,815112000
2019-08-20,4.232551,4.233047,4.144703,4.165797,463188000
2019-08-21,4.231805,4.304267,4.210216,4.249176,427244000
2019-08-22,4.258856,4.30129,4.216173,4.255382,303488000
2019-08-23,4.17895,4.233296,4.011196,4.031048,568056000
2019-08-26,4.109713,4.133784,4.067527,4.105742,318208000
2019-08-27,4.14396,4.146689,3.985884,4.015167,290968000
2019-08-28,3.988837,4.057395,3.949589,4.004734,255612000
2019-08-29,4.096145,4.180601,4.092667,4.148309,357976000
2019-08-30,4.194511,4.244191,4.142843,4.160976,290616000
2019-09-03,4.088196,4.121233,4.055158,4.078011,296140000
2019-09-04,4.138622,4.19948,4.138622,4.192028,227728000
2019-09-05,4.294122,4.470984,4.292383,4.464774,695676000
2019-09-06,4.441424,4.498308,4.399693,4.437698,376976000
2019-09-09,4.468749,4.570097,4.467258,4.483653,417524000
2019-09-10,4.450863,4.576802,4.441175,4.550224,352812000
2019-09-11,4.564877,4.626978,4.535814,4.578788,361512000
2019-09-12,4.625242,4.67989,4.569351,4.5773,327840000
2019-09-13,4.510728,4.547739,4.475703,4.519422,324592000
2019-09-16,4.444404,4.510976,4.433971,4.476448,231832000
2019-09-17,4.483155,4.502033,4.436703,4.49781,223048000
2019-09-18,4.490855,4.506504,4.38429,4.470734,258152000
2019-09-19,4.476694,4.495076,4.384537,4.395219,245476000
2019-09-20,4.394226,4.417824,4.279465,4.289649,350244000
2019-09-23,4.289899,4.388514,4.286172,4.343056,249712000
2019-09-24,4.374355,4.403915,4.250154,4.285676,317268000
2019-09-25,4.285179,4.446889,4.240466,4.427265,308432000
2019-09-26,4.417577,4.426271,4.354234,4.405157,234564000
2019-09-27,4.363425,4.414099,4.205938,4.266548,362056000
2019-09-30,4.292383,4.334114,4.261084,4.323929,186184000
2019-10-01,4.347031,4.496072,4.317471,4.32219,366008000
2019-10-02,4.300331,4.312255,4.226059,4.298344,293372000
2019-10-03,4.302815,4.509982,4.27251,4.503772,450588000
2019-10-04,4.506009,4.549479,4.440928,4.520168,265524000
2019-10-07,4.584998,4.678397,4.576304,4.578788,480984000
2019-10-08,4.48713,4.48713,4.384291,4.402425,444436000
2019-10-09,4.479182,4.538301,4.450367,4.488869,292412000
2019-10-10,4.486631,4.597418,4.481415,4.546496,309124000
2019-10-11,4.630457,4.703239,4.611578,4.620024,446404000
2019-10-14,4.61133,4.654304,4.58028,4.633438,200040000
2019-10-15,4.723608,4.950399,4.709697,4.877865,664124000
2019-10-16,4.843835,4.948661,4.812785,4.824211,428944000
2019-10-17,4.868674,4.913634,4.771797,4.826197,263436000
2019-10-18,4.826695,4.859236,4.657534,4.731806,307440000
2019-10-21,4.79316,4.882337,4.774282,4.868923,261868000
2019-10-22,4.925806,5.03088,4.851286,4.858986,328720000
2019-10-23,4.777014,4.860229,4.745219,4.84607,279916000
2019-10-24,4.887305,4.923572,4.853274,4.890038,232020000
2019-10-25,4.970519,5.101675,4.962818,5.080809,423092000
2019-10-28,5.124528,5.189112,5.095216,5.1367,330792000
2019-10-29,5.12279,5.129248,5.021194,5.040569,211236000
2019-10-30,5.067395,5.073109,4.974493,5.042555,205960000
2019-10-31,5.021689,5.042555,4.913635,4.993371,209732000
2019-11-01,4.958099,5.064664,4.93301,5.032372,283640000
2019-11-04,5.113351,5.241278,5.09025,5.228858,376716000
2019-11-05,5.228609,5.254691,5.158808,5.206749,300868000
2019-11-06,5.182655,5.20824,5.070128,5.157566,269012000
2019-11-07,5.244008,5.258664,5.130488,5.1752,280340000
2019-11-08,5.158311,5.192839,5.120803,5.161292,189100000
2019-11-11,5.160545,5.194328,5.07435,5.171227,243436000
2019-11-12,5.209482,5.26264,5.174457,5.206749,283504000
2019-11-13,5.17545,5.203022,5.114592,5.180915,300188000
2019-11-14,5.189858,5.213456,5.129993,5.21122,518080000
2019-11-15,5.208985,5.260653,4.983933,5.072116,1053628000
2019-11-18,5.064663,5.29965,5.061682,5.273072,574588000
2019-11-19,5.242023,5.265621,5.108382,5.166508,414564000
2019-11-20,5.143655,5.329459,5.130986,5.245748,472588000
2019-11-21,5.241277,5.296919,5.199297,5.220908,288388000
2019-11-22,5.243513,5.289964,5.214947,5.238545,224100000
2019-11-25,5.366472,5.499864,5.353555,5.494895,506476000
2019-11-26,5.477259,5.481979,5.38386,5.390318,385244000
2019-11-27,5.43581,5.470115,5.398771,5.425121,215784000
2019-11-29,5.394296,5.422634,5.363968,5.387832,141556000
2019-12-02,5.380873,5.394297,5.18648,5.201643,372036000
2019-12-03,5.018186,5.166094,4.980898,5.162117,465232000
2019-12-04,5.245642,5.268015,5.177281,5.205869,273424000
2019-12-05,5.227743,5.243404,5.158388,5.188964,184884000
2019-12-06,5.258071,5.307043,5.248128,5.274229,232236000
2019-12-09,5.251359,5.328918,5.242659,5.274229,211880000
2019-12-10,5.304307,5.370929,5.251607,5.319223,256388000
2019-12-11,5.329664,5.408217,5.327179,5.402748,233796000
2019-12-12,5.373912,5.588192,5.364963,5.570045,404348000
2019-12-13,5.573028,5.6921,5.514113,5.568056,454704000
2019-12-16,5.615535,5.66923,5.587445,5.596891,320976000
2019-12-17,5.615537,5.69757,5.606091,5.674949,321196000
2019-12-18,5.70975,5.765682,5.701298,5.705276,343548000
2019-12-19,5.739829,5.866607,5.734857,5.853183,445360000
2019-12-20,5.919554,5.975734,5.900413,5.950379,603044000
2019-12-23,5.978968,6.011035,5.926019,5.936708,355060000
2019-12-24,5.921295,5.948888,5.88699,5.931736,138864000
2019-12-26,5.935217,5.973996,5.916325,5.945907,182852000
2019-12-27,5.961067,5.974491,5.861882,5.888232,254644000
2019-12-30,5.866358,5.871579,5.743806,5.775127,258056000
2019-12-31,5.739829,5.858653,5.720688,5.849206,231004000
2020-01-02,5.934968,5.963803,5.884505,5.963803,237536000
2020-01-03,5.844233,5.912097,5.819374,5.868346,205384000
2020-01-06,5.775128,5.898177,5.749027,5.892957,262636000
2020-01-07,5.921297,6.010042,5.876303,5.964303,314856000
2020-01-08,5.960076,6.016753,5.920054,5.975488,277108000
2020-01-09,6.061746,6.113452,5.98742,6.041114,255112000
2020-01-10,6.148253,6.178581,6.05926,6.073429,316296000
2020-01-13,6.156457,6.288952,6.133835,6.263845,319840000
2020-01-14,6.22109,6.246446,6.133836,6.147012,359088000
2020-01-15,6.159688,6.182061,6.078649,6.104502,263104000
2020-01-16,6.157948,6.193993,6.134581,6.188027,284192000
2020-01-17,6.207167,6.214625,6.149247,6.196727,253792000
2020-01-21,6.160184,6.196975,6.12936,6.163416,217916000
2020-01-22,6.208659,6.303867,6.189767,6.21736,239240000
2020-01-23,6.257383,6.294174,6.168639,6.285722,244516000
2020-01-24,6.401064,6.450782,6.172366,6.226558,373512000
2020-01-27,5.92229,6.021973,5.772891,5.971013,470536000
2020-01-28,6.036887,6.196478,5.983689,6.164163,310976000
2020-01-29,6.149745,6.185789,6.063982,6.103756,258848000
2020-01-30,6.006065,6.123894,5.951128,6.11047,290504000
2020-01-31,6.064729,6.076661,5.835534,5.877296,370420000
2020-02-03,5.859149,5.993634,5.852935,5.974245,255564000
2020-02-04,6.115938,6.162423,6.065972,6.143282,271544000
2020-02-05,6.264093,6.274285,6.150241,6.233517,208220000
2020-02-06,6.267824,6.320275,6.186785,6.320275,218284000
2020-02-07,6.280253,6.302377,6.228795,6.254151,189752000
2020-02-10,6.276773,6.537787,6.271802,6.537042,529608000
2020-02-11,6.645175,6.773942,6.583277,6.659344,638556000
2020-02-12,6.712043,6.781399,6.673264,6.774935,374644000
2020-02-13,6.717017,6.798304,6.689672,6.731186,528016000
2020-02-14,7.140853,7.332512,7.109532,7.203745,1041924000
2020-02-18,7.100582,7.390681,7.081193,7.372286,620164000
2020-02-19,7.49459,7.84062,7.49459,7.82297,694332000
2020-02-20,7.774995,7.863242,7.366818,7.67382,810052000
2020-02-21,7.561708,7.586815,7.225373,7.31014,768180000
2020-02-24,6.716519,7.006866,6.662079,6.793332,856916000
2020-02-25,6.868406,6.930303,6.412501,6.514172,1055496000
2020-02-26,6.514419,6.847275,6.512928,6.653378,747732000
2020-02-27,6.340222,6.641191,6.190734,6.283014,906416000
2020-02-28,6.030798,6.777,6.014133,6.717552,1133252000
2020-03-02,6.887437,6.9046,6.49195,6.875746,890744000
2020-03-03,6.931463,6.991159,6.528266,6.613582,652792000
2020-03-04,6.720785,7.086175,6.646164,7.076723,597408000
2020-03-05,6.877487,7.044139,6.753121,6.797644,540328000
2020-03-06,6.618307,6.675765,6.41733,6.617312,515412000
2020-03-09,5.967123,6.452154,5.924341,6.104922,614160000
2020-03-10,6.381015,6.49394,6.118601,6.49394,580648000
2020-03-11,6.354153,6.382509,6.033535,6.130541,499964000
2020-03-12,5.607951,5.873101,5.367674,5.38036,816540000
2020-03-13,5.733313,5.99498,5.462442,5.990503,634836000
2020-03-16,5.283354,5.62387,4.825435,4.885131,726972000
2020-03-17,4.997309,5.493533,4.750814,5.404238,833632000
2020-03-18,4.977162,5.221916,4.494121,5.044817,874268000
2020-03-19,5.023427,5.390807,4.810263,5.297284,765512000
2020-03-20,5.44727,5.728836,5.102276,5.117698,804636000
2020-03-23,5.1167,5.384587,4.937861,5.290317,643876000
2020-03-24,5.696003,6.284507,5.672373,6.197948,1101644000
2020-03-25,6.312862,6.512346,6.060646,6.109398,793432000
2020-03-26,6.316343,6.522295,6.218343,6.398426,696108000
2020-03-27,6.218344,6.544683,6.185511,6.286249,638828000
2020-03-30,6.351665,6.615323,6.307639,6.60612,602252000
2020-03-31,6.646164,6.850126,6.411111,6.55662,949960000
2020-04-01,6.358878,6.505133,6.001447,6.04597,656912000
2020-04-02,6.075072,6.367583,6.027067,6.354401,675764000
2020-04-03,6.316841,6.358379,5.929563,6.066864,663212000
2020-04-06,6.34868,6.712827,6.291223,6.676014,727884000
2020-04-07,6.897386,6.921016,6.399919,6.44295,784520000
2020-04-08,6.551895,6.66482,6.482001,6.639947,542444000
2020-04-09,6.765557,6.78844,6.477523,6.540453,525564000
2020-04-13,6.480758,6.720786,6.392457,6.71208,398408000
2020-04-14,6.840177,7.096871,6.812568,7.062794,530948000
2020-04-15,6.894899,7.068267,6.84963,6.985438,366148000
2020-04-16,7.140648,7.437138,7.127465,7.330183,745620000
2020-04-17,7.412265,7.433656,7.137165,7.270984,539120000
2020-04-20,7.144628,7.300335,7.095628,7.139902,449388000
2020-04-21,7.022004,7.083192,6.643928,6.703624,735160000
2020-04-22,6.895645,7.160298,6.850127,7.117515,483356000
2020-04-23,7.159551,7.29138,7.039164,7.064286,424160000
2020-04-24,7.054087,7.205068,6.979467,7.203078,352328000
2020-04-27,7.337397,7.549069,7.312772,7.389382,479388000
2020-04-28,7.536633,7.566481,7.241635,7.247107,442904000
2020-04-29,7.381671,7.476439,7.306553,7.423707,379160000
2020-04-30,7.36973,7.423705,7.256059,7.269988,375916000
2020-05-01,7.072744,7.185918,6.985438,7.033693,342096000
2020-05-04,6.986433,7.259046,6.986433,7.245365,317556000
2020-05-05,7.349335,7.468728,7.245364,7.306304,368896000
2020-05-06,7.385652,7.51176,7.347844,7.407043,323464000
2020-05-07,7.546084,7.646323,7.494845,7.583145,373732000
2020-05-08,7.654781,7.779148,7.620953,7.77293,339216000
2020-05-11,7.767954,8.07141,7.73935,8.024648,469060000
2020-05-12,8.082354,8.131106,7.753279,7.76298,493060000
2020-05-13,7.877396,8.03758,7.556281,7.740592,625852000
2020-05-14,7.802032,7.995299,7.648564,7.989827,602312000
2020-05-15,7.849786,8.457442,7.834116,8.447742,987660000
2020-05-18,8.716126,8.871336,8.636531,8.705928,774460000
2020-05-19,8.745727,9.041471,8.718366,8.7609,717320000
2020-05-20,8.945459,8.997196,8.843727,8.924565,587536000
2020-05-21,9.005654,9.006649,8.693244,8.730803,761068000
2020-05-22,8.780546,9.04694,8.669114,8.980528,1038764000
2020-05-26,9.11037,9.135244,8.628076,8.673594,770780000
2020-05-27,8.581311,8.589022,7.956244,8.482067,1175892000
2020-05-28,8.36964,8.716127,8.336808,8.444013,734896000
2020-05-29,8.511172,8.830546,8.442024,8.830546,745256000
2020-06-01,8.788509,8.795971,8.645487,8.761645,389876000
2020-06-02,8.751694,8.792485,8.614144,8.780546,391320000
2020-06-03,8.777564,8.821341,8.655933,8.72508,365440000
2020-06-04,8.687755,8.902012,8.637488,8.726078,424280000
2020-06-05,8.753949,8.955515,8.667848,8.87887,481748000
2020-06-08,8.836317,8.848759,8.6457,8.7644,387736000
2020-06-09,8.759422,9.067743,8.710897,9.004287,468488000
2020-06-10,9.125476,9.456194,9.111291,9.323558,632180000
2020-06-11,9.107808,9.218545,8.745487,8.75569,583652000
2020-06-12,9.120252,9.144887,8.663119,8.891312,570908000
2020-06-15,8.774605,9.139913,8.703434,9.131452,400004000
2020-06-16,9.182464,9.224021,8.797994,9.026685,535716000
2020-06-17,9.071727,9.256122,9.028427,9.193413,408304000
2020-06-18,9.184455,9.2397,9.072474,9.175497,254408000
2020-06-19,9.19988,9.401446,9.1847,9.218543,524160000
2020-06-22,9.257116,9.487299,9.230489,9.48282,398468000
2020-06-23,9.50696,9.598038,9.364122,9.406425,375108000
2020-06-24,9.432554,9.512435,9.102334,9.192915,449372000
2020-06-25,9.31261,9.461172,9.13991,9.44624,376072000
2020-06-26,9.456193,9.456193,9.082922,9.112783,592084000
2020-06-29,9.127465,9.162054,8.858958,9.157575,342248000
2020-06-30,9.271056,9.482327,9.223775,9.453959,367892000
2020-07-01,9.476849,9.531596,9.369596,9.486056,326648000
2020-07-02,9.594556,9.692602,9.534086,9.567929,364056000
2020-07-06,9.69683,9.86306,9.667715,9.79388,315892000
2020-07-07,9.900386,10.023565,9.805326,9.826229,357800000
2020-07-08,9.94767,10.177855,9.919551,10.168896,365480000
2020-07-09,10.332386,10.521261,10.186313,10.460543,494548000
2020-07-10,10.539924,10.606117,10.330892,10.430929,497676000
2020-07-13,10.546146,10.742486,9.978774,10.005898,457076000
2020-07-14,10.028543,10.354782,9.740377,10.32915,542676000
2020-07-15,10.366231,10.384894,10.009383,10.180093,403984000
2020-07-16,9.968821,10.159686,9.849871,10.088018,344964000
2020-07-17,10.178349,10.201243,10.041235,10.15446,266284000
2020-07-20,10.226874,10.482689,10.109915,10.462283,284852000
2020-07-21,10.464522,10.511306,10.239316,10.280873,277036000
2020-07-22,10.319696,10.553612,10.244046,10.390617,367292000
2020-07-23,10.401813,10.498366,9.984994,10.08304,411660000
2020-07-24,9.829468,10.316959,9.73192,10.147494,473292000
2020-07-27,10.185067,10.393601,10.170633,10.373445,292132000
2020-07-28,10.326417,10.334131,10.162178,10.168399,271636000
2020-07-29,10.342836,10.467757,10.299288,10.417241,284508000
2020-07-30,10.327162,10.574019,10.24778,10.565061,308880000
2020-07-31,10.514544,10.716857,10.384894,10.565806,386080000
2020-08-03,10.68301,11.047571,10.66584,10.959479,412720000
2020-08-04,10.999047,11.175977,10.855711,11.175977,310336000
2020-08-05,11.192155,11.319315,11.114763,11.234707,249924000
2020-08-06,11.297415,11.305627,11.127204,11.283231,244316000
2020-08-07,11.260337,11.451701,10.986606,11.147859,342516000
2020-08-10,11.281988,11.355646,10.80644,11.113518,427796000
2020-08-11,11.02269,11.0854,10.745972,10.799973,354512000
2020-08-12,10.940072,11.414126,10.907722,11.3875,464412000
2020-08-13,11.49276,11.6677,11.303388,11.390235,374460000
2020-08-14,11.476833,11.650777,11.387746,11.510676,366436000
2020-08-17,11.796602,12.352527,11.762759,12.280112,621300000
2020-08-18,12.39259,12.438379,12.030518,12.204213,503448000
2020-08-19,12.239801,12.258216,12.042216,12.08253,622624000
2020-08-20,11.919783,12.317938,11.823977,12.085017,921388000
2020-08-21,12.145485,12.749687,12.139015,12.625014,999868000
2020-08-24,12.82434,12.852958,12.449825,12.661594,490564000
2020-08-25,12.572508,12.702407,12.515771,12.691209,289076000
2020-08-26,12.740232,12.809162,12.619292,12.714103,321244000
2020-08-27,12.722563,12.790747,12.508554,12.57002,317604000
2020-08-28,12.616558,13.087376,12.584207,13.087128,537160000
2020-08-31,13.121965,13.512406,12.977634,13.312831,500840000
2020-09-01,13.421854,13.933388,13.378542,13.761384,511316000
2020-09-02,14.64033,14.663231,13.840046,14.284621,874012000
2020-09-03,13.769101,13.82461,12.823199,12.959359,945128000
2020-09-04,12.728612,13.118175,11.654266,12.568058,1463684000
2020-09-08,11.683885,12.495868,11.653766,11.861615,795728000
2020-09-09,12.346514,12.753999,12.17899,12.660156,736200000
2020-09-10,12.933224,13.008896,12.11452,12.258646,698684000
2020-09-11,12.431647,12.597926,11.84444,12.112031,636928000
2020-09-14,13.02458,13.25757,12.57677,12.81673,1201744000
2020-09-15,13.222716,13.241385,12.772417,12.934963,727556000
2020-09-16,12.901362,13.036278,12.459775,12.460522,556384000
2020-09-17,12.079919,12.535446,11.98284,12.40974,792512000
2020-09-18,12.539431,12.578014,11.937041,12.136676,698460000
2020-09-21,11.873564,12.468487,11.853153,12.46326,721044000
2020-09-22,12.52076,12.593445,12.10307,12.58324,646452000
2020-09-23,12.521259,12.672106,12.02715,12.071458,647012000
2020-09-24,12.02018,12.515285,11.962181,12.29474,731240000
2020-09-25,12.393811,12.82793,12.192931,12.818222,588016000
2020-09-28,12.984006,12.995457,12.695008,12.978779,573808000
2020-09-29,12.881695,13.384766,12.877464,13.168702,621460000
2020-09-30,13.100748,13.563743,13.09353,13.472139,689184000
2020-10-01,13.69866,13.703389,13.402691,13.555779,525004000
2020-10-02,13.167958,13.461187,12.994708,13.00591,552496000
2020-10-05,13.178911,13.5854,13.165718,13.583657,479820000
2020-10-06,13.770347,14.081001,13.606058,13.67725,784420000
2020-10-07,13.939368,14.058352,13.803705,13.903771,418084000
2020-10-08,14.01429,14.02375,13.698658,13.779059,378900000
2020-10-09,13.707618,13.764622,13.601827,13.703386,346892000
2020-10-12,13.929159,14.285117,13.852491,14.164639,434744000
2020-10-13,14.234836,14.286612,13.958284,14.186794,344604000
2020-10-14,14.228863,14.280887,13.899789,14.034455,276100000
2020-10-15,13.751179,13.945338,13.708364,13.909742,267224000
2020-10-16,13.976205,14.06059,13.733008,13.751926,242392000
2020-10-19,13.843035,13.923187,13.348925,13.439533,298068000
2020-10-20,13.524909,13.740227,13.448739,13.586642,229212000
2020-10-21,13.566231,13.732013,13.419368,13.466413,219596000
2020-10-22,13.464173,13.553038,13.174676,13.30337,290480000
2020-10-23,13.391988,13.534621,13.233923,13.531633,233484000
2020-10-26,13.369087,13.633691,12.982262,13.084569,336896000
2020-10-27,13.248606,13.38402,13.1346,13.338965,250520000
2020-10-28,13.141073,13.202806,12.554614,12.572536,376520000
2020-10-29,12.783124,13.135846,12.695006,12.967824,320080000
2020-10-30,12.794576,12.880703,12.246949,12.479939,416820000
2020-11-02,12.603155,12.781383,12.341539,12.526487,299652000
2020-11-03,12.653686,13.048476,12.548392,12.963345,272900000
2020-11-04,13.331499,13.767859,13.279474,13.734752,410228000
2020-11-05,14.101412,14.277151,13.930652,14.098923,319028000
2020-11-06,14.048891,14.525826,13.835068,14.499191,383348000
2020-11-09,14.48973,14.62813,13.552042,13.571956,582976000
2020-11-10,13.547813,13.547813,12.573783,12.714922,644068000
2020-11-11,12.997445,13.377051,12.892399,13.360124,404744000
2020-11-12,13.420864,13.706625,13.258566,13.398709,365812000
2020-11-13,13.56847,13.609791,13.00292,13.239645,346312000
2020-11-16,13.115684,13.590627,13.099255,13.456956,413776000
2020-11-17,13.494044,13.537605,13.246367,13.364356,312028000
2020-11-18,13.407171,13.547065,13.12813,13.370829,510924000
2020-11-19,13.155762,13.429326,13.043498,13.38228,565936000
2020-11-20,13.39597,13.436295,13.008647,13.0313,341088000
2020-11-23,13.114438,13.324776,12.959359,13.083323,361356000
2020-11-24,13.085816,13.105232,12.829427,12.901863,346500000
2020-11-25,12.976289,13.212267,12.963844,13.177667,259916000
2020-11-27,13.317309,13.349669,13.113691,13.204049,167276000
2020-11-30,13.207787,13.354651,12.916299,13.343698,286952000
2020-12-01,13.434055,13.470397,13.171193,13.332246,296948000
2020-12-02,13.292918,13.614524,13.177169,13.486081,283360000
2020-12-03,13.532886,13.605095,13.275426,13.342156,199520000
2020-12-04,13.394449,13.505501,13.334939,13.503758,202244000
2020-12-07,13.546585,13.676063,13.445742,13.552063,223244000
2020-12-08,13.530401,13.544096,13.228121,13.296346,271920000
2020-12-09,13.247046,13.36009,12.816533,12.878782,401300000
2020-12-10,12.817277,13.016224,12.797855,12.920112,207764000
2020-12-11,12.915132,12.967671,12.771462,12.960948,209264000
2020-12-14,13.035399,13.33494,13.024941,13.255261,270156000
2020-12-15,13.385735,13.409887,13.133752,13.306804,193016000
2020-12-16,13.368556,13.383247,13.159399,13.18928,223116000
2020-12-17,13.313026,13.325725,13.125533,13.287629,231384000
2020-12-18,13.325228,13.351123,13.017968,13.218658,342064000
2020-12-21,13.0222,13.316263,12.915381,13.278665,302332000
2020-12-22,13.265718,13.283645,13.001534,13.224882,185580000
2020-12-23,13.202725,13.221648,12.952734,12.956966,179144000
2020-12-24,12.984852,13.07972,12.886749,12.941527,97884000
2020-12-28,13.009999,13.009999,12.711953,12.848152,212564000
2020-12-29,12.873053,13.01996,12.790635,12.891229,170372000
2020-12-30,12.93804,13.160642,12.844917,13.092916,225396000
2020-12-31,13.083703,13.098144,12.863092,13.00253,192424000
2021-01-04,13.051583,13.59763,12.910403,13.060796,560640000
2021-01-05,13.047101,13.38947,13.034403,13.350876,322760000
2021-01-06,13.169358,13.191768,12.535417,12.563802,580424000
2021-01-07,12.915382,13.323984,12.834708,13.290369,461480000
2021-01-08,13.308795,13.367059,12.989582,13.223389,292528000
2021-01-11,13.364817,13.904888,13.308794,13.566752,518344000
2021-01-12,13.697228,13.699221,13.291367,13.430554,291476000
2021-01-13,13.435784,13.570242,13.331207,13.477366,210028000
2021-01-14,13.520439,13.545089,13.127525,13.147195,283120000
2021-01-15,13.174835,13.271694,12.796861,12.807817,277780000
2021-01-19,12.963933,13.041371,12.792375,12.972898,226188000
2021-01-20,13.059054,13.376523,13.004276,13.312034,258572000
2021-01-21,13.36457,13.942986,13.199735,13.811766,337780000
2021-01-22,13.684777,13.786119,13.57248,13.657388,246820000
2021-01-25,13.726359,13.772921,13.1833,13.598375,251112000
2021-01-26,13.525918,13.58991,13.333694,13.381252,163980000
2021-01-27,13.176828,13.179567,12.742331,12.865833,371272000
2021-01-28,12.944019,13.286139,12.908412,12.998549,228316000
2021-01-29,13.022449,13.281156,12.859607,12.937542,271552000
2021-02-01,13.000787,13.217413,12.850892,13.183799,217204000
2021-02-02,13.344901,13.517454,13.232105,13.502266,220440000
2021-02-03,13.581198,13.87576,13.462179,13.476123,245408000
2021-02-04,13.476617,13.618545,13.284144,13.609332,201340000
2021-02-05,13.66984,13.682041,13.49131,13.536378,169152000
2021-02-08,13.67208,14.41558,13.67208,14.380721,434624000
2021-02-09,14.283112,14.524638,14.165337,14.205924,287560000
2021-02-10,14.405121,14.845095,14.283861,14.704911,485352000
2021-02-11,14.920044,15.21087,14.865016,15.189456,450828000
2021-02-12,14.989514,15.229795,14.715619,14.901121,374756000
2021-02-16,15.003704,15.310716,14.889913,15.268635,321960000
2021-02-17,15.110027,15.162316,14.720598,14.846092,274756000
2021-02-18,14.669803,14.813473,14.516422,14.769402,233868000
2021-02-19,14.964113,15.116,14.787078,14.866508,271724000
2021-02-22,14.715369,15.072429,14.267427,14.298054,325884000
2021-02-23,14.018677,14.181521,13.335683,14.085159,391780000
2021-02-24,14.065989,14.448446,13.700712,14.440726,448320000
2021-02-25,13.989049,14.316976,13.163132,13.254015,824436000
2021-02-26,13.697226,13.798817,13.3073,13.65938,500932000
2021-03-01,13.819236,13.869035,13.498779,13.786119,353184000
2021-03-02,13.844136,13.864554,13.342162,13.352371,264116000
2021-03-03,13.372287,13.397435,12.747309,12.753285,377592000
2021-03-04,12.749302,12.922852,12.035183,12.320532,573344000
2021-03-05,12.499559,12.499559,11.632309,12.411415,542840000
2021-03-08,12.399963,12.421127,11.520014,11.546657,543112000
2021-03-09,12.08567,12.570382,12.014931,12.474237,521824000
2021-03-10,12.793308,12.932295,12.411716,12.422426,384376000
2021-03-11,12.902404,12.998301,12.687697,12.945745,299916000
2021-03-12,12.601765,12.841382,12.54373,12.808752,243964000
2021-03-15,12.817467,13.15821,12.720326,13.142767,221988000
2021-03-16,13.30741,13.462837,13.068541,13.2424,272128000
2021-03-17,12.991823,13.403803,12.941758,13.292215,243864000
2021-03-18,13.08822,13.135545,12.670262,12.675741,293896000
2021-03-19,12.70314,12.87401,12.566146,12.798538,299208000
2021-03-22,12.865294,13.345273,12.859316,13.137789,297804000
2021-03-23,13.205536,13.295454,12.973392,13.022711,222048000
2021-03-24,13.102917,13.110888,12.590308,12.596535,245840000
2021-03-25,12.453561,12.66802,12.226897,12.489179,295144000
2021-03-26,12.508358,12.809,12.328024,12.792062,363968000
2021-03-29,12.773134,13.014494,12.653326,12.900663,273520000
2021-03-30,12.794801,12.927562,12.658305,12.824442,200204000
2021-03-31,12.967665,13.420993,12.934786,13.299192,314776000
2021-04-01,13.522368,13.819024,13.461592,13.760988,308276000
2021-04-05,13.816534,13.962495,13.682527,13.936092,255672000
2021-04-06,13.948298,14.002597,13.72288,13.810555,191744000
2021-04-07,13.829736,14.191153,13.661109,14.091521,251284000
2021-04-08,14.200368,14.418314,14.196631,14.264381,244416000
2021-04-09,14.161759,14.355046,14.122903,14.347075,195172000
2021-04-12,14.23723,15.296074,14.087283,15.153101,869324000
2021-04-13,15.175519,15.642297,15.070157,15.621872,676212000
2021-04-14,15.567573,15.662722,15.171534,15.220853,385500000
2021-04-15,15.604934,16.154657,15.574048,16.07794,598480000
2021-04-16,15.994,16.106337,15.80694,15.854017,335208000
2021-04-19,15.479398,15.749402,15.177014,15.30529,404420000
2021-04-20,15.266933,15.440044,14.908007,15.115492,334132000
2021-04-21,15.063184,15.306039,15.046746,15.304047,216776000
2021-04-22,15.318493,15.38176,14.729166,14.795671,277788000
2021-04-23,14.879362,15.278639,14.845487,15.209146,227500000
2021-04-26,15.129192,15.422111,15.069412,15.421114,197796000
2021-04-27,15.521246,15.612908,15.298069,15.325219,164572000
2021-04-28,15.308031,15.475165,15.159578,15.220603,209416000
2021-04-29,15.3434,15.379766,15.016108,15.268427,173196000
2021-04-30,15.11873,15.308529,14.941881,14.954335,201912000
2021-05-03,15.069414,15.190717,14.733155,14.782224,203912000
2021-05-04,14.583454,14.583703,13.958758,14.298505,405324000
2021-05-05,14.654938,14.759055,14.33462,14.405359,292024000
2021-05-06,14.441974,14.517695,14.165743,14.469622,193380000
2021-05-07,14.753827,14.915729,14.617828,14.757812,229328000
2021-05-10,14.732904,14.751585,14.197629,14.213321,268904000
2021-05-11,13.77419,14.301993,13.699465,14.253671,285584000
2021-05-12,13.95801,14.207839,13.658865,13.707933,303408000
2021-05-13,13.982172,14.029,13.409534,13.615026,285404000
2021-05-14,13.838951,14.275341,13.697971,14.190654,258616000
2021-05-17,14.104968,14.117173,13.802584,14.113437,216980000
2021-05-18,14.214564,14.35131,13.95253,13.964237,186256000
2021-05-19,13.516639,14.027754,13.493475,14.014054,344000000
2021-05-20,14.249935,14.629784,14.218053,14.558796,321592000
2021-05-21,15.10802,15.166056,14.814852,14.936652,672992000
2021-05-24,15.156587,15.68713,15.120221,15.55462,554816000
2021-05-25,15.708056,15.760363,15.425598,15.59024,435408000
2021-05-26,15.676422,15.735703,15.528966,15.642298,370440000
2021-05-27,15.642052,15.692117,15.403183,15.43108,581476000
2021-05-28,15.444031,16.217677,15.444031,16.184797,644536000
2021-06-01,16.210202,16.328017,15.844799,16.204721,472804000
2021-06-02,16.192516,16.856566,16.175827,16.716581,594168000
2021-06-03,16.639371,17.195569,16.522053,16.907381,580008000
2021-06-04,17.049605,17.596089,17.032669,17.513645,617120000
2021-06-07,17.506672,17.747034,17.129563,17.554245,575756000
2021-06-08,17.462831,17.556734,17.187595,17.392839,323848000
2021-06-09,17.455374,17.51442,17.19627,17.298416,381656000
2021-06-10,17.290195,17.431705,17.116795,17.364935,287772000
2021-06-11,17.41925,17.877417,17.383624,17.763809,416308000
2021-06-14,17.844282,17.977321,17.60187,17.956642,321376000
2021-06-15,17.853249,17.95415,17.666894,17.727184,243032000
2021-06-16,17.72943,17.892864,17.523889,17.748861,307124000
2021-06-17,17.713233,18.770076,17.695046,18.592939,809656000
2021-06-18,18.719255,19.308217,18.519943,18.574505,968856000
2021-06-21,18.371705,18.472608,17.761317,18.363733,672384000
2021-06-22,18.40783,18.898384,18.322624,18.821648,580144000
2021-06-23,18.942235,19.086736,18.842579,18.991564,332356000
2021-06-24,19.16148,19.353066,19.022459,19.139305,320924000
2021-06-25,19.214039,19.278815,18.82937,18.965399,278364000
2021-06-28,19.294509,20.009536,19.252405,19.916109,495436000
2021-06-29,19.813966,20.02947,19.589243,19.95772,367632000
2021-06-30,19.930311,20.092998,19.795278,19.93355,326568000
2021-07-01,20.055628,20.385487,19.949993,20.142328,480136000
2021-07-02,20.369796,20.434572,20.217821,20.416384,342764000
2021-07-06,20.666019,20.770158,20.280104,20.627153,446708000
2021-07-07,20.781619,20.803044,20.261917,20.301529,418428000
2021-07-08,19.78806,20.063606,19.632847,19.83415,503300000
2021-07-09,19.893687,20.011032,19.686155,19.981134,296624000
2021-07-12,20.170232,20.461972,20.118162,20.441793,321984000
2021-07-13,20.330183,20.390725,20.044672,20.180202,290708000
2021-07-14,20.287577,20.347369,19.684663,19.773106,380100000
2021-07-15,19.743458,19.778586,18.793493,18.900871,550564000
2021-07-16,18.964906,19.090969,18.010706,18.098402,688224000
2021-07-19,17.853499,18.976364,17.803919,18.715019,749060000
2021-07-20,18.665437,18.773065,18.101388,18.547844,434687000
2021-07-21,18.816912,19.459689,18.677395,19.343092,371017000
2021-07-22,19.574297,19.818452,19.209558,19.526463,323826000
2021-07-23,19.588245,19.632094,19.183645,19.490583,195672000
2021-07-26,19.244439,19.374986,18.848806,19.227497,203943000
2021-07-27,19.198587,19.554357,18.676394,19.141785,248863000
2021-07-28,19.252408,19.578281,18.929525,19.435774,202191000
2021-07-29,19.451716,19.784567,19.261375,19.594225,190781000
2021-07-30,19.351065,19.562335,19.196601,19.431787,183497000
2021-08-02,19.63209,19.89219,19.294258,19.681917,217444000
2021-08-03,19.671954,20.152293,19.153746,19.746696,301811000
2021-08-04,19.921097,20.247968,19.759655,20.204119,231309000
2021-08-05,20.429334,20.66153,20.271878,20.565861,211435000
2021-08-06,20.453256,20.499097,20.140337,20.295799,178497000
2021-08-09,20.375531,20.437317,20.073575,20.225052,146443000
2021-08-10,20.251956,20.359583,19.766633,19.867287,179238000
2021-08-11,19.97391,19.97989,19.363024,19.631096,185925000
2021-08-12,19.801508,19.959959,19.55237,19.836388,151652000
2021-08-13,19.836385,20.14432,19.78257,20.118408,183063000
2021-08-16,20.065591,20.217068,19.385941,19.881229,210876000
2021-08-17,19.617147,19.701855,19.200589,19.39093,204585000
2021-08-18,19.432784,19.566323,18.934508,18.974371,285913000
2021-08-19,19.426804,20.424355,18.697327,19.729757,766555000
2021-08-20,19.922092,20.79308,19.864294,20.744249,675741000
2021-08-23,20.898714,21.921176,20.877786,21.882311,575807000
2021-08-24,21.678019,21.883308,21.46077,21.71788,297299000
2021-08-25,21.662068,22.392541,21.64712,22.136427,347701000
2021-08-26,22.123477,22.262994,21.71489,21.991932,237940000
2021-08-27,22.107536,22.643682,22.090594,22.557978,304722000
2021-08-30,22.751309,22.963574,22.473272,22.609798,262580000
2021-08-31,22.620757,22.620757,22.047639,22.311771,259850000
2021-09-01,22.411449,22.622755,22.283867,22.367592,201767000
2021-09-02,22.444339,22.519095,22.222069,22.322739,187834000
2021-09-03,22.251969,22.910806,22.127378,22.768274,280532000
2021-09-07,22.758312,22.824096,22.448328,22.587872,198107000
2021-09-08,22.439355,22.536038,21.905107,22.265924,254434000
2021-09-09,22.239013,22.464273,22.058605,22.104454,196856000
2021-09-10,22.274895,22.551985,22.197151,22.40447,248376000
2021-09-13,22.6098,22.888884,21.786501,22.07954,297500000
2021-09-14,22.202132,22.336691,22.013751,22.169241,199755000
2021-09-15,22.236027,22.293837,21.894148,22.267921,166538000
2021-09-16,22.110434,22.204126,21.855271,22.169241,156033000
2021-09-17,22.227049,22.24798,21.758587,21.828358,294503000
2021-09-20,21.076829,21.362891,20.594413,21.043938,349440000
2021-09-21,21.346942,21.354916,20.881471,21.176502,204688000
2021-09-22,21.296108,21.888165,21.126665,21.869228,268726000
2021-09-23,22.067578,22.461287,21.818396,22.408461,248555000
2021-09-24,21.997802,22.076545,21.789487,22.008766,217655000
2021-09-27,21.638979,21.727689,21.255241,21.589144,245215000
2021-09-28,21.144601,21.348931,20.583441,20.631285,343069000
2021-09-29,20.871497,20.948245,20.400043,20.449881,218394000
2021-09-30,20.700063,20.997089,20.620325,20.648233,221009000
2021-10-01,20.682124,20.790766,20.136912,20.67415,240978000
2021-10-04,20.436928,20.474804,19.491033,19.667454,345635000
2021-10-05,19.884743,20.58046,19.789056,20.384104,279282000
2021-10-06,20.054182,20.652217,20.014312,20.632284,297202000
2021-10-07,21.023004,21.252253,20.903398,21.006062,256919000
2021-10-08,21.031973,21.136629,20.707039,20.762856,151258000
2021-10-11,20.507698,20.9941,20.443906,20.627304,163388000
2021-10-12,20.759868,20.988119,20.46085,20.603382,162134000
2021-10-13,20.849569,20.921334,20.64524,20.870501,180652000
2021-10-14,21.218364,21.683835,21.052906,21.674866,243589000
2021-10-15,21.738652,21.859256,21.591137,21.790482,226994000
2021-10-18,21.677853,22.21808,21.573195,22.149305,189494000
2021-10-19,22.203129,22.305793,21.964912,22.217085,161473000
2021-10-20,22.232034,22.359615,21.910091,22.030695,146276000
2021-10-21,22.024716,22.636708,22.010762,22.617769,187590000
2021-10-22,22.748344,23.054339,22.487202,22.651661,249384000
2021-10-25,22.897846,23.278597,22.695511,23.090216,230235000
2021-10-26,23.910527,25.176373,23.845739,24.636145,485898000
2021-10-27,24.393939,25.007923,24.202566,24.371014,245990000
2021-10-28,24.79662,24.868384,24.442781,24.859413,234204000
2021-10-29,24.91921,25.624894,24.918214,25.483358,292503000
2021-11-01,25.5651,25.809298,25.14448,25.742517,265740000
2021-11-02,25.737532,26.590731,25.715602,26.314636,294112000
2021-11-03,26.582755,26.696383,26.149179,26.51099,239910000
2021-11-04,27.139929,31.262399,27.029292,29.703516,1153631000
2021-11-05,30.088249,31.29728,29.31379,29.654673,851260000
2021-11-08,30.050376,30.998265,29.809167,30.703234,503101000
2021-11-09,32.176393,32.204301,29.865976,30.556707,646746000
2021-11-10,29.259969,30.749081,28.683859,29.362631,636206000
2021-11-11,30.368332,30.489933,29.679593,30.290586,332172000
2021-11-12,29.91183,30.579639,29.533072,30.290586,413054000
2021-11-15,30.452059,30.543757,29.151328,29.926783,384909000
2021-11-16,29.661653,30.290587,29.608825,30.104198,264484000
2021-11-17,30.318494,30.409198,28.705787,29.165279,428508000
2021-11-18,32.261122,32.652834,31.218542,31.571384,781711000
2021-11-19,32.137521,32.979758,31.800627,32.877094,533867000
2021-11-22,33.407356,34.53366,31.795647,31.851463,754335000
2021-11-23,31.431844,32.254147,30.778986,31.642155,532163000
2021-11-24,31.358088,32.747527,30.826831,32.56712,435162000
2021-11-26,32.49336,32.603001,31.247451,31.39995,283069000
2021-11-29,32.260128,33.302704,31.931206,33.266823,454964000
2021-11-30,33.060494,33.243894,31.759765,32.569107,622066000
2021-12-01,33.114388,33.184168,31.281177,31.336004,484368000
2021-12-02,31.115699,32.375719,30.927294,32.024826,472890000
2021-12-03,31.899227,32.027823,30.035115,30.596344,544325000
2021-12-06,29.785901,30.145764,27.949702,29.942408,658938000
2021-12-07,30.859511,32.346813,30.554473,32.324879,593053000
2021-12-08,31.898226,32.18831,31.322046,31.725771,475551000
2021-12-09,31.634058,32.103577,30.332171,30.393976,488507000
2021-12-10,31.051905,31.206418,29.766965,30.102903,488825000
2021-12-13,30.153745,30.198603,28.027461,28.072319,598344000
2021-12-14,27.611773,28.58769,27.164188,28.247765,667035000
2021-12-15,28.310565,30.403952,27.750334,30.363081,698297000
2021-12-16,31.053897,31.061872,28.004531,28.297604,707366000
2021-12-17,27.896868,28.830918,27.672576,27.713448,713758000
2021-12-20,27.21901,28.055367,27.059514,27.631706,461847000
2021-12-21,28.284646,29.028297,27.314709,28.983438,524385000
2021-12-22,28.800015,29.461924,28.359406,29.307411,395184000
2021-12-23,29.661293,29.964337,29.338314,29.546656,343022000
2021-12-27,29.566596,30.989102,29.546659,30.847549,403686000
2021-12-28,31.213395,31.231338,29.917488,30.226513,420591000
2021-12-29,30.177664,30.451797,29.273518,29.906519,343139000
2021-12-30,29.733071,30.361088,29.446976,29.49283,308864000
2021-12-31,29.580553,29.935432,29.238632,29.31838,266530000
2022-01-03,29.72111,30.614288,29.691204,30.026146,391547000
2022-01-04,30.181653,30.372051,28.259725,29.197762,527154000
2022-01-05,28.857832,29.323363,27.446293,27.517069,498064000
2022-01-06,27.552954,28.348442,26.979766,28.08926,454186000
2022-01-07,28.052381,28.332497,26.971794,27.161196,409939000
2022-01-10,26.49729,27.382494,25.563241,27.313711,594681000
2022-01-11,27.236949,27.976613,26.754474,27.729393,404089000
2022-01-12,27.978612,28.50495,27.521058,27.910828,383413000
2022-01-13,28.289632,28.390314,26.414555,26.491314,540171000
2022-01-14,26.217175,27.111351,26.127458,26.857153,395832000
2022-01-18,26.177302,26.554112,25.688846,25.821426,424270000
2022-01-19,25.996874,26.459412,24.973108,24.98806,488315000
2022-01-20,25.224315,25.498449,24.002174,24.073948,435181000
2022-01-21,23.432973,24.744828,23.189742,23.300392,718958000
2022-01-24,22.259679,23.306371,20.82222,23.298397,913982000
2022-01-25,22.474997,22.870748,21.930717,22.253696,664616000
2022-01-26,23.166812,23.981238,22.229771,22.700285,755959000
2022-01-27,23.493779,23.919435,21.606739,21.874893,573353000
2022-01-28,21.942679,22.786015,21.228934,22.768072,543774000
2022-01-31,23.108994,24.431816,22.979404,24.408888,564680000
2022-02-01,25.024942,25.065813,23.814764,24.56041,518925000
2022-02-02,25.71277,25.735696,24.475677,25.162508,543419000
2022-02-03,24.380978,24.998028,23.705113,23.872583,410178000
2022-02-04,23.896509,24.557421,23.55758,24.242416,354829000
2022-02-07,24.29525,25.102698,24.125785,24.650129,376868000
2022-02-08,24.282289,25.150546,23.904483,25.028931,410359000
2022-02-09,25.54131,26.640837,25.273158,26.620899,524282000
2022-02-10,25.913137,26.840206,25.51938,25.742674,513200000
2022-02-11,25.834385,26.069642,23.698135,23.873579,605472000
2022-02-14,23.858625,24.796662,23.680188,24.190577,440424000
2022-02-15,24.870427,26.461402,24.705948,26.41156,699869000
2022-02-16,26.176306,26.498289,25.471532,26.427511,732676000
2022-02-17,25.549286,25.703798,24.088901,24.429823,810595000
2022-02-18,24.590315,24.907314,23.027254,23.567547,761255000
2022-02-22,22.962462,23.988221,22.927572,23.316343,633422000
2022-02-23,23.727039,24.078927,22.230766,22.316494,566511000
2022-02-24,20.948821,23.72505,20.824214,23.673214,735801000
2022-02-25,23.646297,24.140734,23.307368,24.080923,528866000
2022-02-28,23.916445,24.587325,23.632342,24.308207,477319000
2022-03-01,24.214504,24.300234,23.059154,23.403067,412056000
2022-03-02,23.68522,24.336275,23.345237,24.147837,389642000
2022-03-03,24.189712,24.253523,23.399076,23.643347,365095000
2022-03-04,23.31433,23.609447,22.415017,22.867664,431415000
2022-03-07,22.749019,22.964377,21.26645,21.288383,450821000
2022-03-08,21.245511,22.30634,20.588474,21.4499,557467000
2022-03-09,22.320302,23.15082,22.180719,22.945435,492742000
2022-03-10,22.463874,22.720108,21.816807,22.590496,428066000
2022-03-11,22.953411,23.076045,21.980319,22.034159,367209000
2022-03-14,21.803845,22.195673,21.095961,21.266451,385354000
2022-03-15,21.453888,22.969359,21.258472,22.904552,491996000
2022-03-16,23.429985,24.523716,23.102963,24.423018,671422000
2022-03-17,24.048138,24.767985,23.834775,24.692213,471941000
2022-03-18,24.725116,26.489843,24.550638,26.374187,730719000
2022-03-21,26.428025,27.071104,25.889633,26.654348,591727000
2022-03-22,26.647367,27.156846,25.99432,26.444973,547007000
2022-03-23,26.048154,26.532706,25.498797,25.557621,502120000
2022-03-24,26.08804,28.235621,25.829811,28.066128,877379000
2022-03-25,27.802917,28.273511,27.18975,27.609495,579016000
2022-03-28,27.673304,28.165832,27.124942,28.134924,425494000
2022-03-29,28.609503,28.859755,27.896633,28.57062,488984000
2022-03-30,28.219675,28.411102,27.421061,27.607504,463487000
2022-03-31,27.699231,28.163842,27.188757,27.204708,523440000
2022-04-01,27.293439,27.414078,26.18874,26.632414,517235000
2022-04-04,26.648365,27.475892,26.533708,27.278482,397120000
2022-04-05,27.172799,27.237606,25.743071,25.853741,436615000
2022-04-06,24.85971,25.224619,23.931484,24.33428,703833000
2022-04-07,24.368183,24.648346,23.408053,24.135878,557992000
2022-04-08,23.845746,23.851729,22.993294,23.050123,524781000
2022-04-11,22.147818,22.253501,21.595467,21.851702,575207000
2022-04-12,22.469853,22.657293,21.218591,21.43993,662258000
2022-04-13,21.663267,22.432966,21.39108,22.13685,516943000
2022-04-14,22.437946,22.709137,21.099946,21.194662,569097000
2022-04-18,21.136836,22.022189,21.016197,21.7181,525701000
2022-04-19,21.655288,22.306342,21.250498,22.131865,512781000
2022-04-20,22.449914,22.602458,21.136838,21.417997,468974000
2022-04-21,21.644322,22.325288,19.940414,20.122869,656209000
2022-04-22,20.242512,20.424967,19.441905,19.45686,624713000
2022-04-25,19.144793,19.88558,19.03911,19.842709,641566000
2022-04-26,19.659255,19.729046,18.614377,18.732025,653143000
2022-04-27,18.542593,19.109898,18.235512,18.36014,499460000
2022-04-28,18.91049,19.977304,18.434912,19.723063,570327000
2022-04-29,19.344195,20.068032,18.461832,18.491743,500435000
2022-05-02,18.485757,19.515678,18.336204,19.474802,572049000
2022-05-03,19.342198,19.765933,19.075994,19.543596,475751000
2022-05-04,19.863644,20.339222,18.695134,20.273418,648855000
2022-05-05,19.807806,19.865632,18.444878,18.787853,626331000
2022-05-06,18.680177,19.453864,17.9364,18.619358,633297000
2022-05-09,17.98027,18.20061,16.776865,16.8995,644455000
2022-05-10,17.636299,18.143784,16.974278,17.54258,761474000
2022-05-11,17.295319,17.700109,16.51864,16.580454,670167000
2022-05-12,16.170676,16.737981,15.520619,16.126806,708728000
2022-05-13,16.737984,17.874587,16.543565,17.653248,670437000
2022-05-16,17.456833,17.735001,17.055034,17.212563,521446000
2022-05-17,18.020155,18.316271,17.581467,18.122849,585830000
2022-05-18,17.65225,18.06402,16.813756,16.887535,545161000
2022-05-19,16.88654,17.634305,16.684143,17.072983,621310000
2022-05-20,17.280362,17.358129,15.70806,16.644262,739105000
2022-05-23,16.225518,16.86461,16.130802,16.84766,639889000
2022-05-24,16.460813,16.547554,15.732988,16.105873,588550000
2022-05-25,15.972272,17.060022,15.952331,16.924427,781132000
2022-05-26,15.988226,18.0381,15.974268,17.797819,996575000
2022-05-27,18.131819,18.824748,18.046075,18.754957,738379000
2022-05-31,18.923448,19.142794,18.295326,18.616367,664100000
2022-06-01,18.668217,18.996235,18.068009,18.265419,544514000
2022-06-02,18.237504,19.56055,18.143784,19.53363,648656000
2022-06-03,19.025147,19.274403,18.466815,18.664225,598779000
2022-06-06,19.081981,19.279391,18.508693,18.730032,422406000
2022-06-07,18.416966,18.943393,18.133812,18.869614,388914000
2022-06-08,18.746954,19.126899,18.483685,18.596373,363252000
2022-06-09,18.429833,18.880582,17.991051,17.998032,395574000
2022-06-10,17.551272,17.648004,16.822295,16.927006,465248000
2022-06-13,15.955703,16.266839,15.562794,15.603681,604153000
2022-06-14,15.687445,16.021518,15.369328,15.792155,469680000
2022-06-15,16.050442,16.821303,15.88191,16.481247,563936000
2022-06-16,15.81609,15.897863,15.358361,15.557807,545749000
2022-06-17,15.604677,15.950716,15.285563,15.836035,630334000
2022-06-21,16.429388,16.960912,16.361576,16.520136,483089000
2022-06-22,16.181073,16.615867,16.135201,16.314703,437135000
2022-06-23,16.473265,16.539082,15.80911,16.18008,463680000
2022-06-24,16.454322,17.09255,16.264847,17.078588,472153000
2022-06-27,17.264074,17.282024,16.579973,16.8223,427968000
2022-06-28,16.85321,17.154374,15.900855,15.937753,461149000
2022-06-29,15.770218,15.776201,15.128001,15.498971,482352000
2022-06-30,15.318472,15.523902,14.820854,15.117032,686070000
2022-07-01,14.857751,15.021297,14.352155,14.482792,577610000
2022-07-05,14.135754,14.92955,14.016087,14.922569,651397000
2022-07-06,14.968444,15.276589,14.748055,15.088112,529066000
2022-07-07,15.413207,15.900853,15.346392,15.814094,492903000
2022-07-08,15.38728,15.9926,15.346393,15.79415,467972000
2022-07-11,15.483014,15.484012,14.996366,15.11005,437321000
2022-07-12,15.225728,15.388277,14.835811,15.040243,458483000
2022-07-13,14.549606,15.332432,14.424952,15.122016,521918000
2022-07-14,15.066171,15.43016,14.687223,15.32944,456235000
2022-07-15,15.615647,15.738306,15.402239,15.718362,385935000
2022-07-18,16.256865,16.850217,15.957696,16.056421,670517000
2022-07-19,16.440356,17.062629,16.127226,16.944956,702366000
2022-07-20,16.900082,17.883352,16.754486,17.7577,760538000
2022-07-21,17.835486,18.093768,17.496428,18.000029,557049000
2022-07-22,17.843464,17.917258,17.089556,17.271053,536671000
2022-07-25,16.971879,17.076589,16.602904,16.976866,480748000
2022-07-26,16.84224,16.872157,16.432378,16.487226,397865000
2022-07-27,16.984843,17.886341,16.866173,17.740746,569776000
2022-07-28,17.925232,18.089774,17.391713,17.934206,474646000
2022-07-29,17.763683,18.19349,17.643018,18.112715,435460000
2022-08-01,18.131657,18.79382,17.940189,18.38994,476469000
2022-08-02,18.071826,18.885567,18.041908,18.474707,489527000
2022-08-03,18.133658,18.915488,18.086787,18.840694,418146000
2022-08-04,18.796813,19.220635,18.708058,19.161798,409652000
2022-08-05,18.757928,19.175769,18.614328,18.936434,386068000
2022-08-08,17.453547,18.188506,17.194267,17.74374,981859000
2022-08-09,17.204239,17.398699,16.677701,17.038698,668263000
2022-08-10,17.649004,18.067842,17.269058,18.0469,597422000
2022-08-11,18.080806,18.655212,17.826511,17.892328,509327000
2022-08-12,18.109722,18.666178,17.903294,18.657202,478094000
2022-08-15,18.64923,19.110947,18.561474,18.979313,457666000
2022-08-16,18.867623,19.089009,18.449783,18.826736,451240000
2022-08-17,18.47172,18.636262,18.094766,18.284239,446799000
2022-08-18,18.25033,18.812768,18.132657,18.721024,415447000
2022-08-19,18.355044,18.468729,17.720805,17.799587,441588000
2022-08-22,17.44158,17.509393,16.919031,16.986843,409593000
2022-08-23,16.941968,17.41665,16.92302,17.133436,369986000
2022-08-24,16.964903,17.357813,16.848228,17.174322,522661000
2022-08-25,16.797365,17.897311,16.786395,17.863405,770691000
2022-08-26,17.807562,17.874376,16.192046,16.214983,769127000
2022-08-29,15.975647,16.292766,15.723347,15.757253,496132000
2022-08-30,15.915813,15.994594,15.139967,15.425176,530181000
2022-08-31,15.34141,15.496978,14.917586,15.052213,573710000
2022-09-01,14.16966,14.340187,13.233261,13.898414,1178865000
2022-09-02,14.060962,14.131764,13.55337,13.609216,743157000
2022-09-06,13.692986,13.740854,13.314038,13.427723,535751000
2022-09-07,13.529468,13.803789,13.313004,13.680095,512657000
2022-09-08,13.425726,13.97337,13.33595,13.955414,624873000
2022-09-09,14.122002,14.438219,14.091079,14.351434,486612000
2022-09-12,14.333478,14.511037,14.1629,14.469141,484159000
2022-09-13,13.767879,13.887582,13.066617,13.098537,714956000
2022-09-14,13.221231,13.257142,12.881074,13.095543,588507000
2022-09-15,12.982826,13.200287,12.758382,12.897038,523625000
2022-09-16,12.710497,13.179335,12.585806,13.16537,670751000
2022-09-19,12.979831,13.429716,12.977836,13.348916,569685000
2022-09-20,13.182328,13.449665,13.024719,13.143424,524818000
2022-09-21,13.180336,13.996314,13.07759,13.228217,807679000
2022-09-22,13.037688,13.116493,12.397276,12.529946,759162000
2022-09-23,12.389294,12.579822,12.226697,12.485057,663309000
2022-09-26,12.46012,12.627705,12.183805,12.19777,547343000
2022-09-27,12.476079,12.704513,12.227695,12.382312,553854000
2022-09-28,12.379319,12.791298,12.323458,12.704514,542414000
2022-09-29,12.417227,12.469098,11.916468,12.189791,532763000
2022-09-30,12.057118,12.601769,12.045148,12.10899,565638000
2022-10-03,12.316475,12.646657,12.075072,12.481067,547478000
2022-10-04,12.84716,13.187317,12.84716,13.134448,584182000
2022-10-05,12.87908,13.288067,12.589797,13.176343,507131000
2022-10-06,13.187318,13.62224,13.070606,13.09754,644157000
2022-10-07,12.474084,12.638676,11.992278,12.046144,672478000
2022-10-10,12.00724,12.094025,11.379795,11.641148,698699000
2022-10-11,11.532418,11.816713,11.255105,11.557357,667482000
2022-10-12,11.550376,11.70599,11.316954,11.471571,492590000
2022-10-13,10.943877,12.048141,10.786268,11.930432,850103000
2022-10-14,12.027191,12.081058,11.176301,11.199244,713432000
2022-10-17,11.489524,11.918461,11.488527,11.858609,580774000
2022-10-18,12.313484,12.461118,11.589279,11.937416,659362000
2022-10-19,11.849634,12.31947,11.804745,12.021209,523131000
2022-10-20,12.083054,12.737432,12.075073,12.163854,652398000
2022-10-21,12.068092,12.467104,11.857614,12.435183,609494000
2022-10-24,12.477078,12.678579,12.034176,12.567853,517457000
2022-10-25,12.662619,13.267121,12.632693,13.228217,505482000
2022-10-26,12.837184,13.3549,12.676582,12.864117,532953000
2022-10-27,13.596302,13.803788,13.089558,13.143424,583113000
2022-10-28,13.071603,13.815759,13.028709,13.799798,521040000
2022-10-31,13.743937,13.803789,13.264126,13.463632,486341000
2022-11-01,13.776855,13.890573,13.485577,13.509518,432817000
2022-11-02,13.815762,14.174872,13.178342,13.186321,672628000
2022-11-03,13.010755,13.746931,12.923971,13.38782,500065000
2022-11-04,13.951423,14.193823,13.663137,14.121003,612576000
2022-11-07,14.192825,14.37637,13.919503,14.265644,410061000
2022-11-08,14.764406,14.854184,14.180853,14.565899,595292000
2022-11-09,14.126986,14.175865,13.724982,13.74194,454414000
2022-11-10,14.763409,15.734003,14.511035,15.711061,700819000
2022-11-11,15.767921,16.348481,15.443724,16.286634,655487000
2022-11-14,16.177904,16.499108,15.882635,16.254713,527852000
2022-11-15,16.680657,16.955974,16.341498,16.624796,545876000
2022-11-16,16.122045,16.32155,15.833759,15.870667,649547000
2022-11-17,15.676147,16.225785,15.496592,15.638241,710894000
2022-11-18,15.926527,15.962439,15.082619,15.370905,492072000
2022-11-21,15.109552,15.438736,15.042717,15.279132,404739000
2022-11-22,15.290105,16.018301,15.084614,15.99835,472866000
2022-11-23,16.0582,16.48614,16.008325,16.478159,427241000
2022-11-25,16.277656,16.446237,16.132017,16.229774,167934000
2022-11-28,15.98638,16.316563,15.686125,15.787872,303741000
2022-11-29,15.787872,15.892613,15.481632,15.600337,298384000
2022-11-30,15.662198,16.892465,15.562421,16.885481,565298000
2022-12-01,16.961312,17.226721,16.598118,17.09701,470977000
2022-12-02,16.622061,16.895454,16.408535,16.838579,371389000
2022-12-05,16.642027,16.957326,16.435485,16.573179,352255000
2022-12-06,16.493354,16.536257,15.783929,15.951557,352694000
2022-12-07,15.737034,16.150117,15.632266,16.084263,372388000
2022-12-08,16.236924,17.140916,15.923619,17.130938,515456000
2022-12-09,17.121952,17.544015,16.937363,16.963305,465338000
2022-12-12,16.999229,17.499118,16.759761,17.496124,457328000
2022-12-13,18.489913,18.748339,17.671731,18.031931,656589000
2022-12-14,17.947125,18.211539,17.381382,17.634819,496888000
2022-12-15,17.107989,17.281603,16.662979,16.914419,478542000
2022-12-16,16.826609,17.003217,16.373616,16.534258,478232000
2022-12-19,16.535262,16.572179,16.109208,16.217966,354039000
2022-12-20,16.028386,16.273841,15.816857,16.049339,403260000
2022-12-21,16.078277,16.59014,16.066303,16.464418,325025000
2022-12-22,16.058319,16.102222,14.849006,15.304993,565045000
2022-12-23,15.162309,15.304992,14.850003,15.172287,349326000
2022-12-27,15.040578,15.066521,14.024835,14.089691,464902000
2022-12-28,13.896123,14.230381,13.853218,14.004882,351066000
2022-12-29,14.370073,14.650449,14.19546,14.570626,354923000
2022-12-30,14.30222,14.596566,14.201444,14.5816,310490000
2023-01-03,14.818075,14.962754,14.064749,14.283263,401277000
2023-01-04,14.534702,14.820068,14.209425,14.716298,431324000
2023-01-05,14.458873,14.531711,14.116633,14.233375,389168000
2023-01-06,14.441909,14.976721,14.002885,14.826056,405044000
2023-01-09,15.250115,16.020403,15.107432,15.593352,504231000
2023-01-10,15.472621,15.926612,15.437698,15.87373,384101000
2023-01-11,15.804882,15.992465,15.528496,15.965525,353285000
2023-01-12,16.064306,16.600114,15.457653,16.474394,551409000
2023-01-13,16.241907,16.88448,16.129159,16.86153,447287000
2023-01-17,16.861537,17.688699,16.861537,17.662756,511102000
2023-01-18,17.627832,17.833375,17.243686,17.338476,439624000
2023-01-19,16.998226,17.15887,16.693904,16.727827,452932000
2023-01-20,16.97329,17.816418,16.787704,17.799456,564967000
2023-01-23,18.023953,19.202336,17.7785,19.150452,655163000
2023-01-24,18.785258,19.451778,18.778273,19.222286,496204000
2023-01-25,18.871068,19.327056,18.538806,19.280159,449537000
2023-01-26,19.657323,20.121292,19.23526,19.758099,489535000
2023-01-27,19.418851,20.582266,19.361978,20.319849,542142000
2023-01-30,19.905769,20.095347,19.107542,19.119516,488611000
2023-01-31,19.1275,19.643354,18.907988,19.493687,498017000
2023-02-01,19.647345,21.145017,19.567523,20.89657,660477000
2023-02-02,20.95344,21.900335,20.654106,21.660868,564276000
2023-02-03,20.95344,21.696789,20.742908,21.053219,429366000
2023-02-06,20.75987,21.522177,20.739914,21.042244,452197000
2023-02-07,21.334594,22.20965,21.103108,22.12384,664150000
2023-02-08,22.337367,22.82728,21.959208,22.155771,559651000
2023-02-09,22.55588,22.968962,22.070958,22.287476,523876000
2023-02-10,21.64191,22.029049,20.76486,21.217852,550737000
2023-02-13,21.490251,21.99912,20.915528,21.739697,474919000
2023-02-14,21.530167,22.997906,21.318637,22.92008,675474000
2023-02-15,22.499008,22.804329,22.056991,22.713531,420575000
2023-02-16,22.08393,22.500006,21.878388,21.953222,412026000
2023-02-17,21.583047,21.691805,20.928501,21.340586,465888000
2023-02-21,20.953442,21.446346,20.572289,20.609207,410015000
2023-02-22,20.661092,21.057211,20.375725,20.707987,513184000
2023-02-23,23.388032,23.835038,22.973951,23.611534,1117995000
2023-02-24,23.173511,23.42196,22.896128,23.234375,589716000
2023-02-27,23.617519,23.827052,23.401998,23.448893,452994000
2023-02-28,23.320186,23.772183,23.154554,23.164532,455963000
2023-03-01,23.140577,23.204436,22.458093,22.647673,460026000
2023-03-02,22.438143,23.328164,22.382266,23.26231,389415000
2023-03-03,23.268298,23.847012,23.078719,23.837034,412393000
2023-03-06,23.838036,24.194243,23.434931,23.501783,437429000
2023-03-07,23.55168,24.075604,23.193414,23.240318,515154000
2023-03-08,23.438908,24.150449,23.376037,24.131487,513573000
2023-03-09,24.125497,24.403927,23.335119,23.388012,501257000
2023-03-10,23.361069,23.578623,22.679467,22.917978,474866000
2023-03-13,22.705417,23.250299,22.251349,22.918978,421890000
2023-03-14,23.447892,24.169412,23.411965,24.013731,474910000
2023-03-15,23.712348,24.236272,23.31217,24.178392,524486000
2023-03-16,23.977806,25.535609,23.845077,25.488707,583253000
2023-03-17,25.928801,26.344947,25.615443,25.672327,848547000
2023-03-20,25.56255,25.970712,25.078542,25.846966,432747000
2023-03-21,26.126391,26.337957,25.329028,26.145351,547408000
2023-03-22,26.37089,27.532508,26.183275,26.413803,797295000
2023-03-23,27.059482,27.442696,26.635353,27.135326,564889000
2023-03-24,26.975654,27.111375,26.301037,26.724169,454920000
2023-03-27,26.78205,26.944717,26.311016,26.476677,361026000
2023-03-28,26.392846,26.458711,25.797068,26.355921,356104000
2023-03-29,26.770076,27.022556,26.542542,26.928749,393694000
2023-03-30,27.173241,27.442689,27.046501,27.326925,364516000
2023-03-31,27.084425,27.777004,27.049497,27.720121,433933000
2023-04-03,27.45267,27.942664,27.280024,27.907736,398716000
2023-04-04,27.908734,27.942665,27.251083,27.396784,368592000
2023-04-05,26.774067,26.942719,26.340955,26.82596,515015000
2023-04-06,26.529568,27.024553,26.37289,26.981642,397654000
2023-04-10,26.768079,27.564445,26.614395,27.522532,395279000
2023-04-11,27.667237,27.733102,27.07046,27.113373,314378000
2023-04-12,27.31396,27.411759,26.393847,26.440752,446259000
2023-04-13,26.67926,26.831947,26.275091,26.408815,353615000
2023-04-14,26.449727,26.827951,26.166309,26.703207,395660000
2023-04-17,26.510605,26.950702,26.378875,26.946711,321471000
2023-04-18,27.476625,28.052443,27.300985,27.61035,604812000
2023-04-19,27.304975,27.942667,27.17624,27.873808,358660000
2023-04-20,27.614342,27.972608,26.944717,27.048504,427713000
2023-04-21,26.896815,27.127343,26.667286,27.063473,345103000
2023-04-24,26.95769,27.309965,26.616389,26.986629,339282000
2023-04-25,27.022555,27.19121,26.171303,26.187269,378527000
2023-04-26,26.946714,27.274041,26.650321,26.900806,406337000
2023-04-27,27.30697,27.4387,26.570481,27.17025,377161000
2023-04-28,27.169257,27.701165,27.015571,27.692184,292216000
2023-05-01,27.782995,28.998501,27.723118,28.850803,570329000
2023-05-02,28.621276,28.776957,28.025498,28.152237,402730000
2023-05-03,27.782994,28.308915,27.415747,27.745071,383387000
2023-05-04,27.594382,27.801957,27.184224,27.505566,321850000
2023-05-05,27.769027,28.696124,27.674222,28.621279,361494000
2023-05-08,28.463595,29.160166,28.291948,29.091307,344979000
2023-05-09,28.839824,28.913672,28.391744,28.512495,314869000
2023-05-10,28.945607,29.053387,28.402722,28.825853,369350000
2023-05-11,28.836835,28.890725,28.188166,28.519485,322149000
2023-05-12,28.470583,28.721071,27.988572,28.281971,274222000
2023-05-15,28.449628,28.909685,28.094358,28.893717,293926000
2023-05-16,28.781945,29.808839,28.772965,29.153183,449405000
2023-05-17,29.523424,30.137164,29.36974,30.116207,432535000
2023-05-18,30.347735,31.762831,30.257919,31.613138,748725000
2023-05-19,31.471428,31.515338,30.852698,31.199986,473908000
2023-05-22,30.837725,31.455459,30.617179,31.112164,372000000
2023-05-23,30.936525,31.223936,30.568282,30.625164,356253000
2023-05-24,30.148138,30.544327,29.744966,30.475468,721419000
2023-05-25,38.444117,39.399158,36.559982,37.902229,1543911000
2023-05-26,37.812408,39.089786,37.473104,38.866245,714397000
2023-05-30,40.511876,41.852124,39.867199,40.028866,923401000
2023-05-31,39.407139,40.212486,37.74455,37.756527,1002580000
2023-06-01,38.410189,39.967994,38.261496,39.688568,635873000
2023-06-02,40.014899,40.417074,38.978025,39.246475,482731000
2023-06-05,38.829333,39.483988,38.627747,39.090797,396094000
2023-06-06,38.750498,39.07982,38.069891,38.574856,388729000
2023-06-07,38.839337,39.422201,37.283366,37.402134,511998000
2023-06-08,37.650656,38.788439,37.432084,38.435127,417772000
2023-06-09,38.961097,39.633787,38.492014,38.694618,427717000
2023-06-12,39.123782,39.453138,38.542913,39.405231,388701000
2023-06-13,40.107869,41.02109,39.662737,40.942242,613208000
2023-06-14,40.744627,42.916395,40.473153,42.913403,740465000
2023-06-15,42.519165,43.204829,42.065048,42.570065,568622000
2023-06-16,43.365519,43.635992,42.578052,42.608994,655709000
2023-06-20,42.914405,43.904477,42.591034,43.722828,451153000
2023-06-21,43.416422,43.530203,41.998187,42.961308,551603000
2023-06-22,42.170847,43.341567,42.151887,42.941349,417737000
2023-06-23,42.381439,42.725766,41.933311,42.126934,358140000
2023-06-26,42.378444,42.680856,40.022034,40.553001,594322000
2023-06-27,40.719677,41.858457,40.369361,41.794582,462175000
2023-06-28,40.580951,41.763649,40.439229,41.037064,582639000
2023-06-29,41.477199,41.519117,40.521062,40.74263,380514000
2023-06-30,41.598957,42.467265,41.420304,42.219746,501148000
2023-07-03,42.43433,42.81459,42.119944,42.330532,198209000
2023-07-05,42.053077,43.093051,42.003175,42.234726,323618000
2023-07-06,41.762646,42.096994,41.265613,42.021141,303582000
2023-07-07,42.23972,43.129988,42.097998,42.420368,355881000
2023-07-10,42.574066,42.727766,41.568022,42.097992,353908000
2023-07-11,42.3984,42.674862,41.985208,42.322548,298244000
2023-07-12,42.949329,43.849576,42.693826,43.816639,481277000
2023-07-13,44.431445,46.065259,44.405494,45.887608,478204000
2023-07-14,46.492429,47.994504,44.972391,45.380596,772075000
2023-07-17,46.198996,46.405591,45.173993,46.370659,510488000
2023-07-18,46.610196,47.802872,45.645077,47.401653,569164000
2023-07-19,47.371715,47.725026,46.651118,46.985466,427502000
2023-07-20,46.416572,46.995446,44.974382,45.431492,537865000
2023-07-21,45.698967,45.776819,44.01425,44.222843,963769000
2023-07-24,44.644025,45.021292,43.954371,44.525257,382516000
2023-07-25,44.853623,46.093205,44.835656,45.590187,348081000
2023-07-26,45.931522,45.963462,44.543228,45.363628,364237000
2023-07-27,46.428553,47.302849,45.661047,45.810757,455976000
2023-07-28,46.577266,46.935569,46.290825,46.659107,331194000
2023-07-31,46.663095,47.038363,46.415576,46.638142,251055000
2023-08-01,46.369663,46.80881,45.937506,46.416573,237858000
2023-08-02,45.741893,45.750875,43.302645,44.18293,530142000
2023-08-03,43.714838,45.030276,43.714838,44.428448,324176000
2023-08-04,44.897535,45.553256,44.306687,44.593128,362666000
2023-08-07,45.023289,45.451455,44.476354,45.328693,322154000
2023-08-08,44.765795,45.154039,43.970344,44.577164,353843000
2023-08-09,44.187917,44.225845,42.052079,42.471264,586449000
2023-08-10,42.078027,43.489279,41.753658,42.305584,492705000
2023-08-11,41.669824,41.936307,40.559986,40.775566,533085000
2023-08-14,40.407281,43.714836,40.232622,43.667927,690286000
2023-08-15,44.473374,45.179997,43.625024,43.854576,676512000
2023-08-16,44.433441,44.588139,43.321605,43.401451,527451000
2023-08-17,43.884506,43.976326,42.917388,43.259724,452395000
2023-08-18,42.552103,43.49327,41.579,43.214813,583768000
2023-08-21,44.407491,46.973492,44.136021,46.875683,692573000
2023-08-22,48.041399,48.0933,45.244849,45.579197,755293000
2023-08-23,45.776822,47.108227,45.1201,47.024391,779046000
2023-08-24,50.118362,50.168264,47.067307,47.071297,1156044000
2023-08-25,46.920595,47.712052,44.936457,45.928528,925341000
2023-08-28,46.39162,46.888653,44.800722,46.743935,685192000
2023-08-29,46.575262,48.985568,46.300796,48.689144,701397000
2023-08-30,48.948643,49.829926,48.330847,49.168217,735206000
2023-08-31,49.28399,49.647281,48.86281,49.259037,528570000
2023-09-01,49.665246,49.703171,48.048393,48.41468,463830000
2023-09-05,48.129233,48.756014,47.76694,48.453602,382653000
2023-09-06,48.350797,48.458594,46.493262,46.973366,468670000
2023-09-07,45.440233,46.257708,45.067927,46.1549,433330000
2023-09-08,45.856451,46.519212,45.186699,45.487137,473069000
2023-09-11,46.062067,46.077039,44.229487,45.093876,473966000
2023-09-12,44.654695,45.587956,44.44808,44.786449,349256000
2023-09-13,44.516952,45.844478,44.420133,45.400307,398355000
2023-09-14,45.864437,45.901366,45.046961,45.496124,370097000
2023-09-15,45.256567,45.514086,43.726421,43.818253,506831000
2023-09-18,42.668398,44.159616,41.92179,43.884129,500271000
2023-09-19,43.751382,43.884134,42.921928,43.438965,373064000
2023-09-20,43.518813,43.82125,42.144378,42.160347,367108000
2023-09-21,41.505564,42.0216,40.903687,40.940617,450736000
2023-09-22,41.494593,42.036585,41.154228,41.532524,479236000
2023-09-25,41.513554,42.456794,41.100323,42.143379,419091000
2023-09-26,41.922791,42.740266,41.577434,41.832958,402282000
2023-09-27,42.251173,42.792163,41.551478,42.388912,444935000
2023-09-28,42.380936,43.3651,42.036581,43.008766,424663000
2023-09-29,43.745395,44.061806,43.226363,43.418007,397830000
2023-10-02,43.94801,45.090878,43.779326,44.698612,433298000
2023-10-03,44.724567,45.04597,43.165475,43.43597,470850000
2023-10-04,43.660553,44.060807,43.21139,43.958996,361821000
2023-10-05,43.967973,44.816393,43.806276,44.604786,393483000
2023-10-06,44.110713,45.703742,43.944025,45.676792,434436000
2023-10-09,44.758504,45.520084,44.285388,45.188702,409675000
2023-10-10,45.225632,46.172863,45.004046,45.712723,368582000
2023-10-11,46.109981,46.771748,45.964253,46.718845,378137000
2023-10-12,46.689899,47.520351,46.243733,46.857586,481325000
2023-10-13,46.872552,47.028263,45.19568,45.376343,474115000
2023-10-16,44.979087,46.138922,44.828367,46.009167,375099000
2023-10-17,43.918075,44.670672,42.400904,43.85619,812333000
2023-10-18,42.511693,43.138526,41.74712,42.117428,627294000
2023-10-19,42.731287,43.216382,41.804016,42.02261,501233000
2023-10-20,41.812002,42.390924,41.001514,41.30994,477266000
2023-10-23,41.152227,43.167468,40.868755,42.894974,478530000
2023-10-24,42.996796,43.61564,42.611517,43.581703,401463000
2023-10-25,43.317191,43.568725,41.477624,41.701206,398379000
2023-10-26,41.775065,42.177314,39.805739,40.250908,541001000
2023-10-27,41.053411,41.12927,39.940486,40.424583,416784000
2023-10-30,41.010498,41.688231,40.405624,41.084358,388028000
2023-10-31,40.37468,40.802882,39.15695,40.704063,517969000
2023-11-01,40.80787,42.302085,40.792899,42.246189,437593000
2023-11-02,43.247318,43.802282,42.814128,43.424988,409172000
2023-11-03,43.93803,45.224627,43.641582,44.921196,424610000
2023-11-06,45.200674,45.849465,44.815391,45.665806,400733000
2023-11-07,45.633866,46.131934,45.07391,45.869427,343165000
2023-11-08,46.014162,46.779736,45.882407,46.487282,346719000
2023-11-09,47.378607,48.140187,46.662943,46.862572,540496000
2023-11-10,47.411551,48.381741,47.194956,48.244995,421245000
2023-11-13,48.23002,49.024539,48.009431,48.529461,384136000
2023-11-14,49.587491,49.741204,48.948684,49.563534,416954000
2023-11-15,49.842026,49.866977,48.110255,48.796974,475497000
2023-11-16,48.588356,49.432781,48.240007,49.387863,339756000
2023-11-17,49.431784,49.624426,48.915749,49.206207,325205000
2023-11-20,49.220175,50.453873,49.089418,50.315132,414120000
2023-11-21,50.032658,50.422929,49.130342,49.850998,565747000
2023-11-22,49.759176,50.241275,47.601199,48.62529,899420000
2023-11-24,48.37975,48.829911,47.656098,47.687042,294645000
2023-11-27,47.71099,48.43963,47.563267,48.152168,395662000
2023-11-28,48.146189,48.233028,47.384609,47.73196,401491000
2023-11-29,48.288911,48.671197,47.770877,48.050354,382005000
2023-11-30,47.934578,48.02042,46.335563,46.682915,526247000
2023-12-01,46.43837,47.112113,46.100998,46.677921,369317000
2023-12-04,45.991193,45.991193,44.926178,45.425247,437543000
2023-12-05,45.385329,46.517316,45.190675,46.483379,371718000
2023-12-06,47.13122,47.302916,45.331418,45.422256,380590000
2023-12-07,45.618915,46.546267,45.523084,46.513325,350823000
2023-12-08,46.512332,47.656298,46.46741,47.421715,359224000
2023-12-11,47.406739,47.446665,45.748687,46.54427,509728000
2023-12-12,45.9643,47.581424,45.9643,47.572441,372387000
2023-12-13,47.544493,48.507781,47.52353,48.002678,447792000
2023-12-14,48.304136,48.583638,47.337855,48.264206,391232000
2023-12-15,48.108493,49.316345,48.034623,48.803257,479948000
2023-12-18,49.312351,50.343515,49.062794,49.988148,412587000
2023-12-19,49.336306,49.611818,48.808246,49.515987,464444000
2023-12-20,49.566898,49.910289,48.012661,48.025639,397894000
2023-12-21,48.724389,49.007886,48.333083,48.903072,300425000
2023-12-22,49.107705,49.295371,48.380996,48.743355,252507000
2023-12-26,48.88111,49.511988,48.873125,49.191559,244200000
2023-12-27,49.423154,49.591853,48.997907,49.329319,233648000
2023-12-28,49.554919,49.795489,49.324326,49.434132,246587000
2023-12-29,49.724616,49.908291,48.6645,49.434132,389293000
2024-01-02,49.156622,49.20753,47.51055,48.082531,411254000
2024-01-03,47.400749,48.098507,47.236041,47.4846,320896000
2024-01-04,47.682245,48.413946,47.423706,47.912838,306535000
2024-01-05,48.37602,49.459094,48.220295,49.009892,415039000
2024-01-08,49.424152,52.18225,49.39121,52.160286,642510000
2024-01-09,52.308021,54.228606,51.59828,53.045708,773100000
2024-01-10,53.520864,54.503116,53.394087,54.253559,533796000
2024-01-11,54.901416,55.2478,53.46497,54.724728,596759000
2024-01-12,54.523086,54.872467,54.233603,54.612926,352994000
2024-01-16,54.920381,56.734155,54.802591,56.28196,449580000
2024-01-17,56.247018,56.370798,54.642871,55.953541,474394000
2024-01-18,57.158405,57.497802,56.007451,57.005676,491650000
2024-01-19,57.886107,59.394428,57.123463,59.385445,543501000
2024-01-22,59.942453,60.223954,58.96519,59.548153,452955000
2024-01-23,59.464302,59.803699,58.481049,59.766766,294654000
2024-01-24,60.196999,62.737481,59.831647,61.25312,560271000
2024-01-25,62.239365,62.607713,60.742026,61.507668,482777000
2024-01-26,60.851833,61.673375,60.465523,60.922707,390309000
2024-01-29,61.123358,62.378127,60.798937,62.354172,348733000
2024-01-30,62.788393,63.380339,62.149525,62.662613,410735000
2024-01-31,61.330984,62.158515,60.592299,61.417831,453795000
2024-02-01,61.989812,63.078879,61.540613,62.915169,369146000
2024-02-02,63.860477,66.481817,63.576981,66.042603,476578000
2024-02-05,68.103954,69.3737,67.085767,69.208992,680078000
2024-02-06,69.506461,69.630241,66.182374,68.101959,683111000
2024-02-07,68.197777,70.095404,67.480051,69.974617,495575000
2024-02-08,69.949664,70.668387,69.331766,69.517433,414422000
2024-02-09,70.407853,72.056922,70.087423,72.00502,436637000
2024-02-12,72.471177,74.47861,71.123574,72.119804,613710000
2024-02-13,70.275099,73.319684,69.496485,72.000031,602580000
2024-02-14,73.072138,74.1043,71.810381,73.768898,504917000
2024-02-15,73.737941,73.843748,72.271545,72.529083,420122000
2024-02-16,73.968515,74.269981,72.372353,72.484154,495327000
2024-02-20,71.819342,71.828328,67.613819,69.328773,704833000
2024-02-21,67.885336,68.765775,66.13046,67.352287,673755000
2024-02-22,74.891891,78.435588,74.088319,78.398659,865100000
2024-02-23,80.646653,82.247804,77.432365,78.677155,829388000
2024-02-26,79.558583,80.502911,78.365704,78.951668,503973000
2024-02-27,79.240149,79.33898,77.025092,78.561356,391705000
2024-02-28,77.482277,78.792943,76.988152,77.5252,393110000
2024-02-29,78.953668,79.848074,78.210985,78.971634,507289000
2024-03-01,79.85804,82.153962,79.294041,82.132996,479135000
2024-03-04,83.980731,87.539409,83.570465,85.08577,615616000
2024-03-05,85.122705,85.948279,83.272908,85.815506,520639000
2024-03-06,87.869938,89.568994,86.879647,88.546761,582520000
2024-03-07,90.002255,92.606749,89.447215,92.508919,608119000
2024-03-08,94.973647,97.23174,86.356555,87.376793,1142269000
2024-03-11,86.279691,88.643597,84.0206,85.625824,678364000
2024-03-12,87.896896,91.801135,86.001174,91.754219,668075000
2024-03-13,90.897707,91.345928,88.28223,90.730995,635713000
2024-03-14,89.422258,90.489412,86.450396,87.792076,602318000
2024-03-15,86.779834,89.391312,86.108,87.685265,642086000
2024-03-18,90.231844,92.245358,86.934549,88.302185,668976000
2024-03-19,86.550231,90.387593,84.863155,89.243576,672171000
2024-03-20,89.641863,90.25381,88.070584,90.215874,479063000
2024-03-21,92.14055,92.487948,90.248819,91.277039,480372000
2024-03-22,90.983557,94.614275,90.677088,94.126122,586719000
2024-03-25,93.778726,96.598843,93.348471,94.837891,552136000
2024-03-26,95.685418,96.208515,92.342204,92.4011,513648000
2024-03-27,92.951149,93.078926,88.969041,90.094093,586067000
2024-03-28,89.844533,91.14229,89.038928,90.199921,435212000
2024-04-01,90.143017,92.065685,89.049907,90.206902,452441000
2024-04-02,88.295199,89.938359,87.468634,89.29747,433064000
2024-04-03,88.331159,90.217894,88.247304,88.810326,370067000
2024-04-04,90.249815,90.477426,85.731633,85.756592,434965000
2024-04-05,86.715939,88.328155,85.777568,87.855972,399678000
2024-04-08,88.546762,88.676542,86.582167,86.982475,283220000
2024-04-09,87.290933,87.4836,82.878571,85.206535,501700000
2024-04-10,83.781027,87.249025,83.564399,86.888649,431929000
2024-04-11,87.268987,90.582254,86.775844,90.459465,431637000
2024-04-12,89.54404,90.019223,87.378788,88.033653,426805000
2024-04-15,88.944074,90.456456,85.78055,85.852425,443077000
2024-04-16,86.283694,87.965781,85.915336,87.264,370453000
2024-04-17,88.187379,88.621633,83.804964,83.889824,495400000
2024-04-18,84.823214,86.041108,82.259649,84.524727,447260000
2024-04-19,83.006374,84.178342,75.475407,76.068375,875198000
2024-04-22,77.969072,79.934672,76.268021,79.38063,596341000
2024-04-23,80.629467,82.626012,80.125342,82.280609,438559000
2024-04-24,83.804965,83.936741,79.046203,79.539352,512208000
2024-04-25,78.731753,83.179058,78.08787,82.489258,424641000
2024-04-26,83.673224,88.178429,83.242969,87.583458,551011000
2024-04-29,87.443677,87.839987,85.118698,87.6054,388971000
2024-04-30,87.089289,88.665563,86.150918,86.252739,363709000
2024-05-01,84.930023,85.851425,81.11462,82.897537,559863000
2024-05-02,84.303106,86.08802,83.056264,85.668747,377898000
2024-05-03,87.63734,89.126759,86.889633,88.635612,398341000
2024-05-06,89.235585,92.060699,88.901165,91.980835,376203000
2024-05-07,90.940627,91.622445,88.857234,90.397568,437342000
2024-05-08,89.328418,91.03646,89.265523,90.255814,325721000
2024-05-09,90.372608,90.914669,88.078582,88.593689,378013000
2024-05-10,90.148997,91.243104,89.072856,89.722733,335325000
2024-05-13,90.321702,90.840808,88.376071,90.242844,289680000
2024-05-14,89.444213,91.49267,88.780361,91.198181,296507000
2024-05-15,92.312268,94.698139,91.440775,94.466537,417735000
2024-05-16,94.74605,95.653476,93.940437,94.195999,323952000
2024-05-17,94.205994,94.576348,91.647418,92.319252,359691000
2024-05-20,93.588052,95.035545,93.27859,94.616272,318764000
2024-05-21,93.437299,95.23519,93.019024,95.221214,328946000
2024-05-22,95.294088,95.854116,93.087907,94.785965,548648000
2024-05-23,101.851753,106.136339,101.344627,103.619698,835065000
2024-05-24,104.268558,106.291059,102.822063,106.285072,429494000
2024-05-28,110.053551,114.74044,109.693175,113.704231,652728000
2024-05-29,112.854705,115.29248,110.709416,114.626633,557442000
2024-05-30,114.451937,115.618916,109.473553,110.309105,484553000
2024-05-31,112.325609,112.522275,106.755255,109.443604,613263000
2024-06-03,113.424723,114.801338,111.809514,114.801338,438392000
2024-06-04,115.5161,116.398568,113.847981,116.235847,403324000
2024-06-05,118.166514,122.237465,117.265074,122.228485,528402000
2024-06-06,123.833705,125.370048,118.115603,120.788979,664696000
2024-06-07,119.563104,121.481788,117.81813,120.679176,412386000
2024-06-10,120.162075,122.887355,116.807879,121.57962,313434100
2024-06-11,121.56963,122.667826,118.544617,120.711052,222551200
2024-06-12,122.857502,126.671216,122.368311,124.99398,299595000
2024-06-13,129.177105,129.586434,126.950778,129.396744,260704500
2024-06-14,129.746156,132.621406,128.108855,131.662994,309320400
2024-06-17,132.771183,133.509956,129.36679,130.764481,288504400
2024-06-18,130.924221,136.105684,130.474965,135.356918,294335100
2024-06-20,139.569966,140.528378,129.306883,130.564804,517768400
2024-06-21,126.910823,130.415049,124.095464,126.361725,649445800
2024-06-24,123.037205,124.255199,117.845765,117.915649,476060900
2024-06-25,121.000569,126.291852,119.123666,125.882523,414192600
2024-06-26,125.922449,127.909172,122.398259,126.192009,362975900
2024-06-27,123.895792,126.201996,122.717734,123.785973,252571700
2024-06-28,124.375013,127.49986,122.548022,123.336723,315516700
2024-07-01,123.266831,124.634571,118.634466,124.095467,284885500
2024-07-02,120.930673,123.206927,120.830839,122.46814,218374000
2024-07-03,121.459836,128.068939,121.160327,128.068939,215749000
2024-07-05,127.170393,128.637983,125.473193,125.622948,214176700
2024-07-08,127.280213,130.554823,126.830957,127.989044,237677300
2024-07-09,130.13553,133.599821,128.438315,131.163834,285366600
2024-07-10,133.809447,134.877693,132.202095,134.688004,248978600
2024-07-11,135.526627,135.925963,126.840946,127.190369,374782700
2024-07-12,128.04893,131.702911,127.010648,129.027328,252680500
2024-07-15,130.345144,131.17378,126.970709,128.228638,208326200
2024-07-16,128.228648,128.827652,124.374999,126.152069,214769500
2024-07-17,121.150309,121.649486,116.527931,117.795837,390086200
2024-07-18,121.649491,122.198589,116.368195,120.890739,320979500
2024-07-19,120.151963,121.399906,117.176871,117.735947,217223800
2024-07-22,120.15197,123.86585,119.662778,123.336723,258068900
2024-07-23,122.577973,124.484833,121.899091,122.388283,173911000
2024-07-24,118.973907,119.752622,113.253339,114.062004,327776900
2024-07-25,112.853997,116.438086,106.12509,112.095245,460067000
2024-07-26,115.998809,116.008787,111.396394,112.873955,293399100
2024-07-29,113.50293,116.088665,111.116864,111.40638,248152100
2024-07-30,111.336477,111.805705,102.371259,103.559303,486833300
2024-07-31,112.714223,118.145266,110.697542,116.827438,473174200
2024-08-01,117.336597,119.962275,106.634236,109.030289,523462300
2024-08-02,103.589257,108.541094,101.20319,107.093475,482027500
2024-08-05,91.908519,103.23985,90.540779,100.284714,552842400
2024-08-06,103.669139,107.532774,100.384559,104.078468,409012100
2024-08-07,107.632595,108.620971,98.527607,98.747246,411440400
2024-08-08,101.83215,105.326391,97.359519,104.797264,391910000
2024-08-09,105.466172,106.424591,103.259809,104.577637,290844200
2024-08-12,106.145053,110.887237,106.085154,108.840607,325559900
2024-08-13,112.254997,116.038762,111.396411,115.948906,312646700
2024-08-14,118.334961,118.404845,113.8823,117.885704,339246400
2024-08-15,118.564592,123.037217,117.276714,122.657845,318086700
2024-08-16,121.739345,124.794307,120.980593,124.375,302589900
2024-08-19,124.075483,129.786072,123.216898,129.786072,318333600
2024-08-20,128.188728,129.666304,125.682864,127.040627,300087400
2024-08-21,127.1105,129.137166,126.45159,128.288559,257883600
2024-08-22,129.806049,130.534844,122.897431,123.536377,376189100
2024-08-23,125.652916,129.386768,125.013969,129.157135,323230300
2024-08-26,129.356782,131.043988,124.165335,126.251892,331964700
2024-08-27,124.844245,128.987411,123.676165,128.088898,303134600
2024-08-28,127.909185,128.118846,122.438206,125.40332,448101100
2024-08-29,121.160292,124.22524,116.517943,117.396492,453023300
2024-08-30,119.333309,121.549657,117.027113,119.173576,333751600
2024-09-03,115.819119,116.018786,107.113465,107.822296,477155100
2024-09-04,105.236553,113.083613,103.948675,106.035233,372470300
2024-09-05,104.817244,109.46958,104.587627,107.033592,306850700
2024-09-06,107.862231,107.972051,100.783893,102.660805,413638100
2024-09-09,104.707412,106.37467,103.519376,106.2948,273912000
2024-09-10,107.632588,109.219975,104.777294,107.922112,268283700
2024-09-11,109.209998,116.997167,107.243239,116.717628,441422400
2024-09-12,116.65771,120.601552,115.199988,118.954124,366052700
2024-09-13,118.894227,119.772851,117.416532,118.914192,238358300
2024-09-16,116.607803,117.995634,114.181594,116.597816,248772300
2024-09-17,117.985653,118.614675,114.650867,115.409676,231925900
2024-09-18,115.709203,117.516377,113.043371,113.193138,310318900
2024-09-19,117.166926,119.473327,117.067084,117.686119,293506400
2024-09-20,116.877375,118.434946,115.209982,115.819031,382462400
2024-09-23,116.368162,116.80747,114.680796,116.078613,206228500
2024-09-24,116.338222,121.609992,115.200001,120.681442,354966800
2024-09-25,121.829633,124.745084,121.420277,123.317314,284692900
2024-09-26,126.602177,127.470815,121.609978,123.846481,302582900
2024-09-27,123.776592,123.836496,119.073941,121.210602,271009200
2024-09-30,118.12542,121.310446,117.965674,121.250542,226553700
2024-10-01,121.580014,122.248974,115.609348,116.817459,302094500
2024-10-02,116.258345,119.193753,114.96037,118.664581,221845900
2024-10-03,120.731359,124.165995,120.152262,122.658348,277118000
2024-10-04,124.745086,124.844928,121.639937,124.725113,243678100
2024-10-07,124.794993,130.436179,124.755054,127.520737,346250200
2024-10-08,130.056776,133.271754,129.218091,132.682678,285722500
2024-10-09,133.900768,134.310132,131.175031,132.443039,246191600
2024-10-10,131.704216,134.789392,130.795632,134.599686,242311300
2024-10-11,133.80093,135.568173,133.451486,134.589706,170209500
2024-10-14,136.257104,139.382226,136.087371,137.854614,232347700
2024-10-15,137.654906,138.353827,128.53916,131.394699,377831000
2024-10-16,133.770949,136.406829,131.3747,135.50824,264879700
2024-10-17,139.122629,140.670214,136.656481,136.716385,306435900
2024-10-18,138.453651,138.683288,137.065821,137.784698,176090200
2024-10-21,137.914513,143.485809,137.784711,143.485809,264554500
2024-10-22,142.68705,144.194689,141.558808,143.365982,226311600
2024-10-23,141.808418,142.207788,137.245555,139.34227,285930000
2024-10-24,140.600312,141.129484,138.243994,140.190948,172354900
2024-10-25,140.710134,143.905154,140.580348,141.319183,205122100
2024-10-28,142.776892,142.916673,139.831498,140.300766,173586700
2024-10-29,140.071124,142.038051,138.683293,141.029633,157593600
2024-10-30,139.322289,140.111065,136.596553,139.122604,179418100
2024-10-31,137.385332,137.395311,131.903892,132.552872,270039600
2024-11-01,134.489862,137.09579,134.360075,135.188766,207127800
2024-11-04,136.995932,138.743202,135.358491,135.837738,187528200
2024-11-05,137.235543,140.150985,137.115735,139.691711,160537400
2024-11-06,142.736953,146.261444,141.738514,145.382812,242043900
2024-11-07,146.16163,148.697661,145.941972,148.647751,207323300
2024-11-08,148.537894,149.536334,146.031801,147.399673,175665800
2024-11-11,148.448049,148.617797,143.346035,145.033386,182325600
2024-11-12,146.551001,149.416518,145.782198,148.05864,198634700
2024-11-13,148.837413,149.097002,145.672346,146.041779,191903300
2024-11-14,147.409668,148.767547,145.322933,146.531036,194463300
2024-11-15,144.64399,145.013423,139.861469,141.758499,250132900
2024-11-18,139.282356,141.32916,136.936016,139.931335,221205300
2024-11-19,141.09953,146.900463,140.770043,146.78064,227834900
2024-11-20,147.180017,147.329777,142.507311,145.662384,309871700
2024-11-21,149.117035,152.651507,140.480519,146.441208,400946600
2024-11-22,145.702317,146.930409,140.879866,141.728531,236406200
2024-11-25,141.768472,141.828376,135.6081,135.807785,344941900
2024-11-26,137.485188,139.082698,135.458356,136.706406,190287700
2024-11-27,134.799373,137.005932,131.59439,135.12886,226370900
2024-11-29,136.566609,139.132607,135.837752,138.034317,141863200
2024-12-02,138.613412,140.230879,137.604993,138.413727,171682800
2024-12-03,138.044319,140.320761,137.734805,140.041199,164414000
2024-12-04,141.778444,145.562523,140.071105,144.913544,231224300
2024-12-05,144.893602,146.321462,143.735328,144.843674,172621200
2024-12-06,144.384367,145.482718,141.099265,142.227585,188505600
2024-12-09,138.762731,139.741265,136.925479,138.602966,189308600
2024-12-10,138.802703,141.608526,133.590486,134.868591,210020900
2024-12-11,137.155145,139.960952,135.008358,139.102234,184905200
2024-12-12,136.875586,138.233559,135.597496,137.135193,159211400
2024-12-13,138.732798,139.391817,132.342333,134.049789,231514900
2024-12-16,133.979872,134.199546,130.225486,131.803131,237951100
2024-12-17,128.897477,131.393749,126.670807,130.195541,259410300
2024-12-18,133.660373,136.496134,128.088693,128.717758,277444500
2024-12-19,131.563499,133.830118,129.356803,130.485107,209719200
2024-12-20,129.616408,135.078252,128.028783,134.499115,306528600
2024-12-23,136.076757,139.581517,134.918483,139.4617,176053500
2024-12-24,139.791222,141.688382,138.443229,140.010895,105157000
2024-12-26,139.491661,140.639955,137.524597,139.721313,116205600
2024-12-27,138.343391,138.812692,134.509121,136.805679,170582600
2024-12-30,134.628921,140.060811,133.820132,137.284958,167734700
2024-12-31,137.824165,137.864114,133.630431,134.089737,155659200
2025-01-02,135.797177,138.672886,134.429225,138.103729,198247200
2025-01-03,139.801192,144.683899,139.521611,144.254547,229322500
2025-01-06,148.36841,151.933093,147.599569,149.207153,265377400
2025-01-07,152.801775,152.901632,139.801189,139.931,351782200
2025-01-08,142.367364,143.735316,137.354847,139.901047,227349900
2025-01-10,137.245033,139.711351,134.019854,135.707336,207602500
2025-01-13,129.796167,133.290948,129.316872,133.031326,204808900
2025-01-14,135.847102,136.176612,129.856051,131.563492,195590500
2025-01-15,133.450686,136.246513,131.094204,136.036835,185217300
2025-01-16,138.433235,138.543071,133.290921,133.370804,209235600
2025-01-17,136.48614,138.293438,135.257979,137.504623,201188800
2025-01-21,138.952472,141.618489,136.885552,140.61998,197749000
2025-01-22,144.444283,147.569605,143.455754,146.850693,237651400
2025-01-23,144.833711,147.010453,143.505692,147.000473,155915500
2025-01-24,148.148728,148.747839,141.668416,142.407303,234657600
2025-01-27,124.613891,128.208513,116.525964,118.243401,818830900
2025-01-28,121.628338,128.807618,116.076632,128.797638,579666400
2025-01-29,126.311361,126.700779,119.870982,123.515533,467120600
2025-01-30,122.91642,124.813588,117.923876,124.464111,392925500
2025-01-31,123.595404,127.659334,119.012253,119.890938,388161100
2025-02-03,114.578875,118.393178,112.841472,116.486031,371235700
2025-02-04,116.785571,121.019245,116.525957,118.473053,256550000
2025-02-05,121.578416,124.813582,120.579907,124.643837,262230800
2025-02-06,127.229952,128.577945,125.023249,128.488068,251483600
2025-02-07,129.027292,130.175571,124.813584,129.646362,228186300
2025-02-10,129.895983,134.798664,129.766187,133.370804,216989100
2025-02-11,132.382301,134.279462,130.82463,132.601974,178902400
2025-02-12,129.826103,132.042793,128.887502,130.944427,160278600
2025-02-13,131.363808,136.296444,130.97439,135.088242,197430000
2025-02-14,136.276453,139.042326,135.297919,138.642929,195479600
2025-02-18,141.05933,143.226092,137.724299,139.192108,219176600
2025-02-19,139.301951,141.149198,137.015372,139.022369,167536000
2025-02-20,139.821164,140.45023,136.585991,139.901047,143903600
2025-02-21,139.831157,141.249053,133.830125,134.229523,228217600
2025-02-24,136.356358,138.383329,129.886025,130.085724,251381100
2025-02-25,129.786149,130.005822,124.254418,126.441147,271428700
2025-02-26,129.796159,133.530572,128.298396,131.084229,322553800
2025-02-27,134.79867,134.808649,119.831027,119.970818,443175800
2025-02-28,117.843999,124.903456,116.22642,124.733711,389091100
2025-03-03,123.325812,123.515523,112.112556,113.8899,411381400
2025-03-04,110.484991,119.132073,109.945796,115.817024,398163300
2025-03-05,117.404658,118.103611,114.339236,117.125076,284337900
2025-03-06,113.360698,115.177984,110.055637,110.405113,321181900
2025-03-07,111.084095,113.310773,107.399595,112.52195,341755500
2025-03-10,109.736101,111.68319,105.30272,106.820457,366487400
2025-03-11,106.830452,112.072623,104.613761,108.597816,354865700
2025-03-12,113.960298,116.596603,112.722028,115.578026,323857500
2025-03-13,116.866219,117.5952,113.630755,115.418251,299033100
2025-03-14,118.44401,121.709431,117.984655,121.499725,277593500
2025-03-17,122.568231,122.718023,117.864823,119.362724,255501500
2025-03-18,117.834866,118.853435,114.379709,115.268463,299686900
2025-03-19,117.10588,120.28143,115.518108,117.35553,273426200
2025-03-20,116.386896,120.031782,116.307006,118.36412,248829700
2025-03-21,116.776347,117.824873,115.25847,117.535278,266498500
2025-03-24,119.712232,122.048961,119.172987,121.240097,228452500
2025-03-25,120.381292,121.120254,118.753568,120.521095,167447200
2025-03-26,118.563845,118.673685,112.552266,113.6008,293463300
2025-03-27,111.194166,114.289826,110.505136,111.274055,236902100
2025-03-28,111.33397,112.712044,108.917359,109.516518,229872500
2025-03-31,104.982873,110.804716,103.504949,108.228325,299212700
2025-04-01,108.368133,110.045783,106.321007,109.995857,222614000
2025-04-02,107.139848,111.823287,106.640548,110.265465,220601200
2025-04-03,103.365153,105.482182,101.457822,101.657547,338769400
2025-04-04,98.771585,99.989872,91.981098,94.178017,532273800
2025-04-07,87.337596,101.607598,86.498775,97.503349,611041300
2025-04-08,103.664722,105.701868,94.327808,96.165237,476243400
2025-04-09,98.75161,114.938925,97.393513,114.170006,612918300
2025-04-10,109.21694,110.704853,99.011242,107.419456,437812400
2025-04-11,108.348165,111.3939,107.329596,110.774765,313417300
2025-04-14,113.950312,114.130061,108.917365,110.555069,264705000
2025-04-15,110.814702,113.460995,110.345359,112.042976,228966900
2025-04-16,104.403686,106.640549,100.309418,104.343765,397016900
2025-04-17,104.303826,104.323802,99.909989,101.347969,292517500
2025-04-21,98.631774,99.300842,94.906998,96.774384,288501100
2025-04-22,98.641756,99.670313,97.143855,98.751602,241004800
2025-04-23,104.373718,104.653333,101.877217,102.566254,247526000
2025-04-24,103.335183,106.390898,102.965698,106.281052,220815000
2025-04-25,106.70047,111.763375,105.582043,110.854652,251064700
2025-04-28,109.536498,110.215547,105.871628,108.577843,207708500
2025-04-29,107.519315,110.045773,107.289641,108.867424,170444300
2025-04-30,104.323794,108.767563,103.93434,108.767563,235044600
2025-05-01,112.921756,114.779153,111.144248,111.453812,236121500
2025-05-02,114.020216,115.23851,113.211352,114.339767,190194800
2025-05-05,112.751991,114.509522,112.502341,113.660713,133163200
2025-05-06,111.323996,114.579429,110.664916,113.381111,158525600
2025-05-07,112.891796,117.515314,112.12287,116.896179,206758800
2025-05-08,118.084515,118.513914,115.687872,117.20575,198428100
2025-05-09,117.18578,118.064554,115.048776,116.486763,132972200
2025-05-12,121.799316,122.827873,120.111678,122.827873,225023300
2025-05-13,124.805121,131.036388,124.295833,129.748184,330430100
2025-05-14,133.0136,135.25047,131.495722,135.150604,281180800
2025-05-15,134.102059,136.109256,132.47435,134.641312,226632600
2025-05-16,136.029385,136.159208,133.273253,135.210526,226542500
2025-05-19,132.204737,135.679863,132.204737,135.380295,193154600
2025-05-20,134.102039,134.391642,132.434379,134.191925,161514200
2025-05-21,132.873786,137.207709,130.407241,131.615555,270608700
2025-05-22,132.044938,134.062115,131.365897,132.644104,187344000
2025-05-23,129.818074,132.494316,128.979253,131.106262,198821300
2025-05-27,133.962247,135.470144,133.123426,135.310364,192953600
2025-05-28,135.839632,137.057926,134.601362,134.621338,304021100
2025-05-29,142.050924,143.289194,137.717001,138.995209,369241900
2025-05-30,138.525875,139.42461,132.733989,134.940903,333170900
2025-06-02,135.300375,137.926683,135.210489,137.187729,197663100
2025-06-03,138.585782,141.801277,137.756941,141.022369,225578800
2025-06-04,141.991016,142.190733,139.344716,141.72139,167120800
2025-06-05,141.97104,143.798481,138.635718,139.794098,231397900
2025-06-06,142.310555,143.069501,141.311955,141.521667,153986200
2025-06-09,142.989619,144.797083,141.741368,142.430405,185114500
2025-06-10,142.490303,144.088054,141.331923,143.75853,155881900
2025-06-11,144.417661,144.797161,141.6813,142.64003,167694000
2025-06-12,141.78116,144.807129,141.661325,144.807129,162365000
2025-06-13,142.290475,143.389017,140.662653,141.781158,180820600
2025-06-16,143.159329,145.985552,143.00952,144.497543,183133700
2025-06-17,144.297802,145.026827,143.58874,143.928284,139108000
2025-06-18,143.818453,145.456271,142.929637,145.286499,161494100
2025-06-20,145.256523,146.005526,142.460245,143.658661,242956200
2025-06-23,142.310449,144.587415,141.841073,143.978226,154308900
2025-06-24,145.366379,147.763195,145.306461,147.703262,187566100
2025-06-25,149.071462,154.244565,149.061465,154.104752,269146500
2025-06-26,155.772527,156.511548,153.795165,154.813812,198145700
2025-06-27,155.832429,158.498891,155.053468,157.540161,263234500
2025-06-30,158.189289,158.448953,155.752548,157.779846,194580300
2025-07-01,156.082113,156.990906,151.28851,153.0961,213143600
2025-07-02,152.776523,157.390388,152.766542,157.040848,171224100
2025-07-03,158.159341,160.76587,157.560148,159.128052,143716100
2025-07-07,157.989555,159.098079,157.130699,158.02951,140139000
2025-07-08,159.118079,160.006894,158.179327,159.787186,138133000
2025-07-09,161.00555,164.20129,160.945632,162.663345,183656400
2025-07-10,164.101453,164.281206,161.395051,163.881744,167704100
2025-07-11,163.502237,167.666689,163.25257,164.700638,193633300
2025-07-14,165.150035,165.269886,161.8045,163.851776,136975800
2025-07-15,170.9623,172.170682,168.974941,170.472946,230627400
2025-07-16,170.832474,171.521559,168.675343,171.142059,158831500
2025-07-17,171.791205,173.928358,170.602786,172.769897,160841100
2025-07-18,173.409039,174.018228,171.0322,172.180679,146456400
2025-07-21,172.520227,173.149394,170.772554,171.152054,123126100
2025-07-22,171.112096,171.162032,164.361093,166.807831,193114300
2025-07-23,169.304504,171.032198,167.746581,170.552841,154082200
2025-07-24,172.210652,173.598803,171.072169,173.508926,128984600
2025-07-25,173.37908,174.487605,172.729951,173.269226,122316800
2025-07-28,173.788543,176.764575,173.738607,176.514908,140023500
2025-07-29,177.723288,179.141398,174.787197,175.276535,154077500
2025-07-30,176.275232,179.650741,175.805855,179.03157,174312200
2025-07-31,182.656732,183.056209,175.696001,177.633423,221685400
2025-08-01,173.85844,176.305179,170.6627,173.488937,204529000
2025-08-04,174.927016,179.960305,174.287868,179.760574,148174600
2025-08-05,179.38108,180.020228,175.666027,178.022888,156407600
2025-08-06,176.095449,179.660693,176.015554,179.181335,137192300
2025-08-07,181.328495,183.63542,178.562175,180.529556,151878400
2025-08-08,181.308521,183.056194,180.160042,182.456985,123396700
2025-08-11,181.807859,183.595472,180.01025,181.817841,138323200
2025-08-12,182.716651,184.234618,179.221306,182.916382,145485700
2025-08-13,182.377094,183.725304,179.111454,181.348465,179871700
2025-08-14,179.510908,182.776563,179.221301,181.777893,129554000
2025-08-15,181.638082,181.658044,177.803178,180.209976,156602200
2025-08-18,180.359786,182.696669,180.349789,181.767899,132008000
2025-08-19,182.18735,182.257264,175.256593,175.406387,185229200
2025-08-20,174.937012,175.76591,168.57549,175.166702,215142700
2025-08-21,174.617421,176.664682,173.578796,174.747238,140040900
2025-08-22,172.380387,178.352428,170.972259,177.753235,172789400
2025-08-25,178.112797,181.66806,176.335166,179.570847,163012800
2025-08-26,179.820497,182.147399,178.572159,181.528229,168688200
2025-08-27,181.737944,182.247275,178.861785,181.358459,235518900
2025-08-28,180.579488,184.224627,176.175351,179.930344,281787800
2025-08-29,177.873084,177.913024,172.919675,173.948303,243257900
2025-09-02,169.77388,172.150719,166.997579,170.552841,231164900
2025-09-03,170.832484,172.180694,168.65539,170.393066,164424900
2025-09-04,170.343125,171.631402,169.184664,171.431671,141670100
2025-09-05,167.806487,168.805157,163.851763,166.797836,224441400
2025-09-08,167.327152,170.73262,167.127421,168.086136,163769100
2025-09-09,168.865091,170.752576,166.518225,170.532867,157548400
2025-09-10,176.405062,179.051531,175.23662,177.094147,226852000
2025-09-11,179.451103,180.050344,176.255182,176.944305,151159300
2025-09-12,177.543566,178.372511,176.225241,177.593506,124911000
2025-09-15,175.446223,178.62218,174.287697,177.523575,147061600
2025-09-16,176.774536,177.2739,174.157879,174.657242,140737800
2025-09-17,172.420087,172.979371,168.195479,170.073074,211843800
2025-09-18,173.758387,176.874423,172.739697,176.015518,191763300
2025-09-19,175.546099,177.853154,174.956839,176.444946,237182100
2025-09-22,175.076716,184.314934,174.487472,183.376129,269637000
2025-09-23,181.738212,182.187636,175.985555,178.202713,192559600
2025-09-24,179.541004,179.550986,175.176561,176.744568,143564100
2025-09-25,174.257751,180.030387,172.90948,177.463669,191586700
2025-09-26,177.943049,179.541017,174.707171,177.963028,148573700
2025-09-29,180.200158,183.765618,180.090313,181.618362,193063500
2025-09-30,181.848063,187.111354,181.248821,186.342331,236981000
2025-10-01,185.004058,187.900358,183.665753,187.001511,173844900
2025-10-02,189.358501,190.806651,187.820454,188.649399,136805800
2025-10-03,188.949004,190.117512,185.14386,187.380997,137596900
2025-10-06,185.263723,186.991515,183.096489,185.303665,157678100
2025-10-07,185.992777,188.819174,183.765622,184.804291,140088000
2025-10-08,186.332352,189.358491,186.302376,188.86911,130168900
2025-10-09,191.985129,195.051225,190.816621,192.324707,182997200
2025-10-10,193.263504,195.370817,181.81811,182.926697,268774400
2025-10-13,187.730579,189.867852,185.723145,188.080139,153482800
2025-10-14,184.534642,184.564603,179.471093,179.800674,205641400
2025-10-15,184.564607,184.63451,177.064164,179.600937,214450500
2025-10-16,181.997863,183.046528,179.541005,181.5784,179723300
2025-10-17,179.950482,183.865502,179.521037,182.986618,173135200
2025-10-20,182.89673,184.964085,181.498504,182.407349,128544700
2025-10-21,182.557158,182.557158,179.570977,180.929245,124240200
2025-10-22,180.909259,183.206332,176.534834,180.050354,162249600
2025-10-23,180.190174,182.79685,179.560972,181.927963,111363700
2025-10-24,183.60582,187.231201,183.266257,186.022736,131296700
2025-10-27,189.748004,191.755439,188.189979,191.246094,153452700
2025-10-28,192.804095,202.89122,191.665548,200.773926,297986200
2025-10-29,207.715081,211.919725,204.51916,206.776276,308829600
2025-10-30,204.888677,205.8974,201.153451,202.631561,178864400
2025-10-31,206.187018,207.705086,201.812608,202.232071,179802200
2025-11-03,207.814954,211.070796,205.29816,206.616486,180267300
2025-11-04,202.741412,203.710178,197.677863,198.436905,188919300
2025-11-05,198.516812,202.66152,194.40205,194.961349,171350300
2025-11-06,196.169812,197.368281,186.142607,187.840439,223029800
2025-11-07,184.664449,188.080106,178.682089,187.910309,264942300
2025-11-10,194.861479,199.685329,193.543153,198.796463,198897100
2025-11-11,194.911408,195.171071,191.056324,192.913956,176483300
2025-11-12,195.470683,195.640465,190.886534,193.553131,154935300
2025-11-13,190.806644,191.196147,183.615818,186.621979,207423100
2025-11-14,182.627064,190.766676,180.34997,189.92775,186591900
2025-11-17,185.733118,188.759257,184.085225,186.36232,173628900
2025-11-18,183.146429,184.564619,179.421169,181.128998,213598900
2025-11-19,184.554602,187.620699,182.597108,186.28241,247246400
2025-11-20,195.700392,195.750332,179.62091,180.409897,343504800
2025-11-21,181.00914,184.324903,172.709712,178.652145,346926200
2025-11-24,179.261375,183.266261,176.255199,182.317474,256618300
2025-11-25,174.687209,177.933069,169.334036,177.593506,320600300
2025-11-26,181.39863,182.676998,178.012949,180.030365,183852000
2025-11-28,178.78197,179.061612,176.275173,176.774536,121332800
2025-12-01,174.53738,180.070332,173.458754,179.690811,188131000
2025-12-02,181.528472,185.423514,179.77072,181.228867,182632200
2025-12-03,180.849359,182.21761,178.881867,179.361252,165138000
2025-12-04,181.398735,184.295212,179.740769,183.156601,167364900
2025-12-05,183.665983,184.435049,180.689617,182.18779,143971100
2025-12-08,182.417516,187.770987,182.177803,185.323975,204378100
2025-12-09,185.333952,185.493761,183.096691,184.744675,144719700
2025-12-10,184.744675,185.254048,181.818236,183.556122,162785400
2025-12-11,180.060377,181.099119,176.404832,180.709579,182136600
2025-12-12,180.889371,182.597294,174.407271,174.806793,204274900
2025-12-15,177.723225,178.202636,174.816766,176.075226,164775600
2025-12-16,176.045266,178.27256,174.686922,177.503494,148588100
2025-12-17,175.885468,175.91543,170.102513,170.73175,222775500
2025-12-18,174.317381,175.935402,171.610691,173.927856,176096000
2025-12-19,176.454786,181.228962,176.125187,180.769531,324925900
2025-12-22,183.695948,183.935661,182.127868,183.466232,129064400
2025-12-23,182.747118,189.099372,182.677196,188.979523,174873600
2025-12-24,187.711052,188.679871,186.36269,188.380234,65528500
2025-12-26,189.68864,192.45527,187.770981,190.297897,139740300
2025-12-29,187.481334,188.530043,185.683524,187.990707,120006100
2025-12-30,188.010698,188.759785,186.702281,187.311539,97687300
2025-12-31,189.339064,190.327848,186.262814,186.272797,120100500
2026-01-02,189.608734,192.694966,188.030656,188.619949,148240500
2026-01-05,191.526404,193.394136,185.923237,187.890839,183529700
2026-01-06,190.28792,191.935904,186.592431,187.011917,176862600
2026-01-07,188.340288,191.136865,186.332727,188.879623,153543200
2026-01-08,188.879624,189.319091,183.486209,184.814575,172457000
2026-01-09,184.854529,186.112989,183.446243,184.634796,131327500
2026-01-12,182.996801,186.892043,182.797047,184.714706,137968500
2026-01-13,184.774638,187.88085,183.176581,185.583649,160128900
2026-01-14,184.095471,184.2353,180.579755,182.916901,159586100
2026-01-15,186.272795,189.468894,186.103004,186.822128,206188600
2026-01-16,188.849662,190.208006,185.853317,186.003128,187967200
2026-01-20,181.678409,182.157836,177.393642,177.853088,223345300
2026-01-21,178.831892,185.154183,178.182675,183.096695,200381000
2026-01-22,184.524936,185.943204,183.705927,184.614822,139636600
2026-01-23,187.271585,189.369033,186.59242,187.441376,142748100
2026-01-26,186.932006,188.889609,185.763433,186.242844,124799600
2026-01-27,187.011905,189.768537,185.473772,188.290344,143711600
2026-01-28,191.036987,192.115673,189.608721,191.286682,148552700
2026-01-29,191.106909,193.244302,185.833343,192.275482,171764400
2026-01-30,190.977075,194.253078,189.23919,190.897171,179489500
2026-02-02,186.97194,190.068169,184.654774,185.383881,165794100
2026-02-03,186.013122,186.043084,176.015307,180.1203,204019600
2026-02-04,179.241398,179.361247,171.700592,173.977814,207014100
2026-02-05,174.716896,176.604608,170.821653,171.670624,206312900
2026-02-06,176.474764,186.772203,174.387314,185.184143,231346200
2026-02-09,184.035529,193.424087,183.725909,189.808487,196387400
2026-02-10,191.14687,192.245521,187.890831,188.310318,136764800
2026-02-11,192.215567,193.024578,188.540057,189.818497,144192700
2026-02-12,192.794858,193.374153,186.282796,186.71228,189932500
2026-02-13,187.251605,187.271585,181.368781,182.587296,161888000
2026-02-17,181.528596,186.922012,178.961719,184.744675,162276900
2026-02-18,188.520058,190.13808,186.532477,187.750992,164749100
2026-02-19,186.832124,188.20045,185.433835,187.671097,126554500
2026-02-20,186.342735,190.098149,185.713497,189.588776,178422300
2026-02-23,191.166824,193.713721,189.349049,191.31665,171584800
2026-02-24,191.256738,193.533959,187.171709,192.615082,175123600
2026-02-25,194.213114,197.389248,193.553914,195.321762,250637100
2026-02-26,194.033342,194.053307,184.095467,184.664764,360807900
2026-02-27,181.029203,182.367567,176.165141,176.974152,311636500
2026-03-02,174.796804,183.236523,174.42726,182.257706,209095300
2026-03-03,178.272561,180.679613,176.704466,179.830658,178099400
2026-03-04,180.220193,184.474998,179.840651,182.817017,177731200
2026-03-05,180.949284,183.835762,177.663298,183.116638,198779700
2026-03-06,179.620922,182.537363,176.604612,177.603394,189021900
2026-03-09,176.614588,182.687183,175.346131,182.42749,177213600
2026-03-10,182.177784,186.21287,181.788259,184.544907,179118500
2026-03-11,185.693575,187.401576,184.235268,185.813431,145280400
2026-03-12,183.835748,184.724711,181.538422,182.926804,155762700
2026-03-13,184.704723,185.873359,179.730524,180.040161,160988400
2026-03-16,182.757005,188.660129,181.198823,183.006714,217307400
2026-03-17,184.844562,185.184162,181.468492,181.718201,182497800
2026-03-18,182.267568,183.166529,180.120077,180.189987,156683100
2026-03-19,177.802764,179.770472,175.585348,178.352127,170968500
2026-03-20,177.79278,178.052472,171.520092,172.498947,241323500
2026-03-23,177.053641,178.162349,174.556551,175.435532,182836300
2026-03-24,174.626468,176.01485,173.777452,174.996033,147667800
2026-03-25,176.893838,181.009036,176.644129,178.471985,162602100
2026-03-26,175.865044,176.304519,170.940775,171.040665,186152200
2026-03-27,169.80209,170.770962,166.815566,167.324982,196212700
2026-03-30,168.58352,169.252739,164.078776,164.977722,185627000
2026-03-31,166.775632,174.416721,166.765649,174.196976,226181300
2026-04-01,175.795119,177.163519,174.546574,175.54541,168132000
2026-04-02,171.979546,177.283377,171.170491,177.183487,143143200
2026-04-06,176.95376,177.583016,175.555381,177.433197,107564300
2026-04-07,175.525418,178.022508,173.457836,177.89267,132534900
2026-04-08,184.285223,185.044333,180.090115,181.868042,147732700
2026-04-09,181.62831,183.865708,180.409729,183.695908,116428500
2026-04-10,184.095437,189.778816,184.085454,188.410416,160459500
2026-04-13,185.813434,189.439214,185.523779,189.089615,133648200
2026-04-14,190.617837,196.281235,190.547927,196.281235,161307000
2026-04-15,196.311199,200.166706,195.512143,198.638489,185338400
2026-04-16,197.200152,199.617349,195.582043,198.119095,134012900
2026-04-17,199.667279,201.465187,199.038023,201.445206,160324400
2026-04-20,199.747188,201.934641,197.60968,201.824768,119381400
2026-04-21,201.894704,202.513978,198.768343,199.647324,107945300
2026-04-22,200.75603,202.264267,198.768341,202.264267,107501000
2026-04-23,202.224317,203.592718,196.990412,199.407593,113561800
2026-04-24,199.727219,210.704415,199.577384,208.027542,214134400
2026-04-27,209.40593,216.577579,207.138583,216.357834,187172400
2026-04-28,209.246136,214.480026,207.957629,212.921844,180275400
2026-04-29,212.452389,212.47237,207.338355,209.006409,123711800
2026-04-30,209.685602,210.055181,198.468679,199.337677,225239200
2026-05-01,201.045686,202.763685,196.890525,198.218979,128647000
2026-05-04,199.267749,201.495148,194.513296,198.248932,125368100
2026-05-05,199.067984,200.006892,195.801786,196.27124,113406600
2026-05-06,199.657299,208.027549,198.378791,207.588058,188362800
2026-05-07,208.097459,213.950638,206.259605,211.253784,168307900
2026-05-08,212.782006,217.546458,212.64217,214.949478,136421400
2026-05-11,213.790817,222.041211,213.640998,219.18454,160685800
2026-05-12,218.29558,223.489523,214.669801,220.52298,159176600
2026-05-13,224.668147,227.574763,221.312073,225.567108,150405400
2026-05-14,229.582433,236.264633,229.033071,235.465576,180782900
2026-05-15,229.492527,231.230507,223.978964,225.057709,180977600
2026-05-18,229.602402,229.732255,218.115789,222.061203,146280900
2026-05-19,219.364327,224.21867,217.656326,220.35318,140948200
2026-05-20,222.920183,225.866761,220.24331,223.209854,184201600
2026-05-21,222.031218,227.13527,217.676293,219.254456,203381800
2026-05-22,220.642838,220.752711,214.549949,215.07933,169275700
2026-05-26,216.287916,217.926006,211.753207,214.609879,187202600
2026-05-27,213.870728,213.900692,208.536948,212.352509,167601200
2026-05-28,211.034036,215.269106,210.974108,214.00058,143996000
2026-05-29,214.330209,217.606389,210.884228,210.894211,289410600
2026-06-01,215.478858,224.608217,215.448894,224.098816,212850700
2026-06-02,226.915518,232.009586,221.092318,222.560608,193362900
2026-06-03,221.461887,222.560613,214.260274,214.5,160907000
2026-06-04,213.910004,221.600006,210.970001,218.660004,169022200
2026-06-05,214.529999,214.869995,204.330002,205.100006,218529000
