Date,Open,High,Low,Close,Volume
2009-01-02,25.679824,26.871022,25.628033,26.784704,107891500
2009-01-05,26.612071,27.043665,26.404906,26.776077,91751900
2009-01-06,26.974614,27.302624,26.853768,27.043669,136791700
2009-01-07,26.52575,26.672492,26.05963,26.275427,133879800
2009-01-08,26.223633,26.586172,25.964678,26.551645,131926600
2009-01-09,26.560271,26.577535,25.826562,25.956039,117137900
2009-01-12,25.990566,26.025092,25.205065,25.481285,102726200
2009-01-13,25.472663,25.878361,25.187811,25.489927,186266700
2009-01-14,25.196443,25.27413,24.574947,24.713057,136294000
2009-01-15,24.661258,25.325912,24.229664,25.118748,192567200
2009-01-16,25.464021,25.55034,24.773472,25.394966,175478100
2009-01-20,25.291385,25.4036,24.134714,24.134714,135105800
2009-01-21,24.54042,25.196443,24.255569,25.161915,149179600
2009-01-22,24.618111,25.230973,24.393682,24.825275,200602700
2009-01-23,24.419572,25.33455,24.290093,24.946115,170164100
2009-01-26,24.980644,25.541716,24.816638,25.127386,140398700
2009-01-27,25.136016,25.52445,25.136016,25.308653,110591300
2009-01-28,25.731619,26.456696,25.731619,26.197741,139722800
2009-01-29,25.878356,26.240894,25.446762,25.533081,130731800
2009-01-30,25.722987,25.835202,24.980647,25.084229,140334200
2009-02-02,24.842543,25.558989,24.808015,25.386351,126796100
2009-02-03,25.438133,26.266794,25.058332,25.783409,120541100
2009-02-04,25.843828,26.646593,25.714351,25.817932,175780900
2009-02-05,25.446766,26.560278,25.429501,26.38764,217578900
2009-02-06,26.482598,27.199043,26.396278,27.078197,164513200
2009-02-09,27.095456,27.337149,26.922819,27.190407,98856900
2009-02-10,27.017763,27.345775,25.981939,26.189104,232795200
2009-02-11,26.223636,26.353116,25.662565,26.068264,169117200
2009-02-12,25.766146,26.422168,25.584875,26.38764,201151400
2009-02-13,26.309951,26.568908,26.145947,26.266792,145066700
2009-02-17,25.455401,25.610775,25.08423,25.22234,157783300
2009-02-18,25.386347,25.610776,24.920226,25.239605,161271900
2009-02-19,25.394965,25.558971,24.790734,24.851158,155322400
2009-02-20,24.574945,25.161913,24.50589,24.920221,210752400
2009-02-23,25.058332,25.075595,23.936187,24.048403,169473500
2009-02-24,24.177886,25.015177,24.134725,24.842541,181337300
2009-02-25,24.695803,25.179188,24.290104,24.678539,220224700
2009-02-26,24.842541,24.989283,23.910299,23.987986,211218500
2009-02-27,23.737648,24.151977,23.642697,23.763544,204492600
2009-03-02,23.409641,23.746284,22.848568,22.99531,188180400
2009-03-03,23.185215,23.444171,22.805412,22.97805,158758800
2009-03-04,23.314694,23.918924,23.237007,23.590914,164911000
2009-03-05,23.331955,23.513223,22.80541,22.883097,199626900
2009-03-06,23.003942,23.142052,22.192545,22.701826,218421600
2009-03-09,22.520565,23.142059,22.123497,22.218449,181098800
2009-03-10,22.658671,23.642705,22.580984,23.590914,175068200
2009-03-11,23.832605,24.160616,23.53049,23.953451,173094900
2009-03-12,23.936192,24.825276,23.685869,24.747589,184395100
2009-03-13,24.738957,24.894331,24.445473,24.808012,156783500
2009-03-16,24.972007,25.015165,24.333248,24.393671,190269800
2009-03-17,24.514523,25.317287,24.428204,25.317287,169773800
2009-03-18,25.213708,26.068265,25.101494,25.636671,208033900
2009-03-19,25.990573,26.007835,25.4295,25.619402,146753400
2009-03-20,25.670417,25.964387,25.05654,25.229464,149410800
2009-03-23,25.851984,26.751184,25.246754,26.716599,179499000
2009-03-24,26.491802,26.69931,26.206479,26.223772,118757600
2009-03-25,26.448567,26.846289,25.644475,26.344812,190555200
2009-03-26,26.630139,27.200785,26.301586,27.157555,182459500
2009-03-27,26.803058,26.958688,26.552318,26.647427,156108100
2009-03-30,26.197829,26.215122,25.609893,25.990322,162919700
2009-03-31,26.189189,26.759834,26.171896,26.215126,150243800
2009-04-01,25.886574,26.699311,25.756882,26.604204,137950000
2009-04-02,27.07974,27.901125,27.001924,27.460171,212272400
2009-04-03,27.745498,28.01353,27.520698,27.970297,134577300
2009-04-06,27.65903,27.953001,27.365061,27.901123,160413700
2009-04-07,27.59851,27.59851,26.984633,27.166203,147531200
2009-04-08,27.434231,27.797371,27.226723,27.624447,126126000
2009-04-09,28.14321,28.540932,28.039458,28.48041,131871500
2009-04-13,28.393959,28.59282,28.125927,28.437189,119310500
2009-04-14,28.264261,28.42854,27.901125,28.091341,124069000
2009-04-15,27.892478,28.039464,27.537988,28.013527,124808200
2009-04-16,28.402595,28.904073,28.108626,28.739798,171168000
2009-04-17,28.679275,28.964599,28.471769,28.800323,129835400
2009-04-20,28.281554,28.376662,27.719556,27.875187,123080500
2009-04-21,27.771422,28.307485,27.73684,28.264252,145490200
2009-04-22,28.099986,28.990538,28.004878,28.350725,165040500
2009-04-23,28.532284,28.653329,28.091332,28.627392,181666600
2009-04-24,28.826256,29.336379,28.59281,29.12887,141170000
2009-04-27,28.895417,29.448773,28.834894,29.163448,120749100
2009-04-28,28.981887,29.319086,28.843549,28.947302,108968000
2009-04-29,29.18076,29.742761,29.13753,29.345036,141413600
2009-04-30,29.734104,30.17506,29.43149,29.638996,144120400
2009-05-01,29.630352,29.863798,29.40555,29.716812,100112000
2009-05-04,29.984844,30.339336,29.846506,30.30475,119317400
2009-05-05,30.252879,30.313402,29.941617,30.278816,113569500
2009-05-06,30.512256,30.555486,29.794624,30.287455,178840500
2009-05-07,30.494971,30.494971,29.293157,29.578478,216484700
2009-05-08,29.803283,30.036729,29.29316,29.595774,183507300
2009-05-11,29.215332,30.019424,29.120224,29.699514,142775900
2009-05-12,29.760043,29.811921,28.981892,29.336384,147842200
2009-05-13,29.076997,29.09429,28.497703,28.549582,175548300
2009-05-14,28.618751,29.137521,28.601461,28.86949,140021700
2009-05-15,28.826258,29.241273,28.73115,28.852196,121326400
2009-05-18,29.051073,29.639011,28.869504,29.604429,114333400
2009-05-19,29.535235,30.036714,29.353667,29.742744,129086400
2009-05-20,29.85515,30.296105,29.552536,29.638996,131873700
2009-05-21,29.414198,29.621704,28.800322,29.094292,139253200
2009-05-22,29.20668,29.370959,28.808958,28.999174,83510600
2009-05-26,28.748445,30.114538,28.687922,30.079952,144857200
2009-05-27,29.993494,30.425801,29.768695,29.872448,121348800
2009-05-28,30.054015,30.322047,29.578478,30.218294,118931300
2009-05-29,30.235586,30.693831,30.054015,30.590078,111535700
2009-06-01,30.918642,31.558459,30.788951,31.46335,119126200
2009-06-02,31.290417,31.809188,31.22125,31.506571,126858600
2009-06-03,31.41147,31.446053,31.065623,31.41147,93329800
2009-06-04,31.480613,31.809168,31.420091,31.765938,89280600
2009-06-05,31.956153,32.059909,31.48926,31.800522,121958800
2009-06-08,31.601676,31.947524,31.229892,31.705429,89194100
2009-06-09,31.852402,32.137723,31.705415,31.94751,109187800
2009-06-10,32.129087,32.137731,31.376873,31.835117,133404700
2009-06-11,31.791887,32.189609,31.774595,31.835117,147909800
2009-06-12,31.705413,31.748646,31.299047,31.688124,109452500
2009-06-15,31.385523,31.411463,30.763002,31.039679,112152900
2009-06-16,31.160721,31.290412,30.711121,30.737059,110550300
2009-06-17,30.866753,31.307705,30.650599,31.031029,153421800
2009-06-18,30.979168,31.178029,30.754366,30.97052,126266700
2009-06-19,31.207702,31.476063,31.086507,31.302927,122044700
2009-06-22,31.017257,31.069195,30.316056,30.367998,137714900
2009-06-23,30.454565,30.523817,30.099637,30.298742,114903100
2009-06-24,30.558446,31.051883,30.541133,30.809494,103314600
2009-06-25,30.610365,31.476043,30.541109,31.415445,112538200
2009-06-26,31.268303,31.597261,31.207705,31.484722,87677300
2009-06-29,31.571305,31.813694,31.268316,31.553991,93817600
2009-06-30,31.640538,31.79636,31.25964,31.493374,97843000
2009-07-01,31.649195,31.891584,31.502028,31.510687,85976000
2009-07-02,31.242335,31.250991,30.731585,30.818151,113309800
2009-07-06,30.627704,30.766212,30.333373,30.653673,107632500
2009-07-07,30.66232,30.72292,29.874553,29.891867,149773000
2009-07-08,30.073675,30.186211,29.692775,30.047703,152776400
2009-07-09,30.160226,30.307389,29.995748,30.099628,97851500
2009-07-10,30.013056,30.419925,29.917834,30.229475,108482000
2009-07-13,30.25546,30.818149,29.84859,30.809494,127140300
2009-07-14,30.774857,30.982621,30.645007,30.922024,115631700
2009-07-15,31.441431,31.969495,31.285608,31.960836,160869700
2009-07-16,31.813683,32.411,31.787714,32.341747,120142500
2009-07-17,32.333075,32.523525,32.177252,32.51487,104906500
2009-07-20,32.687999,32.895763,32.55815,32.826508,97168800
2009-07-21,32.956361,33.051586,32.584119,33.051586,130587600
2009-07-22,33.077566,33.493091,33.008313,33.328613,113808600
2009-07-23,33.293985,34.185636,33.233388,34.064438,160239300
2009-07-24,33.700845,34.081742,33.570992,33.804726,109312300
2009-07-27,34.047127,34.11638,33.648913,34.064438,94718600
2009-07-28,33.917293,34.272221,33.700873,33.830727,111564300
2009-07-29,34.038472,34.133697,33.761455,34.055786,126538200
2009-07-30,34.410705,34.782947,34.202941,34.254883,108969900
2009-07-31,34.254893,34.497282,34.116384,34.151012,78208300
2009-08-03,34.514591,34.679072,34.315486,34.661758,111722800
2009-08-04,34.497277,34.791608,34.428025,34.661758,100690800
2009-08-05,34.739671,34.748326,34.159665,34.393398,118093000
2009-08-06,34.471302,34.566527,33.96921,34.090405,116937500
2009-08-07,34.557875,34.687728,34.272203,34.523251,107442100
2009-08-10,34.402043,34.497265,34.055771,34.280846,87163200
2009-08-11,34.168329,34.194298,33.804742,33.986534,91922700
2009-08-12,33.960573,34.817596,33.934603,34.514606,147240000
2009-08-13,34.722362,34.765645,34.315492,34.705048,110107000
2009-08-14,34.514596,34.592507,34.003846,34.306835,124480200
2009-08-17,33.7268,33.770084,33.293962,33.311275,131797200
2009-08-18,33.519056,33.85667,33.423831,33.787415,84496200
2009-08-19,33.389219,34.107734,33.36325,34.021164,88036300
2009-08-20,34.003851,34.488632,33.934599,34.419376,81473500
2009-08-21,34.618467,34.938767,34.402048,34.87817,114660200
2009-08-24,34.938761,35.120553,34.713683,34.843536,109904900
2009-08-25,34.92146,35.285044,34.843549,34.94743,92900400
2009-08-26,34.869523,35.14654,34.69639,34.886837,96407500
2009-08-27,34.87819,35.034013,34.341467,34.973415,121957800
2009-08-28,35.406233,35.562055,34.76563,35.008018,114300900
2009-08-31,34.748324,34.800266,34.445338,34.653099,96415300
2009-09-01,34.531906,35.137881,33.899961,34.003841,162958900
2009-09-02,33.822037,34.16831,33.796068,33.977859,92757200
2009-09-03,34.142356,34.254895,33.778773,34.202953,76783100
2009-09-04,34.263539,34.95608,34.211597,34.938766,74866600
2009-09-08,35.215789,35.302355,35.025339,35.267731,71024400
2009-09-09,35.293708,35.743861,35.137885,35.570724,99280800
2009-09-10,35.588029,35.951612,35.492804,35.908329,99289100
2009-09-11,35.934304,36.029529,35.68326,35.942963,93868400
2009-09-14,35.709221,36.107432,35.674593,36.081463,90435600
2009-09-15,36.055507,36.31521,35.986251,36.194016,91594600
2009-09-16,36.358486,36.774011,36.219977,36.722069,96888500
2009-09-17,36.626854,36.92984,36.540285,36.713421,102169600
2009-09-18,36.861583,36.930902,36.575631,36.774929,87444200
2009-09-21,36.566963,37.000221,36.532302,36.887573,71351400
2009-09-22,37.095548,37.112878,36.774935,36.956905,75638400
2009-09-23,37.112892,37.407505,36.722959,36.783615,143924100
2009-09-24,36.930925,36.991581,36.194388,36.454342,111016400
2009-09-25,36.185698,36.47165,36.029728,36.133709,109216000
2009-09-28,36.33302,36.965576,36.298358,36.748947,84478500
2009-09-29,36.748942,36.930909,36.419665,36.584305,106686400
2009-09-30,36.73161,36.913577,36.047061,36.610298,173102700
2009-10-01,36.480319,36.506317,35.527153,35.527153,140119100
2009-10-02,35.28453,35.743782,35.28453,35.423172,145286400
2009-10-05,35.605133,35.873754,35.37984,35.709114,97054200
2009-10-06,35.908413,36.514975,35.891082,36.341671,124628000
2009-10-07,36.298358,36.462998,36.194377,36.445667,93787600
2009-10-08,36.662302,36.93092,36.514993,36.601646,107850400
2009-10-09,36.523648,36.870253,36.445662,36.809597,62828000
2009-10-12,36.956896,37.147527,36.636283,36.887573,53221900
2009-10-13,36.852931,37.043565,36.714288,36.896259,70939300
2009-10-14,37.355501,37.442152,37.130205,37.398827,91004900
2009-10-15,37.199528,37.364165,37.147536,37.312176,85772800
2009-10-16,37.173534,37.25152,36.809595,37.06955,111859300
2009-10-19,37.095534,37.494131,36.9049,37.442139,83512000
2009-10-20,37.658779,37.658779,37.20819,37.450817,89847900
2009-10-21,37.442141,37.970716,37.312165,37.381485,110397400
2009-10-22,37.312168,37.68477,37.078209,37.528797,85871800
2009-10-23,37.892734,37.892734,37.277508,37.372826,117020400
2009-10-26,37.43349,37.918736,37.078218,37.251522,107068600
2009-10-27,37.199527,37.3555,36.54964,36.688282,121438200
2009-10-28,36.558305,36.670953,35.787107,35.865093,143553600
2009-10-29,36.07306,36.558307,35.995074,36.471657,85207600
2009-10-30,36.445666,36.523653,35.457835,35.492496,162796500
2009-11-02,35.527153,36.021067,35.215207,35.639801,142456600
2009-11-03,35.449177,35.804449,35.388521,35.752457,95107000
2009-11-04,35.986399,36.281015,35.76977,35.813099,107970600
2009-11-05,36.229029,36.740274,36.203031,36.696945,135204800
2009-11-06,36.497658,36.956914,36.463,36.913586,96312300
2009-11-09,37.199521,37.710766,37.156196,37.702099,101620800
2009-11-10,37.658797,37.927418,37.606808,37.79744,72846500
2009-11-11,38.083364,38.248001,37.788749,38.040039,84676200
2009-11-12,38.066072,38.26537,37.736795,37.823448,92426100
2009-11-13,37.936059,38.248005,37.806083,38.135357,87959500
2009-11-16,38.299995,38.689928,38.230672,38.525288,87776100
2009-11-17,38.421329,38.646622,38.343342,38.646622,81884000
2009-11-18,38.525291,38.551289,38.17002,38.429974,100240800
2009-11-19,38.170029,38.196027,37.563467,37.832088,114558000
2009-11-20,37.632785,37.736766,37.502807,37.641449,70912100
2009-11-23,38.03138,38.473305,38.005385,38.248009,91621500
2009-11-24,38.230691,38.256688,37.89275,38.118046,60670000
2009-11-25,38.248011,38.317334,38.135363,38.282673,37630100
2009-11-27,37.234183,37.979387,37.173527,37.702099,61230000
2009-11-30,37.615455,37.797423,37.355501,37.745434,84819400
2009-12-01,38.031376,38.386647,38.022712,38.135357,81817800
2009-12-02,38.265342,38.551293,38.109368,38.187355,81653600
2009-12-03,38.326003,38.559963,38.022724,38.031387,72460400
2009-12-04,38.516619,38.759242,37.832071,38.230667,125062600
2009-12-07,38.204683,38.377987,37.970723,38.04871,67471900
2009-12-08,37.832097,38.126712,37.572142,37.814766,86621400
2009-12-09,37.780099,38.230688,37.537476,38.19603,78820500
2009-12-10,38.360656,38.594615,38.334661,38.38665,76722400
2009-12-11,38.594625,38.63795,38.08338,38.239353,66643700
2009-12-14,38.499306,38.646612,38.29134,38.603287,47965500
2009-12-15,38.481967,38.70726,38.274002,38.38665,61171100
2009-12-16,38.533966,38.733264,38.377992,38.438648,61629700
2009-12-17,38.265349,38.308674,37.918741,37.970734,90440900
2009-12-18,38.329189,38.606936,38.190315,38.589577,96442600
2009-12-21,38.789221,39.171126,38.771861,39.023571,82357400
2009-12-22,39.153757,39.309991,39.084319,39.257912,51569100
2009-12-23,39.336037,39.553028,39.240561,39.54435,73932200
2009-12-24,39.587752,39.908897,39.579071,39.908897,31770400
2009-12-28,40.004359,40.18663,39.874164,40.117195,49381400
2009-12-29,40.125879,40.143238,39.91757,39.952286,32410200
2009-12-30,39.908884,40.151912,39.891524,40.073795,57612700
2009-12-31,40.151907,40.169266,39.709248,39.709248,50079200
2010-01-04,40.212677,40.351551,40.160598,40.290791,62822800
2010-01-05,40.264753,40.360229,40.065122,40.290791,62935600
2010-01-06,40.273428,40.40362,39.986999,40.047756,96033000
2010-01-07,40.108515,40.160593,39.856805,40.073795,77094100
2010-01-08,39.986997,40.403618,39.865483,40.403618,88886600
2010-01-11,40.455691,40.481729,40.030389,40.238701,104673400
2010-01-12,39.995666,40.047742,39.518285,39.735275,90673900
2010-01-13,39.856821,40.351563,39.587755,40.230045,100661000
2010-01-14,40.151912,40.377584,40.117196,40.264748,75209000
2010-01-15,40.334178,40.403613,39.62245,39.79604,126849300
2010-01-19,39.891526,40.48174,39.882848,40.438343,84388200
2010-01-20,40.151907,40.447014,39.431501,39.8568,145680000
2010-01-21,39.96965,40.230038,39.318678,39.483593,204939600
2010-01-22,39.353392,39.474906,38.225042,38.329197,171098700
2010-01-25,38.563543,38.711095,38.294474,38.459389,154218700
2010-01-26,38.415986,38.962803,38.233715,38.494102,140816500
2010-01-27,38.424685,38.928101,38.199013,38.797909,161632700
2010-01-28,38.537506,38.563543,37.600105,37.799736,221439800
2010-01-29,38.112192,38.207668,37.001202,37.140076,212099600
2010-02-01,37.23556,37.565383,37.2182,37.548023,136827100
2010-02-02,37.608811,37.999391,37.348419,37.886559,110727700
2010-02-03,37.704261,38.164283,37.686902,38.094845,93581600
2010-02-04,37.817107,37.895224,36.992542,36.992542,151652500
2010-02-05,37.088014,37.339723,36.558556,37.305004,213618600
2010-02-08,37.244243,37.478593,37.009893,37.035931,94354400
2010-02-09,37.478588,37.765014,37.114043,37.417831,118956000
2010-02-10,37.417827,37.59142,37.10536,37.33971,94102900
2010-02-11,37.348397,38.00805,37.114047,37.903893,93050800
2010-02-12,37.565385,38.086164,37.46123,37.982006,93938500
2010-02-16,38.259758,38.494105,38.060124,38.468067,83861400
2010-02-17,38.641669,38.685066,38.415997,38.685066,82691700
2010-02-18,38.659034,38.997539,38.580918,38.928101,65752600
2010-02-19,38.823942,39.101689,38.728465,38.91074,80416500
2010-02-22,39.066977,39.084337,38.676397,38.83263,72055000
2010-02-23,38.806575,38.832616,38.146926,38.329197,95814400
2010-02-24,38.528839,38.876025,38.468082,38.719791,86591000
2010-02-25,38.311844,38.797904,38.042777,38.711105,97961300
2010-02-26,38.702431,38.936781,38.53752,38.849983,66222400
2010-03-01,39.023563,39.483585,39.014885,39.414146,77290100
2010-03-02,39.553023,39.796052,39.448869,39.535664,76368500
2010-03-03,39.631146,39.77002,39.431515,39.579067,65735500
2010-03-04,39.605093,39.761326,39.405462,39.709248,54470900
2010-03-05,40.004355,40.394938,39.91756,40.30814,68136300
2010-03-08,40.325515,40.481749,40.308156,40.386272,58712400
2010-03-09,40.299468,40.837603,40.27343,40.611935,98002800
2010-03-10,40.637976,41.037237,40.620616,40.941761,102578900
2010-03-11,40.846304,41.098011,40.776866,41.098011,67510300
2010-03-12,41.228177,41.254215,40.880991,41.106663,64068300
2010-03-15,41.01987,41.124028,40.716085,41.002514,60150500
2010-03-16,41.132717,41.32367,40.993843,41.262913,74950600
2010-03-17,41.323668,41.575378,41.25423,41.375744,75643500
2010-03-18,41.410456,41.558012,41.31498,41.514614,77829400
2010-03-19,41.637127,41.663196,41.115795,41.263508,86337100
2010-03-22,41.098413,41.802214,41.05497,41.637123,71902800
2010-03-23,41.697961,41.967314,41.506804,41.92387,59182600
2010-03-24,41.854349,41.854349,41.62844,41.724018,62995700
2010-03-25,42.07156,42.22796,41.619741,41.663185,76294800
2010-03-26,41.836988,41.993388,41.480744,41.706654,78067900
2010-03-29,41.915173,42.054195,41.793526,41.906483,57993300
2010-03-30,42.036822,42.184531,41.758778,42.045509,49437300
2010-03-31,41.915162,42.097628,41.76745,41.84565,59947400
2010-04-01,42.019428,42.31485,41.524162,41.84565,83728600
2010-04-05,41.941245,42.332246,41.828289,42.236668,56220300
2010-04-06,42.141092,42.488649,42.045514,42.358315,54097100
2010-04-07,42.297499,42.462586,42.028142,42.254055,77211500
2010-04-08,42.132399,42.41913,41.915177,42.349621,68314300
2010-04-09,42.358302,42.618967,42.254036,42.601589,54227300
2010-04-12,42.618974,42.749309,42.523396,42.636353,44280600
2010-04-13,42.592907,42.879638,42.453885,42.853573,59376000
2010-04-14,43.079498,43.374917,43.009986,43.36623,69004800
2010-04-15,43.331445,43.609489,43.331445,43.557358,72254200
2010-04-16,43.400972,43.548682,42.749306,43.036037,127388000
2010-04-19,42.879645,43.149001,42.488647,43.009979,98251700
2010-04-20,43.244566,43.340145,42.949144,43.227188,69543700
2010-04-21,43.522609,43.609496,43.201121,43.470474,74748700
2010-04-22,43.053407,43.757208,42.801429,43.713764,110477200
2010-04-23,43.705076,43.939676,43.52261,43.896233,77205200
2010-04-26,43.939677,44.00919,43.705077,43.800655,67361000
2010-04-27,43.6269,43.818057,42.758011,42.870968,112608000
2010-04-28,43.096862,43.122931,42.558152,42.897018,130082100
2010-04-29,43.140307,43.731151,43.105551,43.64426,84180200
2010-04-30,43.626865,43.696378,42.74929,42.784046,110897000
2010-05-03,42.966525,43.592122,42.949147,43.383591,74169700
2010-05-04,42.85356,42.85356,41.77614,42.08025,141136500
2010-05-05,41.637143,42.1411,41.393856,41.863056,128560200
2010-05-06,41.576306,41.984685,37.049399,40.46413,274356800
2010-05-07,40.160031,40.663985,38.474385,39.45623,288200400
2010-05-10,41.211364,41.532852,41.107099,41.506786,136041600
2010-05-11,41.089726,42.045502,41.011526,41.463348,113016100
2010-05-12,41.689258,42.280102,41.619749,42.245346,85462400
2010-05-13,42.06288,42.393059,41.472036,41.576302,102844300
2010-05-14,41.26351,41.289576,40.299044,40.776932,147386100
2010-05-17,40.85513,41.072352,40.029686,40.907265,120969600
2010-05-18,41.254816,41.341706,40.160018,40.342484,153072100
2010-05-19,40.194767,40.516258,39.577857,40.020992,159000300
2010-05-20,39.238991,39.343257,38.448303,38.535191,189289800
2010-05-21,37.935668,39.656067,37.787959,38.960957,190631100
2010-05-24,38.943568,39.386703,38.787168,38.804546,113038000
2010-05-25,37.953036,38.891433,37.562035,38.839302,155643000
2010-05-26,39.108674,39.595253,38.335364,38.404877,140203200
2010-05-27,39.27375,39.873282,39.178172,39.855904,110671600
2010-05-28,39.925436,39.960192,39.273769,39.621323,128535300
2010-06-01,39.473589,40.186077,39.212923,39.256367,104242700
2010-06-02,39.482284,40.21215,39.212931,40.186085,97249300
2010-06-03,40.299037,40.637903,40.038371,40.56839,98928400
2010-06-04,39.708188,40.220832,39.047831,39.178165,112849900
2010-06-07,39.378015,39.499659,38.422239,38.465683,88436600
2010-06-08,38.535201,38.648158,37.874847,38.396179,133030100
2010-06-09,38.665525,39.021769,37.961724,38.07468,101949200
2010-06-10,38.543876,39.204229,38.43961,39.160786,76892300
2010-06-11,38.761114,39.56918,38.761114,39.534424,74346800
2010-06-14,39.899364,40.177412,39.456233,39.525745,68085000
2010-06-15,39.734267,40.637912,39.490979,40.585777,76332600
2010-06-16,40.472829,40.959405,40.403317,40.750874,78399700
2010-06-17,40.976769,40.994148,40.524947,40.881191,77111900
2010-06-18,40.958664,41.21112,40.793264,40.915138,75921400
2010-06-21,41.437476,41.50712,40.331899,40.56694,95488100
2010-06-22,40.741057,41.037039,40.175211,40.253559,94493400
2010-06-23,40.29708,40.453777,39.774757,40.08815,92397600
2010-06-24,39.914027,40.035905,39.348182,39.47876,114145900
2010-06-25,39.695952,39.82679,39.207496,39.486614,88740300
2010-06-28,39.486613,39.730841,39.08538,39.347054,71350000
2010-06-29,38.745212,38.780103,37.56768,37.829353,136384200
2010-06-30,37.707239,38.091026,37.192613,37.25367,101313200
2010-07-01,37.367056,37.471725,36.433752,37.148994,158695000
2010-07-02,37.210064,37.349623,36.712883,37.044338,78565300
2010-07-06,37.593846,37.829353,36.852437,37.157722,88591900
2010-07-07,37.279832,38.387583,37.244942,38.343971,72448400
2010-07-08,38.649262,38.710319,38.099745,38.553314,78264600
2010-07-09,38.535883,38.928394,38.448659,38.91967,47851200
2010-07-12,38.884785,39.277294,38.780113,39.033066,60927500
2010-07-13,39.373223,39.687232,39.076659,39.538952,93310500
2010-07-14,39.617434,39.957613,39.460433,39.739552,87687100
2010-07-15,39.661074,39.896581,39.242396,39.774464,95992500
2010-07-16,39.634908,39.800638,38.640547,38.675438,98831900
2010-07-19,38.788816,39.08538,38.466082,39.006878,81800800
2010-07-20,38.378864,39.477894,38.25675,39.477894,89061200
2010-07-21,39.896581,39.914023,38.867329,38.937107,83577000
2010-07-22,39.486606,40.1059,39.46044,39.922729,82890300
2010-07-23,39.652355,40.210592,39.582577,40.175705,81056100
2010-07-26,40.228034,40.524598,40.044863,40.507153,64850900
2010-07-27,40.681603,40.751385,40.306537,40.489708,67655600
2010-07-28,40.446088,40.629262,40.018689,40.166969,51988200
2010-07-29,40.402478,40.480981,39.469174,39.870407,85669500
2010-07-30,39.538971,40.201877,39.312185,39.957649,98958100
2010-08-02,40.463524,40.812424,40.30652,40.707752,68706800
2010-08-03,40.681602,40.733938,40.341426,40.533321,60856600
2010-08-04,40.716478,40.986875,40.559473,40.94326,43820600
2010-08-05,40.742645,40.925816,40.576919,40.847317,39150200
2010-08-06,40.402475,40.864765,40.166968,40.786263,71339200
2010-08-09,40.99561,41.161336,40.812439,41.065392,26927600
2010-08-10,40.733922,40.951984,40.367577,40.707752,86694500
2010-08-11,40.036141,40.053583,39.434288,39.600018,92219700
2010-08-12,38.841155,39.460453,38.771377,39.286003,66000200
2010-08-13,39.137713,39.303442,38.998154,39.006878,46387300
2010-08-16,38.814991,39.347062,38.64054,39.076664,55472900
2010-08-17,39.355768,39.931451,39.277266,39.57383,56927100
2010-08-18,39.495324,39.966338,39.347044,39.730831,61835400
2010-08-19,39.495325,39.652329,38.867309,39.128983,82969500
2010-08-20,39.067931,39.277268,38.849869,39.18132,65806700
2010-08-23,39.425546,39.54766,38.780082,38.797527,69612200
2010-08-24,38.352685,38.48352,37.916562,38.073566,79095800
2010-08-25,37.803182,38.605648,37.742125,38.439922,87247900
2010-08-26,38.570743,38.657967,37.942725,37.977615,91199000
2010-08-27,38.256751,38.518425,37.480452,38.439922,109568800
2010-08-30,38.256739,38.596915,38.029953,38.038677,49373200
2010-08-31,37.838063,38.248016,37.663613,37.907841,72066900
2010-09-01,38.466092,39.172613,38.439926,39.041775,83523100
2010-09-02,39.111552,39.495339,39.015604,39.477894,41816800
2010-09-03,39.914015,40.140801,39.730844,40.132076,64041100
2010-09-07,39.966344,40.149515,39.800618,39.861675,51195200
2010-09-08,39.975081,40.515873,39.966357,40.341423,66879800
2010-09-09,40.699049,40.733939,40.402484,40.498432,61476400
2010-09-10,40.542037,40.707763,40.341421,40.646706,66995700
2010-09-13,40.96072,41.318341,40.943275,41.213673,64523400
2010-09-14,41.161314,41.606161,41.065369,41.3881,91405800
2010-09-15,41.283446,41.6934,41.161328,41.649788,67108200
2010-09-16,41.571278,41.850397,41.466609,41.815506,66885800
2010-09-17,42.088295,42.088295,41.747322,41.957153,76372600
2010-09-20,42.114532,42.778994,42.062077,42.691566,84475000
2010-09-21,42.717776,42.988804,42.499204,42.682804,82272000
2010-09-22,42.507938,42.857655,42.333079,42.569138,88315900
2010-09-23,42.28938,42.98007,42.245666,42.551666,85040000
2010-09-24,43.03252,43.443433,42.97132,43.417206,79495900
2010-09-27,43.390979,43.495893,43.146176,43.181149,43859800
2010-09-28,43.286077,43.312308,42.481732,43.163677,104922900
2010-09-29,43.102465,43.303551,42.936351,43.093723,81679200
2010-09-30,43.312296,43.574582,42.621606,42.901379,122458600
2010-10-01,43.259836,43.30355,42.647833,42.848919,77675400
2010-10-04,42.72652,42.883892,42.140748,42.385548,71359900
2010-10-05,42.866403,43.504633,42.840175,43.417206,99301300
2010-10-06,43.364757,43.46093,42.761499,43.041271,81831200
2010-10-07,43.286082,43.312313,42.840196,43.198654,75693300
2010-10-08,43.216127,43.600813,42.910127,43.495899,83223900
2010-10-11,43.522123,43.731954,43.382237,43.513382,46880000
2010-10-12,43.44345,43.898081,43.067506,43.810654,88571700
2010-10-13,44.090419,44.370192,43.959275,44.169106,71122900
2010-10-14,44.195335,44.274021,43.863104,44.081676,68464000
2010-10-15,44.623739,45.025911,44.26528,45.01717,104654000
2010-10-18,45.025902,45.218247,44.851044,44.851044,72399400
2010-10-19,44.431374,44.851032,44.081657,44.431374,105739800
2010-10-20,44.553793,45.08711,44.475107,44.754879,80861400
2010-10-21,45.034646,45.209504,44.40516,44.842304,85885400
2010-10-22,44.851045,45.192018,44.772359,45.148304,47406900
2010-10-25,45.331895,45.664126,45.331895,45.366867,51413900
2010-10-26,45.139563,45.594194,44.95596,45.489277,60498300
2010-10-27,45.253225,45.664142,45.165797,45.629169,57483400
2010-10-28,45.82151,45.856483,45.323166,45.725338,61220000
2010-10-29,45.725344,45.891461,45.611685,45.62043,46668700
2010-11-01,45.786537,46.118768,45.445565,45.655396,60555600
2010-11-02,46.031341,46.276141,45.970141,46.144997,48137500
2010-11-03,46.188714,46.372314,45.777797,46.354828,126225800
2010-11-04,46.861907,47.089224,46.77448,46.923107,84201000
2010-11-05,46.949338,47.04551,46.783221,46.923107,77937100
2010-11-08,46.844428,47.063,46.730769,46.984314,39623500
2010-11-09,47.167907,47.246593,46.520932,46.730762,66828700
2010-11-10,46.791965,47.010537,46.424762,46.966824,83553700
2010-11-11,46.258658,46.757002,46.040085,46.669575,85163600
2010-11-12,46.424774,46.660833,45.559229,45.908943,99164300
2010-11-15,46.144987,46.232418,45.716587,45.734074,56723400
2010-11-16,45.410593,45.681624,44.457617,44.982193,101097000
2010-11-17,45.008421,45.349393,44.894762,45.113335,77836200
2010-11-18,45.602927,46.15373,45.576699,45.838985,71488300
2010-11-19,45.77779,45.978876,45.585445,45.873962,54506100
2010-11-22,45.690366,46.258656,45.61168,46.258656,69918900
2010-11-23,45.786532,45.856477,45.26196,45.524246,76818300
2010-11-24,45.970136,46.555908,45.952649,46.442249,53444200
2010-11-26,46.144999,46.451002,46.048826,46.136257,23640300
2010-11-29,46.07506,46.249919,45.550484,46.101288,89269100
2010-11-30,45.620427,46.11003,45.35814,45.54174,118862100
2010-12-01,46.214931,46.739503,46.197445,46.503445,81758800
2010-12-02,46.573395,47.045512,46.520936,46.975567,56844600
2010-12-03,46.77449,47.159177,46.77449,47.097977,38014200
2010-12-06,47.10671,47.16791,46.931851,47.080479,39312000
2010-12-07,47.648771,47.666257,47.054254,47.106712,59067300
2010-12-08,47.229112,47.34277,46.940595,47.28157,48066900
2010-12-09,47.570106,47.596334,47.167934,47.325306,51679800
2010-12-10,47.465183,47.692497,47.290324,47.640041,44696200
2010-12-13,47.823636,47.858608,47.447691,47.473919,53110200
2010-12-14,47.596321,47.753693,47.412721,47.561352,69884800
2010-12-15,47.535117,47.823634,47.237858,47.351517,76951900
2010-12-16,47.395226,47.788657,47.264085,47.718716,65519400
2010-12-17,47.778294,47.900936,47.66441,47.760773,36844200
2010-12-20,47.848366,47.971009,47.445396,47.795807,48159600
2010-12-21,47.979774,48.084896,47.84837,48.084896,35775400
2010-12-22,48.067368,48.14621,47.997288,48.07613,35766500
2010-12-23,47.988522,48.067364,47.8396,47.953484,21664800
2010-12-27,47.81332,48.058605,47.489189,47.979763,29263700
2010-12-28,48.076137,48.111176,47.787048,47.89217,24160500
2010-12-29,48.023567,48.093651,47.944725,47.997288,24132700
2010-12-30,47.997291,48.00605,47.787045,47.883408,27553300
2010-12-31,47.822094,47.848374,47.489204,47.70821,38540100
2011-01-03,48.154983,48.785718,48.137462,48.452831,90994300
2011-01-04,48.628025,48.663067,48.111172,48.417782,43851500
2011-01-05,48.268852,48.847027,48.242573,48.82951,43787400
2011-01-06,48.88208,49.022243,48.776958,48.987202,46139600
2011-01-07,49.07481,49.10109,48.461593,48.943405,72261700
2011-01-10,48.838261,49.214951,48.689339,49.12735,55551800
2011-01-11,49.328834,49.372635,49.013466,49.19743,56663800
2011-01-12,49.433975,49.547859,49.23249,49.547859,51979300
2011-01-13,49.582898,49.696782,49.416454,49.56538,47364500
2011-01-14,49.58289,49.950821,49.460247,49.9333,43867400
2011-01-18,49.556606,50.134781,49.486526,50.07346,65805600
2011-01-19,50.161076,50.161076,49.337616,49.504059,67767200
2011-01-20,49.293797,49.363877,48.776943,49.153633,92357800
2011-01-21,49.398926,49.486531,48.750671,48.776951,59673300
2011-01-24,48.873317,49.460251,48.776954,49.451492,64103300
2011-01-25,49.206219,49.539108,49.101097,49.521587,55305100
2011-01-26,49.591667,49.915795,49.451504,49.784393,60547700
2011-01-27,49.94207,50.239918,49.863228,50.090996,53656100
2011-01-28,50.082231,50.126034,48.592994,48.820759,123359900
2011-01-31,48.890835,49.197441,48.522903,49.057278,70571300
2011-02-01,49.425224,50.091003,49.372665,49.977119,76952900
2011-02-02,49.871994,50.082238,49.793152,49.898273,48661000
2011-02-03,49.801903,50.05595,49.407695,49.98587,45341900
2011-02-04,49.977112,50.301239,49.84571,50.266201,47647800
2011-02-07,50.362549,50.783039,50.283707,50.502712,45627100
2011-02-08,50.520241,50.870651,50.423881,50.835609,38099900
2011-02-09,50.756748,50.914433,50.590305,50.74799,62540800
2011-02-10,50.415123,50.896935,50.362564,50.826855,70194700
2011-02-11,50.677917,51.229813,50.607837,51.194771,47853500
2011-02-14,51.194767,51.387493,51.142208,51.317413,48506100
2011-02-15,51.194771,51.308655,51.010807,51.247334,39723800
2011-02-16,51.378757,51.720406,51.361236,51.580242,53061700
2011-02-17,51.326183,51.659073,51.291141,51.56271,38361900
2011-02-18,51.562702,51.659065,51.256092,51.448818,44334300
2011-02-22,50.748009,50.923214,49.880745,49.959587,92598100
2011-02-23,49.959588,50.134793,49.171169,49.547859,97842900
2011-02-24,49.652985,49.959591,49.179931,49.810669,98716100
2011-02-25,50.09098,50.564034,50.038418,50.502712,54094600
2011-02-28,50.704197,50.853119,50.309986,50.607834,51402800
2011-03-01,50.826848,50.826848,49.670498,49.79314,91993900
2011-03-02,49.766857,50.38007,49.749336,50.055943,61552900
2011-03-03,50.520241,51.133457,50.520241,51.045856,64146600
2011-03-04,51.028336,51.037095,50.450161,50.783051,62328400
2011-03-07,50.993287,51.037087,49.644211,50.099743,98470000
2011-03-08,50.038429,50.529003,49.731822,50.301235,62399100
2011-03-09,50.117271,50.169834,49.688022,49.959587,84764200
2011-03-10,49.398926,49.51281,48.978435,49.17992,102894400
2011-03-11,48.899597,49.635456,48.899597,49.486534,81679400
2011-03-14,49.214939,49.574108,48.934612,49.311302,73565800
2011-03-15,47.865898,48.899605,47.716976,48.610519,101276500
2011-03-16,48.207539,48.479108,47.103752,47.436642,176507700
2011-03-17,48.190007,48.391495,47.419109,47.874641,94434500
2011-03-18,48.44224,48.44224,47.731659,47.76675,94887200
2011-03-21,48.49488,48.933509,47.810619,48.687878,57423000
2011-03-22,48.758043,48.784359,48.494862,48.600136,36162100
2011-03-23,48.424681,49.012443,48.091322,48.872082,60365100
2011-03-24,49.24054,49.845848,48.968589,49.740578,69502400
2011-03-25,49.898498,50.196767,49.766908,49.863407,74131100
2011-03-28,50.082716,50.091487,49.565133,49.59145,37824000
2011-03-29,49.4774,50.073936,49.328264,50.073936,47994800
2011-03-30,50.319577,50.380985,50.073945,50.310802,44935900
2011-03-31,50.223067,50.424836,50.135342,50.380974,50004300
2011-04-01,50.635384,50.793291,50.258163,50.407295,68031800
2011-04-04,50.547667,50.600303,50.021313,50.240627,48659100
2011-04-05,50.144111,50.433608,50.00375,50.10902,55349400
2011-04-06,50.495019,50.644151,49.942345,50.231838,49532100
2011-04-07,50.214289,50.530099,49.837067,50.196743,60697000
2011-04-08,50.424835,50.503788,49.696711,49.959888,42782200
2011-04-11,50.152889,50.258162,49.617764,49.793213,42451700
2011-04-12,49.565125,49.687941,49.258086,49.45108,50422800
2011-04-13,49.819544,50.003767,49.477413,49.872177,49979800
2011-04-14,49.530041,49.854629,49.328272,49.784447,53544100
2011-04-15,49.591443,49.889711,49.372128,49.696716,68530000
2011-04-18,49.196681,49.363359,48.529963,49.345814,69065000
2011-04-19,49.477398,49.652847,49.214218,49.652847,38608400
2011-04-20,50.530111,50.828379,50.468703,50.775745,67397500
2011-04-21,51.267012,51.293332,51.02138,51.179287,43666800
2011-04-25,51.223147,51.337192,51.126648,51.310875,25376800
2011-04-26,51.44245,51.784581,51.328406,51.600357,49400000
2011-04-27,51.696854,52.012667,51.459994,51.95126,56465500
2011-04-28,51.793365,51.960043,51.653004,51.872318,48100000
2011-04-29,51.775835,52.012696,51.740744,51.828472,44831200
2011-05-02,51.907402,52.056537,51.600363,51.731953,48149400
2011-05-03,51.705643,51.75828,51.170518,51.486328,38100000
2011-05-04,51.512634,51.64422,50.977505,51.40736,53097200
2011-05-05,51.152964,51.731955,50.951195,51.126644,72200000
2011-05-06,51.635465,51.933734,51.152974,51.293335,72507000
2011-05-09,51.381058,51.688097,51.179289,51.486328,40022000
2011-05-10,51.635471,52.003918,51.565289,51.924965,38053600
2011-05-11,51.846005,52.030232,51.196836,51.547737,61900000
2011-05-12,51.389828,51.924953,51.09156,51.854774,66100000
2011-05-13,51.731954,51.819679,51.223143,51.240688,63506600
2011-05-16,51.003837,51.161744,50.240623,50.354668,73115300
2011-05-17,50.091469,50.503781,49.986199,50.49501,63136000
2011-05-18,50.424845,51.003836,50.363437,50.916111,42351100
2011-05-19,51.074006,51.179276,50.749418,51.065231,35015800
2011-05-20,51.012604,51.065238,50.609063,50.679245,44703300
2011-05-23,49.986196,50.135332,49.696703,49.933559,43700000
2011-05-24,50.056403,50.065174,49.617774,49.626545,39314800
2011-05-25,49.565121,50.056387,49.538804,49.819527,41369000
2011-05-26,49.6704,50.266937,49.661629,50.126575,40564100
2011-05-27,50.214296,50.433611,50.17043,50.380974,30127200
2011-05-31,50.854704,51.196835,50.591524,51.196835,47590100
2011-06-01,51.074029,51.196845,50.038863,50.082726,51795000
2011-06-02,50.179198,50.363422,49.907247,50.187969,50198100
2011-06-03,49.608981,49.994977,49.36335,49.433529,57773700
2011-06-06,49.319496,49.591444,49.003682,49.029999,50175600
2011-06-07,49.161583,49.354578,48.907177,48.942268,46311100
2011-06-08,48.836993,48.924721,48.451001,48.591362,46426400
2011-06-09,48.608925,48.915965,48.451018,48.679108,45307500
2011-06-10,48.451001,48.5475,47.889556,47.933418,53740600
2011-06-13,47.959735,48.187824,47.76674,47.933418,37736800
2011-06-14,48.301888,48.661564,48.275568,48.54752,40565300
2011-06-15,48.082571,48.38084,47.529897,47.626396,59022400
2011-06-16,47.652702,47.810609,47.03862,47.442162,66316200
2011-06-17,47.8299,48.005742,47.152895,47.293571,70337000
2011-06-20,47.161674,47.680418,47.161674,47.539742,37402900
2011-06-21,47.706804,48.612409,47.504582,48.559654,55892800
2011-06-22,48.357429,48.638781,48.199168,48.207962,36833300
2011-06-23,47.689217,48.68274,47.530956,48.656364,80743300
2011-06-24,48.427768,48.471729,47.715594,47.812309,56298300
2011-06-27,47.865066,48.823422,47.759559,48.57724,49968900
2011-06-28,48.682744,49.306997,48.612407,49.298203,47028800
2011-06-29,49.41251,49.597146,49.148743,49.500431,65407300
2011-06-30,49.676274,50.195017,49.649898,50.159847,50347200
2011-07-01,50.186237,50.986332,50.045557,50.915993,53203900
2011-07-05,50.968738,51.223711,50.845647,51.170959,43128800
2011-07-06,51.109427,51.425949,50.942372,51.338024,49282700
2011-07-07,51.724878,52.190867,51.645748,52.041397,54799800
2011-07-08,51.592991,51.909513,51.32043,51.900719,69519500
2011-07-11,51.355587,51.619354,50.784088,50.959934,52080800
2011-07-12,50.951176,51.056683,50.520354,50.573109,84000700
2011-07-13,50.942361,51.294052,50.599463,50.7841,82378100
2011-07-14,50.915976,51.153368,50.00158,50.195011,98774200
2011-07-15,50.757737,50.863243,50.388463,50.863243,68281500
2011-07-18,50.581885,50.810486,50.098311,50.590679,59512200
2011-07-19,51.074252,51.786426,51.074252,51.742462,73904600
2011-07-20,52.032597,52.041388,51.434723,51.522644,57085500
2011-07-21,51.575412,52.155702,51.29406,51.865559,70148800
2011-07-22,51.839174,52.489803,51.804004,52.401878,43620400
2011-07-25,51.988644,52.586518,51.891928,52.296371,48916100
2011-07-26,52.261194,52.604095,52.155688,52.428249,40918900
2011-07-27,52.085361,52.129321,50.942364,51.074249,83969500
2011-07-28,51.100625,51.812799,50.898403,51.16217,61031900
2011-07-29,50.748943,51.531453,50.502757,50.995125,82860500
2011-08-01,51.610575,51.716081,50.142266,50.757725,85421100
2011-08-02,50.520346,50.748947,49.421313,49.474068,90853300
2011-08-03,49.535607,50.01039,48.665172,49.948845,103612300
2011-08-04,49.236663,49.315794,47.627678,47.627678,132830000
2011-08-05,48.111258,48.383816,46.001113,47.328747,214111800
2011-08-08,45.878031,46.704502,44.480061,44.480061,204804500
2011-08-09,45.148258,46.669323,43.899759,46.625359,193707100
2011-08-10,45.570288,46.634151,44.664683,44.717438,205917900
2011-08-11,45.359264,47.205637,45.139457,46.686893,143825300
2011-08-12,46.97706,47.390297,46.493486,47.100151,90483300
2011-08-15,47.29358,47.794739,47.064979,47.794739,73554300
2011-08-16,47.32874,47.785935,46.757242,47.390285,89219200
2011-08-17,47.451842,47.847491,46.616576,47.108944,84416600
2011-08-18,45.834061,45.842852,44.383336,44.796574,130019400
2011-08-19,44.330576,45.429609,43.952512,43.987679,96674600
2011-08-22,45.042762,45.051556,44.014068,44.14595,77107700
2011-08-23,44.444882,45.965942,44.260245,45.965942,75688400
2011-08-24,45.834059,46.414348,45.464782,46.326424,80197700
2011-08-25,46.300038,46.511053,45.412021,45.570282,93623700
2011-08-26,45.420824,46.871548,44.97242,46.713287,91573300
2011-08-29,47.179272,48.067289,47.161687,48.014538,45985800
2011-08-30,47.838702,48.621213,47.574935,48.33107,61617900
2011-08-31,48.621203,49.008065,48.005744,48.410191,60900400
2011-09-01,48.533274,48.920132,47.882645,47.97057,57158400
2011-09-02,47.108951,48.014553,46.590207,46.845181,58185700
2011-09-06,45.754944,46.924314,45.640644,46.853977,52992200
2011-09-07,47.522173,48.049711,47.390291,48.040916,48952200
2011-09-08,47.794738,48.506909,47.662853,47.821114,61422800
2011-09-09,47.487,47.689225,46.467098,46.757244,63663500
2011-09-12,46.238497,47.390284,46.220912,47.355114,65973000
2011-09-13,47.530965,48.084875,47.302364,47.988163,59020000
2011-09-14,48.23436,49.219093,47.759577,48.673973,90757300
2011-09-15,49.201478,49.48283,48.70032,49.394909,83536100
2011-09-16,49.504149,49.900536,49.407255,49.847683,91902100
2011-09-19,49.231093,50.129567,48.825899,49.865311,73042900
2011-09-20,50.120748,50.517131,49.530572,49.645084,66570100
2011-09-21,49.900534,50.147172,48.773035,48.781845,79938000
2011-09-22,47.539846,47.971464,46.465199,47.196312,151885500
2011-09-23,46.799917,47.900988,46.764682,47.698391,85940600
2011-09-26,47.936233,48.341429,46.870397,48.253342,96261400
2011-09-27,49.072526,49.504147,48.429501,48.755417,81148600
2011-09-28,48.96684,49.301567,47.918622,48.033131,76757100
2011-09-29,48.764251,48.825911,46.659003,47.460583,116900200
2011-09-30,46.82634,47.222726,46.20974,46.236168,104870100
2011-10-03,45.822171,46.55328,45.020592,45.047016,99149500
2011-10-04,44.58896,46.059992,44.130914,45.971905,137013700
2011-10-05,45.857399,47.284386,45.505055,47.152256,108825700
2011-10-06,47.090598,47.953837,46.870384,47.94503,71939200
2011-10-07,47.918599,48.14762,47.319616,47.627914,72525200
2011-10-10,48.438316,49.275127,48.350228,49.275127,48230200
2011-10-11,49.142999,49.733171,49.063722,49.609852,66449100
2011-10-12,50.085508,50.411424,49.821252,49.856483,85627600
2011-10-13,49.759611,50.376208,49.706758,50.314548,63443700
2011-10-14,50.931148,51.257064,50.658081,51.248257,65643600
2011-10-17,51.010412,51.168966,50.182408,50.455471,65161300
2011-10-18,50.376195,51.345139,49.909342,51.080883,91434600
2011-10-19,50.799003,50.957558,49.926957,50.094318,67639400
2011-10-20,50.085515,50.138364,49.142998,49.847683,80378300
2011-10-21,50.376196,50.7902,50.015045,50.473091,60455800
2011-10-24,50.65807,51.66225,50.481901,51.521313,61449500
2011-10-25,51.353934,51.371551,50.40261,50.508312,65299200
2011-10-26,50.790208,50.89591,49.512965,50.446674,98193800
2011-10-27,51.653449,52.14673,51.116126,51.838428,104455500
2011-10-28,51.547732,51.97935,51.530115,51.91769,42950000
2011-10-31,51.468465,51.653444,51.010419,51.045654,60520200
2011-11-01,49.786035,51.010426,49.433691,49.715565,99933000
2011-11-02,50.235246,50.349758,49.662691,50.138351,65003800
2011-11-03,50.534759,51.248254,49.953393,51.177784,78994200
2011-11-04,50.931135,51.133731,50.402622,50.913517,61527800
2011-11-07,50.878287,51.309909,50.358582,51.274673,65559000
2011-11-08,51.644642,51.952941,51.063277,51.864857,62906900
2011-11-09,50.860682,50.939959,49.88293,50.041485,69539000
2011-11-10,50.534758,50.578801,49.530582,50.015053,66052400
2011-11-11,50.446681,51.107324,50.385022,50.957577,54471000
2011-11-14,50.816633,51.098507,50.455482,50.640465,44617600
2011-11-15,50.490713,51.406805,50.437861,51.204208,52203900
2011-11-16,50.834241,51.230627,50.261686,50.358578,68342800
2011-11-17,50.226441,50.244058,48.869921,49.178223,101706900
2011-11-18,49.187049,49.239901,48.711385,48.799473,60417000
2011-11-21,48.138824,48.209291,47.372476,47.865757,52283700
2011-11-22,47.74243,48.16524,47.451745,48.024303,51940100
2011-11-23,47.663171,47.71602,46.91444,46.940868,48437300
2011-11-25,46.738266,47.275586,46.570901,46.579712,25448100
2011-11-28,47.716008,48.262141,47.689583,48.200481,46710700
2011-11-29,48.174049,48.5352,47.760049,47.900986,52056700
2011-11-30,49.204663,49.715559,49.037298,49.671516,66918600
2011-12-01,49.662712,50.147183,49.636284,50.015053,45362200
2011-12-02,50.508318,50.508318,49.830058,49.8741,36938900
2011-12-05,50.622847,50.754973,50.138373,50.42025,40492200
2011-12-06,50.464287,50.605224,50.111943,50.279308,38670000
2011-12-07,50.138368,50.50833,49.63628,50.279308,44576200
2011-12-08,49.953387,50.340966,49.336787,49.433681,51692600
2011-12-09,49.55701,50.376207,49.539396,50.226463,55757900
2011-12-12,49.69794,50.217646,49.239897,49.662708,55411700
2011-12-13,49.988627,50.191224,48.91398,49.116577,68557700
2011-12-14,48.931593,48.966828,48.077164,48.350227,63682800
2011-12-15,48.764236,48.817085,48.147635,48.218105,58732900
2011-12-16,48.475199,49.128957,48.386855,48.466366,60978900
2011-12-19,48.651876,48.766726,47.856765,47.989285,46733900
2011-12-20,48.766726,49.473489,48.74022,49.411648,81758800
2011-12-21,49.120105,49.155444,48.139473,48.704884,78552300
2011-12-22,48.810902,49.146616,48.740224,49.12011,40334100
2011-12-23,49.217278,49.544159,49.102431,49.544159,26594600
2011-12-27,49.507913,49.888127,49.454858,49.72897,21443500
2011-12-28,49.667079,49.746659,49.021593,49.154228,38180100
2011-12-29,49.2338,49.543278,49.074639,49.507912,28077900
2011-12-30,49.401803,49.622859,49.357592,49.366436,21832400
2012-01-03,50.321402,50.568985,50.179926,50.312561,39514100
2012-01-04,50.232968,50.595501,50.011911,50.524761,29403400
2012-01-05,50.418663,50.984568,50.224132,50.940357,41260600
2012-01-06,50.949197,51.23215,50.75467,51.117203,46325200
2012-01-09,51.249849,51.267534,50.781209,50.949211,39195500
2012-01-10,51.488597,51.638917,50.966902,51.320595,35949900
2012-01-11,51.311727,51.541628,51.117199,51.426678,37144100
2012-01-12,51.541629,51.70079,51.161411,51.630051,26188300
2012-01-13,51.355956,51.462063,51.002264,51.444378,35980400
2012-01-17,51.895328,52.13407,51.718486,51.913013,41790800
2012-01-18,52.010284,52.602718,51.886493,52.602718,48692700
2012-01-19,52.841442,53.027132,52.74418,52.929867,47774500
2012-01-20,52.699968,52.876814,52.664601,52.850288,41041700
2012-01-23,52.859125,53.239343,52.558488,52.86797,40958300
2012-01-24,52.629245,52.912198,52.531979,52.770721,38440200
2012-01-25,53.283563,53.566519,52.903348,53.433884,61591800
2012-01-26,53.663796,53.761061,52.991784,53.248211,37852700
2012-01-27,53.133244,53.504618,53.106719,53.407356,45532300
2012-01-30,52.956404,53.531153,52.753032,53.451572,42797800
2012-01-31,53.716832,53.814097,53.177452,53.522301,51449600
2012-02-01,53.831787,54.150109,53.637255,53.955578,46146700
2012-02-02,54.132429,54.300431,53.911372,54.123585,46373600
2012-02-03,54.627602,54.92824,54.539181,54.866344,36453800
2012-02-06,54.662959,54.839806,54.521483,54.822121,28541300
2012-02-07,54.777908,55.043175,54.530322,54.937069,37935700
2012-02-08,54.945918,55.22887,54.742546,55.22887,41171100
2012-02-09,55.441083,55.688666,55.105075,55.62677,46856400
2012-02-10,55.228869,55.38803,55.043182,55.237713,58090500
2012-02-13,55.653307,55.821312,55.396883,55.750572,36810200
2012-02-14,55.626765,55.900877,55.432234,55.892033,51648200
2012-02-15,56.157302,56.466784,55.414551,55.502975,105709100
2012-02-16,55.520669,56.325316,55.379192,56.26342,83642300
2012-02-17,56.272265,56.316476,55.838996,56.086578,76112300
2012-02-21,56.148458,56.493306,55.892031,56.245724,38141300
2012-02-22,56.139628,56.30763,55.909727,55.989307,43174700
2012-02-23,56.060034,56.422568,55.785923,56.360672,54250000
2012-02-24,56.519833,56.652468,56.413726,56.555202,41364900
2012-02-27,56.245734,56.820483,55.998151,56.634796,42678500
2012-02-28,56.687846,57.209538,56.617106,57.209538,43717500
2012-02-29,57.253763,57.43945,56.767435,56.953129,59784400
2012-03-01,57.165314,57.457111,56.997309,57.404053,67558900
2012-03-02,57.324478,57.545535,57.174161,57.359848,33358200
2012-03-05,57.32449,57.395229,56.581738,56.767422,45788800
2012-03-06,56.210369,56.343005,55.909731,56.210369,54638600
2012-03-07,56.475629,56.776267,56.387207,56.643631,42741800
2012-03-08,56.979641,57.421755,56.85585,57.25375,43711100
2012-03-09,57.35102,57.598602,57.31565,57.492493,43117200
2012-03-12,57.474802,57.572068,57.227219,57.519016,32687300
2012-03-13,57.828499,58.588936,57.713545,58.588936,61559100
2012-03-14,58.650847,59.013377,58.42979,58.79232,59926900
2012-03-15,58.969164,59.084111,58.668523,58.96032,65531200
2012-03-16,59.051524,59.051524,58.77695,58.918663,53023100
2012-03-19,59.016098,59.476681,58.856667,59.334961,60966200
2012-03-20,59.024968,59.503262,58.865536,59.441261,47290600
2012-03-21,59.450104,59.777819,59.370385,59.450104,39648100
2012-03-22,59.095831,59.467835,59.060401,59.326122,56953900
2012-03-23,59.396971,59.414689,58.954106,59.290688,45541700
2012-03-26,59.689278,60.327003,59.636136,60.327003,40855300
2012-03-27,60.371272,60.663557,60.344694,60.415554,37278200
2012-03-28,60.450973,60.681264,59.822106,60.176399,44421900
2012-03-29,59.875257,60.16755,59.520965,59.946117,53975300
2012-03-30,60.211857,60.247281,59.591843,59.830994,39480900
2012-04-02,59.768977,60.530697,59.662687,60.450985,40031600
2012-04-03,60.504126,60.716706,60.096692,60.433273,45539900
2012-04-04,59.98157,60.017,59.264132,59.609566,54088100
2012-04-05,59.50325,60.034686,59.458961,59.981544,42979900
2012-04-09,59.237524,59.768966,59.131241,59.529816,36908200
2012-04-10,59.503248,59.73354,58.387229,58.573231,69254200
2012-04-11,59.086981,59.246412,58.706117,58.856689,62950000
2012-04-12,58.971809,59.591816,58.883238,59.529816,57407400
2012-04-13,59.326134,59.520989,58.599837,58.626408,55227500
2012-04-16,58.918677,58.954107,57.784945,57.970947,57588000
2012-04-17,58.218942,59.334955,58.130363,59.148952,47362400
2012-04-18,58.980657,59.343809,58.821232,58.998375,42536100
2012-04-19,58.785819,59.494397,58.121522,58.334095,81110900
2012-04-20,58.652946,58.909808,58.086081,58.174652,59906900
2012-04-23,57.625508,57.731798,57.120643,57.643227,70514400
2012-04-24,57.536951,57.776101,57.085227,57.333237,49661500
2012-04-25,58.520115,58.892119,58.431543,58.856689,57526900
2012-04-26,58.847839,59.334986,58.76812,59.202126,41799500
2012-04-27,59.450129,59.742414,59.140118,59.556412,46003800
2012-04-30,59.37929,59.494432,59.086997,59.131287,37787700
2012-05-01,59.069252,59.901832,58.980674,59.228683,37643800
2012-05-02,58.936416,59.441281,58.794696,59.396992,38299300
2012-05-03,59.432382,59.476671,58.617513,58.768085,51297600
2012-05-04,58.227815,58.76811,57.297803,57.306656,107554000
2012-05-07,56.961205,57.634361,56.943493,57.359787,50267800
2012-05-08,56.996648,57.342082,56.226065,57.147221,72659700
2012-05-09,56.48292,57.288933,56.252628,56.97007,85715300
2012-05-10,57.226931,57.244643,56.642351,56.854927,49448900
2012-05-11,56.660071,57.448369,56.606926,56.846073,47099900
2012-05-14,56.358914,56.757493,56.226054,56.314629,46360000
2012-05-15,56.465217,56.925793,56.031209,56.128639,66908600
2012-05-16,56.32349,56.491777,55.632622,55.747765,52825900
2012-05-17,55.765469,55.854044,54.560877,54.569736,62253900
2012-05-18,54.738038,54.879754,53.816879,53.861168,79496500
2012-05-21,53.967452,55.420046,53.896592,55.366901,61473000
2012-05-22,55.526333,55.756625,54.906326,55.304901,62954800
2012-05-23,54.835465,55.544047,54.357171,55.41119,56951100
2012-05-24,55.490907,55.544048,54.640605,55.048042,83131200
2012-05-25,55.10119,55.19862,54.817757,54.977188,32078900
2012-05-29,55.490908,55.933773,55.163186,55.67691,44216700
2012-05-30,55.172051,55.402339,54.631756,55.207481,56431800
2012-05-31,55.136618,55.278334,54.552037,54.96833,55260100
2012-06-01,53.976313,54.312891,53.489163,53.506878,71430800
2012-06-04,53.657463,53.994038,53.179169,53.914322,74119500
2012-06-05,53.728308,54.242032,53.701737,54.135742,47916900
2012-06-06,54.543175,55.420045,54.49003,55.375759,58781800
2012-06-07,55.960352,55.960352,55.110053,55.154339,38414800
2012-06-08,55.065754,55.756624,54.879751,55.685764,39730800
2012-06-11,56.110918,56.137493,54.711469,54.746899,51008900
2012-06-12,55.003752,55.437761,54.631748,55.41119,48802600
2012-06-13,55.251751,55.668042,54.844314,55.030319,50840100
2012-06-14,55.021459,55.455468,54.738026,55.234035,65170600
2012-06-15,55.387639,56.000198,55.361007,55.9203,41536100
2012-06-18,55.68946,56.586103,55.600684,56.444061,32191200
2012-06-19,56.72817,57.269707,56.683779,57.030006,36476500
2012-06-20,57.154271,57.322948,56.648249,57.074375,51389700
2012-06-21,57.029988,57.092131,55.59181,55.653954,42492700
2012-06-22,55.840392,56.310906,55.68947,56.239883,29504200
2012-06-25,55.778235,55.795987,54.997001,55.156799,33136400
2012-06-26,55.343235,55.662831,55.094662,55.503033,30611100
2012-06-27,55.716103,56.088966,55.65396,55.840393,35705800
2012-06-28,55.42313,55.458641,54.63302,55.218945,49793400
2012-06-29,56.284278,56.958981,56.1156,56.958981,44761300
2012-07-02,57.038868,57.154275,56.701517,57.127644,33425600
2012-07-03,57.163162,57.607044,57.074387,57.607044,15895100
2012-07-05,57.55378,57.92664,57.243064,57.642555,37016200
2012-07-06,57.376202,57.429472,56.506196,56.923447,40684100
2012-07-09,56.86132,57.04775,56.532844,56.816929,35628300
2012-07-10,57.127654,57.269699,56.035703,56.257645,47365700
2012-07-11,56.186623,56.337541,55.485288,55.946926,43432000
2012-07-12,55.50304,55.653959,54.917116,55.423141,57680400
2012-07-13,55.574063,56.390808,55.538555,56.266521,32357200
2012-07-16,56.142224,56.390797,55.884771,56.106712,27621400
2012-07-17,56.461836,56.586126,55.600706,56.399693,42467800
2012-07-18,56.29315,57.331836,56.275394,57.163158,44489700
2012-07-19,57.562644,57.979894,57.456117,57.793465,53017800
2012-07-20,57.775732,57.793485,57.003375,57.030006,40573100
2012-07-23,55.920277,56.532834,55.494148,56.337524,48657800
2012-07-24,56.435187,56.515086,55.529667,55.89365,57269700
2012-07-25,55.458654,55.884781,55.17457,55.520798,46264400
2012-07-26,56.319788,56.57724,55.902541,56.257645,41928200
2012-07-27,56.666003,57.695807,56.497326,57.589279,42621000
2012-07-30,57.731333,57.979906,57.349594,57.544903,37821300
2012-07-31,57.63368,57.864501,57.473883,57.527153,34588300
2012-08-01,57.935519,57.953272,57.12765,57.358471,30920200
2012-08-02,56.923456,57.722439,56.737023,57.15427,40534900
2012-08-03,58.07756,58.485931,57.873378,58.237358,42117400
2012-08-06,58.539197,58.938689,58.414911,58.681236,23523600
2012-08-07,58.929817,59.409211,58.841042,59.169518,28223300
2012-08-08,59.018566,59.267139,58.920912,59.142853,20723500
2012-08-09,59.133978,59.40031,59.027444,59.320408,20726200
2012-08-10,59.107357,59.373683,58.956439,59.35593,20312000
2012-08-13,59.338196,59.506873,59.036359,59.497993,19890300
2012-08-14,59.719934,59.844227,59.355954,59.524632,24218700
2012-08-15,59.480232,59.764316,59.471352,59.675541,29100400
2012-08-16,59.897476,60.518908,59.826453,60.385742,35699900
2012-08-17,60.518903,60.660949,60.376864,60.652069,22584800
2012-08-20,60.607667,60.749713,60.367974,60.740833,26924000
2012-08-21,60.900659,61.149232,60.261467,60.501167,41391000
2012-08-22,60.367983,60.865128,60.199305,60.749722,44555700
2012-08-23,60.474508,60.669811,60.092769,60.252567,28800400
2012-08-24,60.110537,60.767481,60.012883,60.625443,38384800
2012-08-27,60.882897,60.962792,60.589933,60.723099,20671400
2012-08-28,60.669828,60.891769,60.465646,60.723099,27337900
2012-08-29,60.723099,60.874017,60.465646,60.723099,26672400
2012-08-30,60.45677,60.483402,60.012888,60.110542,24425400
2012-08-31,60.54553,60.767471,59.897465,60.510025,42128000
2012-09-04,60.394608,60.678693,59.853072,60.447872,32017200
2012-09-05,60.421254,60.678706,60.225944,60.385742,26129300
2012-09-06,60.758582,61.744001,60.740823,61.726242,43100000
2012-09-07,61.584248,61.744046,61.459962,61.637512,32958600
2012-09-10,61.477682,61.610848,60.802979,60.84737,25490000
2012-09-11,60.856256,61.095949,60.652067,60.749722,29810100
2012-09-12,60.971664,61.087071,60.554413,60.927273,42203400
2012-09-13,60.980548,62.019231,60.918405,61.752899,45417800
2012-09-14,61.974831,62.525248,61.957079,62.303307,38880300
2012-09-17,62.338836,62.356588,62.108015,62.329956,31798400
2012-09-18,62.170132,62.409833,62.161253,62.383194,27169800
2012-09-19,62.374355,62.65844,62.196798,62.498642,36484600
2012-09-20,62.196781,62.498625,62.028111,62.436481,42520200
2012-09-21,62.748061,62.801477,62.391941,62.454262,23678500
2012-09-24,61.9379,62.196087,61.804354,62.089249,32341600
2012-09-25,62.249518,62.391969,61.19007,61.216778,41299600
2012-09-26,61.136664,61.172277,60.406621,60.718224,32770400
2012-09-27,60.869574,61.69755,60.762736,61.555099,25339500
2012-09-28,61.350327,61.537288,60.994207,61.047623,30112600
2012-10-01,61.341427,61.724255,60.762733,60.958599,37715300
2012-10-02,61.225694,61.412662,60.655904,61.136665,33254300
2012-10-03,61.305781,61.644091,61.065397,61.528355,38236000
2012-10-04,61.626333,61.911228,61.430467,61.742069,26128600
2012-10-05,62.053663,62.142698,61.252401,61.412655,25207900
2012-10-08,61.056517,61.181158,60.709302,60.851746,30911500
2012-10-09,60.691522,60.842871,59.738905,59.881355,67974000
2012-10-10,59.863527,60.032685,59.471801,59.578632,45134300
2012-10-11,60.023776,60.068294,59.356054,59.391666,30469400
2012-10-12,59.382763,59.70327,59.249224,59.36496,24891200
2012-10-15,59.587535,59.881335,59.231416,59.801205,22220100
2012-10-16,59.890223,60.718199,59.87242,60.64698,33960600
2012-10-17,60.335385,60.807248,60.255262,60.611382,33439400
2012-10-18,60.415519,60.611386,59.685476,59.908051,61707600
2012-10-19,59.836803,59.890219,58.403426,58.474651,75362600
2012-10-22,58.447958,58.928718,58.314412,58.777363,38621500
2012-10-23,58.296614,58.715048,58.038427,58.216484,52591200
2012-10-24,58.545884,58.643817,57.922672,58.011707,39872400
2012-10-25,58.412338,58.510271,57.842549,58.011707,52688700
2012-10-26,58.011722,58.421258,57.557669,58.180874,54213100
2012-10-31,58.109651,58.216489,57.628897,57.824757,38524500
2012-11-01,58.189765,58.759554,58.020606,58.643818,26945000
2012-11-02,58.910907,58.94652,57.967195,58.020611,44083000
2012-11-05,58.029516,58.519181,57.904875,58.403439,28094700
2012-11-06,58.501376,58.910911,58.278802,58.510281,29608400
2012-11-07,57.887064,57.95829,56.889937,57.130314,70737800
2012-11-08,57.290561,57.424107,56.23111,56.23111,58585800
2012-11-09,56.266736,57.076906,56.231124,56.471504,51542100
2012-11-12,56.800907,56.863227,56.311244,56.462593,32663700
2012-11-13,56.026351,56.605045,55.892806,56.070866,43288300
2012-11-14,56.346847,56.409168,55.323005,55.412037,82655300
2012-11-15,55.447664,55.634629,55.020322,55.22509,55124200
2012-11-16,55.269599,55.625715,54.58407,55.465462,70873100
2012-11-19,56.070856,56.82761,56.05305,56.783092,55306400
2012-11-20,56.765302,56.881042,56.257833,56.800915,52012700
2012-11-21,56.863211,56.996753,56.62283,56.91663,19611700
2012-11-23,57.237143,57.798027,57.20153,57.780224,16462900
2012-11-26,57.637782,58.065127,57.459725,58.029514,26430900
2012-11-27,58.020606,58.225377,57.735712,57.833645,25828600
2012-11-28,57.557668,58.37674,57.201548,58.332222,37295800
2012-11-29,58.643823,58.8842,58.385636,58.679436,41136100
2012-11-30,58.688355,58.732873,58.412365,58.581524,33497400
2012-12-03,59.035552,59.088975,58.439055,58.465763,28240000
2012-12-04,58.492489,58.554809,58.04734,58.430168,49584500
2012-12-05,58.341108,58.350013,57.468622,57.780224,54076200
2012-12-06,57.602158,58.296595,57.45081,58.154144,47512300
2012-12-07,58.439048,58.501368,57.611072,57.806938,30089400
2012-12-10,57.646693,58.278802,57.646693,57.976105,33219600
2012-12-11,58.376725,59.062251,58.332208,58.732845,40750800
2012-12-12,59.044447,59.044447,58.44795,58.608204,45917700
2012-12-13,58.492467,58.90201,57.89597,58.145252,45467700
2012-12-14,57.753523,57.940484,57.397403,57.593269,39630300
2012-12-17,57.646696,58.376739,57.566573,58.358936,42302900
2012-12-18,58.652729,59.338262,58.492476,59.249233,55596000
2012-12-19,59.418389,59.436199,58.955438,58.991051,34832500
2012-12-20,59.097882,59.124597,58.697251,58.991051,40754300
2012-12-21,58.084128,58.442231,57.833458,58.370609,51152900
2012-12-24,58.218427,58.316906,58.119949,58.254238,11418300
2012-12-26,58.298991,58.352704,57.555928,57.743931,21751300
2012-12-27,57.797652,57.869274,56.938209,57.654415,52933200
2012-12-28,57.215738,57.681271,57.072497,57.099354,33082100
2012-12-31,57.036681,58.415374,56.920301,58.307941,57544000
2013-01-02,59.740361,60.187989,59.516547,60.161125,70695900
2013-01-03,60.161116,60.286451,59.66873,59.847778,47366500
2013-01-04,59.874666,59.874666,59.507615,59.650852,33972500
2013-01-07,59.498654,59.767233,59.310651,59.668755,26766200
2013-01-08,59.659774,59.820921,59.239004,59.552341,28734900
2013-01-09,59.641875,59.937304,59.579207,59.776157,25600300
2013-01-10,60.18799,60.223794,59.579216,60.13427,37528000
2013-01-11,60.107437,60.241727,59.982102,60.21487,21158600
2013-01-14,59.910448,60.116359,59.686634,59.946259,36768500
2013-01-15,59.650852,59.740383,59.38228,59.650852,31675300
2013-01-16,59.731417,60.098468,59.623984,59.892563,33822300
2013-01-17,60.134277,60.411811,60.035799,60.179043,32024200
2013-01-18,59.999992,60.107425,59.776179,60.044758,31992000
2013-01-22,60.107412,60.187988,59.740361,60.143223,32123100
2013-01-23,60.483435,60.689347,60.393911,60.510292,31975700
2013-01-24,59.677689,60.232742,59.588158,59.677689,42596300
2013-01-25,59.865705,60.152187,59.749318,59.982086,39240100
2013-01-28,59.991025,60.322264,59.919403,60.11636,32926100
2013-01-29,60.044752,60.259611,59.650837,60.125328,35554700
2013-01-30,60.232761,60.411816,59.86571,59.999992,34445000
2013-01-31,59.973118,60.295411,59.811972,59.865692,34870500
2013-02-01,60.286453,60.680367,60.044737,60.572941,53120800
2013-02-04,60.223805,60.393906,59.498651,59.51656,48483700
2013-02-05,59.77617,60.581901,59.632933,60.393898,35120300
2013-02-06,60.196945,60.474479,60.017897,60.196945,43593200
2013-02-07,60.268577,60.313343,59.588181,60.250675,46017900
2013-02-08,60.55504,60.993713,60.546085,60.868378,39837200
2013-02-11,60.904182,60.931039,60.680368,60.88628,17650400
2013-02-12,60.80571,60.922098,60.572949,60.635616,22057900
2013-02-13,60.81466,61.08324,60.671416,60.850471,23494700
2013-02-14,60.572928,60.922077,60.537117,60.832546,24478800
2013-02-15,60.823619,60.975811,60.483418,60.653519,25333600
2013-02-19,60.769897,61.110099,60.751995,61.09219,23436500
2013-02-20,61.074268,61.101124,60.143202,60.152157,38200300
2013-02-21,59.928389,59.991057,59.292759,59.507618,45855600
2013-02-22,59.847805,60.116384,59.615036,60.10743,21968000
2013-02-25,60.492372,60.707232,59.310636,59.364349,40927600
2013-02-26,59.444917,59.695587,59.051002,59.588154,42088800
2013-02-27,59.588172,60.564003,59.507602,60.196945,36339500
2013-02-28,60.205891,60.644564,60.062647,60.071602,28557300
2013-03-01,59.86571,60.429718,59.570274,60.322285,31617200
2013-03-04,60.125314,60.599798,60.044737,60.590843,19380500
2013-03-05,60.948989,61.566711,60.948989,61.486141,35581900
2013-03-06,61.674087,61.691996,61.253316,61.333893,29071100
2013-03-07,61.405552,61.593561,61.280217,61.495083,21775900
2013-03-08,61.700963,61.790487,61.324957,61.566673,26159900
2013-03-11,61.486095,61.763622,61.298093,61.74572,23187900
2013-03-12,61.566686,61.70993,61.226491,61.521927,27575400
2013-03-13,61.602495,61.674117,61.22649,61.441349,34297300
2013-03-14,61.656228,61.781564,61.512984,61.647274,31530800
2013-03-15,61.691209,61.727103,61.323302,61.475853,30752600
2013-03-18,60.910524,61.592494,60.77593,61.341244,36163000
2013-03-19,61.529697,61.646347,60.677239,61.224609,33125100
2013-03-20,61.655331,61.789931,61.368186,61.655331,28035400
2013-03-21,61.089991,61.242535,60.811815,60.955391,30050800
2013-03-22,61.206675,61.592526,61.134887,61.547657,28837200
2013-03-25,61.745075,61.879675,61.027217,61.32333,24909800
2013-03-26,61.556624,61.673281,61.422024,61.655331,19725200
2013-03-27,61.233576,61.780946,61.143845,61.736084,22539500
2013-03-28,61.736094,61.969394,61.592518,61.888638,23662800
2013-04-01,61.933518,61.996331,61.296417,61.466911,28112800
2013-04-02,61.76302,62.157839,61.709176,61.951458,29431900
2013-04-03,61.987312,62.077043,61.233554,61.386105,35131200
2013-04-04,61.359195,61.556608,61.072051,61.404064,32287400
2013-04-05,60.434962,60.982332,60.291394,60.892601,55610800
2013-04-08,60.919544,61.233607,60.740082,61.215664,17891600
2013-04-09,61.377183,61.879684,61.099007,61.628433,30931400
2013-04-10,61.843771,62.96543,61.807877,62.83083,55271300
2013-04-11,62.678292,62.947493,62.606504,62.803917,37233600
2013-04-12,62.651378,62.803922,62.283478,62.75906,32783700
2013-04-15,62.525742,62.624448,61.448952,61.520733,48795800
2013-04-16,61.870667,62.409068,61.745041,62.33728,27682600
2013-04-17,61.798906,61.81685,60.758004,61.116936,60204800
2013-04-18,61.278465,61.314359,60.013231,60.273457,56798200
2013-04-19,60.390105,61.22462,60.300367,61.098988,43062800
2013-04-22,61.314342,61.951444,61.090011,61.727112,34412100
2013-04-23,62.077049,62.543656,61.754011,62.319324,53078300
2013-04-24,62.166813,62.51677,62.023245,62.292439,44500700
2013-04-25,62.453972,62.857773,62.444996,62.624466,26437100
2013-04-26,62.471894,62.606487,62.157824,62.427025,24079800
2013-04-29,62.624437,63.243594,62.597518,63.001312,31664000
2013-04-30,63.082074,63.467925,62.848768,63.45895,30135800
2013-05-01,63.476909,63.575615,63.03722,63.162846,28537200
2013-05-02,63.270518,64.096057,63.216673,63.961456,31744200
2013-05-03,64.580617,64.912624,64.52678,64.715218,34061700
2013-05-06,64.831868,65.065175,64.778031,64.966469,19244300
2013-05-07,65.074111,65.11898,64.68826,64.930542,25838100
2013-05-08,64.89468,65.298474,64.786998,65.244637,24252100
2013-05-09,65.11899,65.594572,65.029259,65.154884,29337200
2013-05-10,65.289503,65.576647,65.172846,65.549728,20663700
2013-05-13,65.442048,65.792005,65.379235,65.630486,29730100
2013-05-14,65.648427,66.168871,65.621502,65.971458,36009800
2013-05-15,65.845846,66.168884,65.684327,66.106071,27214400
2013-05-16,66.159919,66.491925,65.998399,66.034286,27253400
2013-05-17,66.375237,66.698275,66.15988,66.671356,31114500
2013-05-20,66.545782,66.788057,66.3035,66.572701,25132400
2013-05-21,66.536773,66.886729,66.303466,66.644447,25900000
2013-05-22,66.725223,67.254642,65.720214,66.061203,59843200
2013-05-23,65.477948,66.132993,65.352323,65.908661,48222100
2013-05-24,65.468963,65.890708,65.289501,65.872765,26430300
2013-05-28,66.644479,66.886761,66.097116,66.303497,27057100
2013-05-29,66.043255,66.222725,65.612542,65.989418,32090300
2013-05-30,66.016333,66.653434,65.998389,66.339371,32390500
2013-05-31,66.088134,66.590635,65.657414,65.729202,38347600
2013-06-03,65.738173,65.863798,64.99339,65.845848,47613100
2013-06-04,65.980427,66.240652,65.235644,65.504845,35251900
2013-06-05,65.289514,65.540764,64.598568,64.652412,48654200
2013-06-06,64.742137,64.975444,64.131955,64.966469,62524100
2013-06-07,65.235632,65.926577,65.074113,65.85479,31969800
2013-06-10,65.980428,66.186816,65.738153,65.881721,25390000
2013-06-11,65.226707,65.809965,65.002376,65.226707,40278900
2013-06-12,65.603541,65.63046,64.374202,64.472908,42081900
2013-06-13,64.383203,65.433074,64.20374,65.289505,28221500
2013-06-14,65.289484,65.361265,64.760058,64.858765,27690700
2013-06-17,65.370236,65.863768,65.145904,65.486893,32441900
2013-06-18,65.576666,66.150955,65.558716,66.02533,24853100
2013-06-19,66.043256,66.115044,65.217717,65.289505,43145100
2013-06-20,64.535781,64.751144,63.521803,63.73716,60908400
2013-06-21,63.713734,63.884768,62.867576,63.398678,51558900
2013-06-24,62.876593,63.254661,62.24648,62.768578,41492300
2013-06-25,63.371687,63.479703,62.840586,63.227657,28897400
2013-06-26,63.767732,63.911762,63.54269,63.794743,23742300
2013-06-27,64.12777,64.469837,64.028751,64.064758,23545000
2013-06-28,63.86677,64.532898,63.722747,64.154823,28301100
2013-07-01,64.58688,65.081974,64.487861,64.550873,24942800
2013-07-02,64.523858,64.973941,64.226802,64.577866,23067900
2013-07-03,64.343841,65.144988,64.289827,64.838928,18847500
2013-07-05,65.208007,65.361034,64.68591,65.33403,28795900
2013-07-08,65.67609,65.703094,65.153993,65.397041,20558500
2013-07-09,65.703076,65.937121,65.397023,65.793091,26108600
2013-07-10,65.730087,66.270192,65.694086,66.171173,25598900
2013-07-11,66.882326,67.539443,66.837315,67.485435,47768900
2013-07-12,67.530426,67.827482,67.350396,67.782478,31412600
2013-07-15,67.854505,67.980528,67.665471,67.935524,19783600
2013-07-16,67.989512,68.04352,67.674456,67.84549,31747100
2013-07-17,68.052533,68.178555,67.827491,68.016525,24631500
2013-07-18,68.00752,68.178546,67.737467,67.84549,36278800
2013-07-19,67.260367,67.278367,66.94531,67.143341,37732400
2013-07-22,67.395392,67.494411,67.134343,67.341377,21135900
2013-07-23,67.467423,67.476427,66.792299,66.846313,24739500
2013-07-24,67.503411,67.530415,66.909306,67.062332,24426900
2013-07-25,67.377413,67.566447,67.026349,67.485435,23162200
2013-07-26,67.215369,67.854486,67.107354,67.84549,20885600
2013-07-29,67.710448,67.998501,67.539415,67.719452,20958400
2013-07-30,67.962495,68.367566,67.827468,68.079514,24104600
2013-07-31,68.214562,68.601634,68.079536,68.205559,25007600
2013-08-01,68.67364,68.9977,68.601625,68.898682,16880000
2013-08-02,68.907683,69.303752,68.75465,69.285751,18105300
2013-08-05,69.249753,69.384779,69.114727,69.330765,15462800
2013-08-06,69.240724,69.303736,68.637615,68.916664,23675400
2013-08-07,68.718665,68.925706,68.295593,68.79068,20281200
2013-08-08,69.168714,69.294743,68.682631,69.132713,19994000
2013-08-09,69.015683,69.258732,68.655615,68.853653,18558500
2013-08-12,68.592607,69.141709,68.58361,69.015686,20515900
2013-08-13,69.105737,69.55582,68.61065,69.402794,23917000
2013-08-14,69.375776,69.474795,69.042712,69.141731,29921000
2013-08-15,68.367588,68.403595,67.773482,67.971519,39406600
2013-08-16,67.980512,68.295575,67.827485,67.944511,23825000
2013-08-19,67.953522,68.529628,67.809499,67.827499,29586900
2013-08-20,67.953509,68.439599,67.899501,68.124542,18842800
2013-08-21,67.908495,68.493597,67.638442,67.890488,30705100
2013-08-22,68.187524,68.601599,68.151516,68.556595,17269500
2013-08-23,69.04269,69.105701,68.772644,69.015686,20697300
2013-08-26,69.069734,69.564822,68.907704,69.051727,27525500
2013-08-27,68.232579,68.574639,67.476436,67.638466,40068900
2013-08-28,67.557475,68.187589,67.557475,67.899536,20490400
2013-08-29,67.8815,68.718647,67.782481,68.376587,27287900
2013-08-30,68.448618,68.448618,67.692475,67.935524,26228500
2013-09-03,68.493575,68.808638,67.998488,68.322548,27241500
2013-09-04,68.55664,69.168746,68.349599,69.051727,27142900
2013-09-05,69.096724,69.366769,69.06972,69.168732,17809700
2013-09-06,69.402782,69.61882,68.457612,69.249756,27715100
2013-09-09,69.546797,70.17691,69.519793,70.059891,25161900
2013-09-10,70.464981,70.500989,70.140921,70.40197,27619400
2013-09-11,69.93385,70.311918,69.843828,70.266907,28132900
2013-09-12,70.284935,70.437962,70.077894,70.221924,18332700
2013-09-13,70.293911,70.338922,69.888839,70.266907,16932500
2013-09-16,70.861058,70.861058,69.915881,70.077911,25704300
2013-09-17,70.230926,70.636005,70.194926,70.54599,27174300
2013-09-18,70.654,71.536165,70.509977,71.392136,31714700
2013-09-19,71.617164,71.73419,71.437134,71.563156,26435700
2013-09-20,71.732892,71.814154,71.281458,71.317574,26328900
2013-09-23,71.615538,71.696799,70.83907,71.173134,30319400
2013-09-24,71.32662,71.552337,70.938386,71.173134,21871300
2013-09-25,71.227292,71.326609,70.784889,70.929344,22746400
2013-09-26,71.218277,71.651657,71.191192,71.48011,22421700
2013-09-27,71.064791,71.516225,70.956444,71.389824,25151600
2013-09-30,70.649472,71.407879,70.423755,71.218277,28031900
2013-10-01,71.227277,71.97666,71.191162,71.940544,33129700
2013-10-02,71.45301,72.012791,71.380779,71.913475,25503800
2013-10-03,71.823205,71.976691,70.694619,71.073822,42998200
2013-10-04,71.073809,71.787075,71.010608,71.687759,22852700
2013-10-07,71.05578,71.642647,71.028696,71.091896,20227100
2013-10-08,71.09187,71.155071,69.692428,69.719513,43660700
2013-10-09,69.882003,69.918119,68.933989,69.5028,64526700
2013-10-10,70.252212,71.137027,70.234158,70.97451,48062700
2013-10-11,70.793927,71.588449,70.784896,71.534279,25214100
2013-10-14,71.091872,72.039886,71.037702,72.039886,31471900
2013-10-15,71.985696,72.328784,71.669687,71.759979,38684000
2013-10-16,72.094044,72.608679,72.039874,72.572563,46735900
2013-10-17,72.247548,73.014992,72.184347,72.9879,32193500
2013-10-18,73.656027,74.197747,73.448364,74.170662,39628200
2013-10-21,74.342192,74.52277,74.09842,74.333168,31176900
2013-10-22,74.622083,74.8478,73.972017,74.441505,43944800
2013-10-23,74.080359,74.215784,73.628925,73.990067,38021300
2013-10-24,74.035253,74.468633,73.926906,74.31514,23155100
2013-10-25,75.010325,75.190896,74.48666,74.847809,35824500
2013-10-28,74.856836,74.983237,74.531803,74.86586,28618400
2013-10-29,75.118695,75.172872,74.667261,74.992294,36878100
2013-10-30,75.254078,75.380479,74.558872,74.920021,33535500
2013-10-31,74.730451,75.208977,74.468625,74.748512,31309900
2013-11-01,75.001288,75.091574,74.396368,74.766541,30867800
2013-11-04,74.992241,75.001271,74.613038,74.87487,16834000
2013-11-05,74.585989,75.136739,74.369302,74.956161,27975600
2013-11-06,75.272128,75.299213,74.694293,74.938065,25576800
2013-11-07,74.947113,75.055453,73.466409,73.52961,52173200
2013-11-08,73.800491,74.540843,73.592835,74.522789,31470500
2013-11-11,74.414419,74.613051,74.161617,74.405396,24822900
2013-11-12,74.179701,74.631136,74.143586,74.522789,20108500
2013-11-13,74.03524,75.43469,74.03524,75.425659,31345900
2013-11-14,75.227005,75.714555,75.064489,75.660385,31101200
2013-11-15,75.678416,75.804817,75.488815,75.804817,20511300
2013-11-18,75.786789,75.940275,74.920036,75.064491,31679600
2013-11-19,75.019349,75.380498,74.721408,74.847809,25545300
2013-11-20,75.046446,75.326333,74.45055,74.667236,32177400
2013-11-21,74.983255,75.48886,74.920055,75.425659,28125000
2013-11-22,75.552053,75.859025,75.497883,75.83194,25361300
2013-11-25,76.10279,76.184045,75.822903,76.012505,21695100
2013-11-26,76.030556,76.599361,75.86804,76.40976,26621000
2013-11-27,76.563271,76.960529,76.500071,76.942474,21638100
2013-11-29,77.249446,77.502248,77.168191,77.402939,16708900
2013-12-02,77.493211,77.610581,77.059831,77.177208,26354600
2013-12-03,77.123007,77.321639,76.816035,77.113983,37147000
2013-12-04,76.788984,77.439043,76.545205,77.186241,37193200
2013-12-05,77.249415,77.339708,76.897297,77.086899,39829300
2013-12-06,77.737006,77.809238,77.276541,77.646721,36842900
2013-12-09,77.962708,78.125224,77.827276,77.962708,22590000
2013-12-10,77.836315,78.053002,77.75506,77.908546,26965900
2013-12-11,77.899496,78.007842,76.797995,76.906342,36830600
2013-12-12,76.933397,77.122998,76.65351,76.70768,33662600
2013-12-13,77.068856,77.104971,76.48199,76.608391,34072000
2013-12-16,76.987584,77.475134,76.933414,77.03273,24902500
2013-12-17,77.032728,77.222329,76.73478,76.879242,24454900
2013-12-18,76.969534,77.845318,75.886095,77.773087,68387200
2013-12-19,77.646667,77.655697,77.213287,77.556381,44964100
2013-12-20,77.703127,78.509232,77.648785,78.346199,40475400
2013-12-23,78.989259,79.17041,78.753765,79.17041,28181800
2013-12-24,79.188538,79.260999,79.043617,79.20665,13852500
2013-12-26,79.351587,79.532731,79.197613,79.46933,15241100
2013-12-27,79.568975,79.614265,79.170456,79.270081,15827400
2013-12-30,79.152336,79.261027,78.925902,79.152336,18983700
2013-12-31,79.297238,79.668587,79.27006,79.668587,24890500
2014-01-02,79.297245,79.324416,78.817198,79.043633,29177500
2014-01-03,79.043642,79.116102,78.454918,78.47303,35723700
2014-01-06,78.491136,78.581708,77.893346,78.183182,32073100
2014-01-07,78.545472,79.025512,78.400551,78.907768,25860600
2014-01-08,78.925883,79.297239,78.753791,79.079857,27197400
2014-01-09,79.369692,79.378751,78.545475,78.817192,23674700
2014-01-10,79.007407,79.161381,78.418677,79.070808,38008900
2014-01-13,78.962099,79.233823,77.603495,77.90239,48842300
2014-01-14,78.165067,79.451211,78.165067,79.38781,37178900
2014-01-15,79.731971,80.193898,79.650458,80.039925,39835600
2014-01-16,79.97655,80.166754,79.849747,80.049004,31630100
2014-01-17,79.804438,80.039931,79.405911,79.596115,36895800
2014-01-21,80.103364,80.239219,79.532745,80.202995,26412700
2014-01-22,80.411293,80.610556,80.1758,80.411293,29376900
2014-01-23,80.166758,80.175811,79.578028,80.139587,35011900
2014-01-24,79.750118,79.867862,78.536428,78.563599,63974600
2014-01-27,78.56358,78.699442,77.214035,77.802765,63519300
2014-01-28,77.440455,77.838981,77.268363,77.757462,44378800
2014-01-29,77.087227,77.657839,76.770221,76.924194,51939300
2014-01-30,77.86616,78.617923,77.78464,78.346199,65833600
2014-01-31,77.476725,78.509264,77.395205,78.137909,45187000
2014-02-03,77.992953,78.346189,76.14525,76.344513,65596900
2014-02-04,76.733998,77.214037,76.498504,76.90609,37675500
2014-02-05,76.652461,76.978527,75.846356,76.70681,41721800
2014-02-06,76.933264,77.784652,76.915146,77.68502,32308600
2014-02-07,78.119782,79.12515,77.893348,79.070808,38359400
2014-02-10,79.043635,79.559905,78.989293,79.523682,30205400
2014-02-11,79.695769,80.583394,79.605197,80.42942,38635500
2014-02-12,80.592433,80.764519,80.338821,80.583374,32507200
2014-02-13,79.994662,81.244577,79.976551,81.181175,40454500
2014-02-14,81.153989,81.525344,80.909443,81.344193,33212400
2014-02-18,81.480088,81.896726,81.280824,81.742752,29546600
2014-02-19,81.588761,81.778965,81.018142,81.181175,41749900
2014-02-20,81.235488,81.715527,80.891304,81.561554,41814800
2014-02-21,81.824237,81.941987,81.353257,81.452888,31192200
2014-02-24,81.643089,82.25899,81.552517,81.887642,31500400
2014-02-25,82.005396,82.168429,81.534409,81.797073,26771700
2014-02-26,82.014475,82.277133,81.398574,81.72464,42953700
2014-02-27,81.736424,82.336688,81.609096,82.254837,28742400
2014-02-28,82.236656,82.727785,81.436302,82.163895,48609800
2014-03-03,81.390825,81.772819,80.826942,81.554535,38885700
2014-03-04,82.445877,82.746012,82.364018,82.591393,33189000
2014-03-05,82.727785,82.964256,82.554978,82.818733,27203300
2014-03-06,83.009742,83.073407,82.445859,82.745995,24063900
2014-03-07,83.009726,83.091584,81.918333,82.3367,31167800
2014-03-10,82.29123,82.45494,81.881952,82.409462,18131700
2014-03-11,82.609557,82.818737,81.809196,82.054764,27484300
2014-03-12,81.681876,82.409476,81.381747,82.363998,27977200
2014-03-13,82.673208,82.700492,80.826932,81.199821,48542000
2014-03-14,80.936073,81.290776,80.608654,80.645035,38732300
2014-03-17,81.16343,81.772798,81.11796,81.354424,28467200
2014-03-18,81.454488,82.436746,81.427204,82.3367,31250200
2014-03-19,82.36398,82.454935,81.354438,81.891045,40869400
2014-03-20,81.636407,82.364,81.472697,82.118439,31634500
2014-03-21,82.588784,82.634366,80.975298,81.130264,62754000
2014-03-24,81.421967,81.485777,79.680861,80.419235,77735300
2014-03-25,80.838575,81.358173,80.009038,80.683609,41723300
2014-03-26,81.084686,81.267006,79.635284,79.644402,40930400
2014-03-27,79.535001,79.890515,78.760163,79.197716,64784500
2014-03-28,79.452981,80.227819,79.133924,79.352707,39895100
2014-03-31,79.972569,80.455703,79.872295,79.91787,33924300
2014-04-01,80.309828,81.37637,79.954314,81.321678,38683800
2014-04-02,81.66808,81.750125,81.166717,81.531349,34631600
2014-04-03,81.613397,81.750134,80.419234,80.88414,30319100
2014-04-04,81.421996,81.504042,78.523184,78.732849,131213200
2014-04-07,78.240584,78.969841,77.438393,77.985344,83995800
2014-04-08,78.076492,78.814866,77.803016,78.705475,51495700
2014-04-09,78.997194,80.1002,78.787529,80.054619,45685200
2014-04-10,80.109323,80.109323,77.356366,77.575142,73659600
2014-04-11,76.882327,77.885066,76.490356,76.672668,93657400
2014-04-14,77.347227,77.684513,76.563271,77.2743,46500700
2014-04-15,77.556918,77.976242,75.916077,77.529572,84631500
2014-04-16,78.20411,78.559624,77.566002,78.559624,46970900
2014-04-17,78.258823,78.969851,78.058275,78.577873,53719500
2014-04-21,78.760181,79.16127,78.39555,79.16127,25947900
2014-04-22,79.434731,79.990793,79.297993,79.790245,38593400
2014-04-23,79.790274,79.817621,79.042782,79.088364,34376700
2014-04-24,80.391899,80.410128,78.988071,79.844948,48926300
2014-04-25,79.370933,79.462089,78.377318,78.568748,44334000
2014-04-28,78.9425,79.407406,77.584253,78.823997,58623800
2014-04-29,79.061002,79.598829,78.678135,79.45298,36742700
2014-04-30,79.088376,79.744712,78.887828,79.662666,38689400
2014-05-01,79.790267,80.355446,79.589719,79.899658,37127200
2014-05-02,80.173093,80.318948,79.562339,79.753769,40074200
2014-05-05,79.279808,80.191385,79.088378,80.173149,27924400
2014-05-06,80.045487,80.091069,79.097447,79.133911,33698500
2014-05-07,79.298014,79.38006,77.967114,78.906036,67489100
2014-05-08,78.623441,79.790258,78.441129,78.833107,46556900
2014-05-09,78.787546,79.179525,78.25883,79.124832,35081500
2014-05-12,79.598838,80.455721,79.52591,80.428375,38951100
2014-05-13,80.501261,80.774736,80.328066,80.483032,30311900
2014-05-14,80.236946,80.537768,79.872321,80.063751,26483600
2014-05-15,80.045508,80.182246,78.924273,79.434753,59680300
2014-05-16,79.525873,79.999897,78.978929,79.954315,66804100
2014-05-19,79.717325,80.638019,79.580594,80.510399,32017000
2014-05-20,80.473967,80.765672,79.890559,80.218727,33716000
2014-05-21,80.364556,81.030002,80.318974,80.984421,36837700
2014-05-22,81.075577,81.567829,80.947957,81.339935,30617100
2014-05-23,81.421984,81.9507,81.239672,81.932465,22687300
2014-05-27,82.297087,82.971651,82.224159,82.953423,29725200
2014-05-28,82.926075,83.044578,82.634371,82.698181,30468100
2014-05-29,82.989894,83.236017,82.82581,83.226906,33036100
2014-05-30,83.24511,83.363613,82.79844,83.235992,29906400
2014-06-02,83.336274,83.354509,82.625245,83.153961,30409900
2014-06-03,82.880549,83.254299,82.771165,83.117561,21774500
2014-06-04,82.907854,83.56419,82.780234,83.427452,20118300
2014-06-05,83.500359,84.284315,83.217773,84.129349,35583100
2014-06-06,84.439309,84.612511,84.275225,84.612511,22680600
2014-06-09,84.630729,84.758356,84.320797,84.548691,23399500
2014-06-10,84.475751,84.740109,84.375477,84.694534,20626000
2014-06-11,84.402824,84.794802,84.320786,84.6763,22878200
2014-06-12,84.494015,84.585171,83.618902,83.910606,35275900
2014-06-13,84.275187,84.36635,83.792053,84.156685,39447100
2014-06-16,84.010861,84.47576,83.828541,84.229637,25212300
2014-06-17,84.16583,84.503109,84.029093,84.275215,19977900
2014-06-18,84.357274,84.867755,83.846794,84.749252,34514000
2014-06-19,84.876847,84.931539,84.311667,84.694534,38422200
2014-06-20,84.730185,84.885575,84.574802,84.794167,25897500
2014-06-23,84.785027,84.839866,84.556521,84.812447,20837900
2014-06-24,84.803287,85.525368,84.48338,84.730164,31945800
2014-06-25,84.538247,85.415711,84.529112,85.26947,32818600
2014-06-26,85.324282,85.333424,84.657047,85.31514,22563900
2014-06-27,85.205486,85.708196,85.178066,85.689919,22877800
2014-06-30,85.671649,86.046396,85.616803,85.836174,19751900
2014-07-01,86.137789,87.006117,86.101227,86.777611,31862500
2014-07-02,86.83245,87.051814,86.750191,86.923851,18777300
2014-07-03,87.207213,87.472275,86.969565,87.472275,15291700
2014-07-07,87.371717,87.481403,87.042674,87.207199,23266400
2014-07-08,87.042673,87.106654,85.799597,86.156067,40612400
2014-07-09,86.384567,86.896419,86.137776,86.795876,29919000
2014-07-10,85.680766,86.878145,85.580223,86.521675,44245300
2014-07-11,86.741054,87.079239,86.475985,87.079239,19566300
2014-07-14,87.472287,87.801337,87.326047,87.60025,19579000
2014-07-15,87.73732,87.865283,86.677054,87.298592,39467500
2014-07-16,87.929235,88.020643,87.554488,87.645889,22052600
2014-07-17,87.408276,87.719048,86.210905,86.485115,43111500
2014-07-18,86.932972,87.901837,86.832429,87.85614,36682200
2014-07-21,87.673359,87.89273,87.335174,87.746483,29750700
2014-07-22,88.157769,88.441121,88.066367,88.304016,25770400
2014-07-23,88.614794,88.971264,88.45027,88.870728,28947500
2014-07-24,89.026075,89.126619,88.642186,88.770149,24707200
2014-07-25,88.313173,88.541679,87.956703,88.422852,29898900
2014-07-28,88.514238,88.678763,87.764737,88.450256,25603400
2014-07-29,88.642218,88.843298,88.22176,88.294884,27022200
2014-07-30,88.788445,88.95297,88.29487,88.642204,35348500
2014-07-31,87.910981,88.057222,86.722745,86.850708,50047900
2014-08-01,86.667936,87.143226,85.954997,86.53083,60708000
2014-08-04,86.713653,87.463154,86.393738,87.124962,33230500
2014-08-05,86.77761,87.024394,86.055528,86.457695,50331100
2014-08-06,85.918394,86.932963,85.84527,86.393684,34431900
2014-08-07,86.795892,86.960417,85.817884,86.119514,33274700
2014-08-08,86.256618,86.841594,85.891006,86.741051,40236900
2014-08-11,87.079232,87.52711,87.015251,87.252899,28277500
2014-08-12,87.161485,87.44483,86.768453,87.216324,28152300
2014-08-13,87.572828,88.176088,87.527131,88.139526,27996500
2014-08-14,88.258335,88.614805,88.139514,88.596527,25006600
2014-08-15,89.108367,89.23633,88.185206,89.026108,55205500
2014-08-18,89.492283,89.793906,89.364313,89.711647,38938300
2014-08-19,89.921845,90.269179,89.867005,90.214333,21363400
2014-08-20,90.141216,90.397142,90.05895,90.214333,23435600
2014-08-21,90.260043,90.442845,90.122938,90.397148,19339500
2014-08-22,90.433705,90.717051,90.232618,90.534248,24692000
2014-08-25,90.96385,91.110098,90.634807,90.854172,24124700
2014-08-26,90.991284,91.046123,90.73535,90.94558,20100400
2014-08-27,90.972987,91.07353,90.7719,90.963844,15589100
2014-08-28,90.653068,90.972975,90.561666,90.863297,23563900
2014-08-29,91.064387,91.32032,90.735337,91.201492,17906300
2014-09-02,91.420849,91.493972,91.091806,91.466553,18326800
2014-09-03,91.713355,91.713355,90.762775,90.927299,25950700
2014-09-04,91.137481,91.603636,90.616487,90.844994,24663500
2014-09-05,90.98211,91.356857,90.515955,91.302017,30798200
2014-09-08,91.32943,91.704184,91.055227,91.475677,25571300
2014-09-09,91.484865,91.823057,90.54342,90.717087,36449200
2014-09-10,90.835873,91.503115,90.579947,91.466553,31080100
2014-09-11,91.073517,91.439129,90.707906,91.393425,28691900
2014-09-12,91.311189,91.338608,90.643947,90.927299,30444400
2014-09-15,91.027843,91.036985,89.775632,90.049835,32972200
2014-09-16,89.711614,91.009528,89.620212,90.835861,38166900
2014-09-17,90.817609,91.402585,90.424578,90.972992,37196500
2014-09-18,91.25632,91.667635,91.155783,91.658493,30196700
2014-09-19,92.041472,92.133091,91.235218,91.6017,46918000
2014-09-22,91.381815,91.390979,90.355675,90.749641,48658000
2014-09-23,90.383178,90.905412,90.319044,90.502281,33989600
2014-09-24,90.593875,91.51924,90.282371,91.473427,35959000
2014-09-25,91.180228,91.299338,89.512744,89.549393,68642500
2014-09-26,89.842616,90.667198,89.686863,90.502281,56106200
2014-09-29,89.604379,90.630519,89.558567,90.383148,33342700
2014-09-30,90.630494,90.978655,90.080776,90.511391,41834300
2014-10-01,90.254883,90.346502,88.7798,89.06382,58164900
2014-10-02,89.027171,89.338683,87.927734,89.06382,54501300
2014-10-03,89.58608,90.309879,89.274575,89.943398,41627800
2014-10-06,90.227389,90.447275,89.476105,89.750961,36038700
2014-10-07,89.329499,89.586033,88.468268,88.477432,45154000
2014-10-08,88.523294,90.483963,88.010217,90.199936,64931600
2014-10-09,90.0808,90.30985,88.605717,88.743149,62497100
2014-10-10,88.220893,88.715642,86.507597,86.525925,77579400
2014-10-13,86.370203,87.029868,85.096685,85.169983,80835900
2014-10-14,85.701357,86.27856,84.940909,85.179123,71814500
2014-10-15,83.896462,84.986743,82.677914,84.629425,108847800
2014-10-16,82.842826,84.821822,82.815341,84.098022,93165800
2014-10-17,85.206604,86.022021,84.711855,85.206604,69546700
2014-10-20,85.197444,86.553423,85.023371,86.480125,41479300
2014-10-21,87.552092,88.752319,87.332206,88.752319,53609800
2014-10-22,89.027161,89.146271,88.239228,88.294205,39178000
2014-10-23,89.182924,90.117453,89.027172,89.622704,48123800
2014-10-24,89.815098,90.419793,89.45778,90.355659,43157600
2014-10-27,90.181571,90.584701,89.805925,90.419785,29545700
2014-10-28,90.841242,91.803248,90.777109,91.784927,34495100
2014-10-29,91.482564,91.729942,90.795414,91.445915,40552800
2014-10-30,91.03364,91.858222,90.832075,91.638329,35935800
2014-10-31,93.159222,93.223356,92.600339,92.902687,54254100
2014-11-03,93.067635,93.424952,92.930203,93.177574,33481000
2014-11-04,92.884372,93.104265,92.23387,92.866051,22773300
2014-11-05,93.47991,93.47991,92.554546,92.875221,25818600
2014-11-06,92.866056,93.195889,92.462926,93.168404,24671900
2014-11-07,93.333315,93.369964,92.600353,93.085938,20931700
2014-11-10,93.131752,93.534875,92.884374,93.415771,20360000
2014-11-11,93.434098,93.708954,93.177556,93.708954,15454000
2014-11-12,93.333316,93.974653,93.333316,93.873871,22050300
2014-11-13,94.047935,94.625139,93.837206,94.276985,28027800
2014-11-14,94.249499,94.570168,93.937987,94.570168,19251300
2014-11-17,94.350289,94.561012,93.837213,94.286156,23361600
2014-11-18,94.368622,95.119906,94.359458,94.991638,26336800
2014-11-19,94.890837,94.890837,94.121233,94.561005,23760200
2014-11-20,94.157871,95.064914,94.08458,94.982452,22874000
2014-11-21,95.825369,95.916994,94.863363,95.16571,34049100
2014-11-24,95.422252,95.95365,95.33979,95.907837,17928300
2014-11-25,96.05439,96.338417,95.807019,96.05439,17526000
2014-11-26,96.146046,96.732414,96.045263,96.677437,18973800
2014-11-28,96.934003,97.34629,96.869869,97.126404,17360400
2014-12-01,96.860677,97.043914,95.669614,96.026932,35969500
2014-12-02,96.127732,96.585832,95.926166,96.411758,26031300
2014-12-03,96.558323,96.723239,95.981119,96.585808,32974300
2014-12-04,96.494196,96.915647,96.136878,96.540009,31008800
2014-12-05,96.695774,96.842363,96.338457,96.549179,25622200
2014-12-08,96.301794,96.723245,95.358109,95.862015,32685800
2014-12-09,94.744277,96.237681,94.40528,96.164383,46035100
2014-12-10,95.990308,96.228522,94.478583,94.652657,39330100
2014-12-11,94.927482,96.237649,94.909154,95.101562,47576000
2014-12-12,94.194536,95.275653,94.057112,94.066269,46889400
2014-12-15,94.551871,94.900031,92.829417,93.095116,52968400
2014-12-16,92.508736,93.883036,91.583372,91.6017,65348600
2014-12-17,91.665837,93.53488,91.546727,93.269188,79715300
2014-12-18,94.606819,95.523019,94.350284,95.513855,49840900
2014-12-19,95.61228,96.320379,95.373178,95.934143,51419900
2014-12-22,95.777791,96.200813,95.731808,96.173225,33869200
2014-12-23,96.522665,96.531863,95.722598,95.832954,30156900
2014-12-24,95.952512,96.283573,95.888139,95.915733,14291300
2014-12-26,96.191643,96.798592,96.164056,96.596275,13924300
2014-12-29,96.504302,96.78938,96.44912,96.577866,17073800
2014-12-30,96.30199,96.522696,95.805398,95.934143,18604000
2014-12-31,96.099667,96.476712,94.812206,94.95015,24367100
2015-01-02,95.41916,95.823786,94.20527,94.665077,31314600
2015-01-05,94.251247,94.361604,93.00977,93.276459,36521300
2015-01-06,93.414391,93.570724,91.611949,92.025772,66205500
2015-01-07,92.632728,93.432787,92.412015,93.212082,37577400
2015-01-08,94.002962,95.180067,93.901804,94.996147,40212600
2015-01-09,95.29041,95.317998,93.819022,94.370796,41410100
2015-01-12,94.554725,94.655883,93.147716,93.386818,34129800
2015-01-13,94.29721,95.290394,92.605116,93.3592,56162300
2015-01-14,92.421224,93.322449,92.02579,92.844246,51354200
2015-01-15,93.276469,93.423604,91.529201,91.639557,51005400
2015-01-16,91.519961,92.835009,91.372826,92.715462,35362200
2015-01-20,93.276451,93.690274,92.228091,93.45118,30964100
2015-01-21,93.175307,94.370808,92.844245,93.92939,40128800
2015-01-22,94.297234,95.768616,93.46958,95.667458,40887200
2015-01-23,95.658247,96.173236,95.382367,95.87896,34783000
2015-01-26,95.7686,95.943329,95.281206,95.7686,19960900
2015-01-27,94.260433,94.315608,92.972972,93.285645,45253200
2015-01-28,94.784621,94.885779,92.78906,92.807449,43591700
2015-01-29,92.733896,93.874222,91.924638,93.699493,46539700
2015-01-30,93.61668,94.333978,92.844201,92.972946,42927600
2015-02-02,93.184499,93.865011,91.731507,93.782249,43624700
2015-02-03,94.122499,94.747837,93.506359,94.683464,30750400
2015-02-04,94.297226,95.226038,94.085712,94.6007,34073200
2015-02-05,94.839782,95.483516,94.600688,95.419144,23605500
2015-02-06,95.566256,95.796159,94.499507,94.83976,34169300
2015-02-09,94.471951,94.986932,94.30642,94.536324,22604700
2015-02-10,95.060519,96.136466,94.913378,96.007721,23686500
2015-02-11,96.118053,96.57786,95.934133,96.357155,20303600
2015-02-12,96.982465,97.515843,96.83533,97.479057,22520300
2015-02-13,97.754945,98.3343,97.571018,98.31591,29030200
2015-02-17,98.315938,98.472271,98.067638,98.407898,17675300
2015-02-18,98.288355,98.601027,98.159609,98.545853,15149600
2015-02-19,98.481475,99.097622,98.453888,99.033249,19828100
2015-02-20,98.968862,99.750533,98.65619,99.695358,28336700
2015-02-23,99.640176,99.824103,99.419471,99.796509,17868000
2015-02-24,99.667755,99.989626,99.364288,99.870071,19745000
2015-02-25,99.722923,100.109159,99.401053,99.621765,19472300
2015-02-26,99.722946,100.182753,99.447059,100.127571,22255500
2015-02-27,100.090783,100.155162,99.529825,99.686157,27757600
2015-03-02,99.879302,100.624188,99.860906,100.587402,22988600
2015-03-03,100.283924,100.385082,99.483857,100.118393,20788900
2015-03-04,99.787329,99.934463,99.189578,99.732147,21007400
2015-03-05,99.989629,100.210335,99.493037,99.90686,15381000
2015-03-06,99.778133,99.971251,98.527457,98.775757,30990400
2015-03-09,98.978068,99.30913,98.573442,99.060837,26237100
2015-03-10,98.352717,98.380311,97.221596,97.221596,34234500
2015-03-11,97.368714,97.488268,96.623829,96.660614,25459700
2015-03-12,96.587082,97.405538,96.522709,97.295189,21473200
2015-03-13,97.203201,97.589444,96.265197,96.872139,42021100
2015-03-16,97.230783,98.159588,97.129625,98.122803,25674100
2015-03-17,97.856138,98.435492,97.626234,98.27916,19603800
2015-03-18,98.012426,99.695321,97.506636,99.244705,40622200
2015-03-19,99.345916,99.667779,99.198781,99.391899,31314000
2015-03-20,100.210363,100.532967,100.016801,100.035233,31761400
2015-03-23,99.979928,100.256442,99.804797,99.841667,17268500
2015-03-24,99.83247,100.293335,99.463784,99.482216,22445300
2015-03-25,99.638915,99.731087,97.168681,97.205551,41581400
2015-03-26,96.403634,97.426754,96.081031,96.873718,47846300
2015-03-27,96.855293,97.491281,96.707813,97.260849,33878400
2015-03-30,97.850752,98.459089,97.850752,98.376137,30570200
2015-03-31,98.099585,98.302367,97.306898,97.334549,30488100
2015-04-01,97.334568,97.353007,96.200846,96.827621,32970500
2015-04-02,96.919794,97.205528,96.578752,96.892143,19164200
2015-04-06,96.320698,97.952155,96.173218,97.68486,24451100
2015-04-07,97.629539,98.348487,97.518936,97.518936,19379400
2015-04-08,97.555819,98.431466,97.546607,98.293205,25866900
2015-04-09,98.247098,98.947614,97.915282,98.910744,23114700
2015-04-10,98.873866,99.325519,98.652653,99.316299,17164300
2015-04-13,99.390032,99.896979,98.956819,99.067429,17783500
2015-04-14,98.96605,99.251784,98.219445,98.7817,23755700
2015-04-15,99.039757,99.611232,98.919935,99.399231,21128600
2015-04-16,99.131968,99.436133,98.993707,99.261009,16195300
2015-04-17,98.31165,98.578945,97.28853,97.712524,46514000
2015-04-20,98.201009,99.35317,98.164139,99.17804,28945900
2015-04-21,99.749554,99.924685,99.482251,99.602074,22759800
2015-04-22,99.860103,100.311755,99.214895,100.145844,21429200
2015-04-23,99.804795,100.975395,99.786364,100.523743,29473200
2015-04-24,101.583767,102.0262,101.417856,101.887939,32508100
2015-04-27,102.265841,102.45941,101.408632,101.629852,31121300
2015-04-28,101.70357,101.897139,100.569847,101.427055,36849200
2015-04-29,100.864824,101.45473,100.238048,100.791084,34043900
2015-04-30,100.219604,100.62516,98.680311,99.205696,44080500
2015-05-01,99.592828,100.579078,99.574389,100.514557,32874300
2015-05-04,100.837166,101.307249,100.625165,100.680473,23507300
2015-05-05,100.284112,100.468455,98.99369,99.039772,47843300
2015-05-06,99.214905,99.500638,97.70327,98.357697,42687200
2015-05-07,98.330029,99.224108,98.256289,98.947586,29335800
2015-05-08,99.970746,100.394741,99.823273,100.182747,33023300
2015-05-11,100.247261,100.450042,99.721876,99.795609,19679300
2015-05-12,99.20571,99.850925,98.440681,99.343971,33665000
2015-05-13,99.777162,100.293328,99.39925,99.54673,20738400
2015-05-14,100.35783,101.085996,99.989144,101.003044,23904200
2015-05-15,101.261127,101.399388,100.754173,101.003044,23937400
2015-05-18,100.837143,101.648262,100.763403,101.44548,17631100
2015-05-19,101.556098,101.71279,101.168973,101.334885,14212900
2015-05-20,101.408642,102.007767,100.864825,101.399429,21131900
2015-05-21,101.224296,102.063073,101.076823,101.924812,16771800
2015-05-22,101.804956,102.192088,101.740436,101.823395,13543800
2015-05-26,101.602204,101.740457,100.247261,100.652817,25488400
2015-05-27,100.956997,102.38568,100.735784,102.27507,30572700
2015-05-28,102.081502,102.321154,101.731247,102.044632,17302400
2015-05-29,101.980104,102.118364,101.196635,101.436287,30383000
2015-06-01,101.980072,102.053812,100.947733,101.77729,24570200
2015-06-02,101.39941,101.952446,100.901676,101.454712,19449600
2015-06-03,101.915596,102.136809,101.510033,101.758904,20507200
2015-06-04,101.187385,101.8326,100.662,100.984604,31374600
2015-06-05,100.864817,101.104469,100.127431,100.744995,22641700
2015-06-08,100.698909,100.772649,99.519097,99.721878,24549200
2015-06-09,99.482214,99.915428,98.809349,99.555954,27554600
2015-06-10,99.896985,101.215058,99.786382,100.920105,30297900
2015-06-11,101.261143,101.528446,100.89245,101.067581,17593500
2015-06-12,100.53299,100.744991,100.099776,100.238037,27201800
2015-06-15,99.491439,99.896995,98.910745,99.740303,31238800
2015-06-16,99.638912,100.450038,99.592829,100.284126,16456900
2015-06-17,100.450013,100.883219,99.943059,100.560616,23296700
2015-06-18,100.929309,102.201293,100.874008,102.026169,43032400
2015-06-19,102.07609,102.15924,101.447872,101.521782,27877600
2015-06-22,102.270065,102.574937,102.039103,102.270065,19120900
2015-06-23,102.38091,102.445579,101.928226,102.353195,18127900
2015-06-24,102.233125,102.667328,101.798915,101.82663,15815900
2015-06-25,102.223886,102.32551,101.457089,101.623383,18326700
2015-06-26,101.604937,101.835899,100.570223,100.948997,32311700
2015-06-29,99.831137,100.385452,98.519273,98.565468,50874900
2015-06-30,99.304526,99.517015,98.61164,98.916512,34809900
2015-07-01,99.895782,100.09903,99.23985,99.701775,21293000
2015-07-02,99.988168,100.071311,99.42462,99.729485,20499400
2015-07-06,99.101257,100.071301,98.888776,99.498512,24311000
2015-07-07,99.609384,99.840346,97.770927,99.747963,44230800
2015-07-08,99.03662,99.156724,97.82638,98.011147,39691500
2015-07-09,99.313771,99.406154,97.946471,97.955711,28381000
2015-07-10,99.258332,99.82188,98.898031,99.452339,26415800
2015-07-13,100.311508,101.281545,100.302268,101.198402,25780700
2015-07-14,101.337,102.140745,101.281565,101.863594,21977200
2015-07-15,102.057622,102.371727,101.688081,101.974472,28631500
2015-07-16,102.815154,103.434131,102.611906,103.415657,29838900
2015-07-17,104.247131,104.940018,104.071604,104.940018,35926800
2015-07-20,105.161737,105.67909,104.838391,105.300316,26539000
2015-07-21,105.337251,105.503544,104.930762,105.235634,35468900
2015-07-22,103.628148,104.551997,103.628148,104.043884,35575000
2015-07-23,104.145522,104.487342,103.387966,103.655876,25698300
2015-07-24,104.210165,104.394932,102.482565,102.639618,30844700
2015-07-27,102.057598,102.501041,101.567959,101.78968,35994800
2015-07-28,102.242373,102.870591,101.429389,102.667343,33553500
2015-07-29,102.889051,103.277065,102.491795,103.055344,26714100
2015-07-30,102.815141,103.720509,102.196164,103.544983,25438100
2015-07-31,103.868339,103.923768,103.212407,103.424889,22081700
2015-08-03,103.443389,103.72978,102.417916,103.101562,25001800
2015-08-04,103.055351,103.240118,102.482562,102.907532,22132300
2015-08-05,103.48032,104.394928,103.360215,103.702042,28989900
2015-08-06,103.794438,103.933017,101.577199,102.039124,42125400
2015-08-07,101.789654,102.149955,101.069053,101.909752,30006800
2015-08-10,102.556499,103.295574,102.547259,103.073853,21500800
2015-08-11,102.528753,102.926008,101.189168,101.752716,36123300
2015-08-12,101.050588,102.307023,99.978927,102.103775,41889000
2015-08-13,102.205409,102.695055,101.715771,101.937492,22510500
2015-08-14,101.697273,102.24234,101.494025,102.094528,17924900
2015-08-17,101.845098,102.972195,101.586422,102.944481,21224900
2015-08-18,102.805907,102.889057,102.279314,102.417892,13984400
2015-08-19,102.103777,102.648852,101.152214,101.743477,42511400
2015-08-20,100.801163,101.124509,98.91651,98.925751,57747300
2015-08-21,97.530718,98.362184,94.602119,94.602119,97763400
2015-08-24,87.054289,94.722231,78.286957,90.962166,150829900
2015-08-25,94.297276,94.916253,90.546451,90.620354,75088300
2015-08-26,93.271799,95.36894,91.396386,95.184166,104103800
2015-08-27,96.560715,97.660098,95.415144,97.595428,69377700
2015-08-28,97.078048,97.927987,96.86556,97.576927,49919600
2015-08-31,97.031856,97.56769,96.126488,96.366684,39549400
2015-09-01,93.964679,95.424362,92.96692,93.354942,73155500
2015-09-02,95.045578,96.006381,93.955435,95.987907,43963600
2015-09-03,96.366686,97.022618,95.248829,95.516747,45131800
2015-09-04,94.204868,95.017853,93.853801,94.380402,49379600
2015-09-08,96.191153,97.16119,95.793897,97.041092,37343500
2015-09-09,98.186663,98.214378,95.701507,95.950951,47146700
2015-09-10,95.840122,97.632392,95.729265,96.994934,47686700
2015-09-11,96.551454,97.530731,96.274296,97.530731,29106100
2015-09-14,97.891024,97.909505,96.865551,97.235092,19718800
2015-09-15,97.46606,98.68554,97.10576,98.380669,30020200
2015-09-16,98.399155,99.027373,98.057329,98.934982,31329100
2015-09-17,98.83339,100.450126,98.519278,98.971962,56139800
2015-09-18,97.453135,98.721883,97.397565,97.564262,48384000
2015-09-21,98.101382,98.675564,96.990069,97.869858,35772600
2015-09-22,96.369633,96.703028,95.508362,96.406677,47359700
2015-09-23,96.665968,96.925281,95.980658,96.480751,21775100
2015-09-24,95.545392,96.490015,94.711904,96.128838,38284300
2015-09-25,97.15678,97.249388,94.721142,95.313843,44700000
2015-09-28,94.906357,94.971184,92.322548,92.600372,44077500
2015-09-29,92.831927,93.776549,91.452045,92.118835,49315500
2015-09-30,93.433879,94.341457,93.072702,94.239586,41411400
2015-10-01,94.406298,94.674867,93.156062,94.665604,39339100
2015-10-02,93.350549,96.323318,93.054198,96.323318,59370900
2015-10-05,97.036411,97.962507,96.823412,97.703201,32853500
2015-10-06,97.471652,97.795784,96.480729,97.240128,33051500
2015-10-07,97.851359,98.036576,96.582604,97.82357,37389300
2015-10-08,97.453156,98.379253,96.508533,98.212555,50188900
2015-10-09,98.25886,98.842305,97.990291,98.657082,23916200
2015-10-12,98.842279,99.083059,98.490358,98.897842,16162000
2015-10-13,98.332932,99.333118,98.166234,98.258842,26999600
2015-10-14,98.258852,98.749682,97.693933,98.101418,30902600
2015-10-15,98.462593,99.722085,98.33294,99.712822,38393800
2015-10-16,99.92582,100.185126,99.444246,100.129562,27091100
2015-10-19,99.999915,100.768569,99.777646,100.703743,23776300
2015-10-20,100.527808,100.740807,99.842492,100.18515,23404700
2015-10-21,100.694489,100.796353,99.536868,99.573906,30195200
2015-10-22,100.462964,101.685411,100.175869,101.602058,42778700
2015-10-23,104.334048,104.871179,103.787647,104.445175,53170900
2015-10-26,104.371109,104.713767,103.972887,104.510025,25918000
2015-10-27,104.232185,104.871187,104.204396,104.723015,31390500
2015-10-28,104.880453,105.593544,104.037701,105.593544,42221900
2015-10-29,105.111972,105.602802,105.000838,105.426842,24913300
2015-10-30,105.473141,105.649101,104.926747,104.954529,27199200
2015-11-02,105.232353,106.269584,105.010092,106.139931,22176900
2015-11-03,105.926923,106.890064,105.769488,106.510368,20418400
2015-11-04,106.862266,106.936355,106.075085,106.519608,28633000
2015-11-05,106.612255,106.871561,105.676895,106.232552,25004100
2015-11-06,106.028809,106.427031,105.352762,106.306641,29924900
2015-11-09,105.908459,106.047375,104.528577,105.176842,33479800
2015-11-10,104.621123,105.010082,104.306247,104.908211,35452100
2015-11-11,105.19532,105.704676,104.602619,104.77858,22748800
2015-11-12,104.352551,104.861907,103.68576,103.75985,31196900
2015-11-13,103.324593,103.435727,101.666879,101.722443,52836000
2015-11-16,101.620593,103.204218,101.389069,103.185692,33980600
2015-11-17,103.361638,103.991384,102.991198,103.250504,30579500
2015-11-18,103.66724,105.334209,103.565369,105.232338,32966500
2015-11-19,105.287939,105.788032,105.102715,105.306458,26188100
2015-11-20,105.806534,106.102884,105.704662,106.019539,22727600
2015-11-23,106.056579,106.445545,105.260143,105.713928,20696200
2015-11-24,105.028621,105.871366,104.50074,105.621323,26374400
2015-11-25,105.778755,105.908408,105.491667,105.713928,14159900
2015-11-27,105.945451,106.075104,105.500922,105.862099,8828000
2015-11-30,106.176989,106.176989,105.250893,105.593544,25041600
2015-12-01,106.019569,106.649315,105.889909,106.649315,28639400
2015-12-02,106.732633,107.195681,105.834318,105.991753,22395500
2015-12-03,106.278862,106.464079,103.574654,104.195145,42754300
2015-12-04,104.510013,106.806736,104.297015,106.630775,40037300
2015-12-07,106.704865,106.769691,105.639852,106.149208,25892100
2015-12-08,105.037879,106.501113,105.000834,106.158455,30792600
2015-12-09,105.695401,106.278846,103.908034,104.547043,48509200
2015-12-10,104.787824,105.723183,104.472948,105.019348,30154600
2015-12-11,103.806124,104.083956,102.537377,102.602203,56022200
2015-12-14,102.741178,103.426488,101.296463,103.38018,53098500
2015-12-15,104.334073,104.908249,103.88028,104.009933,48428000
2015-12-16,104.713744,105.732449,103.62095,105.556496,44944100
2015-12-17,106.019545,106.019545,104.000654,104.019173,45668800
2015-12-18,103.695903,103.928134,102.023842,102.023842,53746100
2015-12-21,102.989913,103.175695,102.228195,103.15712,26432800
2015-12-22,103.705194,103.983875,103.157132,103.835243,26540300
2015-12-23,104.374031,104.680578,104.188249,104.606262,25656900
2015-12-24,104.606252,104.875641,104.541227,104.587669,11468600
2015-12-28,104.336848,104.550504,103.584421,104.531921,19183600
2015-12-29,105.154332,106.408386,105.089307,106.176155,27725700
2015-12-30,106.083246,106.120404,105.20077,105.219345,19520100
2015-12-31,104.847777,105.042851,103.890979,103.909561,29886800
2016-01-04,101.670828,101.810169,100.435364,101.717278,50807600
2016-01-05,102.218897,102.348946,101.067033,101.540779,38795200
2016-01-06,99.77583,101.150635,99.77583,100.565414,41891100
2016-01-07,98.419608,99.664371,97.360634,97.416374,61386300
2016-01-08,98.122354,98.735448,96.515318,96.6175,69344000
2016-01-11,97.304896,97.59286,95.428471,96.914749,50024100
2016-01-12,97.843692,98.540385,96.682535,98.038765,46734200
2016-01-13,98.438204,98.679726,94.508847,94.657478,69870700
2016-01-14,95.029024,97.518543,93.514872,96.673218,78445700
2016-01-15,93.468425,94.694606,92.437318,93.672783,91443900
2016-01-19,94.945424,95.094056,92.781027,93.877159,56563800
2016-01-20,92.400165,94.592428,90.33795,93.589188,86675000
2016-01-21,93.988645,95.075486,92.725307,93.682098,61660100
2016-01-22,95.567804,96.431704,95.242681,96.394547,42229800
2016-01-25,96.05086,96.598923,94.880413,94.96402,38881500
2016-01-26,95.36347,96.227364,94.527436,95.818642,36143900
2016-01-27,95.261281,95.670003,93.031859,93.431297,54524700
2016-01-28,94.982598,95.019755,93.134038,94.750366,47641500
2016-01-29,94.722476,96.766108,94.69461,96.728951,54245100
2016-02-01,96.264484,97.351332,95.89292,96.989052,32750300
2016-02-02,96.54318,96.580338,94.601723,94.889694,44928100
2016-02-03,95.521357,95.521357,92.781024,94.434517,61572900
2016-02-04,94.183732,95.177682,93.301256,94.425255,49321600
2016-02-05,94.090856,94.128014,90.774592,91.146164,70749900
2016-02-08,89.446177,90.152162,88.099231,89.752724,91673100
2016-02-09,88.554419,90.830282,88.415079,89.474052,73778400
2016-02-10,90.505136,91.675583,89.752709,89.817734,59421700
2016-02-11,88.675182,90.402983,88.424375,89.687714,76839200
2016-02-12,90.700234,91.146121,89.854916,91.053223,49186500
2016-02-16,92.400186,93.106171,91.824249,93.106171,40565900
2016-02-17,93.784245,95.344839,93.542723,95.21479,41766500
2016-02-18,95.51208,95.530655,94.007218,94.127983,38991500
2016-02-19,93.672795,94.694618,93.468438,94.406647,28257900
2016-02-22,95.28914,96.032276,95.196249,95.939384,23979100
2016-02-23,95.382038,95.642136,94.295197,94.360222,29869700
2016-02-24,93.254802,95.382042,92.678866,95.261284,40739100
2016-02-25,95.456365,96.199501,94.601748,96.199501,29389300
2016-02-26,96.933314,96.951897,95.846474,96.078705,30925000
2016-02-29,95.9858,96.701069,95.21479,95.21479,27553900
2016-03-01,96.125189,98.271004,95.827933,98.271004,37699800
2016-03-02,98.150228,98.326719,97.546425,98.308144,29209800
2016-03-03,98.205944,98.233811,97.41636,98.122337,25474600
2016-03-04,98.233831,98.791185,97.509271,98.159515,31655400
2016-03-07,97.657892,98.224537,96.859016,97.55571,25861200
2016-03-08,96.886876,97.732194,96.580329,96.747536,28898500
2016-03-09,97.109844,97.388517,96.571065,97.369942,31047400
2016-03-10,97.778659,98.336013,95.967251,97.221306,44236100
2016-03-11,98.270982,98.921227,97.964435,98.921227,31454000
2016-03-14,98.549647,99.320656,98.52178,99.088425,25374900
2016-03-15,98.735446,99.162751,98.419608,99.051277,26524600
2016-03-16,98.809778,100.193875,98.781904,99.933777,31693100
2016-03-17,99.645782,100.110245,99.274218,99.878014,29623700
2016-03-18,100.118386,100.286089,99.503481,100.034538,37682300
2016-03-21,99.857517,100.519009,99.801618,100.425842,17288600
2016-03-22,99.85751,100.966212,99.838879,100.733292,18840300
2016-03-23,100.537649,100.612178,99.680498,99.904106,20912900
2016-03-24,99.419618,99.959994,99.251915,99.932045,19017300
2016-03-28,100.211558,100.230196,99.615283,99.792305,13892300
2016-03-29,99.605973,101.460016,99.438271,101.394798,29963900
2016-03-30,102.000392,102.522131,101.674298,101.888588,23807200
2016-03-31,101.81403,102.196023,101.58111,101.739494,21447200
2016-04-01,101.124608,102.857535,100.984855,102.820267,26389000
2016-04-04,102.820252,102.894788,102.186709,102.428947,17163000
2016-04-05,101.63702,102.019013,101.310933,101.441368,20107900
2016-04-06,101.543869,103.146361,101.543869,103.109093,25056000
2016-04-07,102.512802,102.699142,101.189817,101.627708,28567200
2016-04-08,102.261264,102.503496,101.199148,101.553185,22898000
2016-04-11,101.991061,102.503481,101.171177,101.180496,25772100
2016-04-12,101.255024,102.223972,100.640111,102.02832,28564100
2016-04-13,102.810934,103.491064,102.680499,103.33268,25356700
2016-04-14,103.351329,103.724003,102.484866,103.34201,17199700
2016-04-15,103.258168,103.47245,102.820277,103.081146,21353300
2016-04-18,102.783019,103.668113,102.717801,103.630852,17126100
2016-04-19,103.826502,103.826502,102.373075,102.997307,42481400
2016-04-20,102.997298,103.556305,102.643255,103.081146,18078300
2016-04-21,103.025229,103.46312,102.624606,103.090446,20216000
2016-04-22,101.748836,102.223995,100.733308,101.534554,39074000
2016-04-25,101.227097,101.543865,101.040757,101.534554,14351900
2016-04-26,101.74882,101.916523,100.733292,101.040741,19118300
2016-04-27,100.006586,100.463114,99.400999,100.230194,33059800
2016-04-28,100.341989,100.928953,98.823353,99.019005,29818200
2016-04-29,99.018992,99.223963,97.714638,98.497253,67502800
2016-05-02,98.748787,99.56867,98.338853,99.428917,24813800
2016-05-03,98.720874,99.168084,98.245715,98.506592,38569400
2016-05-04,97.910293,98.273654,97.630793,97.873032,27474500
2016-05-05,98.22707,98.44136,97.649425,97.845078,20788100
2016-05-06,97.360612,98.385459,97.267446,98.366829,30758500
2016-05-09,98.376136,99.102853,98.329556,98.646324,19289600
2016-05-10,99.000386,100.043864,98.823364,99.997284,21178900
2016-05-11,99.848218,100.146356,99.06561,99.093559,20966300
2016-05-12,99.326474,99.44759,97.956902,98.655663,29196300
2016-05-13,98.571812,99.177399,98.096653,98.292305,21059300
2016-05-16,98.441364,99.885465,98.348191,99.52211,18311900
2016-05-17,99.438244,99.727063,98.012767,98.273643,29932700
2016-05-18,98.050064,99.158766,97.863731,98.627708,27524400
2016-05-19,98.245715,98.487954,97.397889,98.11528,27334600
2016-05-20,98.506596,99.59666,98.45069,99.196037,29549600
2016-05-23,99.307829,99.661873,98.972431,99.065598,15729800
2016-05-24,99.61529,101.171195,99.587341,101.050079,29931300
2016-05-25,101.432085,102.084258,101.255063,101.776802,37951700
2016-05-26,101.879276,102.205363,101.637037,102.074928,21885900
2016-05-27,102.140117,102.615276,102.121486,102.605957,19870000
2016-05-31,102.745714,102.960004,102.279874,102.801613,24366100
2016-06-01,102.48488,103.043887,102.401032,102.810966,19571500
2016-06-02,102.605993,103.034565,102.046986,103.025253,15696600
2016-06-03,102.829551,102.876131,101.869915,102.540726,20269900
2016-06-06,102.727111,103.183633,102.55009,102.913445,12502400
2016-06-07,102.969348,103.071834,102.605993,102.65258,12184300
2016-06-08,102.829605,103.043888,102.447613,102.829605,14568700
2016-06-09,102.41033,102.773685,102.214678,102.661888,17571600
2016-06-10,101.730196,101.925848,101.143233,101.497276,32965000
2016-06-13,100.919625,101.487951,100.519002,100.649437,25154700
2016-06-14,100.379249,101.012792,99.913409,100.649437,24588500
2016-06-15,100.891676,101.03143,100.192916,100.360619,24605700
2016-06-16,99.866833,100.751927,99.223971,100.65876,32079900
2016-06-17,100.450434,100.59056,99.245364,99.478905,29208800
2016-06-20,100.637308,101.113725,100.030101,100.104836,20562800
2016-06-21,100.235587,100.627933,100.04875,100.422417,22804100
2016-06-22,100.478459,101.066985,100.095456,100.179527,22724200
2016-06-23,100.954892,101.62749,100.534522,101.608803,18714200
2016-06-24,97.993637,99.488296,97.208937,97.423798,68012700
2016-06-27,96.779185,96.779185,95.050986,95.490044,48222600
2016-06-28,96.545622,97.629253,96.498918,97.582542,28260600
2016-06-29,98.348567,99.51627,98.301863,99.310753,31356700
2016-06-30,99.478905,100.525169,99.142606,100.459778,36300800
2016-07-01,100.413074,101.3379,100.375707,100.964233,19902800
2016-07-05,100.431757,100.571883,99.805863,100.347679,21167900
2016-07-06,99.871269,101.216458,99.553651,101.169754,24579300
2016-07-07,101.263195,101.692909,100.992287,101.468712,19161700
2016-07-08,102.010487,103.094118,101.842337,103.038071,29457900
2016-07-11,103.38371,104.009597,103.374374,103.626595,20218500
2016-07-12,104.261829,104.429978,104.009601,104.149727,21906100
2016-07-13,104.392588,104.45798,103.88814,103.897484,21107800
2016-07-14,104.588796,104.803656,104.345912,104.607483,20871000
2016-07-15,104.85035,104.906404,104.205783,104.439323,17999300
2016-07-18,104.504728,105.317445,104.486041,105.130615,20713900
2016-07-19,104.766261,105.074536,104.560744,104.747574,18936700
2016-07-20,105.317426,106.167517,105.186644,105.971344,24997900
2016-07-21,106.046089,106.251606,105.438889,105.728477,18885400
2016-07-22,105.803188,106.288949,105.476233,106.167511,20003400
2016-07-25,106.083458,106.204904,105.821894,106.17688,12968100
2016-07-26,106.139511,106.68132,105.765845,106.298317,21223800
2016-07-27,107.195107,107.316545,106.5879,107.036301,27646100
2016-07-28,107.204464,107.531419,106.868165,107.409981,16939700
2016-07-29,107.652838,107.933089,107.307202,107.643501,22385300
2016-08-01,107.718244,108.484256,107.587461,108.213348,13990100
2016-08-02,108.054505,108.147919,106.699973,107.391251,21278400
2016-08-03,107.307196,107.75559,107.241805,107.746246,15011300
2016-08-04,107.708899,108.157293,107.456672,108.054535,12835300
2016-08-05,108.605685,109.33433,108.484239,109.091446,23196600
2016-08-08,109.147472,109.175503,108.624343,108.969986,12358200
2016-08-09,109.054057,109.567849,108.988666,109.222206,13276500
2016-08-10,109.287621,109.315645,108.652391,108.941986,14688400
2016-08-11,109.315659,109.642621,109.091462,109.409081,12969800
2016-08-12,109.222216,109.493124,109.100777,109.48378,19379000
2016-08-15,109.623919,110.203102,109.586552,109.950874,11777800
2016-08-16,109.745348,109.754685,109.324971,109.343658,14161400
2016-08-17,109.371684,109.5772,108.764477,109.539833,15980300
2016-08-18,109.437058,109.726646,109.250222,109.567841,10036300
2016-08-19,109.371684,109.78271,109.072752,109.539833,18743000
2016-08-22,109.381025,109.810746,109.175515,109.623909,14500600
2016-08-23,110.053639,110.240476,109.773395,109.820099,11997900
2016-08-24,109.745368,109.894831,108.745815,109.110138,17728700
2016-08-25,108.829882,109.268939,108.6991,108.93264,24266300
2016-08-26,108.970007,109.801411,108.437535,109.091446,23896000
2016-08-29,109.119475,109.530509,109.100795,109.240921,11184900
2016-08-30,109.063411,109.381022,108.512259,108.885918,19843300
2016-08-31,108.717787,108.885937,108.316097,108.773842,16169800
2016-09-01,108.811193,109.184852,108.27872,109.05407,20944700
2016-09-02,109.59591,109.820107,108.998047,109.409081,18088200
2016-09-06,109.595891,110.090996,109.353007,110.090996,18525200
2016-09-07,110.193747,110.343216,109.73601,110.15638,17546900
2016-09-08,109.829414,109.857438,109.222208,109.511803,20125300
2016-09-09,108.596343,108.839227,106.737362,106.756042,50813300
2016-09-12,106.158176,108.820536,106.148832,108.671074,39646000
2016-09-13,108.129268,108.44688,107.176426,107.699554,45863900
2016-09-14,107.811665,108.801875,107.783635,108.213348,28221800
2016-09-15,108.241342,110.062955,108.231999,109.894806,38521400
2016-09-16,109.776799,109.954737,109.299181,109.842354,27596500
2016-09-19,110.123311,110.460452,109.149355,109.364746,16222900
2016-09-20,109.758106,110.020333,109.383511,109.570808,18078600
2016-09-21,110.039061,110.806993,109.392872,110.647789,31546800
2016-09-22,111.293943,111.649818,111.181567,111.528069,22614400
2016-09-23,111.443808,111.443808,110.657149,110.816353,22213400
2016-09-26,110.188886,110.319996,109.729995,109.889198,16403900
2016-09-27,109.814302,111.031751,109.711286,110.975563,20238400
2016-09-28,111.116029,111.228404,110.591582,111.162849,14794300
2016-09-29,110.975555,111.181587,109.879849,110.35746,27207500
2016-09-30,110.647766,111.509346,110.535383,111.181572,25543200
2016-10-03,111.041096,111.162839,110.591572,111.022369,19216400
2016-10-04,111.350143,111.593636,110.432368,110.853798,21239700
2016-10-05,111.181576,111.603,111.134748,111.247131,14481300
2016-10-06,111.10666,111.425074,110.647775,111.190948,11987100
2016-10-07,111.293942,111.453153,110.404268,110.947441,19984200
2016-10-10,111.518732,111.893334,111.471904,111.649841,19687300
2016-10-11,111.556172,111.574899,109.570784,110.057762,27774400
2016-10-12,110.160776,110.338714,109.62697,109.964111,14267800
2016-10-13,109.21494,109.870489,108.578118,109.570808,22821000
2016-10-14,110.113991,110.554148,109.636372,109.701927,21313300
2016-10-17,109.608276,109.851769,109.261768,109.402245,14182700
2016-10-18,110.703965,110.891269,110.320002,110.37619,19276700
2016-10-19,110.291915,110.52604,110.170172,110.366837,13702900
2016-10-20,110.254437,110.479195,109.598881,110.235703,18132200
2016-10-21,110.320015,110.713344,109.954779,110.647789,15707800
2016-10-24,111.359505,112.052514,111.340771,111.977592,19143000
2016-10-25,112.043158,112.061892,111.453164,111.621735,20341800
2016-10-26,110.900628,111.471895,110.535392,110.863167,20463700
2016-10-27,111.340791,111.434439,110.198256,110.35746,19099800
2016-10-28,110.039046,110.610314,109.327302,109.664444,35369300
2016-10-31,110.067129,110.067129,109.505229,109.561417,18749400
2016-11-01,109.748737,109.767464,107.791443,108.737312,23498700
2016-11-02,108.662397,108.915257,107.594785,107.866371,26960100
2016-11-03,107.688421,108.044296,106.686363,106.808113,36205200
2016-11-04,106.545863,107.266973,106.246182,106.433487,26997500
2016-11-07,108.156674,109.07445,107.978743,108.962067,26591200
2016-11-08,108.849701,110.170166,108.596841,109.67382,20777900
2016-11-09,108.390811,110.357466,108.259702,110.179535,70234400
2016-11-10,110.713324,110.863161,106.94858,108.400162,72825400
2016-11-11,107.931897,108.681101,107.547927,108.446976,41115200
2016-11-14,108.475088,108.578103,106.78938,107.35128,35906000
2016-11-15,108.166072,109.214957,108.006868,108.840355,31796600
2016-11-16,108.325243,109.561426,108.325243,109.486511,16538100
2016-11-17,109.430319,110.301266,109.20556,110.282539,20598600
2016-11-18,110.413657,110.600954,109.767468,109.870483,16428700
2016-11-21,110.14206,111.116024,110.1046,111.013008,20268500
2016-11-22,111.453152,111.621722,111.078549,111.350136,18850600
2016-11-23,110.984908,111.106651,110.413641,110.90062,22926000
2016-11-25,111.031742,111.303329,110.900632,111.256508,7162800
2016-11-28,111.11603,111.518726,110.891271,111.003647,13479000
2016-11-29,111.106635,111.921395,110.788228,111.387589,18553000
2016-11-30,111.528083,111.565544,110.001586,110.039047,30405300
2016-12-01,110.001577,110.010944,107.969369,108.137939,39796600
2016-12-02,108.203526,108.784161,107.903846,108.353363,32876800
2016-12-05,108.915243,109.62698,108.418891,109.19619,21419700
2016-12-06,109.50524,109.645717,108.999528,109.458412,27293300
2016-12-07,109.233659,110.984921,108.905884,110.844444,26622400
2016-12-08,110.891278,111.322068,110.675879,111.041115,18578400
2016-12-09,111.453164,111.949509,111.443797,111.912048,21863100
2016-12-12,111.415724,111.640482,110.947473,111.406357,23259300
2016-12-13,111.743469,113.419809,111.743469,112.811081,54477900
2016-12-14,112.951591,113.316826,112.249214,112.576988,28746000
2016-12-15,112.726797,113.419806,112.45521,112.75489,22762300
2016-12-16,113.031966,113.257396,112.111483,112.336906,26283900
2016-12-19,112.449639,113.492231,112.289964,112.797165,21138700
2016-12-20,113.154097,113.435874,113.022599,113.22924,11461800
2016-12-21,113.276197,113.35134,112.891099,113.144699,7079300
2016-12-22,113.154092,113.182269,112.383889,112.825348,16645000
2016-12-23,112.63751,112.947472,112.53419,112.900505,9007500
2016-12-27,113.144711,114.140337,113.097751,113.482849,16110600
2016-12-28,113.727053,113.830373,112.524786,112.599922,17975200
2016-12-29,112.571736,112.834731,112.083318,112.440239,13267500
2016-12-30,112.656294,112.665682,110.965602,111.284958,41749000
2017-01-03,112.026986,112.703263,111.670066,112.280594,22307600
2017-01-04,112.402688,113.097754,112.3933,112.891113,19749100
2017-01-05,112.806572,113.604952,112.806572,113.529816,20644300
2017-01-06,113.651898,114.825988,113.360726,114.525421,24074300
2017-01-09,114.619377,115.107802,114.544233,114.901161,18909200
2017-01-10,114.948114,115.502288,114.685119,115.154755,16176600
2017-01-11,115.201734,115.464729,114.609988,115.464729,20686000
2017-01-12,115.051414,115.361375,114.215463,115.286232,19622500
2017-01-13,115.342602,115.877987,115.342602,115.68074,16930800
2017-01-17,115.380181,115.558645,114.995083,115.333221,14538500
2017-01-18,115.50226,115.680724,115.211088,115.568008,12499700
2017-01-19,115.737104,116.140991,115.267468,115.511681,12710700
2017-01-20,116.018874,116.310054,115.455313,115.765274,22091000
2017-01-23,115.690153,116.028292,115.126591,115.859222,17434200
2017-01-24,116.084627,116.817266,115.887381,116.638802,17640900
2017-01-25,117.371453,117.841089,117.268132,117.812912,15036200
2017-01-26,117.972592,118.179233,117.728379,117.93502,16052200
2017-01-27,118.188593,118.273124,117.775311,118.160416,15053000
2017-01-30,117.765927,117.765927,116.591837,117.239937,25006700
2017-01-31,116.82664,117.033281,116.328827,117.005104,19091100
2017-02-01,117.831694,118.04773,117.277527,117.812912,22861900
2017-02-02,117.606244,118.066485,117.2775,117.709564,15101400
2017-02-03,117.831671,118.169809,117.718963,118.047707,16957200
2017-02-06,117.850445,118.207366,117.73773,118.188583,11630100
2017-02-07,118.432808,118.864879,118.3201,118.620667,17541100
2017-02-08,118.460973,118.986963,118.235543,118.817894,12569100
2017-02-09,118.94,119.512957,118.874252,119.249962,17542700
2017-02-10,119.512965,119.813532,119.306324,119.644463,13915700
2017-02-13,120.010786,120.471028,119.963827,120.320755,19120200
2017-02-14,120.367712,120.734027,119.982614,120.72464,16333500
2017-02-15,120.640112,121.494853,120.574356,121.438484,17891400
2017-02-16,121.513633,121.757853,121.090963,121.400925,15098300
2017-02-17,121.222441,121.936297,121.203652,121.926895,15563700
2017-02-21,122.161684,122.603143,122.095943,122.528,18479600
2017-02-22,122.415322,122.659528,122.208681,122.574997,12110900
2017-02-23,122.762846,122.762846,121.626335,122.114746,17489000
2017-02-24,121.560594,122.349579,121.523029,122.349579,18624500
2017-02-27,122.124144,122.509235,121.917503,122.499847,12008700
2017-02-28,122.471687,122.528041,121.786022,122.124161,16598600
2017-03-01,122.90378,123.683363,122.668962,123.457947,25813800
2017-03-02,123.429743,123.448519,122.68771,122.837997,19951400
2017-03-03,122.753469,123.100995,122.424718,123.063431,13722700
2017-03-06,122.659541,122.99768,122.302627,122.791039,12026200
2017-03-07,122.546832,123.119788,122.368368,122.584396,15500900
2017-03-08,122.659554,123.185544,122.537458,122.800453,15776000
2017-03-09,122.772214,123.063386,122.236823,122.89431,20855300
2017-03-10,123.457916,123.608203,122.875572,123.41095,21922600
2017-03-13,123.363977,123.645761,123.298235,123.617584,10731600
2017-03-14,123.335798,123.382765,122.819196,123.317009,14019700
2017-03-15,123.57059,124.368977,123.176097,124.077805,22709100
2017-03-16,124.312627,124.312627,123.711493,123.993263,18457300
2017-03-17,124.147662,124.279433,123.88412,123.950012,21234500
2017-03-20,123.912335,124.345305,123.733515,124.062935,10105200
2017-03-21,124.533553,124.646495,122.105189,122.180489,35841900
2017-03-22,122.21814,123.13113,122.058119,123.008766,29177900
2017-03-23,122.848781,123.187623,122.49111,122.698181,20311700
2017-03-24,123.09351,123.57353,122.481719,122.952332,22967600
2017-03-27,122.076929,123.366417,121.794558,123.149925,18472400
2017-03-28,123.149963,124.270024,122.877014,123.902946,23721900
2017-03-29,123.987655,124.524161,123.855884,124.477097,13710000
2017-03-30,124.430039,124.815945,124.317096,124.684174,16092400
2017-03-31,124.505298,124.938268,124.36412,124.599426,19841400
2017-04-03,124.702982,125.004167,123.827635,124.524147,23700300
2017-04-04,124.166505,124.740653,124.119441,124.721825,13400000
2017-04-05,124.900653,125.634808,123.978256,124.213562,32011200
2017-04-06,124.335897,124.608846,123.959398,124.279411,18832200
2017-04-07,124.241798,124.590047,123.771185,124.213562,16743100
2017-04-10,124.335882,124.778259,123.92174,124.260582,15619300
2017-04-11,124.147662,124.335919,122.829952,123.724113,33778400
2017-04-12,123.705301,123.808836,123.09351,123.225281,15955200
2017-04-13,123.055822,123.780555,122.71698,122.735794,23683000
2017-04-17,123.08408,123.771171,123.037016,123.752342,13325500
2017-04-18,123.338172,123.921742,123.253466,123.564072,12841100
2017-04-19,124.100545,124.514672,123.592275,123.761703,17764800
2017-04-20,124.260598,125.070052,124.072355,124.797089,21977900
2017-04-21,124.910029,124.957079,124.448824,124.768837,22454900
2017-04-24,126.152477,126.397191,125.935999,126.274841,22469900
2017-04-25,126.688972,127.413705,126.576015,127.18782,19384400
2017-04-26,127.234872,127.545479,126.933688,127.008987,25398500
2017-04-27,127.319601,127.771385,127.244301,127.771385,16136500
2017-04-28,128.279633,128.326697,127.790206,127.997276,22771900
2017-05-01,128.420813,129.305567,128.364341,129.136139,24815500
2017-05-02,129.296175,129.409131,128.966754,129.352646,18345100
2017-05-03,129.060857,129.107921,128.590244,128.938507,23827600
2017-05-04,128.919672,129.352627,128.533766,128.98555,14630100
2017-05-05,129.314983,129.456161,128.834964,129.456161,19330700
2017-05-08,129.522078,129.738556,129.258536,129.738556,13279900
2017-05-09,129.936218,130.482131,129.823262,130.190353,28426100
2017-05-10,130.265625,130.312689,129.804434,130.265625,20499400
2017-05-11,129.907958,130.199736,129.305574,130.162079,27232100
2017-05-12,130.218582,130.482124,130.105625,130.453888,19738600
2017-05-15,130.51034,130.943296,130.387976,130.867996,20481300
2017-05-16,131.2069,131.432799,130.821008,131.413971,21786000
2017-05-17,130.369149,130.613877,128.053742,128.072571,55642200
2017-05-18,128.025516,129.625597,127.884324,129.192627,41319900
2017-05-19,129.653849,130.284469,129.569142,129.738556,36730100
2017-05-22,130.03029,130.89623,129.98324,130.830338,19509700
2017-05-23,131.216247,131.225654,130.623271,130.962112,19687500
2017-05-24,131.357443,131.630407,130.990366,131.564514,15891900
2017-05-25,132.063388,133.023443,131.781018,132.684601,23928600
2017-05-26,132.712836,132.976378,132.534001,132.919907,13851600
2017-05-30,132.853941,133.192782,132.769234,133.032776,20306400
2017-05-31,133.50341,133.50341,132.308064,132.985733,33229400
2017-06-01,133.25872,133.559904,132.693979,133.503433,20120700
2017-06-02,133.974031,135.056449,133.757553,135.028214,37222900
2017-06-05,135.018813,135.235291,134.811742,134.999985,15727500
2017-06-06,134.839955,135.282332,134.265807,134.46347,22393000
2017-06-07,134.839955,135.103497,134.218757,134.990555,18842400
2017-06-08,135.291751,135.348222,134.397575,135.131744,25417400
2017-06-09,135.291779,135.442365,129.992674,131.752762,109783700
2017-06-12,130.642109,131.282136,129.390277,131.046829,104454000
2017-06-13,131.781024,132.298701,131.093933,132.110458,51193000
2017-06-14,132.646863,132.646863,130.472635,131.536224,60093800
2017-06-15,130.209122,131.093876,129.409089,130.952698,55145200
2017-06-16,130.884759,130.979144,129.903224,130.384552,48087400
2017-06-19,131.649281,132.687441,131.451079,132.564758,39626500
2017-06-20,132.432564,132.602439,131.479327,131.52652,40935100
2017-06-21,131.828581,132.895068,131.743643,132.82901,35743400
2017-06-22,133.036609,133.281989,132.451449,132.791214,24099100
2017-06-23,132.640208,133.470748,132.272131,133.300873,21654300
2017-06-26,134.065289,134.291789,132.385345,132.677917,34411100
2017-06-27,132.177714,132.338157,130.261823,130.271255,65957800
2017-06-28,130.752595,132.262664,129.997575,132.149414,57427200
2017-06-29,131.602019,131.602019,128.591328,129.856003,88769400
2017-06-30,130.224083,130.8753,129.478496,129.903198,68898300
2017-07-03,130.49786,130.648855,128.449837,128.534775,32797000
2017-07-05,128.940571,130.148621,128.506436,129.799423,42116600
2017-07-06,128.808427,129.355827,128.166657,128.629105,48430500
2017-07-07,129.063272,130.365707,129.053839,130.016495,36970400
2017-07-10,130.101438,131.177358,129.771106,130.865906,24853500
2017-07-11,130.677176,131.394451,130.186401,131.234009,31517700
2017-07-12,132.357079,132.942224,132.092819,132.791214,36045800
2017-07-13,132.951656,133.404685,132.696843,133.083786,31073600
2017-07-14,133.678333,134.301237,133.25363,134.131348,34544800
2017-07-17,134.272984,134.669374,133.942652,134.197479,25343200
2017-07-18,134.103119,135.122414,133.678416,135.094101,25748500
2017-07-19,135.490451,136.085043,135.433826,135.886841,33752300
2017-07-20,136.236082,136.32102,135.452735,136.066193,36139400
2017-07-21,135.565954,136.009537,135.292262,136.009537,39697100
2017-07-24,135.990677,136.726832,135.830234,136.632462,26712700
2017-07-25,136.179416,136.604133,135.915156,136.283234,28120900
2017-07-26,136.623004,136.802327,136.405937,136.726822,18610600
2017-07-27,137.623446,137.755576,134.301302,135.867996,80665900
2017-07-28,135.056335,135.981245,134.839253,135.75473,38013200
2017-07-31,136.141686,136.311561,134.886444,135.179016,33848600
2017-08-01,135.641488,135.679234,135.075209,135.490479,20149400
2017-08-02,136.368236,136.396549,134.593906,135.858582,41769700
2017-08-03,135.990667,136.066172,135.084637,135.330017,27112800
2017-08-04,135.632003,135.877383,135.018531,135.575363,29472900
2017-08-07,135.820792,136.43425,135.632037,136.43425,17933900
2017-08-08,136.170036,137.293149,135.811392,136.198349,30810400
2017-08-09,135.075207,136.085069,134.763755,136.018997,36169500
2017-08-10,135.245099,135.339469,132.970562,133.102692,63331700
2017-08-11,133.281994,134.405106,132.979974,134.112534,45862500
2017-08-14,135.17895,136.047234,135.141205,135.8396,34161000
2017-08-15,136.179401,136.188848,135.565944,135.934021,25509200
2017-08-16,136.273785,136.811752,135.716953,136.169968,31913000
2017-08-17,135.641507,135.849142,133.385849,133.385849,70191000
2017-08-18,133.461317,134.206905,132.744028,133.291428,60751900
2017-08-21,133.282009,133.574582,132.30046,133.121567,37111500
2017-08-22,133.838844,135.292288,133.791651,135.150711,36294200
2017-08-23,134.471155,134.971363,134.376785,134.669357,25702300
2017-08-24,134.971344,135.122354,133.517915,134.272949,38160800
2017-08-25,134.79208,135.131831,133.810531,133.989853,26380400
2017-08-28,134.395613,134.716512,133.97091,134.40506,15362100
2017-08-29,133.253665,135.160124,133.130967,134.933609,24498300
2017-08-30,135.046886,136.74571,134.961948,136.519196,33642700
2017-08-31,136.906166,137.991533,136.830661,137.982086,38480700
2017-09-01,138.161367,138.350122,137.425212,137.793289,22293600
2017-09-05,137.387485,137.680058,135.528218,136.556946,44794300
2017-09-06,136.906157,137.283681,135.981247,136.972229,30722700
2017-09-07,137.227034,137.642304,136.792899,137.293106,22721100
2017-09-08,137.113806,137.179878,135.962381,136.103958,27890100
2017-09-11,137.170386,137.906541,137.132641,137.670593,27126300
2017-09-12,138.057586,138.180284,137.349744,138.000961,30256700
2017-09-13,137.76498,138.208562,137.538465,138.189682,28450900
2017-09-14,137.651744,138.066999,137.293099,137.378036,35296400
2017-09-15,137.349753,138.350168,137.123238,137.84996,46422400
2017-09-18,138.009774,138.44486,137.253087,137.669266,24858200
2017-09-19,137.9152,138.104368,137.442272,137.905746,20871200
2017-09-20,137.858439,138.009779,136.420735,137.480103,34236200
2017-09-21,137.385495,137.394948,136.15588,136.638275,28841800
2017-09-22,136.203224,136.704527,136.061352,136.505905,21702400
2017-09-25,135.966767,136.042437,134.406111,135.068207,54947700
2017-09-26,135.75866,136.014046,134.945224,135.418152,29628800
2017-09-27,136.136959,137.149031,135.796464,136.638275,33249400
2017-09-28,136.307259,136.732891,135.995125,136.591019,24149400
2017-09-29,136.86527,137.678706,136.505854,137.574661,43102400
2017-10-02,137.782801,138.255729,137.082863,137.697678,27351300
2017-10-03,137.877347,138.151638,137.574666,137.990845,19715200
2017-10-04,137.726018,138.416489,137.593599,138.123276,26381100
2017-10-05,138.624582,139.551516,138.482709,139.475861,31562400
2017-10-06,139.002943,139.665039,139.002943,139.665039,23561100
2017-10-09,139.844689,139.996015,139.324466,139.504181,13704800
2017-10-10,139.977159,140.119032,138.993462,139.608276,19223100
2017-10-11,139.542139,140.05291,139.362425,140.024521,12439100
2017-10-12,139.816369,140.317671,139.627186,139.769073,14513500
2017-10-13,140.336602,140.469021,139.778551,140.308228,18409900
2017-10-16,140.658169,140.828416,140.355489,140.790588,21809400
2017-10-17,140.743249,140.989167,140.525707,140.970245,13138200
2017-10-18,141.112213,141.131135,140.59199,140.800079,17218200
2017-10-19,139.97718,140.298767,139.296163,140.279846,27680300
2017-10-20,140.847371,140.970323,140.487942,140.658203,30173300
2017-10-23,140.951386,140.960839,139.542056,139.740692,29297100
2017-10-24,140.015031,140.270416,139.45698,139.977203,20289500
2017-10-25,139.70291,140.156917,138.407092,139.447525,36179100
2017-10-26,139.36236,139.712337,138.965103,139.002945,28230200
2017-10-27,141.339183,143.316032,141.12164,143.051193,60165100
2017-10-30,142.947155,143.94976,142.814736,143.372787,31733400
2017-10-31,143.836347,144.120092,143.420168,143.912003,26319300
2017-11-01,144.488878,144.555094,143.297105,143.864624,29481600
2017-11-02,143.703876,143.760639,142.606694,143.590378,31017400
2017-11-03,144.110581,144.99022,143.618732,144.971313,26199200
2017-11-06,144.857742,145.519852,144.810461,145.463089,28693900
2017-11-07,145.349658,145.737462,145.037524,145.548294,21333100
2017-11-08,145.472593,146.172517,145.302332,146.134689,17373500
2017-11-09,144.933461,145.444231,143.874107,145.368561,40594500
2017-11-10,145.028044,145.472598,144.772659,145.359085,20150800
2017-11-13,144.810489,145.72797,144.810489,145.538788,12522400
2017-11-14,145.028031,145.188824,144.309186,145.009109,25173800
2017-11-15,144.384874,144.715929,143.561984,144.328125,24808000
2017-11-16,145.056398,146.503556,145.028024,146.172501,34790600
2017-11-17,146.21035,146.314394,145.472584,145.614456,28725800
2017-11-20,145.718535,145.850954,145.292902,145.500992,21143900
2017-11-21,146.191429,147.146753,146.125227,147.080536,20147800
2017-11-22,147.212989,147.402157,146.929229,147.260284,17299000
2017-11-24,147.411618,147.846704,147.32648,147.799408,8280600
2017-11-27,147.752106,148.083147,147.392676,147.733185,22653400
2017-11-28,148.064231,148.206118,147.269716,148.111526,25227300
2017-11-29,147.941231,147.979059,144.829359,145.529297,71986300
2017-11-30,146.144104,147.03321,145.803595,146.749451,56595500
2017-12-01,145.850877,146.834575,144.015916,146.125183,59015800
2017-12-04,147.042754,147.203548,144.299763,144.44165,51319100
2017-12-05,144.413228,146.181988,143.864644,144.536194,40604200
2017-12-06,143.997024,145.415807,143.826763,145.188797,28647800
2017-12-07,145.179331,146.096812,145.027991,145.680634,32666200
2017-12-08,146.749485,147.108914,146.096856,146.323853,28081700
2017-12-11,146.390055,147.506158,146.380588,147.458862,20821500
2017-12-12,147.392704,147.69537,146.94815,147.260284,20310300
2017-12-13,147.856171,148.016965,147.32648,147.544037,24418500
2017-12-14,147.799403,148.177753,147.279193,147.439987,24594700
2017-12-15,148.016939,149.274929,147.771007,149.11412,49816200
2017-12-18,150.098911,150.487527,149.824046,150.364304,26844500
2017-12-19,150.080002,150.231659,149.056339,149.473389,31415000
2017-12-20,149.994651,150.023085,148.724558,149.31221,38972600
2017-12-21,149.520741,149.994657,149.160559,149.331177,18638700
2017-12-22,149.103731,149.217466,148.76251,149.160599,23330400
2017-12-26,148.326486,148.544483,147.814647,148.354919,21918700
2017-12-27,148.364398,148.771974,148.231702,148.373871,22388200
2017-12-28,148.847796,148.876245,148.37388,148.55397,25393800
2017-12-29,148.686679,148.715112,147.577715,147.634583,33186000
2018-01-02,148.392841,150.260075,148.023187,150.222168,32573300
2018-01-03,150.36432,151.814505,150.335887,151.681808,29383600
2018-01-04,152.203124,152.402161,151.729207,151.947205,24776100
2018-01-05,152.667556,153.577468,152.383203,153.473206,26992300
2018-01-08,153.473264,154.146233,153.416396,154.070404,23159100
2018-01-09,154.373645,154.534775,153.61539,154.079819,24782400
2018-01-10,153.397406,153.748114,152.714964,153.719666,34004000
2018-01-11,153.985024,154.781201,153.748066,154.771713,20473500
2018-01-12,154.639041,156.070279,154.440004,155.909149,37762700
2018-01-16,156.942302,157.738479,154.99924,155.463684,41231800
2018-01-17,156.202981,157.378285,155.444711,157.141327,33849900
2018-01-18,156.89492,157.529967,156.525265,157.1698,26432200
2018-01-19,157.634179,157.918532,156.904343,157.662613,38937600
2018-01-22,157.605752,159.349762,157.425661,159.349762,26081400
2018-01-23,159.842656,160.809451,159.766828,160.667267,37989700
2018-01-24,161.008493,161.359202,158.705265,159.624664,54287400
2018-01-25,160.724122,160.78099,159.055926,159.567764,28925000
2018-01-26,160.458737,162.032144,160.145965,162.013184,32038200
2018-01-29,161.671969,161.994229,160.885266,161.226486,37277800
2018-01-30,159.757352,160.581962,159.065437,159.899521,44987700
2018-01-31,160.799962,161.122236,159.558302,160.563004,42449200
2018-02-01,159.330847,160.875806,158.686312,159.198151,38037900
2018-02-02,158.572532,158.951659,155.890162,156.022858,68478100
2018-02-05,154.563233,157.10342,149.757709,149.871445,105372200
2018-02-06,147.681917,154.032398,147.008964,153.842834,118537900
2018-02-07,153.349997,155.018193,151.842945,151.852432,91028300
2018-02-08,152.241066,152.411683,145.445099,145.445099,94184800
2018-02-09,147.501878,149.037378,142.29828,147.956848,113836600
2018-02-12,149.473373,151.605999,148.298068,150.582336,63050600
2018-02-13,149.71981,151.662857,149.492325,151.359558,31785600
2018-02-14,150.468579,154.430516,149.757704,154.193558,52107400
2018-02-15,155.577412,157.05603,153.966098,157.05603,51633900
2018-02-16,156.544178,158.060703,156.089208,156.354614,62256300
2018-02-20,155.804902,157.984908,155.738546,156.667419,36785600
2018-02-21,157.43518,158.970666,156.127165,156.221954,41161800
2018-02-22,156.904391,157.738489,155.804914,156.203003,37074400
2018-02-23,157.463582,159.397156,156.819048,159.397156,50096900
2018-02-26,160.145935,161.510803,160.013239,161.510803,39266700
2018-02-27,161.558234,161.823626,159.435096,159.51091,42209900
2018-02-28,160.420833,160.942144,158.382997,158.487259,42936300
2018-03-01,158.572602,159.302438,154.496914,155.899704,76809900
2018-03-02,154.022913,157.605722,153.511089,157.330856,57445100
2018-03-05,156.591601,159.482482,156.003934,159.074921,38540200
2018-03-06,159.852126,160.288136,158.743162,159.747864,29480900
2018-03-07,158.525155,160.250219,158.250289,160.117508,34609400
2018-03-08,160.781026,161.112759,160.136491,160.999023,25828400
2018-03-09,162.145848,164.126816,161.908889,164.126816,38310500
2018-03-12,164.610301,165.378044,164.240647,164.998917,37635000
2018-03-13,165.377991,166.06992,162.335453,162.752502,55638900
2018-03-14,163.605522,163.728745,162.013154,162.72403,40536400
2018-03-15,162.837798,163.529712,161.984739,162.581879,28810400
2018-03-16,162.856765,163.216932,162.022667,162.098495,31176700
2018-03-19,160.538665,160.652585,157.253835,158.639923,71395100
2018-03-20,158.70637,159.532318,158.174724,159.162064,34075700
2018-03-21,158.744412,160.215926,157.776049,158.469086,43863500
2018-03-22,156.276007,157.377282,154.358273,154.557648,66607300
2018-03-23,154.377308,155.032376,150.408927,150.484879,80110400
2018-03-26,153.532322,156.266515,151.101933,156.07663,57481500
2018-03-27,157.234899,157.234899,149.696887,151.026016,78889100
2018-03-28,150.161994,151.690481,148.139829,149.288574,89369700
2018-03-29,150.095574,153.522805,148.699998,152.022797,68692600
2018-04-02,150.940541,151.65257,146.089253,147.636719,85549400
2018-04-03,148.927887,149.92473,146.620922,149.298141,64090000
2018-04-04,146.412054,152.117771,146.241159,151.652588,65768700
2018-04-05,153.162075,153.399418,151.405732,152.516495,43054900
2018-04-06,150.836128,152.336137,147.988014,148.700043,59870900
2018-04-09,149.981651,152.734836,149.487989,149.744308,41810400
2018-04-10,152.09877,153.541804,151.016488,153.048141,48296800
2018-04-11,152.089271,153.798142,151.994342,152.165222,41622100
2018-04-12,153.086095,154.529143,153.000655,153.997498,30467900
2018-04-13,154.766545,154.994385,152.535516,153.200073,44604900
2018-04-16,154.27284,154.927908,153.304477,154.367783,28180800
2018-04-17,155.924781,158.032387,155.611487,157.690613,35536100
2018-04-18,157.690569,158.544997,156.940557,158.013351,29573900
2018-04-19,157.215905,157.58616,156.019688,156.560837,34705700
2018-04-20,156.162103,156.276023,153.541829,154.082977,49197100
2018-04-23,154.832968,155.440565,152.867777,153.693726,33040600
2018-04-24,154.424781,154.662124,149.421589,150.437424,70256800
2018-04-25,150.703207,151.244341,148.54813,150.617752,52089300
2018-04-26,152.563969,154.30132,152.070292,153.788666,43005500
2018-04-27,156.048187,156.08617,153.010201,153.883621,51043400
2018-04-30,154.244377,155.203237,152.412082,152.79184,35615300
2018-05-01,152.393062,154.557627,152.032296,154.538635,36513500
2018-05-02,154.8045,155.288689,153.446906,153.627289,38646800
2018-05-03,152.848746,154.17786,151.158867,153.608246,60337100
2018-05-04,152.943738,156.883623,152.829804,156.522858,41543200
2018-05-07,157.253858,158.33614,157.130435,157.823486,32500200
2018-05-08,157.4912,158.003854,156.513349,157.662094,26040200
2018-05-09,157.946903,159.494383,157.386777,159.380463,29122700
2018-05-10,159.893106,161.146283,159.769683,161.032349,27067600
2018-05-11,160.84248,161.260205,160.177923,160.880463,24688800
2018-05-14,161.25072,162.171611,160.889954,161.155777,21821700
2018-05-15,159.883625,159.969065,158.526017,159.370956,49361600
2018-05-16,159.579819,160.795013,159.503868,160.424759,22941200
2018-05-17,159.864653,161.022888,159.029202,159.807693,27480200
2018-05-18,159.190568,159.741205,158.744377,158.98172,26217900
2018-05-21,160.215935,160.918475,159.190612,159.874161,22954600
2018-05-22,160.605151,160.870974,159.380468,159.665268,19477700
2018-05-23,158.450038,161.032328,158.431061,161.013351,26557800
2018-05-24,160.965912,161.250726,159.342481,160.965912,27696500
2018-05-25,160.946921,161.706421,160.64313,161.127304,27460500
2018-05-29,160.396337,161.317229,159.456469,160.415329,41220500
2018-05-30,160.994396,161.848825,160.652622,161.564011,22665800
2018-05-31,161.564042,162.532405,161.041899,161.459625,35670900
2018-06-01,162.266552,164.089344,162.219081,163.994415,45543300
2018-06-04,164.412082,165.513356,164.307665,165.475388,20459600
2018-06-05,165.864674,166.263409,165.257077,165.988083,24779300
2018-06-06,166.158937,166.984886,165.323486,166.956406,25036600
2018-06-07,166.984889,167.022857,164.763364,165.598801,39600300
2018-06-08,164.820312,166.026017,164.412075,165.608292,31780300
2018-06-11,165.484891,166.462742,165.456411,166.05452,22319700
2018-06-12,166.282368,167.089339,166.102,166.927948,22511800
2018-06-13,167.184265,168.171604,166.548173,166.918442,37858600
2018-06-14,167.687431,168.883633,167.564008,168.608322,35916000
2018-06-15,167.972289,168.352046,167.193812,168.01976,49615700
2018-06-18,166.961756,168.065373,166.438482,167.922668,31633200
2018-06-19,165.801082,167.485056,165.268299,167.447006,38236000
2018-06-20,168.217641,169.330781,168.065413,168.636261,33038000
2018-06-21,169.064334,169.235594,166.847563,167.171051,43469400
2018-06-22,167.732405,167.798995,166.200645,166.800034,30073200
2018-06-25,165.28732,165.534694,161.55782,163.042007,77799700
2018-06-26,163.641403,164.649888,163.042014,163.708008,39008100
2018-06-27,164.402536,165.144629,161.367556,161.48172,52843500
2018-06-28,161.281901,163.422558,160.948904,162.870743,46407700
2018-06-29,163.650886,164.516666,163.070529,163.30838,36408500
2018-07-02,161.776554,164.450008,161.424539,164.402435,31770000
2018-07-03,165.020877,165.020877,162.337928,162.499664,25512700
2018-07-05,163.55575,164.649858,162.718511,164.516663,31626200
2018-07-06,164.897236,167.19963,164.59278,167.075943,37005600
2018-07-09,167.941678,168.617167,167.275699,168.579117,27362100
2018-07-10,168.893113,169.083391,168.122479,168.702835,23902500
2018-07-11,167.38035,168.464963,167.256677,167.846542,30280600
2018-07-12,168.588635,170.738815,168.474471,170.738815,27930100
2018-07-13,170.729303,171.157431,170.253601,170.881531,28049800
2018-07-16,170.919603,171.205027,170.187033,170.472443,21405300
2018-07-17,168.664775,171.870999,168.664775,171.509476,31034100
2018-07-18,171.528465,171.671184,170.662699,171.185959,23220800
2018-07-19,170.567547,171.138395,170.12991,170.329697,31094100
2018-07-20,170.843472,171.414305,170.101364,170.291656,35897300
2018-07-23,169.787404,170.910053,169.102393,170.833939,22184700
2018-07-24,172.594129,173.203027,170.834027,171.538071,36900300
2018-07-25,171.614121,174.040187,171.528483,173.935547,35026600
2018-07-26,171.576087,172.127902,171.071844,171.300186,40873500
2018-07-27,172.384768,172.498931,168.01783,168.988251,59456100
2018-07-30,168.997822,169.092953,165.801105,166.600281,60193000
2018-07-31,167.25667,168.522038,166.324299,167.875076,47285100
2018-08-01,168.265153,169.016755,167.542091,168.512512,37101900
2018-08-02,167.323325,171.005267,167.247211,170.805466,47178200
2018-08-03,171.128919,171.338229,170.377317,171.32872,28934400
2018-08-06,171.214525,172.384747,171.005215,172.337173,24808800
2018-08-07,172.822414,173.288607,172.451368,172.965134,29895700
2018-08-08,172.727278,173.488403,172.261085,173.174438,22680700
2018-08-09,173.069748,173.754759,172.812865,173.069748,18852900
2018-08-10,171.899589,172.413355,171.100414,171.747375,33818500
2018-08-13,172.061295,173.164912,171.480939,171.557053,26089200
2018-08-14,172.21346,172.831881,171.290598,172.63208,20913000
2018-08-15,171.262067,171.804374,169.463916,170.519974,58528000
2018-08-16,171.832916,172.194454,170.748317,171.081314,27711800
2018-08-17,170.634205,171.547544,169.606687,171.119415,36092600
2018-08-20,171.499901,171.566506,170.301138,170.967117,24939000
2018-08-21,171.48099,172.622671,171.376335,171.595154,26258700
2018-08-22,171.23353,172.460848,171.014712,172.261047,18042400
2018-08-23,171.956651,173.202987,171.728309,172.013733,25776200
2018-08-24,172.584589,173.754826,172.546539,173.612106,23136100
2018-08-27,174.487332,175.381653,174.211431,175.381653,29343600
2018-08-28,175.84786,176.028629,175.267503,175.63855,20277000
2018-08-29,175.943002,177.760186,175.876412,177.665054,29175600
2018-08-30,177.322549,178.407148,176.76121,177.351089,29315500
2018-08-31,177.132246,178.083649,176.941968,177.579407,28653200
2018-09-04,177.037117,177.341559,175.866895,176.818298,29063500
2018-09-05,176.504293,176.532834,173.935508,174.534882,42623300
2018-09-06,174.611024,174.820334,171.804388,172.974609,46091400
2018-09-07,171.728344,173.792888,171.671262,172.308701,46629500
2018-09-10,173.298135,173.393281,171.947143,172.889038,26132000
2018-09-11,172.194468,174.506371,171.747308,174.220947,30116500
2018-09-12,173.964082,174.087755,172.213489,173.707199,36204000
2018-09-13,174.791835,175.895466,174.715721,175.562469,31133200
2018-09-14,175.686114,175.962014,174.354141,175.048676,31224100
2018-09-17,174.753715,174.877402,172.365699,172.527435,33071200
2018-09-18,172.670204,174.801338,172.584567,173.95459,31877300
2018-09-19,173.983117,174.392228,172.689208,173.821381,31843400
2018-09-20,175.020179,175.981091,174.601559,175.74324,33295800
2018-09-21,176.218932,176.466292,174.563485,174.782318,38605400
2018-09-24,173.514658,175.335112,172.799821,175.268387,34945600
2018-09-25,175.192123,175.640088,174.591656,175.506653,25277500
2018-09-26,175.659162,177.269929,175.287447,175.630569,36210600
2018-09-27,176.345395,177.746476,176.250078,177.117416,33113300
2018-09-28,176.621809,177.546332,176.297753,177.0793,28076800
2018-10-01,178.10866,178.73772,176.993517,177.441483,27371300
2018-10-02,177.288973,178.404116,176.631336,177.041168,25618600
2018-10-03,177.784605,178.203978,176.955399,177.231796,29128700
2018-10-04,176.516987,176.63137,172.571089,173.829208,80557300
2018-10-05,173.81005,174.39145,170.0643,171.703659,83325600
2018-10-08,171.1033,172.170785,168.63472,170.655334,66864500
2018-10-09,170.779201,172.532944,170.369368,171.208115,49097900
2018-10-10,170.140587,170.24543,163.459254,163.678467,114471100
2018-10-11,163.001752,165.270157,159.942246,161.648331,143084500
2018-10-12,166.004058,166.661709,162.915959,166.147034,102078400
2018-10-15,165.56569,165.880205,163.516483,164.136017,64885300
2018-10-16,165.861151,169.32095,165.556147,168.911118,71979700
2018-10-17,169.730783,169.902337,167.243151,168.977814,66987600
2018-10-18,168.339267,168.396451,164.355251,165.060547,82486200
2018-10-19,166.394893,167.81504,164.307568,164.908035,82923700
2018-10-22,165.899233,167.033442,164.498152,165.756271,52909300
2018-10-23,162.639618,165.965996,160.904956,165.146317,77567000
2018-10-24,164.955697,165.232094,157.302167,157.588104,102997400
2018-10-25,160.037579,164.012068,159.322743,163.039886,83481100
2018-10-26,157.454682,161.991521,156.530159,158.846237,130970900
2018-10-29,161.276651,161.89617,152.58423,155.577011,111871900
2018-10-30,155.119526,158.255269,154.414215,158.1409,92584000
2018-10-31,160.714267,163.220965,160.638016,161.858017,73828600
2018-11-01,162.096352,164.16461,160.866824,163.993042,52706800
2018-11-02,163.487898,164.46008,160.333088,161.438705,75966800
2018-11-05,161.648415,161.7056,159.24656,161.038422,39573500
2018-11-06,161.047916,163.163834,160.809638,162.258377,34410400
2018-11-07,164.202693,167.347977,163.811913,167.347977,51169600
2018-11-08,166.566456,167.081146,165.489445,166.280533,40296500
2018-11-09,164.726911,165.127218,162.182095,163.478333,50602700
2018-11-12,162.334597,162.639586,158.388686,158.531662,62578400
2018-11-13,159.275093,161.533972,158.217135,158.6651,64128100
2018-11-14,160.23773,160.790539,156.549179,157.454636,75270700
2018-11-15,157.168742,160.638082,155.796268,160.209183,73254300
2018-11-16,158.646001,160.418795,158.007415,159.646774,65390700
2018-11-19,158.884339,159.074959,153.966259,154.461884,67280500
2018-11-20,150.944846,153.813732,149.762992,151.697815,102652800
2018-11-21,153.785153,154.37608,151.764539,152.851089,42965800
2018-11-23,151.6311,153.299051,151.6311,151.745483,23503700
2018-11-26,153.870946,155.329211,153.22282,155.25296,42012600
2018-11-27,154.404718,156.167987,153.623156,155.777206,36608100
2018-11-28,156.90186,160.790573,155.805783,160.790573,70141000
2018-11-29,160.11387,161.324316,158.998727,160.266357,44885700
2018-11-30,160.485563,161.524456,159.684935,161.429138,36722800
2018-12-03,164.99381,165.184431,161.562589,164.250381,50771700
2018-12-04,163.392568,163.850074,157.759667,157.950287,70594700
2018-12-06,154.766899,159.084511,154.185498,159.065445,71715500
2018-12-07,158.369657,159.28464,153.318142,153.813766,80432200
2018-12-10,153.52784,156.101249,151.936139,155.424545,73960800
2018-12-11,157.959809,157.997942,154.623905,155.939209,59058300
2018-12-12,158.217148,159.742138,157.225914,157.311691,53780000
2018-12-13,158.341037,158.998689,156.339489,157.359329,46378500
2018-12-14,155.557988,156.129849,153.165659,153.527847,56547400
2018-12-17,152.870116,154.090102,148.847969,150.048889,74834100
2018-12-18,151.211736,152.450788,149.677219,150.992523,63642100
2018-12-19,150.763793,153.184714,146.150718,147.284927,81856500
2018-12-20,146.922759,148.562119,143.33905,145.149963,99002100
2018-12-21,145.874361,146.865595,139.841137,140.651291,141129400
2018-12-24,139.629435,141.44553,137.125133,137.163361,56163300
2018-12-26,138.673587,145.804161,137.727298,145.727707,98982100
2018-12-27,143.729947,146.41586,140.585233,146.291611,85824300
2018-12-28,147.343097,148.719512,145.020407,146.21521,77856600
2018-12-31,147.648976,148.13645,145.966698,147.448242,53015300
2019-01-02,144.322622,148.872426,144.217479,148.040848,58576700
2019-01-03,145.861525,146.49237,142.888855,143.204285,74820200
2019-01-04,145.613042,150.067271,145.039545,149.331268,74709300
2019-01-07,149.704011,151.845103,149.216537,151.1091,52059300
2019-01-08,152.495043,153.03988,150.258376,152.475937,49388700
2019-01-09,153.068602,154.387669,152.428189,153.718582,46491700
2019-01-10,152.552411,154.244241,151.692144,154.158218,38943400
2019-01-11,153.25018,153.756775,152.734017,153.594284,30176600
2019-01-14,152.294332,152.896518,151.587004,152.236984,30710200
2019-01-15,152.934762,155.419957,152.848739,155.209671,40874200
2019-01-16,155.46771,156.547816,155.123606,155.180969,33812200
2019-01-17,154.683946,157.102225,154.435432,156.404465,39329000
2019-01-18,157.503664,158.688914,156.586064,157.952911,57183200
2019-01-22,156.815443,156.891912,153.661161,154.789062,56711700
2019-01-23,155.582439,156.289753,153.240629,154.989807,38106100
2019-01-24,155.496397,156.222846,154.903779,155.993439,32417800
2019-01-25,157.245653,158.335313,156.710383,157.857391,36515900
2019-01-28,155.821418,155.916993,154.607494,155.90744,33491200
2019-01-29,155.993422,156.031664,153.881019,154.43541,30784200
2019-01-30,156.184618,158.937449,155.697144,158.363937,41346500
2019-01-31,159.33893,161.527818,159.119091,160.734467,37258400
2019-02-01,159.941074,161.154998,159.616092,160.055771,32143700
2019-02-04,160.084436,162.043915,159.941065,162.043915,26718800
2019-02-05,162.263798,163.668888,162.196897,163.477722,28156400
2019-02-06,163.515951,163.802692,162.254232,162.990234,27970000
2019-02-07,161.566023,161.967475,159.577869,160.801346,42036200
2019-02-08,159.396241,161.145434,159.214644,161.11676,29020700
2019-02-11,161.699824,162.091723,160.562369,160.963821,21434100
2019-02-12,162.139531,163.582848,161.852776,163.343887,29722100
2019-02-13,164.070357,164.557846,163.27702,163.458618,26094100
2019-02-14,162.875535,164.242397,162.330712,163.659332,30326800
2019-02-15,164.901909,164.940136,163.582842,164.347519,32521700
2019-02-19,163.840923,165.169543,163.812248,164.672501,19487700
2019-02-20,164.78723,165.437211,163.754933,164.64386,32593000
2019-02-21,164.204133,164.65338,163.171836,164.041641,25207400
2019-02-22,164.395302,165.370251,164.309265,165.255554,27735400
2019-02-25,166.517306,166.947433,165.743062,165.857773,32608800
2019-02-26,165.456319,166.555532,165.179117,166.029816,21939700
2019-02-27,165.265134,166.125401,164.175474,165.924667,25162000
2019-02-28,165.408541,166.134976,165.07399,165.542358,25085500
2019-03-01,166.737141,166.93786,165.532771,166.689346,31431200
2019-03-04,167.788556,168.027517,164.854128,166.718018,38063500
2019-03-05,166.84227,167.358418,166.020245,166.84227,22319900
2019-03-06,167.004731,167.033405,165.628316,165.89595,27194600
2019-03-07,165.475407,165.532755,163.248293,163.860031,39407400
2019-03-08,162.024825,163.697549,161.862333,163.611526,39303200
2019-03-11,164.290141,167.128993,164.261467,167.014282,30518400
2019-03-12,167.453964,168.362011,167.052512,167.931885,33953500
2019-03-13,168.80175,170.073007,168.562789,169.193634,42426100
2019-03-14,169.308312,169.509031,168.859065,168.90686,23751500
2019-03-15,169.56641,170.981067,169.451714,170.474472,38192000
2019-03-18,170.401672,171.397565,170.056942,170.880463,32935100
2019-03-19,171.579539,172.364763,170.727291,171.455063,36893300
2019-03-20,171.464599,173.188249,170.679389,172.134903,50105000
2019-03-21,171.617824,175.074695,171.598669,174.825729,42428500
2019-03-22,174.069255,174.538475,170.803897,170.98584,70794500
2019-03-25,170.363369,171.253913,169.424929,170.660217,46336500
2019-03-26,171.981736,173.025497,170.58366,171.455063,33248100
2019-03-27,171.7136,172.096627,169.108976,170.353821,37096700
2019-03-28,170.794327,171.388023,169.72184,170.746445,30368200
2019-03-29,172.067835,172.201895,171.014489,172.039108,35205500
2019-04-01,173.810674,174.528861,173.102073,174.318192,30969500
2019-04-02,174.509691,175.151269,174.069197,174.978897,22645200
2019-04-03,175.965204,177.076002,175.438546,175.98436,31633500
2019-04-04,176.032264,176.673842,174.902309,175.917358,28530800
2019-04-05,176.424859,176.932376,176.21419,176.827042,25674700
2019-04-08,176.539818,177.420792,175.840788,177.277161,22697500
2019-04-09,176.673819,177.257944,176.281207,176.654663,25631900
2019-04-10,176.884521,177.660159,176.693007,177.602707,24563000
2019-04-11,177.899583,177.899583,176.855822,177.181396,20654100
2019-04-12,177.966574,178.062323,177.210076,177.947418,24989100
2019-04-15,177.957041,178.177295,176.788789,177.976196,21073000
2019-04-16,178.627301,178.981617,178.043176,178.589005,27195700
2019-04-17,179.785996,179.958354,178.684783,179.211441,29651600
2019-04-18,179.508322,179.824311,178.387938,179.441284,28580900
2019-04-22,178.656034,180.015799,178.521959,179.948761,17936000
2019-04-23,180.408381,182.457605,180.149845,182.237366,33665600
2019-04-24,182.390645,182.62047,181.60542,181.662888,24977100
2019-04-25,183.02266,183.108839,181.413914,182.400223,29517500
2019-04-26,182.112893,182.601269,180.590342,182.562958,26359500
2019-04-29,182.562936,183.204529,182.266088,182.917252,21716200
2019-04-30,181.442624,181.796939,180.226505,181.500076,31495300
2019-05-01,182.687425,183.204528,180.791418,180.915894,34797100
2019-05-02,180.858479,181.79692,178.943315,180.130722,44110100
2019-05-03,181.624559,183.13754,181.298984,183.003479,30386200
2019-05-06,179.115661,182.132038,178.837954,181.883072,38371800
2019-05-07,179.900875,180.666943,176.6834,178.340027,58818100
2019-05-08,177.755908,179.230578,177.11433,177.889969,37165300
2019-05-09,175.907784,177.545255,174.366077,176.932404,55351700
2019-05-10,176.300386,178.004881,173.351033,177.152634,58526400
2019-05-13,172.642431,173.571287,170.507028,171.004974,67185800
2019-05-14,171.905083,173.925581,171.273075,172.881805,43360600
2019-05-15,171.742307,175.764148,171.703996,175.323654,40944500
2019-05-16,175.400278,178.177274,175.189609,177.085617,39281200
2019-05-17,175.333224,177.708023,175.122555,175.275757,44702300
2019-05-20,172.833951,173.49467,171.732723,172.316849,38608300
2019-05-21,173.801107,174.595902,173.245708,174.117111,31613800
2019-05-22,173.149963,174.34694,173.082925,173.341476,24332600
2019-05-23,171.349668,171.426276,169.626018,170.688934,45351300
2019-05-24,171.608308,172.22116,170.392175,170.602844,25903300
2019-05-28,171.081597,172.039179,169.942072,169.961227,24763800
2019-05-29,168.907871,169.491996,167.663012,168.563141,42178800
2019-05-30,169.013193,169.750535,168.314162,169.271744,30354800
2019-05-31,167.279981,167.854522,166.494757,166.571365,45446200
2019-06-03,166.121268,166.571333,162.089858,162.903793,75842300
2019-06-04,164.732791,167.548084,164.100783,167.490631,47797800
2019-06-05,169.089789,169.118516,166.983113,168.735489,34412700
2019-06-06,169.022826,170.487925,168.275913,170.076172,29913200
2019-06-07,170.985812,174.059656,170.765572,173.360611,45888300
2019-06-10,174.519271,177.008989,174.480974,175.381088,41385300
2019-06-11,177.210088,177.535662,175.026803,175.620499,41260300
2019-06-12,175.141697,175.505583,174.279879,174.605453,27758100
2019-06-13,175.333199,176.070527,174.988469,175.639618,23715800
2019-06-14,174.739545,175.342826,174.222457,174.892761,22844100
2019-06-17,175.275772,176.434452,175.084258,175.946091,20379500
2019-06-18,178.024047,179.757268,177.564397,178.502838,48177300
2019-06-19,178.742263,179.575355,177.698502,179.173172,31672900
2019-06-20,181.672416,181.710713,179.221009,180.839325,40922000
2019-06-21,180.628635,181.720277,180.188141,180.571182,39980400
2019-06-24,180.932065,181.11441,180.481005,180.576981,19375200
2019-06-25,180.452231,180.557798,177.208443,177.477158,33921100
2019-06-26,178.657574,179.78042,178.014577,178.302475,22595700
2019-06-27,178.945505,179.406157,178.494445,178.983887,19709200
2019-06-28,179.415716,179.607653,178.571191,179.214188,21179200
2019-07-01,182.649969,182.889893,180.78815,181.632675,31025600
2019-07-02,181.575063,182.371615,181.056832,182.352417,18035800
2019-07-03,182.813066,183.724777,182.621115,183.724777,15792100
2019-07-05,182.467558,183.686365,181.757375,183.350479,21415600
2019-07-08,182.160506,182.218085,181.315966,182.064545,17598800
2019-07-09,181.200793,183.20656,181.047237,182.976242,19193500
2019-07-10,184.089499,185.308307,183.753599,184.799667,28374500
2019-07-11,185.077977,185.54822,184.079881,184.665298,23736100
2019-07-12,184.866822,185.740137,184.694068,185.730545,20211900
2019-07-15,186.16243,186.363973,185.644199,186.325577,15606100
2019-07-16,186.095225,186.267964,184.799626,185.365845,20190900
2019-07-17,185.365874,185.692183,184.434965,184.454163,16765100
2019-07-18,183.580834,185.020382,183.005023,184.665298,28877000
2019-07-19,185.932139,186.018508,183.120212,183.312149,29387900
2019-07-22,183.72479,185.164339,183.72479,184.770859,18954900
2019-07-23,185.778543,185.99927,184.540523,185.980072,23786700
2019-07-24,185.269904,187.294869,185.250706,187.285263,20422900
2019-07-25,186.651932,186.680722,185.154789,185.509888,23434700
2019-07-26,186.690236,187.669133,186.59426,187.419601,20431200
2019-07-29,187.246884,187.314056,185.596201,186.776627,20451700
2019-07-30,185.346676,186.69984,185.212318,185.970474,18705000
2019-07-31,186.469533,186.594284,181.690235,183.398499,41627500
2019-08-01,183.715123,187.122056,181.603789,182.48671,63251600
2019-08-02,181.114405,181.373527,178.705565,179.799622,55214000
2019-08-05,176.037596,176.114373,171.978073,173.446411,75040000
2019-08-06,175.049063,176.39265,173.772677,175.874405,41897200
2019-08-07,173.96461,177.074025,172.640221,176.824509,49990600
2019-08-08,177.621107,180.730537,177.131666,180.672943,38418100
2019-08-09,179.809222,180.423429,177.573122,178.974289,33608900
2019-08-12,177.870625,178.408054,176.104782,176.920532,24642900
2019-08-13,176.766981,182.03572,176.603834,180.797714,40241900
2019-08-14,177.889831,178.45605,175.068313,175.394608,51000500
2019-08-15,175.624931,176.19115,173.859088,175.193069,36685000
2019-08-16,176.786152,178.456019,176.680584,178.004959,32781400
2019-08-19,180.576997,181.219994,179.943592,180.836105,22494100
2019-08-20,180.385013,181.037601,179.386918,179.434906,19902900
2019-08-21,181.008848,181.603856,180.385049,181.028046,20418500
2019-08-22,181.363884,181.82455,179.022216,180.442581,24243700
2019-08-23,179.214199,180.855276,174.242951,174.732407,55372400
2019-08-26,176.718994,177.419571,175.701716,177.371597,27598900
2019-08-27,178.609555,178.907059,176.306284,176.997253,28012800
2019-08-28,176.421461,177.928181,175.53854,177.630676,21792400
2019-08-29,179.83801,180.864895,179.156617,180.346649,25358900
2019-08-30,181.315917,181.354313,178.897486,179.914764,26319800
2019-09-03,178.715172,179.636475,177.573128,178.168137,27964200
2019-09-04,179.885996,180.893683,179.36775,180.740128,21592100
2019-09-05,182.736303,184.578924,182.669117,184.051086,33932600
2019-09-06,184.3582,184.425371,183.465672,183.868744,19487800
2019-09-09,184.444547,184.521325,182.553939,183.484848,24407600
2019-09-10,182.49638,183.053007,181.296756,182.957031,23744700
2019-09-11,183.302503,184.770841,182.880233,184.674866,25063600
2019-09-12,185.807317,186.862992,185.19311,185.442627,28689900
2019-09-13,185.173891,185.605752,184.540486,184.780411,27669800
2019-09-16,183.590433,184.338997,183.408088,183.955109,20319000
2019-09-17,183.97429,184.838028,183.58081,184.838028,20953400
2019-09-18,184.454196,184.838084,182.448428,184.761307,29781300
2019-09-19,185.087542,186.21998,184.71326,185.068344,26039400
2019-09-20,185.327483,185.51942,182.496374,183.11058,29086100
2019-09-23,183.056717,183.739484,182.441272,183.191345,22485900
2019-09-24,184.027974,184.431859,179.969876,180.758423,40820700
2019-09-25,180.575698,183.268278,179.06594,182.78746,34704900
2019-09-26,182.547005,182.710482,180.767977,182.114273,26826000
2019-09-27,182.450887,182.547056,178.623586,179.854477,40773500
2019-09-30,180.585291,181.854655,180.210254,181.566162,26307700
2019-10-01,182.229707,183.277884,179.787162,180.085266,32367600
2019-10-02,178.864015,178.892863,175.998348,176.988831,48544300
2019-10-03,176.969593,179.065964,174.844389,178.931335,39392500
2019-10-04,179.902539,181.825807,179.710215,181.566162,31887600
2019-10-07,181.046914,182.460518,180.700725,181.018066,21216000
2019-10-08,179.883308,180.652619,178.161989,178.306229,32379300
2019-10-09,179.816031,180.864209,179.277503,180.046814,20147400
2019-10-10,180.09488,182.162388,179.941015,181.441162,25177700
2019-10-11,183.508682,185.239627,183.402902,183.777939,40976700
2019-10-14,183.518304,184.34531,183.335591,183.758713,14975000
2019-10-15,184.326071,186.528222,184.21068,186.09549,23234200
2019-10-16,185.460778,186.105071,185.047268,185.633865,20457100
2019-10-17,186.749431,187.037924,185.41276,186.124374,19045200
2019-10-18,185.787741,186.23971,183.393281,184.335678,27700800
2019-10-21,185.316555,186.095476,184.768416,185.970459,15801200
2019-10-22,186.70131,186.960956,184.431853,184.489563,22392300
2019-10-23,184.114531,184.883826,183.816412,184.845367,14828400
2019-10-24,186.162753,186.758976,185.345373,186.64357,18998500
2019-10-25,185.68197,188.230309,185.643511,188.13414,21507100
2019-10-28,189.009256,190.240147,189.009256,189.990128,18818700
2019-10-29,189.672741,189.96122,188.48992,188.518768,18569700
2019-10-30,188.884234,189.749714,187.797583,189.432373,21764300
2019-10-31,189.98044,190.066984,188.422598,189.51886,26801800
2019-11-01,190.33625,191.249814,190.047772,191.240189,22131900
2019-11-04,192.509624,192.836576,191.240259,192.42308,19015900
2019-11-05,192.663437,192.855761,191.894126,192.528809,15048900
2019-11-06,192.3076,192.326836,191.163252,192.096039,19725500
2019-11-07,193.057728,193.980904,192.182652,192.740387,17832400
2019-11-08,192.394189,193.528911,191.88451,193.509674,15258800
2019-11-11,192.528835,193.326979,192.26919,193.250061,10147600
2019-11-12,193.41348,194.452047,193.115376,193.807739,14778300
2019-11-13,193.134655,194.038594,193.009652,193.855881,15774600
2019-11-14,193.125039,193.827028,192.538442,193.702011,16945400
2019-11-15,194.875164,195.125198,194.250108,195.125198,18427900
2019-11-18,194.817488,195.586799,194.028956,195.279083,18365900
2019-11-19,196.019551,196.019551,194.817508,195.567581,16923300
2019-11-20,195.057893,195.644491,192.923064,194.394363,36629000
2019-11-21,194.182842,194.317485,193.35585,193.96167,17883600
2019-11-22,194.44247,194.557876,193.038492,194.08667,17189600
2019-11-25,194.923291,196.423438,194.894443,196.384979,17752800
2019-11-26,196.510005,197.010045,196.221512,196.760025,14780600
2019-11-27,197.269667,198.144758,197.029258,198.135132,16963100
2019-11-29,197.635086,197.93319,197.135032,197.231201,9854600
2019-12-02,197.240826,197.308133,194.038582,195.211777,28007000
2019-12-03,192.528812,193.759702,191.586399,193.68277,31104100
2019-12-04,194.673261,195.12523,194.384768,194.663635,15300100
2019-12-05,195.356009,195.356009,194.096271,195.048294,14962300
2019-12-06,196.471495,197.279264,196.31763,197.135025,16555300
2019-12-09,196.779297,197.702458,196.154225,196.240784,13984100
2019-12-10,196.336885,197.019652,195.634896,196.07724,21799800
2019-12-11,196.519606,197.317764,196.211876,197.115814,18780800
2019-12-12,196.913878,199.366049,196.644622,198.587112,32612000
2019-12-13,198.481313,199.93339,198.058206,199.241013,32519400
2019-12-16,200.548863,201.491261,200.481542,201.241241,21296600
2019-12-17,201.500807,201.664297,201.01999,201.356567,15996100
2019-12-18,201.529689,202.068202,201.298892,201.510452,15443300
2019-12-19,201.597023,202.837525,201.577786,202.770218,17865900
2019-12-20,203.731855,204.366537,203.164495,203.587616,27672600
2019-12-23,204.30846,204.453012,203.951889,204.125351,23774700
2019-12-24,204.308468,204.3952,203.768788,204.231369,7089000
2019-12-26,204.559019,206.052787,204.530109,206.033508,17067500
2019-12-27,206.756329,206.775607,205.31075,205.860077,18134100
2019-12-30,205.754071,205.879359,203.498971,204.51088,21815500
2019-12-31,203.855529,205.040899,203.537499,204.896347,18170900
2020-01-02,206.621426,208.317581,206.216665,208.317581,30969400
2020-01-03,205.56127,207.652538,205.541991,206.409332,27518900
2020-01-06,204.790355,207.768245,204.539794,207.739334,21655300
2020-01-07,207.816413,208.298273,207.055081,207.710403,22139300
2020-01-08,207.681476,210.225694,207.353815,209.271606,26397300
2020-01-09,210.996657,211.449606,209.811286,211.044846,23547000
2020-01-10,211.873636,211.8929,210.129292,210.505142,21898500
2020-01-13,211.372571,212.962703,211.035264,212.933792,22756900
2020-01-14,212.827682,213.184268,211.7676,212.095261,24418100
2020-01-15,212.210963,213.174682,211.488174,212.182053,25742100
2020-01-16,213.242149,214.254057,212.7892,214.2155,18805000
2020-01-17,215.179242,215.449082,214.061324,215.27562,24325200
2020-01-21,214.678107,215.718925,214.581744,215.179245,21146300
2020-01-22,216.268219,216.981362,215.477963,215.747803,20736400
2020-01-23,215.622544,216.538074,214.620267,216.441696,26496100
2020-01-24,217.453591,217.684889,213.627625,214.620255,37436500
2020-01-27,209.772803,211.324392,209.300575,210.18721,42264400
2020-01-28,211.67132,213.907156,211.112361,213.415649,26731900
2020-01-29,214.600989,214.841919,212.818117,213.762558,28924500
2020-01-30,212.384438,214.620258,211.719469,214.523895,39568100
2020-01-31,215.420158,215.449069,210.370264,211.121979,52015800
2020-02-03,212.153108,214.803335,212.008556,214.311844,25408600
2020-02-04,217.241566,219.593043,216.499499,219.217194,30691200
2020-02-05,221.857824,221.896367,218.619727,219.940018,38534800
2020-02-06,220.489301,221.896337,219.70869,221.838516,22467100
2020-02-07,220.845888,222.079447,220.248372,220.88443,25884900
2020-02-10,220.152042,223.563602,220.094222,223.55397,21478900
2020-02-11,224.787516,225.529584,223.004629,223.592499,30198000
2020-02-12,224.912844,225.876563,224.353885,225.770554,24471300
2020-02-13,224.199636,226.406546,223.929796,225.481384,22773200
2020-02-14,225.838002,226.33914,225.07667,226.127121,23438500
2020-02-18,225.028405,226.637814,224.787476,226.213776,24394500
2020-02-19,227.563019,228.854399,227.293179,228.382172,22230500
2020-02-20,227.881049,228.353262,223.467214,226.261993,42604000
2020-02-21,225.134453,225.519935,221.000104,221.915634,66017200
2020-02-24,213.637291,216.114056,212.268811,213.357819,84522600
2020-02-25,215.150342,215.863499,206.949095,207.556229,97743000
2020-02-26,208.847582,212.288051,207.103238,208.625916,79537700
2020-02-27,203.248341,208.568074,198.044264,198.179184,121822600
2020-02-28,191.433157,199.65368,190.980208,198.333389,148173700
2020-03-02,201.301693,208.712697,198.468356,208.56813,112933900
2020-03-03,209.233096,211.642394,200.087395,201.879913,131953500
2020-03-04,205.580607,210.408836,203.701343,210.302826,73086200
2020-03-05,204.973458,208.510306,202.477428,203.913361,78705500
2020-03-06,197.244405,201.561863,195.548264,200.47287,89828400
2020-03-09,186.460358,193.861728,185.140068,186.547104,116424000
2020-03-10,193.813539,196.887806,186.653099,196.704697,100599200
2020-03-11,192.117433,193.466634,185.737602,188.137268,89168800
2020-03-12,175.483602,183.858323,170.520455,170.886673,137820700
2020-03-13,180.282966,187.424114,171.667313,185.361755,134882000
2020-03-16,167.831699,177.979661,163.022749,163.157669,92054400
2020-03-17,169.103795,177.700167,163.62023,175.531799,121257100
2020-03-18,165.383891,172.717796,160.748403,170.192856,114156300
2020-03-19,169.315843,176.832856,165.403145,171.214371,120896500
2020-03-20,175.146351,176.235344,163.928659,164.506882,118983900
2020-03-23,165.069903,168.247305,159.284918,164.625656,124639800
2020-03-24,173.752207,177.538035,171.859286,177.373856,94881800
2020-03-25,178.107859,183.02364,173.819824,176.060425,88754900
2020-03-26,177.576691,186.123789,177.325596,185.331848,79887600
2020-03-27,180.531948,183.989418,178.339654,178.957748,58845000
2020-03-30,180.657481,185.901635,179.962123,185.467026,49356900
2020-03-31,185.158006,188.567184,182.724254,183.883179,62659300
2020-04-01,178.445923,181.237007,174.669746,176.070114,53715400
2020-04-02,175.036691,183.59344,174.775928,179.643417,56465300
2020-04-03,179.199189,180.667168,175.084986,177.093796,47487600
2020-04-06,183.960443,190.885034,182.714602,189.755081,64763500
2020-04-07,195.443477,195.723559,189.291507,189.677811,69904500
2020-04-08,191.36788,194.284518,189.455654,193.705063,45940400
2020-04-09,195.42416,196.264378,192.217787,193.985153,68252600
2020-04-13,193.154596,196.457538,191.94738,196.080887,42853900
2020-04-14,200.137154,205.226783,199.35488,204.608688,63959600
2020-04-15,201.344329,204.579674,200.030877,202.26181,47036000
2020-04-16,204.444492,207.032757,202.512946,205.951096,64657400
2020-04-17,208.771134,209.099494,204.821127,207.921249,62863200
2020-04-20,206.057301,208.491053,205.294347,205.458527,38249100
2020-04-21,203.391798,203.932629,196.660359,197.877228,72932800
2020-04-22,201.943139,205.081902,201.19949,203.74913,40089100
2020-04-23,204.54105,207.100358,202.908907,203.314529,43278500
2020-04-24,203.749111,206.965136,202.329423,206.520874,34231900
2020-04-27,208.790464,209.215406,207.158305,208.182022,36451700
2020-04-28,209.881792,209.881792,203.980919,204.260986,46862800
2020-04-29,208.790408,212.441027,207.776343,211.504227,48716400
2020-04-30,212.421725,212.508641,209.910725,211.417328,43359500
2020-05-01,207.158282,209.254007,204.434795,205.458527,48795000
2020-05-04,204.222322,208.075746,203.893948,207.853622,32841000
2020-05-05,209.997658,212.605241,209.427855,210.210129,37783100
2020-05-06,211.89053,213.474397,210.64469,211.504227,36455200
2020-05-07,214.227768,215.10661,212.875677,214.227768,38624800
2020-05-08,215.898521,217.298889,214.865137,217.163681,31852300
2020-05-11,215.840587,220.128606,215.608796,219.104889,35714100
2020-05-12,219.703651,220.292773,214.488469,214.517441,41054100
2020-05-13,215.039015,216.922269,209.292669,211.832642,65521200
2020-05-14,210.509527,214.276036,208.597301,214.237411,51549300
2020-05-15,211.291787,215.686057,210.857192,215.628113,55747200
2020-05-18,218.535104,220.852953,217.75283,219.645737,42398100
2020-05-19,219.906491,221.982912,218.950385,219.095245,36237300
2020-05-20,221.644874,223.827516,221.625555,223.470184,37417000
2020-05-21,223.518481,224.194519,220.52458,221.036438,43642900
2020-05-22,220.630831,222.002227,219.71335,221.799423,28762400
2020-05-26,225.372784,225.575603,220.959195,221.200638,33055300
2020-05-27,220.862624,222.523755,216.275203,222.407852,55665600
2020-05-28,221.268249,225.479019,221.210305,222.118134,42784300
2020-05-29,222.494803,225.604594,220.930241,225.372803,50691800
2020-06-01,224.503585,226.425464,224.059323,226.048813,25776000
2020-06-02,226.473781,227.623053,224.069001,227.565109,33383400
2020-06-03,228.173516,229.342108,227.294674,228.588806,37228700
2020-06-04,228.241103,229.651124,225.681796,226.985596,38716100
2020-06-05,228.134881,232.075237,227.565079,231.486115,47365600
2020-06-08,231.341227,233.407981,229.767028,233.28244,32937300
2020-06-09,232.422925,235.822435,232.239425,234.972565,35046300
2020-06-10,236.662665,239.33786,236.14114,237.792618,58084400
2020-06-11,233.8716,235.252648,225.952264,226.010208,72919400
2020-06-12,230.906672,232.171833,223.808249,227.806549,72034800
2020-06-15,224.484298,231.254362,223.547497,230.578323,45307400
2020-06-16,235.436156,236.025278,230.916345,234.537994,48890100
2020-06-17,236.034918,237.097274,234.422079,235.281616,34749300
2020-06-18,234.962901,236.160465,234.190294,235.919022,30578600
2020-06-19,238.285152,238.545914,234.151645,235.880386,49422100
2020-06-22,235.748796,238.834972,235.458573,238.709213,24068700
2020-06-23,240.305494,242.975657,239.754054,240.740845,32767400
2020-06-24,239.986257,241.214925,234.278293,235.777847,46032400
2020-06-25,235.864939,238.322262,233.291512,238.022354,36940800
2020-06-26,237.780446,237.954595,231.87898,232.401413,52824600
2020-06-29,232.159573,234.945841,229.624853,234.936157,34377800
2020-06-30,234.868432,240.083,234.684614,239.541229,38909200
2020-07-01,239.579898,243.333618,239.038127,242.337143,34689200
2020-07-02,244.784814,245.99413,243.517454,243.981827,31956500
2020-07-06,247.13576,250.50249,247.116406,249.980087,34589000
2020-07-07,249.728527,252.389022,247.958072,248.25798,36578200
2020-07-08,249.58338,251.556961,248.151539,251.527939,30426300
2020-07-09,253.443495,254.314197,249.244756,253.646652,40312900
2020-07-10,253.501558,255.629965,250.821725,255.378418,32885300
2020-07-13,258.222677,261.008944,249.302767,250.125107,64108100
2020-07-14,247.600018,252.301851,244.533196,251.895508,72230500
2020-07-15,253.308049,254.140073,249.109309,252.408325,54523900
2020-07-16,249.622106,251.324832,247.300226,250.68631,47594100
2020-07-17,251.140937,251.837503,248.799719,250.976486,35137900
2020-07-20,251.615041,258.725823,250.367049,258.096985,40610100
2020-07-21,259.664256,259.67394,254.565792,255.407471,43243800
2020-07-22,255.900937,257.236027,254.004709,256.307251,29865500
2020-07-23,255.900821,256.607042,248.199879,249.612381,51363500
2020-07-24,245.771595,248.567531,243.140138,247.242126,54054500
2020-07-27,248.886757,252.040631,248.103123,251.653656,36445700
2020-07-28,250.870062,251.392495,248.161207,248.451431,31302400
2020-07-29,249.989734,252.176187,249.515692,251.31514,27556900
2020-07-30,249.351181,253.191969,248.199911,252.630859,41774500
2020-07-31,257.255311,257.294017,252.360003,257.139221,53686300
2020-08-03,259.277216,261.357232,259.151442,260.612305,32081600
2020-08-04,260.109196,261.676494,259.364269,261.579742,24911300
2020-08-05,262.063546,262.682701,261.173477,262.227997,21612100
2020-08-06,262.034488,266.030072,261.395966,265.701141,28048200
2020-08-07,265.159314,265.933293,260.486532,262.634277,44969400
2020-08-10,262.924527,263.127713,257.990543,261.512054,35088400
2020-08-11,260.351113,261.637841,256.016945,256.558716,43104300
2020-08-12,258.716135,263.959711,258.667745,263.011597,38773400
2020-08-13,263.785554,265.884909,262.67299,263.61142,31895700
2020-08-14,264.230657,264.501542,261.908776,263.30191,30799500
2020-08-17,265.014236,266.862073,263.340562,266.359009,24803000
2020-08-18,267.423251,269.396833,265.962388,268.922791,23529500
2020-08-19,268.884042,269.938561,266.600868,267.113617,31999400
2020-08-20,266.320382,271.302757,265.914038,270.819031,27723400
2020-08-21,271.012564,273.150627,270.364358,272.695923,34748900
2020-08-24,275.965797,276.691387,272.115326,274.398529,36418500
2020-08-25,273.624559,276.749441,273.179539,276.555939,34866600
2020-08-26,277.803894,282.708883,276.52685,282.457336,42216700
2020-08-27,283.434517,284.28588,279.313161,281.576996,49482700
2020-08-28,282.815378,283.637719,281.460951,283.008881,28021000
2020-08-31,283.531262,287.09148,283.095897,285.282349,36321000
2020-09-01,287.933258,290.274506,286.162833,290.158417,36216200
2020-09-02,293.40901,293.62185,287.227003,292.905945,50836800
2020-09-03,288.397612,288.900677,275.153184,278.055542,110083300
2020-09-04,276.265694,279.526004,262.953541,274.350128,123959000
2020-09-08,263.359894,269.164609,260.883218,261.163788,99568600
2020-09-09,266.668549,270.934987,264.114461,268.835632,64837900
2020-09-10,271.796048,273.015047,261.753888,263.475952,69667500
2020-09-11,265.227078,266.262259,258.213048,261.647522,71809000
2020-09-14,265.430183,268.197112,264.075756,266.204163,38525200
2020-09-15,269.948242,271.322037,266.175184,269.977264,41849900
2020-09-16,270.770551,271.234909,265.323789,265.672058,42321000
2020-09-17,258.841897,265.468952,258.000218,261.521759,81570800
2020-09-18,262.943869,263.234093,254.082002,258.18399,86251100
2020-09-21,253.927284,258.938681,251.64408,258.803253,57168600
2020-09-22,261.202443,264.191867,257.864751,263.61142,41128900
2020-09-23,263.292255,263.476073,254.681931,255.562317,48837300
2020-09-24,252.882358,259.954431,252.717878,256.752167,70631700
2020-09-25,257.255274,263.534031,255.697661,262.721375,55242400
2020-09-28,267.578011,268.177856,262.827845,268.177856,58438300
2020-09-29,267.616713,268.671233,266.407397,266.968536,27050000
2020-09-30,267.161939,271.941156,266.891054,268.796936,49380800
2020-10-01,272.618426,273.672946,270.731882,273.063446,50020200
2020-10-02,267.036202,273.053757,264.540188,265.381866,75497400
2020-10-05,267.345768,271.360689,267.239362,271.041443,28184600
2020-10-06,270.354541,272.037898,265.323778,266.204163,49704200
2020-10-07,268.845338,271.602554,268.255177,270.809265,27539700
2020-10-08,273.208531,273.27626,271.186559,272.250763,25443300
2020-10-09,273.895476,276.488271,273.508501,276.410858,30201100
2020-10-12,281.093255,287.778354,280.048419,284.943726,79370700
2020-10-13,286.743212,287.381705,283.56994,284.934052,64240000
2020-10-14,285.737096,286.704548,280.812766,282.554169,36949100
2020-10-15,277.852323,281.24806,277.213801,280.657928,42514200
2020-10-16,282.302587,283.724743,278.771392,279.11969,40570700
2020-10-19,281.035279,281.993077,273.585912,274.563019,36756800
2020-10-20,275.298188,278.258589,273.740604,275.153076,32195400
2020-10-21,275.404695,277.968438,274.456581,274.940308,29306100
2020-10-22,275.772312,276.672066,271.680007,274.930634,32196200
2020-10-23,275.501373,275.636831,272.608701,275.472351,24658500
2020-10-26,273.189207,276.014152,267.75213,271.34137,38421100
2020-10-27,272.337865,274.282454,271.080189,273.460114,30559100
2020-10-28,268.961559,269.571059,262.547342,262.798889,53413500
2020-10-29,264.114548,270.393305,263.65016,267.394226,43246300
2020-10-30,265.41086,266.281561,258.377492,260.612305,65838300
2020-11-02,263.002034,264.617663,258.280859,261.192902,39987400
2020-11-03,263.108366,267.8102,262.024824,265.710815,43604100
2020-11-04,274.359798,279.371194,272.695779,277.571747,75728200
2020-11-05,283.976386,285.775863,282.496185,284.808411,52054200
2020-11-06,284.150447,285.746738,280.396727,285.021149,40959800
2020-11-09,287.96223,289.403755,278.742409,279.197113,86537100
2020-11-10,275.888415,277.32991,271.486489,274.195374,69024900
2020-11-11,276.720432,280.803083,274.156689,280.329041,36102900
2020-11-12,281.296478,282.563839,277.900711,279.013275,34414600
2020-11-13,280.725694,282.080121,278.500535,281.460938,24806900
2020-11-16,281.161,283.956951,280.5515,283.657043,30168400
2020-11-17,283.85055,284.179481,282.118802,282.757324,21843500
2020-11-18,282.205939,283.821569,280.580596,280.667664,28069600
2020-11-19,280.116238,283.173392,279.448694,282.8638,22718400
2020-11-20,282.786356,283.531313,280.841796,280.928864,25907300
2020-11-23,281.925298,283.22168,278.694011,280.938507,26875600
2020-11-24,282.002693,285.379122,280.203246,284.885712,24516800
2020-11-25,285.949958,287.275363,285.001844,286.636841,23326800
2020-11-27,288.600695,290.400172,288.204036,289.277924,17163100
2020-11-30,289.597218,290.206717,285.185637,289.868103,27836200
2020-12-01,292.141635,295.208473,291.038725,293.58313,27521300
2020-12-02,292.412519,294.299063,290.574365,293.960449,23620000
2020-12-03,294.270059,295.924395,293.650875,294.376465,22828700
2020-12-04,294.424779,295.721191,293.74758,295.57605,19332100
2020-12-07,295.759932,297.617454,295.576113,297.249817,20851000
2020-12-08,296.775719,298.555828,295.024633,298.25592,18341500
2020-12-09,298.043132,298.323672,290.43894,291.503143,48839300
2020-12-10,289.47138,293.795893,288.387839,292.673645,27519500
2020-12-11,291.019354,292.151286,288.755519,292.025513,26760400
2020-12-14,293.215451,296.088785,293.147751,294.144226,28804800
2020-12-15,296.398444,297.288513,294.211992,297.288513,25709000
2020-12-16,297.685185,299.707157,296.640319,298.923523,25461900
2020-12-17,300.519763,301.109895,299.320132,300.877716,23730500
2020-12-18,301.516222,301.825814,297.598022,299.968292,41173400
2020-12-21,297.022867,299.940186,294.250952,299.407135,37095500
2020-12-22,300.308508,301.142011,297.40089,300.221283,26176300
2020-12-23,300.269697,300.628298,298.554213,298.70929,21201300
2020-12-24,298.971004,300.473262,298.893481,300.027435,16785000
2020-12-28,302.63461,303.526292,300.802796,303.051361,22497700
2020-12-29,304.379154,304.999461,302.421369,303.322723,25871900
2020-12-30,304.485724,304.805549,302.712061,303.332367,18138100
2020-12-31,303.235439,304.563247,302.159635,304.078644,21611400
2021-01-04,305.406509,305.580989,295.7823,299.785126,45305900
2021-01-05,298.796458,302.527906,298.796458,302.2565,29323400
2021-01-06,297.546231,302.275961,296.557652,298.069611,52809600
2021-01-07,300.725268,306.114051,300.696193,305.280548,30394800
2021-01-08,307.56782,309.55471,305.377405,309.20578,33955800
2021-01-11,306.249721,307.422452,304.088381,304.737762,32746400
2021-01-12,304.776493,305.861999,301.616902,304.253143,29266800
2021-01-13,304.514855,307.102618,303.913952,306.307892,22898400
2021-01-14,306.753709,307.75199,304.194991,304.669922,23500100
2021-01-15,304.456616,305.416121,301.015918,302.2565,35118700
2021-01-19,304.572864,307.170328,303.477657,306.666351,24537000
2021-01-20,310.281672,314.739997,306.763449,313.799866,30728100
2021-01-21,315.137328,317.056366,313.761072,316.310059,25130600
2021-01-22,315.273077,316.407031,314.710921,315.399078,21609400
2021-01-25,318.781517,320.1481,311.512472,318.006134,39080600
2021-01-26,318.7235,319.605481,317.143689,318.471497,25498100
2021-01-27,316.213169,316.222841,307.587212,309.593475,55264000
2021-01-28,310.795224,316.368157,310.174918,311.425201,42836300
2021-01-29,309.738816,310.843725,303.128854,304.873413,55259000
2021-02-01,308.314119,313.576931,306.288482,312.491425,35646000
2021-02-02,315.457151,318.742743,315.292373,317.589386,33930800
2021-02-03,319.663477,320.03178,316.271257,316.329407,24824500
2021-02-04,317.725125,320.157812,316.40699,320.070587,22350900
2021-02-05,321.020485,322.164141,319.382524,321.156158,22732000
2021-02-08,322.842539,323.462816,321.204579,323.307739,20462800
2021-02-09,322.37723,324.499793,322.367529,323.239838,17597500
2021-02-10,324.674339,325.129867,319.353407,322.503326,28068700
2021-02-11,324.034585,324.683965,321.892648,324.276886,22046100
2021-02-12,323.433681,326.254073,322.386951,326.089325,20346800
2021-02-16,326.884105,327.775788,324.044338,325.207397,27080800
2021-02-17,322.23194,325.32371,320.002778,323.646973,31360300
2021-02-18,320.060891,323.588785,318.248451,322.231903,32236200
2021-02-19,323.579141,323.705142,319.808945,320.826599,39157700
2021-02-22,316.445777,317.705733,312.307278,312.510803,47256900
2021-02-23,307.238329,313.247419,301.423093,311.580383,97241900
2021-02-24,308.924738,314.458926,306.230346,314.148773,58206300
2021-02-25,311.493085,314.051773,301.655622,303.196655,110182600
2021-02-26,306.123704,309.283295,301.306749,304.46637,104739800
2021-03-01,309.438419,313.964625,308.149388,313.625397,49164500
2021-03-02,314.265014,314.342538,308.34318,308.595154,48370000
2021-03-03,307.500018,308.440149,299.581621,299.639771,86301100
2021-03-04,299.271473,302.431095,290.868443,294.735596,139131600
2021-03-05,297.352327,300.075793,288.290276,299.174438,121523700
2021-03-08,298.631804,300.512067,290.286953,290.703705,88409800
2021-03-09,298.001828,304.069069,297.468777,302.169403,80391100
2021-03-10,306.4242,306.724652,300.618665,301.306793,76798100
2021-03-11,306.046191,310.01024,305.154538,308.246307,53484800
2021-03-12,304.194962,308.430416,301.801051,305.745697,69315600
2021-03-15,306.065628,309.176771,304.427667,309.011993,42955700
2021-03-16,311.202343,314.216589,309.273632,310.708038,54925900
2021-03-17,307.674387,313.877298,305.958874,311.987335,78258700
2021-03-18,307.112282,308.091189,301.975502,302.43103,82718100
2021-03-19,302.266282,305.038226,300.124345,303.497192,78446200
2021-03-22,305.889174,311.255649,305.889174,309.188629,56194800
2021-03-23,310.275664,311.595434,307.024716,307.839874,53455400
2021-03-24,309.208158,309.246983,302.502482,302.648041,64803700
2021-03-25,300.804192,303.63786,298.300495,302.123962,78729000
2021-03-26,301.910527,306.976174,300.513135,306.655945,63519600
2021-03-29,306.122183,307.616624,303.230291,306.568573,54608000
2021-03-30,304.608387,305.598216,302.32787,305.025665,44635700
2021-03-31,306.81112,311.255676,306.471464,309.693298,55032500
2021-04-01,313.516828,315.108318,313.264507,314.972473,55685600
2021-04-05,317.456825,322.027543,317.214218,321.260895,42172500
2021-04-06,320.950415,322.988295,320.261388,321.03775,33537200
2021-04-07,320.562193,322.648642,319.630588,321.814056,32046400
2021-04-08,324.667079,325.356076,323.871319,325.171692,29940800
2021-04-09,323.813155,327.345535,323.075648,327.141724,36664900
2021-04-12,326.103316,327.131969,324.832055,326.714691,25833000
2021-04-13,328.238334,330.994352,328.024838,330.528564,30374000
2021-04-14,330.771142,330.897303,325.744321,326.559479,42564300
2021-04-15,329.431931,331.896832,326.278033,331.508636,36342800
2021-04-16,332.032634,332.110285,330.023837,331.89679,40860100
2021-04-19,330.324765,331.479549,326.937943,328.859406,34533100
2021-04-20,328.199542,329.480487,324.492491,326.462463,38081800
2021-04-21,325.181535,329.441739,324.094658,329.257355,36598100
2021-04-22,328.869129,329.849243,324.133424,325.288239,45936100
2021-04-23,325.91898,330.69348,325.91898,329.383423,36381900
2021-04-26,329.626011,331.809479,328.878761,331.528046,30812000
2021-04-27,331.819192,332.032688,329.140825,330.091827,33187200
2021-04-28,329.761815,330.77107,328.325568,328.975769,33615700
2021-04-29,332.246086,332.663364,326.937834,330.159668,37708900
2021-04-30,327.714355,330.198654,327.083551,327.995758,38263400
2021-05-03,329.19911,329.94633,325.802603,326.248993,29729700
2021-05-04,323.696631,324.01689,316.563965,320.377777,65147000
2021-05-05,322.425353,323.28905,318.524236,319.300568,46219300
2021-05-06,319.038593,321.862548,316.796902,321.707275,46814300
2021-05-07,324.482736,326.695316,321.88199,324.31778,53324500
2021-05-10,322.939697,323.114367,315.923477,316.127289,60700500
2021-05-11,310.246514,316.486373,309.586599,315.690613,71963600
2021-05-12,310.760856,313.080169,306.655926,307.519623,91164900
2021-05-13,310.460052,312.8667,307.529334,309.897186,69877800
2021-05-14,313.0608,317.650916,312.556157,316.738739,44370000
2021-05-17,315.030787,316.719326,311.944826,314.817291,39395000
2021-05-18,315.768324,316.991046,312.420328,312.692047,36528500
2021-05-19,307.296412,313.351887,306.947042,313.051056,66319100
2021-05-20,314.535819,319.96052,314.312639,319.106537,46466100
2021-05-21,320.659248,321.076526,316.981339,317.340393,50330400
2021-05-24,319.63063,323.803498,317.233666,322.677795,32475800
2021-05-25,324.191594,324.909703,321.949903,323.124115,31280300
2021-05-26,323.793683,324.715574,323.104686,324.249786,25444900
2021-05-27,323.803452,324.647722,322.833022,323.036804,27931700
2021-05-28,324.24014,325.647275,323.735527,324.055756,29927400
2021-06-01,325.385163,325.860694,321.629604,322.978516,31145400
2021-06-02,323.395818,324.453583,321.891663,323.609314,22047900
2021-06-03,320.775607,322.046868,318.572742,320.241882,37057800
2021-06-04,322.037218,326.12272,321.969281,325.676331,38736500
2021-06-07,325.142575,326.704982,324.453578,326.646759,32611900
2021-06-08,328.393614,329.257312,325.123269,326.802124,27282800
2021-06-09,328.170388,328.946721,326.695316,326.8797,21485300
2021-06-10,327.219356,330.392652,326.772967,330.285919,33702100
2021-06-11,330.295644,331.159341,329.645473,331.149628,21222800
2021-06-14,331.576542,334.33256,330.392616,334.322876,27827700
2021-06-15,333.973532,334.284077,331.421296,332.139435,35963800
2021-06-16,332.605247,333.672727,327.471693,330.926422,55399500
2021-06-17,329.917061,336.137521,329.868552,335.128265,59722700
2021-06-18,333.468904,334.614005,331.751224,332.498474,55414900
2021-06-21,332.689876,334.885602,330.47473,334.564972,32992600
2021-06-22,334.360981,338.130623,334.059801,337.683716,28941600
2021-06-23,337.625347,338.995244,337.013262,337.848785,27188500
2021-06-24,339.7822,341.462973,339.238131,339.937653,32581600
2021-06-25,340.501209,340.744098,338.917568,339.519928,28682800
2021-06-28,340.802335,343.785019,340.744045,343.648987,39130300
2021-06-29,343.474145,344.921754,342.638622,344.892609,29426000
2021-06-30,344.737127,345.125773,343.765571,344.348511,32724000
2021-07-01,343.99878,344.989756,342.648303,344.484558,29290000
2021-07-02,346.379059,348.759382,346.145895,348.438782,32727200
2021-07-06,349.041101,350.226401,346.349873,349.944641,38842400
2021-07-07,352.140409,352.441589,348.730238,350.683075,35265200
2021-07-08,345.621251,349.420037,344.338819,348.565063,50890000
2021-07-09,347.982149,351.217416,347.399209,350.741364,35184500
2021-07-12,352.140443,352.56793,350.566498,352.111298,25717700
2021-07-13,351.732377,355.074531,351.256324,352.111298,39723000
2021-07-14,354.452716,355.093946,351.916969,352.742798,35336400
2021-07-15,352.655369,352.859387,348.263917,350.26532,53391600
2021-07-16,351.120276,352.101556,347.0786,347.428375,47262000
2021-07-19,343.979306,345.077169,342.026499,344.581696,64404600
2021-07-20,345.514414,350.032142,343.73645,348.584534,42183700
2021-07-21,348.15704,351.275726,347.933572,351.275726,30259900
2021-07-22,351.479734,353.607443,351.479734,353.597748,30252200
2021-07-23,354.919057,358.008598,353.56861,357.726868,31960800
2021-07-26,357.037141,358.397344,356.172472,358.008698,28438100
2021-07-27,357.746292,357.746292,349.915554,354.064087,57933100
2021-07-28,355.200786,356.99817,352.907899,355.424225,42066200
2021-07-29,354.860762,357.221635,354.860762,356.055786,25672500
2021-07-30,352.130685,354.783043,352.10154,354.200104,36484600
2021-08-02,355.861485,356.444425,353.520032,354.229279,27334100
2021-08-03,354.890016,356.493077,351.703313,356.376495,35558500
2021-08-04,356.337533,357.843462,355.229975,356.891327,29602200
2021-08-05,357.707421,359.388224,356.998205,359.15506,21443900
2021-08-06,357.892051,358.863607,356.473588,357.581146,33332100
2021-08-09,358.037834,358.766501,356.940001,358.241882,25960200
2021-08-10,358.756696,359.04815,355.220218,356.405518,35130800
2021-08-11,357.668552,358.164025,354.4624,355.793427,34249800
2021-08-12,355.288208,357.435338,353.937731,357.075867,25969200
2021-08-13,357.425684,358.659549,356.930181,358.329224,19336200
2021-08-16,357.211944,358.523521,353.354867,358.48468,34856900
2021-08-17,355.735185,356.706741,352.898259,355.327148,44793900
2021-08-18,354.792749,356.191791,351.576901,351.907227,38541900
2021-08-19,349.973813,355.278499,349.721199,353.607422,48499400
2021-08-20,354.676136,357.668544,354.365231,357.270203,39486000
2021-08-23,358.309785,363.303596,358.30009,362.6138,34034700
2021-08-24,363.20639,364.323673,362.740033,363.721313,21732900
2021-08-25,363.973951,364.712343,363.225834,364.139099,20441900
2021-08-26,363.284208,363.964279,361.389662,361.826874,29133300
2021-08-27,362.458289,365.849009,361.972512,365.343811,27104700
2021-08-30,366.130778,369.929564,366.111328,369.443787,27295700
2021-08-31,369.686708,369.754694,367.597839,369.142639,29628200
2021-09-01,370.201637,371.824118,369.550681,369.7547,28138300
2021-09-02,371.105153,371.435479,368.365359,369.579803,25453400
2021-09-03,368.43336,371.114864,368.41394,370.716522,24605400
2021-09-07,370.823479,371.892197,369.667326,371.241241,23970200
2021-09-08,371.06635,371.06635,367.685354,369.949066,32949200
2021-09-09,370.172504,371.280063,368.433411,368.6763,29399000
2021-09-10,370.386268,371.10521,365.547909,365.878235,40249400
2021-09-13,368.20983,368.637316,363.57552,365.625488,48741800
2021-09-14,367.11205,367.840717,363.633894,364.586029,41826600
2021-09-15,365.042705,367.646467,362.749817,367.296692,34097900
2021-09-16,365.965676,368.122531,364.042014,367.549316,35193100
2021-09-17,367.073244,367.12181,362.157174,363.196716,60912300
2021-09-20,357.403647,359.144668,351.052356,355.691833,76203200
2021-09-21,357.520436,358.716785,355.00132,356.129578,41927500
2021-09-22,357.043762,360.914851,355.944682,359.455902,46972900
2021-09-23,360.613398,363.803633,359.971456,362.772644,44652000
2021-09-24,360.506449,363.531353,360.136843,363.113098,36056800
2021-09-27,360.068741,361.089994,357.666336,360.21463,43338100
2021-09-28,355.662743,360.16601,349.515695,350.021454,97701600
2021-09-29,351.285892,353.425667,348.825132,349.447601,58076600
2021-09-30,351.091362,352.754556,347.327277,348.163727,61384600
2021-10-01,348.786129,351.3636,344.681618,350.322876,56375500
2021-10-04,348.70844,349.039131,340.732865,342.96991,76766000
2021-10-05,344.030033,349.846389,343.806346,347.599609,47232900
2021-10-06,344.38989,350.099271,343.485348,349.826935,56806500
2021-10-07,352.87123,355.682153,352.336294,353.036591,39411200
2021-10-08,354.116225,354.349678,350.741188,351.276154,41822300
2021-10-11,349.739346,353.260302,348.494377,348.58194,34847200
2021-10-12,350.031155,350.468822,346.724209,347.36615,43905100
2021-10-13,349.671368,350.819068,347.648275,350.147949,40120800
2021-10-14,353.736922,356.810447,353.075539,356.596466,43433900
2021-10-15,357.812273,358.959973,356.781284,358.843262,40419900
2021-10-18,357.549612,362.665671,356.946584,362.451691,34513500
2021-10-19,363.521589,365.243139,362.500336,365.194519,29091000
2021-10-20,365.651645,366.264409,363.239505,364.717926,31390300
2021-10-21,363.920347,367.139759,363.618833,366.945221,25469300
2021-10-22,365.690585,366.653482,362.198836,363.86203,36275800
2021-10-25,365.282053,368.501466,363.336787,367.587189,32597800
2021-10-26,369.824175,372.236285,367.56766,368.744537,47191300
2021-10-27,369.191976,372.664282,368.929375,369.600494,45760500
2021-10-28,371.497151,373.957911,370.728763,373.705017,38007000
2021-10-29,370.63149,375.708635,370.281356,375.543274,37310100
2021-11-01,375.980993,376.953626,373.899574,376.827179,30765300
2021-11-02,376.214378,378.879412,376.165758,378.402802,25135300
2021-11-03,378.889107,382.837994,377.848413,382.419769,33748900
2021-11-04,383.684322,388.275152,383.13965,387.32196,40265300
2021-11-05,389.092092,390.016075,386.290904,387.691498,43383800
2021-11-08,387.662312,388.683565,386.524318,387.16626,29256300
2021-11-09,388.236127,388.63491,383.139541,384.501221,50490700
2021-11-10,381.729297,384.540191,376.924487,378.850311,54937400
2021-11-11,381.82652,382.001587,379.560268,379.900696,32243000
2021-11-12,381.048387,384.43316,379.453284,383.898224,34730600
2021-11-15,385.07514,385.396096,381.369411,383.810699,33716900
2021-11-16,383.081222,387.039846,382.886714,386.543823,27872900
2021-11-17,386.864758,388.780846,385.78515,386.748047,28703300
2021-11-18,388.790663,391.26113,386.57306,390.755371,45721500
2021-11-19,392.389318,394.208137,391.562574,392.93399,45191700
2021-11-22,394.470773,397.524825,388.26537,388.372345,61715400
2021-11-23,387.214907,389.276914,382.166969,386.602173,70098700
2021-11-24,384.121967,388.12921,381.797389,387.847168,46954400
2021-11-26,385.269651,386.660539,379.103161,380.494049,51533300
2021-11-29,385.055685,389.763225,384.32621,388.751678,54447100
2021-11-30,387.866579,390.210628,381.02897,383.042328,81332700
2021-12-01,387.380284,389.520089,376.058851,376.525696,77766500
2021-12-02,375.241752,381.019193,373.821716,379.239288,84416600
2021-12-03,380.60106,381.602871,368.530679,372.644928,105349100
2021-12-06,373.131125,376.992478,368.919608,375.630798,67588800
2021-12-07,382.273909,387.555299,382.234996,386.942535,56005300
2021-12-08,387.273355,388.878194,385.376709,388.67392,39204000
2021-12-09,387.448363,389.24774,382.760265,382.954803,49973700
2021-12-10,385.765702,387.380276,382.594909,387.117676,52545800
2021-12-13,387.107866,387.428822,381.155358,381.524963,50166400
2021-12-14,376.700657,379.41431,373.131111,377.57605,75199200
2021-12-15,377.323287,386.543859,373.374399,386.18396,73858000
2021-12-16,387.146827,387.574788,374.66793,376.253326,82591400
2021-12-17,372.839383,378.539028,371.322078,374.37616,80492500
2021-12-20,369.653832,371.533404,367.608688,370.744568,65336800
2021-12-21,374.016792,379.353639,370.267396,379.041992,48899500
2021-12-22,378.749863,383.862709,378.087635,383.658203,37042200
2021-12-23,384.008768,388.02113,383.843226,386.550598,29595500
2021-12-27,387.845831,392.939209,387.816615,392.939209,32820700
2021-12-28,393.835193,394.010484,390.241591,391.118073,33113700
2021-12-29,391.254418,392.520444,388.683373,391.059631,32248500
2021-12-30,390.84537,393.026871,389.30666,389.890991,23850100
2021-12-31,389.218919,390.582338,386.959521,387.456207,34752900
2022-01-03,388.624952,391.439466,386.511659,391.186249,40575900
2022-01-04,391.731585,391.770548,383.015419,386.112335,58027200
2022-01-05,384.427497,385.547477,373.997302,374.250519,75739800
2022-01-06,372.429433,377.230631,370.19925,373.98761,70814300
2022-01-07,373.997322,375.682137,368.163818,369.936249,72652300
2022-01-10,365.027939,370.6959,359.661877,370.179718,91770500
2022-01-11,369.449314,375.906112,367.365237,375.74057,68295700
2022-01-12,378.311456,380.006018,374.951605,377.230469,54576400
2022-01-13,378.61344,379.295165,366.858789,367.793701,77994000
2022-01-14,365.271421,370.413481,365.066885,370.082367,80121200
2022-01-18,364.268321,366.391362,360.109855,360.869476,75450900
2022-01-19,362.427648,364.901299,356.642827,356.905792,81791500
2022-01-20,360.129353,364.102751,351.734553,352.270172,88610700
2022-01-21,350.078915,352.718108,342.219735,342.502167,143388900
2022-01-24,336.873206,344.732387,325.420423,344.070129,198685800
2022-01-25,337.613297,341.859378,332.75364,336.094025,124398400
2022-01-26,343.69026,347.556546,331.877151,335.568146,146559500
2022-01-27,340.272089,342.093231,331.166347,332.188934,95255700
2022-01-28,334.068319,342.823446,329.121048,342.609192,108167900
2022-01-31,343.972781,354.149761,342.336648,353.56543,94326400
2022-02-01,354.909396,356.623426,349.757617,355.970917,74433000
2022-02-02,360.100183,360.431297,354.773083,358.863342,78777100
2022-02-03,349.163477,352.474647,343.252048,344.313568,95384800
2022-02-04,344.829661,351.958434,342.774799,348.657013,86318300
2022-02-07,349.251141,351.61765,344.596018,345.852325,58198100
2022-02-08,344.712838,350.828773,343.583139,349.738037,64720900
2022-02-09,354.256942,357.22725,352.659772,357.149353,55766400
2022-02-10,350.127622,356.915533,347.225492,349.066101,112468500
2022-02-11,349.06609,350.66326,336.766041,337.993134,101569100
2022-02-14,337.438051,341.810771,334.905999,338.411926,80254400
2022-02-15,343.690323,347.059923,342.628802,346.826202,55128800
2022-02-16,344.576521,347.761082,341.547754,346.738525,58947100
2022-02-17,343.52473,344.225922,336.006412,336.425201,61801400
2022-02-18,337.360117,337.749662,330.280055,332.588135,80001500
2022-02-22,329.647004,335.052029,325.615176,329.247711,85967100
2022-02-23,332.403105,333.240623,320.502348,320.813995,86215400
2022-02-24,310.510336,332.130376,309.945502,331.594727,130614100
2022-02-25,332.393371,336.941382,328.575797,336.736847,78842100
2022-02-28,333.562026,339.434492,332.403112,337.739929,77515500
2022-03-01,336.717414,338.98653,330.046361,332.568695,67407000
2022-03-02,334.117099,339.483161,331.351297,338.148956,70609000
2022-03-03,340.78818,340.895322,331.458468,333.318573,71089400
2022-03-04,330.961811,332.393409,326.170361,328.488159,76936300
2022-03-07,328.4784,329.637314,316.168602,316.373108,89933800
2022-03-08,315.584344,324.505047,311.58173,314.902649,116153900
2022-03-09,323.083088,327.592135,320.492576,326.238434,64723400
2022-03-10,322.177375,323.823226,318.174732,322.615601,69362700
2022-03-11,325.585965,325.897612,315.438172,315.92511,66228400
2022-03-14,314.68823,318.057829,309.156627,309.857819,79802600
2022-03-15,312.497086,320.356266,310.890198,319.577148,76471000
2022-03-16,323.492152,331.54609,319.820624,331.42923,105243000
2022-03-17,329.53013,335.499989,328.234889,335.441559,67810000
2022-03-18,333.786025,342.599615,332.627111,342.307434,85446300
2022-03-21,341.472747,343.695927,336.967856,341.355713,73799100
2022-03-22,341.85302,348.932105,341.472755,348.06427,63345900
2022-03-23,345.187768,348.746801,343.00357,343.062073,70615500
2022-03-24,344.983096,350.736089,342.828179,350.687317,53555300
2022-03-25,350.628754,351.681857,346.094642,350.394745,57584200
2022-03-28,350.384964,355.913676,349.146624,355.816162,56833900
2022-03-29,359.706788,362.563763,356.937566,361.939728,68073000
2022-03-30,360.07729,361.734937,356.459754,357.941864,68757700
2022-03-31,358.088104,358.439148,352.666665,353.505249,67011400
2022-04-01,353.768465,354.548517,349.65363,352.832397,54527800
2022-04-04,353.670942,360.106471,353.407682,360.09671,45950200
2022-04-05,358.644002,359.355821,350.960371,352.101227,62738700
2022-04-06,346.787029,347.888873,341.823877,344.456604,90077100
2022-04-07,343.461911,347.469502,340.000391,345.275574,63777400
2022-04-08,343.539928,344.290728,339.815118,340.448914,61956100
2022-04-11,336.2171,337.133677,332.053522,332.394806,66107400
2022-04-12,337.14344,339.025336,329.615827,330.990692,72790200
2022-04-13,331.331962,338.771823,330.610413,337.71875,61367800
2022-04-14,337.806426,338.323217,329.781514,329.996033,73519400
2022-04-18,328.943031,332.541076,327.42191,330.249634,58560600
2022-04-19,329.606008,338.206214,328.582187,337.63092,56515700
2022-04-20,338.440227,338.898515,331.487908,332.706757,65500000
2022-04-21,336.587607,339.200812,324.896416,325.822723,75801000
2022-04-22,325.978731,327.19758,316.861734,317.290771,82562100
2022-04-25,315.662418,321.67864,314.394797,321.366608,101755900
2022-04-26,319.309157,319.494424,308.963552,309.236603,105819600
2022-04-27,309.334169,314.833631,307.150001,308.86615,111204200
2022-04-28,313.829293,321.668939,309.607182,319.835785,99450000
2022-04-29,315.633131,319.07516,304.809747,305.443542,91977900
2022-05-02,305.034082,310.777314,301.933336,310.543304,115511800
2022-05-03,310.562754,313.166229,308.105565,310.874786,78185500
2022-05-04,311.352594,322.058977,306.067681,321.386169,116083400
2022-05-05,317.066558,317.144551,301.904056,305.199829,154607400
2022-05-06,303.200859,307.237671,297.506371,301.543213,139572800
2022-05-09,295.917112,301.640823,288.350486,289.744843,113387300
2022-05-10,296.921379,298.140228,289.179247,293.264832,124124600
2022-05-11,291.002699,296.511892,283.699364,284.567169,140326100
2022-05-12,280.286542,288.379688,277.839084,283.894318,120910900
2022-05-13,288.350352,295.448926,286.751208,294.415344,83684900
2022-05-16,292.670094,294.727527,289.725364,291.002716,59190400
2022-05-17,296.862871,298.920274,293.060039,298.540009,62715300
2022-05-18,294.025432,294.71773,282.626752,283.884613,79477100
2022-05-19,282.080713,287.053623,280.413306,282.363464,79920700
2022-05-20,285.825047,286.478333,273.227007,281.485931,91764200
2022-05-23,282.529264,286.546586,280.130577,286.166321,63648400
2022-05-24,280.949561,281.66135,275.216091,280.081726,73491100
2022-05-25,278.589969,286.078603,278.385211,284.001678,67144500
2022-05-26,283.202044,293.420886,282.919262,291.870483,59462200
2022-05-27,295.000575,301.543351,294.88357,301.397095,66985600
2022-05-31,301.367794,303.571453,296.745898,300.597473,60968300
2022-06-01,302.732873,304.858539,296.160848,298.374268,65341700
2022-06-02,297.252936,306.720948,295.839059,306.545441,59291300
2022-06-03,301.328798,302.732914,297.321235,298.569336,60914700
2022-06-06,303.005902,304.566035,298.00374,299.563873,51785000
2022-06-07,296.238819,302.927878,295.146735,302.147797,44900300
2022-06-08,301.348316,303.951792,299.125136,299.97348,38342100
2022-06-09,298.286496,301.348229,291.772974,291.938721,55900500
2022-06-10,286.332005,287.521603,281.193348,281.641876,85963500
2022-06-13,272.77841,275.303862,267.688495,268.54657,94442000
2022-06-14,270.740477,271.715556,266.528128,269.034088,64697500
2022-06-15,272.456668,279.681979,269.716668,275.752411,86051400
2022-06-16,268.722054,269.180342,262.569307,264.62674,81910300
2022-06-17,265.397115,270.282273,263.768749,267.844574,82703400
2022-06-21,272.325793,276.917486,272.218342,274.602081,51633700
2022-06-22,272.101125,278.60764,271.505197,274.201599,67472900
2022-06-23,276.682969,279.135131,273.84981,278.285187,57457800
2022-06-24,281.108645,288.240425,280.874186,287.820312,58422300
2022-06-27,289.178225,289.744845,284.576783,285.710052,54151500
2022-06-28,286.247436,288.836358,276.819839,277.005463,61609800
2022-06-29,276.868624,278.763916,274.367625,277.259399,57302700
2022-06-30,274.279726,277.39621,269.424265,273.820557,79313600
2022-07-01,272.521224,276.018705,270.64546,275.62793,56675100
2022-07-05,271.895887,280.463757,270.371842,280.346527,61829300
2022-07-06,280.7276,284.244639,279.008153,282.144165,63194700
2022-07-07,282.955025,288.88514,282.955025,288.181732,56620100
2022-07-08,285.348647,289.911034,284.410779,288.543304,59895500
2022-07-11,286.130129,286.354809,281.499379,282.378632,55273900
2022-07-12,283.629238,285.544059,278.05081,279.64325,55797100
2022-07-13,274.133139,281.411424,273.566489,279.066742,73939400
2022-07-14,276.468082,280.932767,273.351597,280.063293,63741800
2022-07-15,283.052798,285.250944,281.4408,285.143463,63818100
2022-07-18,287.927809,289.334625,281.558081,282.730408,59519600
2022-07-19,286.354871,291.718366,284.752682,291.425262,55172600
2022-07-20,291.845316,297.228309,291.063735,296.046204,67769400
2022-07-21,296.505405,300.354605,293.848091,300.29599,55049400
2022-07-22,299.367889,301.439026,293.203314,295.030212,57127700
2022-07-25,295.059492,295.52844,291.34708,293.349823,40582400
2022-07-26,291.649946,291.903963,286.774957,287.585815,50074100
2022-07-27,292.148247,301.429307,291.581597,299.739166,69304400
2022-07-28,299.524191,303.246382,295.772693,302.669983,55139900
2022-07-29,304.21361,309.098378,302.787236,308.189789,57501000
2022-08-01,306.42149,311.462574,305.327307,308.00415,46358800
2022-08-02,305.708337,311.208561,304.65321,307.085815,48676500
2022-08-03,308.766159,316.269185,308.707544,315.448547,53735700
2022-08-04,315.5267,317.236369,313.37739,316.923737,38973700
2022-08-05,311.83384,316.366889,311.052289,314.334839,53894000
2022-08-08,315.253135,318.946018,311.853326,313.318756,43878500
2022-08-09,311.423484,311.677502,308.150714,309.77243,39764200
2022-08-10,317.109373,318.711592,314.637682,318.418488,51459600
2022-08-11,320.743639,322.746382,315.907707,316.611115,45897700
2022-08-12,318.66273,322.971099,317.607633,322.775726,40928400
2022-08-15,321.827999,325.88235,321.808441,325.384094,38266600
2022-08-16,324.407231,326.712857,321.574071,324.622162,41186900
2022-08-17,321.486144,323.791741,318.838579,320.919495,47842200
2022-08-18,320.870647,322.87339,319.258679,321.691284,41937200
2022-08-19,318.652964,319.307506,314.657197,315.41922,51770600
2022-08-22,311.159714,311.394174,306.304254,307.115112,51098900
2022-08-23,306.880673,309.694305,306.108872,306.861145,39497100
2022-08-24,306.382394,309.567272,305.776687,307.750153,38057100
2022-08-25,309.528227,313.211361,308.482909,313.191803,38098300
2022-08-26,312.898727,314.10039,300.266723,300.354645,69047700
2022-08-29,297.599592,300.139677,296.290477,297.39444,48321900
2022-08-30,299.04546,299.660945,291.561993,294.08252,51184500
2022-08-31,296.984147,297.882958,292.265474,292.372925,50044000
2022-09-01,289.88168,292.871156,286.198575,292.499908,57990700
2022-09-02,295.37211,296.749618,286.755374,288.367371,64666800
2022-09-06,288.846068,289.764406,284.166452,286.296204,57005400
2022-09-07,286.774953,293.076285,286.511156,292.079803,49260400
2022-09-08,290.008683,294.912979,288.640954,293.594086,55649800
2022-09-09,295.850893,300.510982,293.594132,300.012726,56125200
2022-09-12,301.390186,303.910713,301.077553,303.578552,45905700
2022-09-13,294.844637,296.036522,286.042304,286.931335,79562200
2022-09-14,288.074311,290.086833,286.306027,289.207581,54907200
2022-09-15,287.292789,289.696087,282.789017,284.391235,65299400
2022-09-16,281.08909,283.042997,279.037481,282.652222,79920400
2022-09-19,280.008739,285.00993,279.950019,284.853333,52613800
2022-09-20,282.347853,284.87294,280.282791,282.582764,51271100
2022-09-21,283.424381,287.691569,277.385762,277.522766,82931000
2022-09-22,275.996018,277.004088,272.88373,274.107117,62757100
2022-09-23,271.640741,271.934372,266.22848,269.644196,74815200
2022-09-26,269.174455,273.539491,267.735751,268.528503,71176700
2022-09-27,271.895197,274.244093,266.316543,268.636108,69780100
2022-09-28,268.616551,275.261996,267.13872,273.979889,79652100
2022-09-29,269.986736,270.368447,263.116208,266.081696,81216000
2022-09-30,265.259609,269.331044,261.413288,261.569885,78482400
2022-10-03,263.341325,269.301661,261.834104,267.70636,61267400
2022-10-04,273.050099,276.827932,273.050099,276.12326,66696900
2022-10-05,272.355204,277.767465,269.55611,275.97644,55766300
2022-10-06,274.978175,278.12962,273.480751,273.803741,53489400
2022-10-07,269.164577,269.291814,262.039576,263.370636,71354700
2022-10-10,263.5664,263.957907,258.026932,260.737946,60393000
2022-10-11,259.064348,261.931959,255.472472,257.155853,66522500
2022-10-12,257.792076,259.710338,256.372965,257.067841,50580200
2022-10-13,249.727447,264.417882,248.8466,263.096619,112894100
2022-10-14,265.425965,266.022963,254.601443,255.188644,77244300
2022-10-17,261.158817,264.486423,261.06094,263.615387,64576500
2022-10-18,270.642482,271.307997,263.018328,265.700012,69781000
2022-10-19,264.182974,267.853133,262.362589,264.731049,53115400
2022-10-20,263.840457,268.988478,262.215826,263.380463,60605500
2022-10-21,262.274522,270.0944,261.139216,269.556122,77897700
2022-10-24,269.820359,273.451362,266.17956,272.521606,63963600
2022-10-25,273.461173,278.540677,271.983313,278.158966,59014500
2022-10-26,272.53138,277.933874,271.52331,272.012665,63492400
2022-10-27,270.896948,272.355215,266.54168,267.060394,57760300
2022-10-28,266.433989,275.702366,266.267596,275.232574,62651300
2022-10-31,272.981606,273.803718,270.113965,272.032257,47742000
2022-11-01,275.506621,276.064492,268.890537,269.252655,45895900
2022-11-02,269.223297,272.286662,259.954921,260.023438,79803100
2022-11-03,257.410336,258.868603,254.562289,254.94397,70038900
2022-11-04,259.876709,260.933702,253.564021,259.0448,78313200
2022-11-07,260.092061,262.431191,257.958482,261.892883,47333800
2022-11-08,263.409822,267.040825,259.86687,263.8013,63213800
2022-11-09,262.059217,262.842172,257.429911,257.713745,64862100
2022-11-10,270.13361,277.023703,268.019594,276.730103,99256700
2022-11-11,276.544078,282.494647,275.203251,281.829102,66961800
2022-11-14,279.773804,283.052485,278.384053,279.362762,55290700
2022-11-15,285.988605,287.016268,279.88147,283.228668,73985400
2022-11-16,281.271257,283.316756,278.54065,279.362762,48859800
2022-11-17,274.899865,280.224046,274.743268,278.746185,55462100
2022-11-18,281.760626,281.858473,276.309208,278.755981,53588600
2022-11-21,277.366197,278.521067,275.056458,275.888367,40083500
2022-11-22,276.622413,280.018506,274.488804,279.861938,41873400
2022-11-23,279.88148,283.297165,279.705319,282.670807,46390000
2022-11-25,281.07549,281.780161,280.321894,280.811249,15498800
2022-11-28,278.834325,280.850464,275.761192,276.690948,38714200
2022-11-29,276.915971,277.317246,273.226249,274.596436,35618900
2022-11-30,274.860677,287.221779,274.009205,287.114105,74718100
2022-12-01,287.437101,289.45324,284.686931,287.466461,51547300
2022-12-02,282.396747,287.202212,282.220556,286.32135,53583200
2022-12-05,284.197584,285.469894,280.057633,281.51593,41482100
2022-12-06,281.359332,281.496335,274.29305,275.6828,53937600
2022-12-07,274.498561,276.553857,272.84454,274.557281,45614300
2022-12-08,275.907942,278.775553,273.833083,277.806641,42594900
2022-12-09,276.788752,279.558515,275.594725,276.035156,47860500
2022-12-12,276.211337,279.558536,275.173908,279.499786,35732500
2022-12-13,290.334099,290.559213,279.822771,282.504425,80667700
2022-12-14,281.917164,285.205642,277.160652,280.409973,64984400
2022-12-15,276.318994,276.984539,269.800816,270.994843,60554100
2022-12-16,270.319536,271.856087,266.805944,268.411041,68300400
2022-12-19,268.680786,268.769077,263.40272,264.638855,44167900
2022-12-20,263.471389,266.179103,261.891909,264.432831,51064200
2022-12-21,265.472763,269.573555,264.629043,268.268768,46394700
2022-12-22,265.257002,265.384544,257.487053,261.705597,60278400
2022-12-23,260.439985,262.961297,258.536741,262.294159,39373600
2022-12-27,261.685945,261.793876,258.046249,258.585815,38009000
2022-12-28,258.183499,260.439906,254.808677,255.171661,47139000
2022-12-29,257.977528,262.333403,257.28099,261.391602,45893600
2022-12-30,258.625016,261.362161,257.32023,261.234619,37858300
2023-01-03,263.559722,265.0313,257.163271,259.46875,42335300
2023-01-04,261.587805,262.382455,257.555664,260.704834,47754900
2023-01-05,259.037068,259.20383,256.309743,256.623657,45396700
2023-01-06,258.360101,264.825231,255.407124,263.706818,54659700
2023-01-09,265.698455,270.073971,264.805723,265.413971,45568700
2023-01-10,264.383751,267.768393,263.873614,267.660461,35247800
2023-01-11,268.729852,272.398977,267.944992,272.291046,44077000
2023-01-12,272.850293,274.792788,268.553279,273.762665,60600000
2023-01-13,271.260966,275.891534,270.927412,275.646271,44802900
2023-01-17,275.450045,277.490651,274.282591,276.205475,36269700
2023-01-18,277.745722,279.295802,272.408825,272.614838,47754500
2023-01-19,270.986287,272.124312,268.700448,269.936554,44150400
2023-01-20,271.54544,277.657376,270.485887,277.323822,60613600
2023-01-23,278.167577,284.711179,277.372927,283.484863,52799900
2023-01-24,281.866184,284.063732,281.346228,282.906097,44875100
2023-01-25,278.393209,282.896236,275.852288,282.278198,50872000
2023-01-26,285.702065,287.958473,283.053211,287.781891,51596300
2023-01-27,286.467253,292.60865,286.349532,290.646545,56441900
2023-01-30,287.379591,288.802129,284.397214,284.769989,49405800
2023-01-31,284.809235,289.135678,284.701334,289.037567,46705100
2023-02-01,288.831602,297.680683,286.761566,295.218262,67562200
2023-02-02,301.742298,307.736514,300.918218,305.81366,83070600
2023-02-03,299.162167,306.47102,298.769751,300.378662,76170800
2023-02-06,297.759236,300.113756,296.49367,297.837708,40802300
2023-02-07,297.710175,305.136749,296.591791,304.008545,67584000
2023-02-08,302.693907,303.635709,297.916187,298.602905,56720900
2023-02-09,302.988174,303.135326,294.511898,295.963837,49137800
2023-02-10,293.80556,295.855956,291.617803,294.021393,50050100
2023-02-13,295.424297,299.319076,294.247022,298.730438,39636700
2023-02-14,297.150958,301.889427,295.208463,300.937805,64079100
2023-02-15,299.122824,303.410018,298.436106,303.243256,43100600
2023-02-16,298.612715,302.585965,297.40601,297.553162,59498600
2023-02-17,295.365383,296.209074,292.451657,295.453674,58230700
2023-02-21,291.627642,293.06979,288.3215,288.458832,46526700
2023-02-22,289.037637,290.744658,287.016671,288.674652,51389200
2023-02-23,292.324219,292.481191,287.006901,291.196014,69294400
2023-02-24,286.231869,287.418934,284.554248,286.32016,74332000
2023-02-27,289.479138,290.872216,287.781907,288.370544,48995000
2023-02-28,287.742658,290.509233,287.409104,287.997742,48243100
2023-03-01,287.703492,288.36078,284.701473,285.682526,58287000
2023-03-02,283.190562,288.851223,282.906048,288.046753,53565900
2023-03-03,289.793017,294.237182,289.28285,294.001709,60511500
2023-03-06,295.237939,298.239957,294.139165,294.335358,56736300
2023-03-07,294.384403,295.306595,290.116819,290.725067,65955800
2023-03-08,291.146879,292.775429,289.292706,292.177002,50876300
2023-03-09,292.677358,295.277171,286.300517,287.114807,71456700
2023-03-10,287.281513,288.772732,281.934797,283.082611,98593600
2023-03-13,281.297079,288.890413,279.786251,285.182037,97123600
2023-03-14,288.733426,292.28483,287.889736,291.735443,73602500
2023-03-15,289.125949,293.599545,287.683801,293.265991,83631500
2023-03-16,292.353634,301.359689,291.558984,300.996704,98198100
2023-03-17,300.908374,303.292324,297.621843,299.574127,89923700
2023-03-20,298.95711,300.961534,296.746325,300.637299,56359500
2023-03-21,302.572957,305.383096,301.059789,304.931122,49757000
2023-03-22,304.862332,309.755547,300.617648,300.784668,75791900
2023-03-23,304.518491,308.674748,301.659205,304.35144,74576000
2023-03-24,303.928944,305.569821,301.600255,305.471588,57195200
2023-03-27,306.16916,307.249995,302.52383,303.378662,50287400
2023-03-28,302.798929,302.828405,299.458164,301.767212,48585900
2023-03-29,305.461726,307.888678,304.646175,307.269653,53274300
2023-03-30,309.745706,310.806899,307.358065,310.17804,58354800
2023-03-31,310.404082,315.572416,310.099487,315.336578,62138100
2023-04-03,313.214146,314.835412,311.887699,314.570099,47126800
2023-04-04,315.012335,316.024383,312.290594,313.509003,45875400
2023-04-05,312.555846,313.499106,308.596086,310.413849,62795700
2023-04-06,308.763151,312.99803,307.367916,312.506744,46916500
2023-04-10,309.578677,312.379011,307.790391,312.329865,45134700
2023-04-11,312.290551,312.349533,309.814483,310.325409,40113600
2023-04-12,312.280796,312.870344,307.122297,307.584106,62813300
2023-04-13,309.342824,314.078823,308.163756,313.607208,54613800
2023-04-14,312.05477,314.776481,310.109268,313.0177,56278300
2023-04-17,312.605043,313.636761,310.531832,313.28302,43007000
2023-04-18,315.395494,315.818022,312.103904,313.302612,46746900
2023-04-19,310.895372,314.216467,310.767633,313.155273,38960100
2023-04-20,310.187834,313.705425,309.480382,310.767548,62462100
2023-04-21,310.404076,311.868098,308.625625,311.091858,59002300
2023-04-24,310.865888,312.202171,308.271886,310.44339,44043100
2023-04-25,308.812324,309.480465,304.489017,304.58725,57121600
2023-04-26,307.977123,309.45098,305.913717,306.434479,55400500
2023-04-27,310.197773,315.267815,309.559078,314.766724,65430400
2023-04-28,314.53083,317.026569,313.400879,316.938141,59712600
2023-05-01,316.476352,317.98952,315.493781,316.574615,41013400
2023-05-02,316.505834,316.830099,312.074428,313.813599,56519400
2023-05-03,314.177126,316.849721,311.651911,311.76001,59882100
2023-05-04,311.534019,312.68364,309.627828,310.659546,50224500
2023-05-05,312.919443,318.117253,310.698822,317.262421,51806100
2023-05-08,316.800638,318.392398,315.719803,318.048492,36465800
2023-05-09,316.387891,317.252558,315.71975,316.03418,31768800
2023-05-10,318.470964,320.328038,315.994895,319.473206,60446600
2023-05-11,320.023454,321.055142,318.470975,320.51474,44278500
2023-05-12,321.045239,321.467768,317.311481,319.365051,48432800
2023-05-15,319.836732,321.330229,318.313728,321.094421,33375600
2023-05-16,320.377143,323.167641,320.337832,321.457977,40019200
2023-05-17,322.519159,325.928682,321.340091,325.348969,47486100
2023-05-18,325.74203,331.607982,325.72239,331.391815,64213500
2023-05-19,331.607889,332.315342,329.583796,330.644989,61554900
2023-05-22,330.389522,332.767357,330.379687,331.75531,43015900
2023-05-23,330.035861,331.185452,327.196216,327.549927,48216700
2023-05-24,325.594541,327.107708,323.81609,325.869659,62891200
2023-05-25,333.229225,335.066628,330.802272,333.799103,66862800
2023-05-26,334.820991,343.163011,334.722728,342.32782,63007000
2023-05-30,346.562649,347.761387,342.455509,343.880249,72652200
2023-05-31,342.298339,344.489484,340.470771,341.924957,65105400
2023-06-01,341.669535,347.201386,340.618176,345.874939,50488600
2023-06-02,347.63362,349.628238,345.874839,348.468811,53372100
2023-06-05,348.252698,351.269199,347.68282,348.714508,47266200
2023-06-06,348.10525,349.618417,346.778773,348.655487,41390400
2023-06-07,348.9405,350.895807,342.111619,342.740479,69225900
2023-06-08,343.035235,347.456805,342.809262,346.994995,47153900
2023-06-09,348.449211,351.426401,346.877091,348.321472,53196900
2023-06-12,349.982078,354.305386,349.009342,354.207123,44606500
2023-06-13,356.958248,357.763933,353.755057,356.928772,57097800
2023-06-14,356.938599,359.80772,354.138296,359.522766,69525600
2023-06-15,358.255302,365.290517,357.636308,363.806854,71138800
2023-06-16,366.223888,366.351627,361.075226,361.517365,80932000
2023-06-20,360.065173,362.397056,358.038302,360.999878,49204700
2023-06-21,359.858506,360.291433,355.155375,356.080261,53378300
2023-06-22,354.830667,360.438986,354.427256,360.281586,47603000
2023-06-23,356.385251,359.012328,355.017619,356.709961,48922900
2023-06-26,356.178637,358.972963,351.839551,351.928101,52685500
2023-06-27,353.472912,358.707369,352.744822,357.979248,49428100
2023-06-28,356.159026,360.625997,356.080296,358.677856,46498000
2023-06-29,358.382642,359.022214,356.316436,357.959564,46151000
2023-06-30,361.639386,364.53211,361.324555,363.47934,58712500
2023-07-03,364.118894,364.96505,363.036577,364.335358,19432900
2023-07-05,362.770922,366.027691,362.731557,364.3255,34460900
2023-07-06,360.616137,361.993618,358.658118,361.550842,49374700
2023-07-07,361.324564,364.522301,360.124182,360.350464,47133700
2023-07-10,360.074975,361.147443,357.565993,360.468536,48498800
2023-07-11,360.891638,362.702045,358.75652,362.249451,38214100
2023-07-12,366.352385,368.172641,364.345181,366.824677,61975400
2023-07-13,370.002732,373.879375,369.422223,373.052887,46960000
2023-07-14,373.485779,376.703183,372.098449,372.974152,55148500
2023-07-17,373.692405,377.332917,373.210294,376.457214,40868900
2023-07-18,375.817683,380.904558,373.88921,379.536896,55262000
2023-07-19,380.599563,381.740912,378.120068,379.448364,54093000
2023-07-20,376.457288,377.923348,369.678101,370.701385,71941700
2023-07-21,373.082409,373.810529,369.156581,369.589508,60499600
2023-07-24,370.563583,371.508137,368.320249,370.179871,40380100
2023-07-25,370.888315,374.351699,370.868617,372.688873,38894400
2023-07-26,371.645892,373.141439,369.14673,371.449097,47075700
2023-07-27,376.909858,378.523469,369.274637,370.563568,63940200
2023-07-28,374.617305,378.336517,374.105677,377.313263,56902900
2023-07-31,377.618287,378.690755,376.191592,377.51004,44019900
2023-08-01,376.162077,377.391976,374.568133,376.634369,41060600
2023-08-02,373.161157,373.161157,367.129729,368.369476,72687100
2023-08-03,365.958827,369.904352,365.791548,367.779083,47666400
2023-08-04,369.707551,372.019767,365.555412,366.05722,61702800
2023-08-07,367.867624,369.254953,365.535741,369.156555,37230400
2023-08-08,366.647606,366.667273,362.889028,366.017883,44726500
2023-08-09,366.303161,366.460591,361.235985,361.993591,51150900
2023-08-10,365.004421,368.339891,361.137627,362.662689,72035300
2023-08-11,360.104484,362.082171,358.825402,360.350464,48707200
2023-08-14,359.553424,364.512383,358.835183,364.394318,42130800
2023-08-15,363.420313,364.217315,359.858531,360.527618,45539900
2023-08-16,359.986398,361.521309,356.611563,356.709961,53190500
2023-08-17,358.107087,358.451464,352.40037,352.813599,62604300
2023-08-18,349.547068,353.630326,349.005895,352.370911,61191400
2023-08-21,353.836954,358.727033,353.374511,358.048126,50696500
2023-08-22,360.655475,360.665324,356.847713,357.536469,44530200
2023-08-23,358.717165,364.266482,358.500701,363.174316,51770600
2023-08-24,366.64753,366.745898,355.204549,355.411163,66842500
2023-08-25,356.247544,359.85851,352.813647,358.166168,69960500
2023-08-28,361.088373,361.796796,358.392445,360.862091,40910000
2023-08-29,360.66532,369.097513,360.34064,368.743286,58492400
2023-08-30,368.851512,371.380191,367.847895,370.799652,41731500
2023-08-31,370.878396,373.61369,370.809515,371.911499,35730700
2023-09-01,374.282785,374.705863,370.032248,371.517975,39801200
2023-09-05,370.711091,373.210254,369.786205,371.990204,32344200
2023-09-06,371.212969,371.557347,366.706633,368.713806,42998700
2023-09-07,364.256648,366.854209,363.213696,366.076904,52060700
2023-09-08,366.02772,368.822047,365.62431,366.588531,35800100
2023-09-11,369.619058,371.419617,367.65122,370.90799,39936600
2023-09-12,369.235266,370.888273,366.509821,366.795166,41391000
2023-09-13,367.031305,369.796115,365.899804,368.192322,46300700
2023-09-14,369.943649,372.186983,367.877443,371.203064,48039400
2023-09-15,369.865008,370.268419,363.91228,364.847015,69811200
2023-09-18,363.906939,366.340737,363.621181,365.227295,36903500
2023-09-19,363.906956,365.247009,361.423872,364.448883,37621700
2023-09-20,365.513106,365.867815,359.118208,359.197052,45514200
2023-09-21,355.511872,356.300164,352.447468,352.61496,69734800
2023-09-22,354.358976,356.497154,352.348868,352.664185,51589700
2023-09-25,351.698521,354.427941,350.713178,354.339233,39168000
2023-09-26,351.757624,352.299581,348.033028,349.018372,53657700
2023-09-27,350.171286,351.747841,346.210187,349.836273,56066000
2023-09-28,348.919894,354.891101,348.06265,352.762756,56453300
2023-09-29,356.240982,357.630319,351.787211,353.01889,64829600
2023-10-02,353.284984,357.364289,352.674076,355.965118,51625100
2023-10-03,353.521459,355.718785,348.102071,349.718048,60478500
2023-10-04,350.555557,355.324615,350.092444,354.477234,54786700
2023-10-05,354.467368,354.871362,349.934813,353.43277,45897400
2023-10-06,350.437361,360.546993,349.649098,359.354736,75049100
2023-10-09,356.989837,361.729335,355.492126,361.187408,45304800
2023-10-10,361.522451,365.838259,361.019946,363.187683,46968800
2023-10-11,364.517906,365.966362,362.793555,365.779144,38215100
2023-10-12,366.281631,368.262151,362.113619,364.507996,49587900
2023-10-13,365.138683,365.720032,358.527008,359.926208,52469900
2023-10-16,361.246581,365.050022,361.098785,363.995697,44201100
2023-10-17,360.448391,364.498167,358.329909,362.803375,50999100
2023-10-18,360.310466,362.517626,356.71394,358.044159,54280500
2023-10-19,359.463089,360.655346,353.895905,354.694031,72274200
2023-10-20,354.191464,354.762979,349.17607,349.40271,72559700
2023-10-23,348.082351,353.99441,345.973702,350.457031,60665200
2023-10-24,352.270051,354.634869,350.57526,353.866302,47082100
2023-10-25,351.472,351.649354,344.623851,345.2052,71190500
2023-10-26,344.003012,344.9391,337.33225,338.623047,78621400
2023-10-27,341.352481,343.727162,339.036918,340.248901,63476700
2023-10-30,342.731933,345.402235,341.372185,344.081879,55298500
2023-10-31,344.111409,346.101791,341.539647,345.727356,47671900
2023-11-01,346.56493,352.289772,346.46639,351.728119,58992700
2023-11-02,356.240983,358.349601,355.019137,358.113129,58162400
2023-11-03,359.403979,363.611385,359.17734,362.320587,53280500
2023-11-06,363.089105,364.360206,361.532276,363.798553,38848700
2023-11-07,364.84302,368.104504,363.6409,367.237427,50777400
2023-11-08,367.611809,368.311425,365.187874,367.473877,35663400
2023-11-09,368.163648,369.30662,364.153294,364.645966,53859400
2023-11-10,366.370343,372.991851,365.838249,372.844055,58309800
2023-11-13,371.267478,372.735629,369.740178,371.681305,40733500
2023-11-14,378.086061,380.598704,377.56383,379.682312,67792600
2023-11-15,381.574193,382.066865,378.6083,379.968079,54141400
2023-11-16,379.199497,380.529716,377.938259,380.293243,45343500
2023-11-17,379.564045,381.396799,378.657546,380.381897,46571900
2023-11-20,380.391708,385.673163,380.391708,385.01297,44429600
2023-11-21,383.308369,383.525146,381.032229,382.776276,43337000
2023-11-22,384.845491,387.308849,383.337917,384.342957,44121000
2023-11-24,383.938988,384.5302,382.80585,383.801056,15718800
2023-11-27,383.308375,385.416994,382.589064,383.466034,34139700
2023-11-28,382.71716,385.052418,382.36242,384.471069,35491100
2023-11-29,386.934443,388.363202,383.751773,384.096649,38811700
2023-11-30,384.36266,384.825773,380.165119,383.130981,52834400
2023-12-01,382.066858,384.815974,380.411488,384.224762,40490100
2023-12-04,380.431197,380.933732,377.051477,380.657837,51186900
2023-12-05,378.756127,382.805874,378.578743,381.613617,42933000
2023-12-06,384.549926,384.648467,379.061587,379.406433,41994100
2023-12-07,382.382124,385.535204,381.288378,384.70752,49593500
2023-12-08,382.973357,386.865445,382.786139,386.422058,46687500
2023-12-11,385.998365,389.989023,385.791451,389.722961,41198000
2023-12-12,389.762349,392.945019,388.629211,392.826782,39221200
2023-12-13,393.7629,398.433418,392.994333,397.82251,55408100
2023-12-14,399.044292,400.344922,394.472285,397.4776,55447800
2023-12-15,398.256046,400.581472,397.655001,399.399048,62896600
2023-12-18,399.79199,402.81316,399.46619,401.914703,46610000
2023-12-19,402.368853,404.086765,402.181261,403.968292,35711900
2023-12-20,403.168573,405.261669,397.787715,397.965424,54042400
2023-12-21,401.894995,402.961308,399.337862,402.595978,45568900
2023-12-22,403.81037,404.768064,401.322357,403.198242,34314000
2023-12-26,404.057182,406.337868,403.958444,405.666504,22722500
2023-12-27,405.949015,406.778789,405.089577,406.49231,31980500
2023-12-28,407.648061,407.895019,405.939104,406.294708,27029200
2023-12-29,406.274999,406.630634,402.620014,404.536407,42662100
2024-01-02,400.901246,401.148204,395.369388,397.690796,58026900
2024-01-03,395.06314,396.120126,393.047987,393.482605,47002800
2024-01-04,391.615637,394.727298,391.240257,391.457581,39432800
2024-01-05,391.625477,394.697616,390.528969,391.921814,44922800
2024-01-08,393.146741,400.308513,392.998572,400.022064,42473800
2024-01-09,397.019051,401.74088,396.821472,400.812317,39132900
2024-01-10,401.128387,404.536385,400.239346,403.528809,33962800
2024-01-11,404.803087,406.195931,399.320609,404.368439,54536200
2024-01-12,405.405702,406.245364,403.183083,404.575928,39595000
2024-01-16,403.341141,406.116943,401.879141,404.536407,43903000
2024-01-17,401.227164,402.629867,398.016715,402.254486,54386000
2024-01-18,405.524229,408.546989,404.180794,407.964172,59562500
2024-01-19,410.167042,416.212561,409.584226,416.054504,70325100
2024-01-22,418.257357,419.561301,415.995216,416.597809,44880600
2024-01-23,417.289267,418.543832,415.451917,418.326508,33003800
2024-01-24,422.238342,424.619017,420.154003,420.647919,46948000
2024-01-25,423.147171,423.818919,418.820498,421.161652,44367200
2024-01-26,419.274834,421.023284,418.000525,418.652496,37137000
2024-01-29,419.10697,423.137337,418.454998,422.939758,38694700
2024-01-30,421.902503,422.475432,419.215602,420.12439,36739000
2024-01-31,415.728571,417.723978,411.71798,411.895782,64010600
2024-02-01,413.693609,417.239918,412.725524,416.746002,51008600
2024-02-02,418.642656,425.004289,417.644968,423.789276,59602400
2024-02-05,423.848534,424.381941,419.828056,423.236084,39889200
2024-02-06,424.381943,424.984535,420.045382,422.386536,35846100
2024-02-07,425.172212,427.562745,423.868268,426.732971,37712700
2024-02-08,426.851507,428.283873,426.169931,427.523254,29889900
2024-02-09,428.659215,432.521636,427.868963,431.731354,36943900
2024-02-12,431.622741,433.79598,429.3606,430.042206,33203300
2024-02-13,422.080305,426.02174,420.154023,423.334839,64491700
2024-02-14,426.011858,428.372758,423.660817,427.947998,45092700
2024-02-15,428.639504,429.686602,426.080996,429.222321,38796100
2024-02-16,429.597697,429.696456,424.619022,425.330261,53716500
2024-02-20,423.334855,424.846235,418.346322,422.119843,53999500
2024-02-21,419.383474,420.519504,416.499026,420.430573,49779000
2024-02-22,429.202502,433.776163,428.431996,432.738953,53887800
2024-02-23,434.29973,435.228293,430.486718,431.464661,39853900
2024-02-26,432.274728,433.262559,431.049798,431.237488,33043200
2024-02-27,432.343875,432.659958,429.735987,432.274719,33713200
2024-02-28,430.13111,431.35604,429.014856,429.973053,32938800
2024-02-29,432.897066,434.734416,429.726107,433.657684,42495200
2024-03-01,434.54672,441.145422,434.487453,440.187225,43853000
2024-03-04,440.187224,440.612014,438.369619,438.616577,34325700
2024-03-05,435.574036,435.583924,428.372743,430.74353,57917100
2024-03-06,434.961606,436.611266,431.573354,433.450226,46234500
2024-03-07,437.036019,441.283678,435.494975,440.029144,44526700
2024-03-08,440.384808,443.180386,433.005712,433.677429,72096000
2024-03-11,432.185826,433.321825,430.141009,432.067291,45860000
2024-03-12,434.378789,438.61656,431.148563,438.260956,55300900
2024-03-13,437.263244,437.28302,433.776203,434.892456,37928700
2024-03-14,436.127225,436.650774,431.079425,433.795959,52195200
2024-03-15,430.763326,433.52924,427.473833,428.639496,73069800
2024-03-18,433.964082,436.248986,432.490248,432.727661,47323800
2024-03-19,430.719653,434.211305,428.622658,433.805756,43004100
2024-03-20,435.002603,439.285552,433.301286,438.949249,43653500
2024-03-21,444.003801,444.458796,440.82868,441.026489,39345700
2024-03-22,440.512074,442.628811,439.661401,441.530884,28253900
2024-03-25,438.73165,441.412233,437.732643,439.928528,27789200
2024-03-26,441.45179,442.37171,438.276669,438.504181,34142000
2024-03-27,441.590268,441.689187,437.129251,439.997742,41359200
2024-03-28,439.948301,440.798974,438.830571,439.186676,36839600
2024-04-01,440.136196,442.668384,438.207368,440.116425,38729000
2024-04-02,435.299336,436.634677,433.271618,436.318146,44259700
2024-04-03,434.19152,439.176778,434.181649,437.297424,39949800
2024-04-04,441.481444,442.094735,430.383327,430.61084,57267700
2024-04-05,432.035232,438.355832,431.224133,435.68515,54744600
2024-04-08,436.614889,437.693044,434.428905,435.81369,28144900
2024-04-09,438.148045,438.425003,432.688021,437.425995,39443600
2024-04-10,432.252828,434.468485,431.540648,433.607941,61502200
2024-04-11,435.477416,441.481454,433.202383,440.531891,45474600
2024-04-12,436.308277,437.435877,432.134118,433.509003,53665000
2024-04-15,437.257824,437.346843,425.536547,426.377319,63453600
2024-04-16,426.219061,429.048008,425.032115,426.416901,47619000
2024-04-17,428.395163,428.414935,420.284229,421.21402,56880500
2024-04-18,421.857014,423.588004,418.236769,418.810486,46549400
2024-04-19,417.633373,418.157614,408.582776,410.145599,75231000
2024-04-22,412.776718,416.604673,409.443332,414.270325,47807700
2024-04-23,416.199116,421.64927,414.319762,420.452423,44384700
2024-04-24,423.548383,425.061761,419.591836,421.87674,48440300
2024-04-25,414.685717,420.699686,413.597691,419.839142,57392200
2024-04-26,422.974736,427.851174,422.282358,426.318024,41874900
2024-04-29,428.424888,429.048049,425.309113,428.049011,30022200
2024-04-30,426.466366,427.861053,419.898513,419.977631,43665900
2024-05-01,418.553246,425.467333,416.090305,416.940948,52251700
2024-05-02,420.679887,423.16263,416.060635,422.262512,36559000
2024-05-03,429.720618,431.738465,427.920382,430.749329,48515300
2024-05-06,432.549533,435.556517,431.778007,435.467499,30227200
2024-05-07,435.91262,437.168813,434.804761,435.536743,30996100
2024-05-08,432.91552,436.684129,432.796798,435.279541,24896700
2024-05-09,435.54665,436.802873,433.696968,436.229156,24580100
2024-05-10,437.732701,439.483462,435.714853,437.257904,27116600
2024-05-13,439.166842,439.265761,436.852265,438.266724,22994200
2024-05-14,437.841417,441.619927,437.653479,441.085785,34478300
2024-05-15,443.558659,448.227387,442.045281,447.980103,41464700
2024-05-16,447.792149,449.750651,446.901932,447.070099,34780400
2024-05-17,447.198652,447.802041,444.656593,446.852478,35803700
2024-05-20,447.070098,450.630967,446.882159,449.968262,24474200
2024-05-21,448.118605,451.036541,447.920765,450.848602,23167700
2024-05-22,451.105756,451.85751,448.158117,450.759552,25120000
2024-05-23,455.546979,455.576652,446.941507,448.731842,40899200
2024-05-24,450.344112,454.241314,448.642796,452.97522,29669500
2024-05-28,454.191894,454.745808,451.728953,454.686462,26216800
2024-05-29,450.532096,453.262093,450.393602,451.481659,29739200
2024-05-30,450.551909,450.690403,445.319366,446.644806,30536800
2024-05-31,446.872257,447.564665,438.246982,445.813873,55941300
2024-06-03,449.63194,450.630948,443.034384,448.207581,32997500
2024-06-04,447.950377,450.630929,446.229288,449.434082,23767400
2024-06-05,453.004931,458.573747,449.473705,458.494629,33817400
2024-06-06,459.177107,459.493638,457.16916,458.336334,21966800
2024-06-07,457.970391,460.680616,456.822988,457.930817,25829700
2024-06-10,456.803206,460.136592,456.516347,459.780487,20660800
2024-06-11,458.504508,463.054543,457.010901,462.935822,22053300
2024-06-12,466.862698,471.323715,466.17032,468.999237,34532600
2024-06-13,472.530519,473.193254,469.266379,471.541382,25859000
2024-06-14,471.343519,474.053774,470.878623,473.984528,23372600
2024-06-17,474.251538,481.571145,472.9459,479.79071,37054500
2024-06-18,479.741308,480.621624,478.178455,479.939117,24438600
2024-06-20,481.135986,481.551406,474.409837,476.239746,33918700
2024-06-21,475.962814,477.298155,473.470199,474.963776,37456800
2024-06-24,473.737251,475.470992,469.417774,469.556458,37751000
2024-06-25,471.646872,475.223318,470.705687,474.926117,29014700
2024-06-26,474.103824,476.45183,473.687743,475.906921,22737100
2024-06-27,475.659229,478.611553,474.84684,477.135376,26222100
2024-06-28,477.927927,482.673432,474.014615,474.658569,34881600
2024-07-01,475.579967,478.007186,471.835088,477.442505,24898300
2024-07-02,475.94654,482.514945,475.817743,482.455505,26723600
2024-07-03,481.702589,486.606611,481.702589,486.477814,18064900
2024-07-05,487.319854,491.986085,487.022624,491.550171,28495900
2024-07-08,491.916766,493.274033,490.896337,492.719238,22109400
2024-07-09,494.234989,495.354495,491.629419,493.145203,25614500
2024-07-10,495.067244,498.841843,493.759531,498.287048,28046900
2024-07-11,498.395979,498.60402,486.170634,487.359467,49966600
2024-07-12,487.93409,494.978017,487.468456,490.222626,37109400
2024-07-15,491.996031,496.355176,489.499455,491.540314,31151400
2024-07-16,492.996653,493.809041,488.568182,491.728546,25950600
2024-07-17,483.74341,484.258568,477.224558,477.293884,56268800
2024-07-18,481.018956,481.197276,471.84498,475.035065,49347400
2024-07-19,474.69823,477.21464,469.536645,470.824554,42042900
2024-07-22,476.68961,478.859266,473.271652,477.838837,40300000
2024-07-23,476.93724,479.929171,475.679051,476.154572,23282500
2024-07-24,469.417742,469.784299,458.212826,459.074738,58818600
2024-07-25,459.411614,463.592408,451.396781,454.012238,59256800
2024-07-26,458.351545,461.601069,455.498298,458.668579,39992100
2024-07-29,461.383116,463.562688,457.33112,459.589935,28218500
2024-07-30,461.521851,462.225246,449.930543,453.279144,41317200
2024-07-31,463.523017,468.397319,462.076591,466.693298,44552100
2024-08-01,467.376867,471.131632,451.743481,455.389282,56653900
2024-08-02,446.70079,449.355883,440.340425,444.580658,66323200
2024-08-05,420.76402,438.180701,419.515747,431.324982,87483500
2024-08-06,433.167671,442.916243,430.522465,435.446289,63164400
2024-08-07,442.341672,444.828361,430.334283,430.73056,54929200
2024-08-08,436.962133,444.818448,433.088457,443.907013,47890100
2024-08-09,442.589365,447.859945,441.469859,446.225281,33574000
2024-08-12,447.196135,450.148428,444.382495,447.186218,27795000
2024-08-13,451.584963,458.549646,451.446249,458.282135,40084500
2024-08-14,459.203569,460.788679,454.141029,458.430817,34733700
2024-08-15,464.40476,470.408454,464.028286,470.012177,38280600
2024-08-16,468.228904,471.983699,467.267915,470.616516,38383600
2024-08-19,470.755252,476.83819,468.971958,476.798553,23737700
2024-08-20,475.887103,478.453036,474.103809,475.797943,29209300
2024-08-21,476.580519,479.86968,474.866612,478.017059,25658800
2024-08-22,480.335376,481.028884,469.407856,470.438202,37739600
2024-08-23,474.787426,478.254908,470.864227,475.540375,36061500
2024-08-26,474.995537,475.916889,468.843211,470.923706,27452600
2024-08-27,469.28896,473.400397,467.327346,472.330444,27510000
2024-08-28,471.864839,472.588037,463.542889,466.970734,37372400
2024-08-29,468.882793,473.489584,465.009117,466.28714,41081500
2024-08-30,470.626448,472.469153,466.138537,471.845001,33466500
2024-09-03,468.80357,468.932337,455.141683,457.519379,44985200
2024-09-04,454.408527,460.134824,453.477258,456.330475,32505100
2024-09-05,454.705725,461.03634,453.685296,456.7565,34452400
2024-09-06,456.053078,456.934823,444.025886,444.52124,50624400
2024-09-09,448.850654,451.228349,445.640766,450.23764,32981200
2024-09-10,452.001091,454.903892,448.028369,454.398621,29680300
2024-09-11,455.637045,465.009145,447.08722,464.266113,57843000
2024-09-12,464.295786,469.635722,462.512522,468.823334,40067800
2024-09-13,468.090292,472.102652,467.862418,470.923706,29111800
2024-09-16,468.793616,469.457374,465.524289,468.84314,22585600
2024-09-17,471.864824,473.16265,466.594244,469.09082,30084400
2024-09-18,470.289597,474.3812,466.455527,467.059875,39909200
2024-09-19,478.126078,481.71247,476.02578,478.86911,52782500
2024-09-20,478.007165,479.196028,473.856092,477.957642,34577700
2024-09-23,479.135293,480.315896,477.795951,479.224579,24843000
2024-09-24,480.633378,482.488603,476.377285,481.536194,25952600
2024-09-25,480.911149,483.937076,480.732578,481.982635,26549900
2024-09-26,489.472979,489.800389,481.962765,485.60379,32020200
2024-09-27,486.625684,486.764593,481.724701,482.905304,22851100
2024-09-30,481.942924,484.552155,479.105529,484.214844,30281100
2024-10-01,483.84777,484.145388,473.62911,477.468536,42735400
2024-10-02,476.565721,480.057937,473.946589,478.143188,23744000
2024-10-03,475.950648,480.722653,475.206572,477.786041,25337200
2024-10-04,483.599773,484.026369,478.579743,483.470795,30686600
2024-10-07,481.556075,482.726747,477.071758,478.292053,24975100
2024-10-08,480.831816,486.119702,480.028216,485.43515,28272000
2024-10-09,485.137486,489.830135,484.095792,489.2547,24995000
2024-10-10,486.972881,490.564282,485.6633,488.699127,25750400
2024-10-11,486.863773,490.484967,486.298298,489.463074,20644500
2024-10-14,491.854027,494.889855,491.348076,493.570374,26060100
2024-10-15,493.897717,494.562438,484.819997,486.97287,34784500
2024-10-16,487.300236,487.806217,483.718765,487.032379,22996800
2024-10-17,492.518728,492.568321,487.310197,487.36972,27210700
2024-10-18,490.157505,491.655587,489.403498,490.56427,25335000
2024-10-21,489.353932,492.310405,487.429254,491.506805,30336500
2024-10-22,488.838043,493.520762,488.084037,492.042511,26685800
2024-10-23,489.691233,490.346024,481.21868,484.502533,39346600
2024-10-24,488.222942,489.105927,485.574048,488.431305,22024900
2024-10-25,491.229022,496.328406,490.524608,491.407593,38762100
2024-10-28,494.522796,494.58232,491.189351,491.486969,20477800
2024-10-29,491.804449,497.389984,489.949224,496.209381,28014100
2024-10-30,495.445463,496.397872,491.973109,492.459229,29756000
2024-10-31,488.490821,488.540414,479.928982,480.028198,41245200
2024-11-01,481.665177,486.873709,481.367559,483.579926,33655800
2024-11-04,482.974742,485.514519,480.425035,482.171143,23291600
2024-11-05,483.758472,488.986865,483.669186,488.322144,24353600
2024-11-06,496.60621,502.410009,495.653802,501.586548,43082200
2024-11-07,504.384228,510.267411,504.324704,509.483612,32853100
2024-11-08,508.987571,510.852726,508.362542,510.078918,22924500
2024-11-11,511.299225,511.507588,506.884393,509.781342,24167500
2024-11-12,509.711896,510.59482,505.802984,508.858643,25835300
2024-11-13,508.352666,510.912244,505.922006,508.203827,24567400
2024-11-14,507.866564,508.739588,503.759251,504.671997,28679500
2024-11-15,498.967416,499.35432,490.584148,492.647736,51461100
2024-11-18,494.195379,498.173715,492.806443,496.070435,27080800
2024-11-19,493.491037,499.969457,493.153696,499.483307,24523000
2024-11-20,499.185626,499.503106,492.637752,499.195557,29565500
2024-11-21,502.241299,502.955613,493.629868,500.991272,34526700
2024-11-22,500.435718,502.529037,498.808657,501.794891,23826600
2024-11-25,505.872415,507.41019,500.276979,502.588562,26375200
2024-11-26,504.066783,506.11054,503.223522,505.287079,26557100
2024-11-27,504.156072,504.225496,497.96534,501.308716,24957400
2024-11-29,501.93375,506.30892,501.318653,505.713654,15334000
2024-12-02,506.973747,512.18228,506.586813,511.21991,25147200
2024-12-03,509.890374,513.06511,509.314939,512.787292,18597900
2024-12-04,516.210173,519.384909,515.495828,519.126953,26086200
2024-12-05,519.176506,519.900721,517.30142,517.688354,18169600
2024-12-06,518.353006,522.559506,518.224028,522.321411,23762600
2024-12-09,521.398728,522.192397,517.102913,518.253784,20674400
2024-12-10,519.484019,521.230127,515.059226,516.487854,24350000
2024-12-11,520.853192,526.418866,520.446458,525.734314,32168600
2024-12-12,523.51192,524.781838,521.865058,522.341248,23577500
2024-12-13,526.269962,528.958517,523.134889,526.339417,28780400
2024-12-16,528.869306,534.891368,528.789921,533.919067,31979900
2024-12-17,532.123384,533.234533,529.911018,531.56781,28579100
2024-12-18,530.923071,532.639387,510.942135,512.390564,54703200
2024-12-19,517.073243,517.638748,509.771393,510.108673,46441800
2024-12-20,506.408189,520.67461,505.267278,514.563232,60530000
2024-12-23,516.277322,519.954027,512.878881,519.576416,29672800
2024-12-24,521.524135,526.711225,520.888152,526.621826,17558200
2024-12-26,524.992193,527.893784,522.994844,526.264099,19090500
2024-12-27,522.696713,523.133944,514.598025,519.268433,33839600
2024-12-30,512.262837,516.088562,508.605994,512.362183,34584000
2024-12-31,513.644033,514.399194,507.045844,508.009735,29117000
2025-01-02,511.060423,513.38571,502.524535,507.016083,36389800
2025-01-03,510.116379,516.376744,509.301598,515.313477,29059500
2025-01-06,520.719279,524.594677,518.741823,521.235962,36109700
2025-01-07,522.279337,522.676781,510.04688,511.934875,36690300
2025-01-08,511.835547,513.663923,507.353946,512.024353,30777800
2025-01-10,508.258225,508.357571,500.745848,503.995239,40532500
2025-01-13,498.042997,502.832613,496.552445,502.375519,31694200
2025-01-14,505.535448,506.946517,498.430492,501.898499,33737200
2025-01-15,509.798447,514.588032,508.238299,513.445312,34957600
2025-01-16,515.710913,515.790426,509.718928,509.848114,28229000
2025-01-17,519.556607,520.768954,509.877968,518.453613,51837900
2025-01-21,521.176332,522.656937,516.78419,521.494324,23628000
2025-01-22,526.234266,530.457495,525.926221,528.162048,33593000
2025-01-23,525.707613,529.404212,525.121363,529.284973,23096600
2025-01-24,529.662484,530.427592,524.823165,526.293823,19878300
2025-01-27,507.781206,514.727167,506.936554,510.971008,60771700
2025-01-28,511.974616,519.705639,508.556312,518.523132,33194200
2025-01-29,519.169115,519.298301,513.644139,517.549377,26649000
2025-01-30,520.411187,522.786086,514.945831,519.75531,27431300
2025-01-31,523.600901,528.171962,517.907014,519.000061,38755200
2025-02-03,510.235588,517.569105,507.830848,514.846375,40580800
2025-02-04,515.363141,521.802304,514.965636,521.166321,26046800
2025-02-05,518.533027,523.690337,517.340574,523.531311,21134100
2025-02-06,524.038218,526.472798,522.428427,526.264099,19434500
2025-02-07,526.800651,528.748266,518.900716,519.626099,29605500
2025-02-10,523.898957,527.019192,523.431946,525.916199,20852800
2025-02-11,522.647003,526.58202,522.517817,524.664185,19325500
2025-02-12,519.009963,525.856576,518.662192,524.972168,25009400
2025-02-13,526.64166,532.842345,525.856658,532.524414,28714800
2025-02-14,532.633719,535.44591,532.295834,534.760254,17862600
2025-02-18,536.330191,536.59851,532.663432,535.972473,20565000
2025-02-19,535.177493,537.403373,533.080799,536.121521,19666900
2025-02-20,535.336437,535.704102,529.105974,533.845886,26550800
2025-02-21,534.988683,535.008576,522.39851,522.766174,47093800
2025-02-24,524.554892,525.737398,516.257513,516.595337,39268400
2025-02-25,515.969271,516.048784,506.231014,510.086578,48940000
2025-02-26,512.282739,516.386668,508.148908,511.318817,34457600
2025-02-27,514.866321,515.800403,496.900189,497.118805,52448000
2025-02-28,496.979691,505.575198,493.799835,504.969055,47654000
2025-03-03,508.297922,509.808337,490.470924,493.919067,44587200
2025-03-04,491.067162,500.566942,484.667725,492.428528,67875400
2025-03-05,493.074469,500.457661,488.165584,498.84787,46323700
2025-03-06,490.580287,495.43947,483.137476,485.124878,57574300
2025-03-07,484.09139,490.172835,477.503147,488.69223,54714700
2025-03-10,480.404765,480.921478,465.707918,469.752289,76668000
2025-03-11,469.37464,475.793939,464.06828,468.629364,68760800
2025-03-12,476.141805,478.029831,468.818233,473.915924,46971100
2025-03-13,473.250102,473.279911,463.491951,465.389923,46563300
2025-03-14,470.745971,477.532936,470.139798,476.638611,43563000
2025-03-17,476.588905,482.779673,474.790309,479.729004,41744400
2025-03-18,476.390192,476.588914,469.434285,471.550873,39072300
2025-03-19,473.806584,482.272906,471.878801,477.860901,40430300
2025-03-20,473.876137,481.497806,473.180534,476.24115,36780500
2025-03-21,471.093759,478.576327,469.931146,477.811188,42234900
2025-03-24,485.390531,489.14239,482.066623,488.296478,34567200
2025-03-25,489.022972,491.24221,488.057643,491.082977,26035200
2025-03-26,489.928523,490.784396,480.494209,482.046692,34627100
2025-03-27,480.086191,484.236087,477.936592,479.299988,33469800
2025-03-28,477.498725,478.205296,465.795364,466.681091,46363800
2025-03-31,459.694883,467.596607,455.126967,466.661163,53000300
2025-04-01,465.048931,471.348456,462.18283,470.422943,41156200
2025-04-02,463.87464,477.249901,463.615883,473.856323,49894500
2025-04-03,454.241261,457.853779,447.971621,448.489105,70456300
2025-04-04,436.029453,438.248691,420.633972,420.633972,117088400
2025-04-07,406.691421,441.005336,400.451635,421.649017,161557000
2025-04-08,436.049302,441.005323,407.81597,414.055756,101248100
2025-04-09,413.568181,465.57642,413.428841,463.755249,142876900
2025-04-10,451.375155,453.395375,430.545984,444.030701,108384100
2025-04-11,442.508087,453.594439,439.204072,452.211121,52483800
2025-04-14,462.222633,462.809787,450.449633,455.276276,43941200
2025-04-15,456.331152,460.15265,453.95265,455.783783,35404200
2025-04-16,446.866987,450.439691,435.651287,442.040344,48980600
2025-04-17,445.015943,445.593135,439.233902,441.960724,44837000
2025-04-21,436.118982,436.964863,425.868581,431.023621,44149300
2025-04-22,436.706189,445.423971,435.511957,442.338928,52304400
2025-04-23,455.962957,461.147851,450.698431,452.370331,55801100
2025-04-24,454.281091,465.407229,453.634198,465.098724,45956100
2025-04-25,464.720562,470.811076,463.148186,470.28363,38697100
2025-04-28,470.751347,472.522771,463.785067,470.134338,33550800
2025-04-29,467.905153,474.125046,467.32793,473.239319,30613100
2025-04-30,464.879745,474.901243,460.202373,473.179565,46810600
2025-05-01,481.081327,484.833155,478.424175,479.35965,43316500
2025-05-02,484.196303,488.545248,482.494519,486.47525,39218100
2025-05-05,482.265623,486.674276,481.768032,483.589203,28309500
2025-05-06,477.249909,482.713453,475.886513,479.091003,32786300
2025-05-07,479.757738,483.45982,474.483281,480.971863,38006300
2025-05-08,486.1767,490.326626,481.837718,485.937866,39577600
2025-05-09,487.848554,489.172164,483.857892,485.619354,27767400
2025-05-12,504.547783,505.443472,499.064346,505.403656,45090600
2025-05-13,506.707335,514.897701,505.970909,513.106384,53269600
2025-05-14,514.280624,516.728735,513.265518,516.181396,47014500
2025-05-15,514.031949,519.415862,512.688416,516.748779,50153300
2025-05-16,518.151922,519.186951,514.609073,518.997864,48394600
2025-05-19,511.762832,520.012937,511.762832,519.495422,52536200
2025-05-20,516.96766,518.420649,514.171198,517.763855,42517600
2025-05-21,513.783086,520.480647,508.777286,510.568604,71292800
2025-05-22,511.185628,515.216168,509.832194,511.524017,55607200
2025-05-23,503.741669,509.374408,503.144553,506.786926,58368100
2025-05-27,513.663644,519.196858,512.111161,518.709167,47226300
2025-05-28,519.664607,521.157381,515.892886,516.410339,46637200
2025-05-29,523.794671,523.943912,514.828063,517.425476,58513300
2025-05-30,516.937741,518.171758,509.463909,516.609314,67662800
2025-06-02,514.748423,520.928531,513.484522,520.689697,44762800
2025-06-03,521.037914,526.192953,520.172109,524.759888,44070300
2025-06-04,525.466491,527.287692,523.436279,526.222839,41359300
2025-06-05,527.626074,530.482245,520.142279,522.262024,61031200
2025-06-06,527.446941,529.238258,525.665586,527.36731,42467000
2025-06-09,527.586255,529.78557,526.461693,528.143555,33688700
2025-06-10,528.611324,532.323397,526.342338,531.636719,40664800
2025-06-11,533.039896,534.194342,527.556428,529.845337,53701000
2025-06-12,528.531667,532.064554,528.282871,531.089233,34104900
2025-06-13,525.138133,529.307952,523.197515,524.421631,55814400
2025-06-16,527.944466,532.791001,527.894719,531.716187,37622100
2025-06-17,529.148708,530.760899,525.366964,526.531372,42180900
2025-06-18,527.546411,529.984621,524.859466,526.441772,43983500
2025-06-20,529.696011,530.989736,522.351557,524.292175,61643500
2025-06-23,524.861106,530.201262,521.712823,529.683228,50666100
2025-06-24,534.903819,538.699722,534.286117,537.783142,45442000
2025-06-25,540.054654,541.300029,537.384576,539.157959,44804200
2025-06-26,541.339902,544.647627,539.516716,544.19928,43811400
2025-06-27,545.235431,547.955312,542.525462,546.062378,57577100
2025-06-30,549.220644,550.754925,546.978968,549.599243,45548700
2025-07-01,547.696284,548.6727,542.645033,544.966431,56166700
2025-07-02,544.13948,548.961601,544.09965,548.762329,36538300
2025-07-03,551.133561,555.138708,551.133561,554.162292,26443500
2025-07-07,551.472332,552.289306,547.546905,549.987854,45349300
2025-07-08,551.332884,551.960558,549.061289,550.296753,36153300
2025-07-09,552.428728,555.567099,551.053829,554.1922,43045500
2025-07-10,554.829878,555.238334,550.705179,553.395203,34710900
2025-07-11,551.253025,553.733803,550.007649,552.149719,39618600
2025-07-14,551.940525,554.889596,549.58927,554.152344,36453300
2025-07-15,558.17737,558.725324,554.600625,554.6604,43277700
2025-07-16,555.218421,558.137574,549.51955,555.228333,52314700
2025-07-17,555.955634,560.229742,555.148633,559.721619,40423800
2025-07-18,561.036759,562.640788,557.908361,559.183655,50484700
2025-07-21,560.010624,563.965908,559.980706,562.082886,39595200
2025-07-22,562.212411,562.262214,556.543458,559.173706,43270600
2025-07-23,560.25965,561.764012,557.50985,561.724182,40215300
2025-07-24,563.039351,564.14523,561.206131,562.9198,42275500
2025-07-25,562.840105,565.599877,562.182573,564.27478,30630800
2025-07-28,565.639602,566.934781,564.772826,566.038147,31498700
2025-07-29,568.64849,569.993471,564.434158,565.161438,45463300
2025-07-30,566.078083,568.509058,562.959657,565.918701,43433800
2025-07-31,572.414513,572.504207,561.784003,562.9198,64613600
2025-08-01,556.762632,556.951932,549.639059,551.830933,69400800
2025-08-04,556.981817,562.23234,556.882211,562.013123,47669800
2025-08-05,563.298319,564.463973,557.659224,558.197266,48666600
2025-08-06,559.034204,565.659627,558.555999,565.221252,41823700
2025-08-07,569.555097,571.199017,563.019368,567.134094,44463000
2025-08-08,568.339631,572.643656,568.040753,572.424438,35255500
2025-08-11,572.563933,574.666112,569.45548,570.730713,33112900
2025-08-12,573.03219,578.202992,570.372084,577.904114,42143300
2025-08-13,580.604084,581.16201,576.798209,578.193054,41209300
2025-08-14,576.140722,579.727379,575.772035,577.744751,45425000
2025-08-15,577.655023,577.694914,573.440691,575.204163,49480200
2025-08-18,574.307471,575.632568,573.111898,574.974976,29831000
2025-08-19,574.257694,574.427048,566.147792,567.174011,53752600
2025-08-20,566.227522,566.347073,556.772639,563.806519,76781100
2025-08-21,562.262155,564.394253,558.904627,561.196167,46436900
2025-08-22,562.581022,571.866551,561.186238,569.854004,51502100
2025-08-25,568.289804,571.169066,567.05434,568.210083,34044700
2025-08-26,567.721954,570.800489,566.695736,570.491638,34103000
2025-08-27,569.475474,572.284988,568.259955,571.368408,36927100
2025-08-28,571.986085,575.861709,570.342226,574.945129,46787900
2025-08-29,572.534045,572.902732,566.436691,568.289856,56030400
2025-09-02,559.233474,563.876208,557.470002,563.527527,65876800
2025-09-03,567.124201,569.585096,564.63345,567.961121,54230200
2025-09-04,568.628549,573.470555,566.924914,573.101929,47526300
2025-09-05,578.342437,578.970111,569.415624,573.928833,68342500
2025-09-08,576.230304,578.691198,575.632548,576.728455,46371400
2025-09-09,577.525569,578.79089,574.905293,578.362488,44007600
2025-09-10,581.58049,581.610408,576.409687,578.551758,49308000
2025-09-11,581.08227,582.716218,579.468268,581.919189,44745800
2025-09-12,582.875622,585.685197,581.939097,584.489624,50745900
2025-09-15,586.263085,589.600667,586.113615,589.491089,44360300
2025-09-16,590.417684,590.666759,588.305531,588.992981,36942100
2025-09-17,588.913228,589.560848,582.208145,587.817322,69384800
2025-09-18,592.709097,595.927189,590.76636,593.117615,61069300
2025-09-19,595.120205,597.830113,593.645639,597.13269,58196100
2025-09-22,596.219051,601.336003,596.199082,600.667725,57154800
2025-09-23,600.83729,601.036793,595.46099,596.677917,64635500
2025-09-24,598.054439,598.373632,591.850233,594.583252,49850300
2025-09-25,590.693203,593.605757,587.002606,592.019836,70920200
2025-09-26,592.837679,594.78273,589.556072,594.453552,54337400
2025-09-29,597.585581,600.518103,595.889894,597.206543,48332900
2025-09-30,596.907341,599.181569,594.583252,598.842407,46533800
2025-10-01,595.65048,602.253631,594.822636,601.715027,46899600
2025-10-02,605.515354,605.615075,601.395857,604.188721,43765400
2025-10-03,604.966808,605.784729,599.85984,601.645264,46482100
2025-10-06,606.901804,607.809461,604.428073,606.163696,41962100
2025-10-07,607.470397,608.158644,601.495648,602.971863,58209500
2025-10-08,603.869591,610.193486,603.720009,609.884277,50629800
2025-10-09,609.924102,610.053776,605.93428,609.146118,45551000
2025-10-10,609.844362,611.619802,587.551194,588.000061,97614800
2025-10-13,598.154122,601.415821,595.710344,600.47821,65872600
2025-10-14,593.795236,601.156462,588.628424,596.478394,69203200
2025-10-15,602.473106,605.156264,594.413649,600.687622,62805500
2025-10-16,603.570285,606.762155,593.984752,598.463318,70982000
2025-10-17,596.428546,603.969307,594.852549,602.393311,72024900
2025-10-20,605.595119,611.24069,605.52529,609.983887,45761700
2025-10-21,610.08375,611.160958,607.769646,609.824402,44538200
2025-10-22,609.265796,609.854261,598.213972,603.949341,61478800
2025-10-23,603.370811,609.814396,602.98185,609.026428,42844300
2025-10-24,614.422624,616.846434,613.564827,615.529785,47632500
2025-10-27,622.930959,626.950673,622.442215,626.491882,54098600
2025-10-28,628.756086,633.065102,627.648925,631.30957,61195700
2025-10-29,633.972809,635.389179,628.64637,634.152344,67422800
2025-10-30,630.561454,631.888087,624.347326,624.457031,61628600
2025-10-31,632.556359,632.586312,625.095411,627.46936,66305100
2025-11-03,633.493938,634.202153,628.247313,630.47168,37154300
2025-11-04,621.694153,625.354798,616.886409,617.674377,63830800
2025-11-05,616.916302,625.005652,615.63959,621.694153,48688500
2025-11-06,620.207893,620.457257,608.747138,610.113647,72115100
2025-11-07,606.762183,608.398025,597.146697,608.188538,81835400
2025-11-10,617.345195,622.721495,615.320392,621.644226,55919900
2025-11-11,618.991009,621.135502,615.948781,619.988464,44868800
2025-11-12,623.250137,623.270045,616.237996,619.499695,47444400
2025-11-13,615.968687,616.547229,604.537886,606.85199,71333600
2025-11-14,598.024482,611.789357,595.650533,607.310791,80087300
2025-11-17,604.757321,610.921589,598.343689,602.124023,63850400
2025-11-18,598.0943,600.777458,589.8354,594.792725,83327300
2025-11-19,595.550825,604.617663,593.077155,598.343689,73111500
2025-11-20,610.063795,612.467697,583.262167,584.17981,117743200
2025-11-21,585.975183,595.460995,579.262326,588.568604,103344200
2025-11-24,593.765373,605.13633,593.645623,603.620178,60168100
2025-11-25,601.974383,608.707207,595.800131,607.340698,57560900
2025-11-26,610.9515,614.622129,608.836899,612.707031,42393600
2025-11-28,614.542352,617.744207,613.854105,617.674377,23034400
2025-12-01,612.068639,617.863853,610.961478,615.599609,40957600
2025-12-02,617.883843,622.162906,616.018606,620.417358,54541800
2025-12-03,618.043432,622.631703,616.457511,621.933533,47841600
2025-12-04,623.339907,623.349892,617.963607,621.35498,47067800
2025-12-05,622.791312,627.319738,622.123034,623.888489,53614200
2025-12-08,625.614127,627.239984,620.108153,622.691589,43462400
2025-12-09,621.424807,624.277516,619.419912,623.459595,37156000
2025-12-10,622.262619,627.609027,619.409911,626.013062,55031400
2025-12-11,622.23275,624.187785,616.148234,623.988281,58272800
2025-12-12,620.497212,621.953459,609.804456,612.058716,75158700
2025-12-15,616.796606,616.846466,607.769645,608.986511,49538200
2025-12-16,606.71231,611.948952,605.365709,610.19342,55152800
2025-12-17,611.5001,612.088626,598.75265,598.882263,70654300
2025-12-18,608.248427,611.370468,605.37575,607.560181,78875800
2025-12-19,610.392921,616.048476,610.313107,615.479919,60369800
2025-12-22,620.567496,620.867167,616.992048,618.430237,43703100
2025-12-23,617.421489,621.626148,617.002035,621.326538,41120400
2025-12-24,621.206728,623.493883,620.937048,623.144287,18468700
2025-12-26,623.873298,624.732261,622.355254,623.104309,28959800
2025-12-29,619.319085,621.995764,617.950815,620.088135,32458300
2025-12-30,619.05942,621.396439,618.440145,618.649902,31226800
2025-12-31,618.869679,619.179286,613.276695,613.536377,40746500
2026-01-02,619.279163,622.065628,609.38167,612.3479,61859200
2026-01-05,618.540073,620.028187,615.943311,617.211731,46828400
2026-01-06,618.450162,623.234169,617.761028,622.634888,43137500
2026-01-07,622.255385,627.149238,621.776009,623.234192,44880300
2026-01-08,622.245433,622.634896,617.021978,619.688599,50435900
2026-01-09,620.627388,627.099268,618.280372,625.86084,49688700
2026-01-12,621.526323,628.058065,621.476398,626.380188,37388700
2026-01-13,626.480087,628.677268,622.914576,625.451355,44481400
2026-01-14,621.45639,622.664888,613.786069,618.769775,72598700
2026-01-15,625.810886,629.206628,619.968277,620.997009,53934900
2026-01-16,624.712312,625.291599,618.100653,620.477661,61058100
2026-01-20,609.761172,614.285435,606.285513,607.29425,81988900
2026-01-21,608.702424,619.638646,607.094466,615.503906,79837900
2026-01-22,621.566235,621.676143,617.002044,619.978271,42254800
2026-01-23,618.949566,624.61247,617.87097,621.935791,43645800
2026-01-26,622.425197,626.819619,621.336543,624.672363,35983000
2026-01-27,628.117969,631.244032,626.55,630.335205,38997200
2026-01-28,634.659777,635.798295,631.014349,632.422546,50691700
2026-01-29,631.853306,632.87198,617.49141,628.637329,79944000
2026-01-30,624.922044,627.468821,618.520082,621.086853,65650700
2026-02-02,617.920868,627.698518,617.88088,625.351501,49020300
2026-02-03,627.508724,629.186601,610.190596,615.743591,81234000
2026-02-04,614.245528,614.325384,599.713802,604.987183,81850700
2026-02-05,599.454186,604.048369,594.011037,596.278198,89354500
2026-02-06,599.434155,610.639996,598.01596,608.882263,78019300
2026-02-09,606.774896,615.683706,604.308035,613.546387,56797600
2026-02-10,614.535142,616.243011,610.240569,610.699951,53938900
2026-02-11,615.603792,616.742371,606.924733,612.337891,58575100
2026-02-12,613.935894,615.034485,598.814946,599.883606,81378900
2026-02-13,599.673873,605.716242,595.668913,601.161987,69237500
2026-02-17,597.626419,603.189412,592.592788,600.542725,69013800
2026-02-18,601.351741,609.002129,599.963477,605.0271,64250700
2026-02-19,602.05088,605.057099,599.993477,602.710022,60960800
2026-02-20,599.364276,609.581374,598.475382,608.043335,74127300
2026-02-23,605.846051,607.244313,598.295575,600.652588,63859100
2026-02-24,601.64141,608.223077,598.974728,607.104492,55023700
2026-02-25,610.300461,616.053217,610.230542,615.903381,55710700
2026-02-26,614.814818,614.814818,603.219392,608.472778,96178900
2026-02-27,602.220638,607.55394,601.431654,606.525208,68125200
2026-03-02,598.105801,609.15187,597.236902,607.324219,75264600
2026-03-03,595.57906,603.199456,591.124655,600.822449,97015500
2026-03-04,603.399168,612.108219,602.670107,609.980896,70943900
2026-03-05,606.63508,611.988315,601.501539,608.143127,89602400
2026-03-06,599.553982,605.236819,597.576495,598.99469,86302300
2026-03-09,593.481639,608.502737,590.585327,606.994629,93068200
2026-03-10,607.014636,612.517646,604.657562,607.004639,64078900
2026-03-11,608.183167,611.658765,604.26812,606.924744,60114800
2026-03-12,602.000947,603.379214,596.298116,596.507874,71836600
2026-03-13,598.974731,602.839853,591.823775,592.97229,63145500
2026-03-16,599.284303,603.099499,598.355481,599.623901,49077200
2026-03-17,602.380463,605.136997,601.112043,602.550232,47106600
2026-03-18,600.732546,602.400426,593.81128,594.150879,56128000
2026-03-19,588.767604,595.049661,586.340672,592.273193,75597600
2026-03-20,590.315631,590.425478,577.811379,581.326965,91964700
2026-03-23,590.52002,595.080017,585.960022,588.0,89936100
2026-03-24,584.809998,587.929993,581.929993,583.97998,57750900
2026-03-25,589.140015,591.369995,585.690002,587.820007,60475500
2026-03-26,582.599976,584.630005,573.429993,573.789978,81492100
2026-03-27,570.809998,571.02002,561.570007,562.580017,82702200
2026-03-30,567.380005,568.049988,555.599976,558.280029,70602600
2026-03-31,564.289978,578.640015,564.210022,577.179993,95878000
2026-04-01,581.47998,587.73999,580.419983,584.309998,79435100
2026-04-02,573.969971,586.049988,571.919983,584.97998,50941700
2026-04-06,586.22998,590.609985,584.690002,588.5,35108500
2026-04-07,585.640015,588.97998,578.400024,588.590027,49948200
2026-04-08,608.710022,609.900024,602.119995,606.090027,63086000
2026-04-09,605.929993,610.5,603.030029,610.190002,37837500
2026-04-10,611.840027,613.669983,609.580017,611.070007,34038500
2026-04-13,609.47998,626.73999,608.109985,617.390015,32972100
2026-04-14,620.219971,628.599976,620.099976,628.599976,49921100
2026-04-15,629.080017,637.830017,628.200012,637.400024,50102400
2026-04-16,639.210022,642.179993,635.26001,640.469971,42320600
2026-04-17,645.590027,650.0,644.070007,648.849976,53488900
2026-04-20,648.039978,648.76001,642.52002,646.789978,37138500
2026-04-21,648.409973,650.200012,642.210022,644.330017,39580500
2026-04-22,650.150024,655.330017,648.52002,655.109985,37368400
2026-04-23,653.549988,656.919983,645.52002,651.419983,40099800
2026-04-24,658.51001,664.51001,656.530029,663.880005,45563100
2026-04-27,663.400024,664.429993,660.690002,664.22998,32717000
2026-04-28,657.409973,659.640015,653.809998,657.549988,34147900
2026-04-29,658.630005,661.719971,656.590027,661.570007,31724900
2026-04-30,665.349976,668.900024,657.559998,667.73999,40622200
2026-05-01,669.159973,675.969971,668.799988,674.150024,39172600
2026-05-04,674.659973,676.72998,668.900024,672.880005,34542000
2026-05-05,677.960022,682.77002,677.51001,681.609985,37101100
2026-05-06,687.780029,695.929993,686.47998,695.77002,38778500
2026-05-07,696.580017,701.23999,691.77002,694.940002,43779100
2026-05-08,699.919983,711.22998,699.5,711.22998,44320400
2026-05-11,710.359985,714.590027,708.909973,713.289978,36019100
2026-05-12,708.219971,710.179993,696.640015,707.23999,45873000
2026-05-13,709.960022,716.650024,704.830017,714.710022,40012500
2026-05-14,714.619995,722.030029,714.219971,719.789978,33327500
2026-05-15,710.140015,715.130005,705.549988,708.929993,51792700
2026-05-18,711.539978,712.070007,698.849976,705.880005,49834500
2026-05-19,699.809998,706.48999,695.25,701.530029,46827500
2026-05-20,705.289978,713.150024,703.789978,713.150024,36779200
2026-05-21,708.98999,717.119995,706.77002,714.51001,36415400
2026-05-22,718.070007,722.119995,715.950012,717.539978,33118600
2026-05-26,725.960022,731.169983,724.159973,730.280029,34254700
2026-05-27,732.960022,733.320007,725.440002,729.450012,35148700
2026-05-28,729.72998,736.599976,726.409973,735.599976,32840000
2026-05-29,737.840027,741.630005,735.25,738.309998,37541700
2026-06-01,737.039978,745.650024,735.98999,742.73999,33890600
2026-06-02,742.400024,746.440002,739.22998,746.159973,30085200
2026-06-03,747.309998,748.650024,741.01001,744.210022,40270200
2026-06-04,735.47998,743.5,732.619995,740.609985,40782600
2026-06-05,730.059998,731.690002,704.320007,705.059998,99178800
