Date,Open,High,Low,Close,Volume
2009-01-02,6.142888,6.368788,6.095331,6.337083,8959600
2009-01-05,6.297449,6.356896,6.230075,6.317264,12531400
2009-01-06,6.388605,6.519389,6.356899,6.463904,16853800
2009-01-07,6.364825,6.364825,6.210262,6.25782,12422000
2009-01-08,6.214224,6.313303,6.178556,6.301413,11421600
2009-01-09,6.301414,6.317267,6.138925,6.162704,7885600
2009-01-12,6.182519,6.182519,6.004177,6.051735,10259200
2009-01-13,6.07155,6.107219,5.976435,6.023993,17308400
2009-01-14,5.956621,5.988326,5.809984,5.841689,17025800
2009-01-15,5.837725,5.932841,5.695052,5.88132,15304600
2009-01-16,5.992287,6.008139,5.798092,5.92095,14892800
2009-01-20,5.909062,5.936804,5.66731,5.679199,33716200
2009-01-21,5.817909,5.956619,5.726756,5.952656,11724800
2009-01-22,5.825837,5.91699,5.722795,5.817911,14986000
2009-01-23,5.710905,6.008141,5.702979,5.901136,14874600
2009-01-26,5.936803,6.08344,5.920951,5.972472,14685600
2009-01-27,5.992287,6.075514,5.948693,6.00814,12281000
2009-01-28,6.099291,6.253854,6.067586,6.178554,14272800
2009-01-29,6.123072,6.123072,5.96851,5.996252,10149800
2009-01-30,6.027958,6.027958,5.817911,5.817911,10148800
2009-02-02,5.786205,5.988326,5.770353,5.909063,9860600
2009-02-03,5.936804,6.055698,5.861504,6.027956,12651800
2009-02-04,6.043808,6.198371,6.012103,6.023993,11547800
2009-02-05,5.95662,6.194409,5.940767,6.119109,17939000
2009-02-06,6.166669,6.384643,6.146853,6.329158,15331400
2009-02-09,6.345008,6.396529,6.297451,6.345008,9208800
2009-02-10,6.32123,6.372751,6.051736,6.087404,17649000
2009-02-11,6.083438,6.154775,6.023991,6.099291,11357000
2009-02-12,6.043809,6.142888,5.94473,6.127035,11572200
2009-02-13,6.119106,6.222148,6.099291,6.099291,7834200
2009-02-17,5.94473,5.960583,5.845651,5.845651,12472000
2009-02-18,5.928877,5.94473,5.802056,5.849614,13326400
2009-02-19,5.909064,5.909064,5.70298,5.706943,13666400
2009-02-20,5.647493,5.802056,5.63164,5.762424,24569200
2009-02-23,5.786206,5.794132,5.481043,5.496895,28396800
2009-02-24,5.544453,5.722795,5.508785,5.643532,16381400
2009-02-25,5.667308,5.798092,5.552377,5.69505,36860200
2009-02-26,5.722794,5.821873,5.627679,5.635605,14137000
2009-02-27,5.56823,5.710903,5.560304,5.595972,13934400
2009-03-02,5.524636,5.619752,5.417631,5.461226,14689400
2009-03-03,5.496892,5.528597,5.381961,5.409703,14889600
2009-03-04,5.51671,5.655421,5.485005,5.552379,12826000
2009-03-05,5.485004,5.564267,5.370073,5.381962,13908600
2009-03-06,5.473114,5.492929,5.219472,5.409703,46663200
2009-03-09,5.298735,5.41763,5.183804,5.239288,18855000
2009-03-10,5.290811,5.564268,5.274958,5.540489,49537600
2009-03-11,5.623714,5.722792,5.564267,5.663345,28460000
2009-03-12,5.695052,5.845652,5.623715,5.825836,16177800
2009-03-13,5.841688,5.865467,5.746573,5.825836,13471400
2009-03-16,5.873393,5.905098,5.754498,5.774314,9802400
2009-03-17,5.790166,5.988324,5.758461,5.984361,11355200
2009-03-18,5.948694,6.166667,5.924915,6.067588,21289600
2009-03-19,6.178556,6.198372,6.039846,6.083441,12457200
2009-03-20,6.110127,6.161908,5.954785,5.990633,10532000
2009-03-23,6.138011,6.345134,6.078264,6.345134,10848600
2009-03-24,6.289368,6.349115,6.237587,6.24157,11955200
2009-03-25,6.305301,6.373014,6.110127,6.277419,18962800
2009-03-26,6.365048,6.45666,6.301318,6.440728,16755400
2009-03-27,6.384962,6.388946,6.289367,6.301316,12588600
2009-03-30,6.201739,6.201739,6.046397,6.106144,12785400
2009-03-31,6.20174,6.341149,6.181824,6.221655,10078200
2009-04-01,6.149957,6.404878,6.134025,6.396912,12126400
2009-04-02,6.512425,6.703615,6.476576,6.564205,14645800
2009-04-03,6.58412,6.683698,6.548272,6.655816,30178400
2009-04-06,6.592086,6.623951,6.476576,6.588104,30654000
2009-04-07,6.508443,6.532341,6.400898,6.404881,12568400
2009-04-08,6.50844,6.580136,6.456659,6.500473,10671000
2009-04-09,6.655816,6.743445,6.619968,6.663782,30211600
2009-04-13,6.683698,6.727512,6.608018,6.663782,11552800
2009-04-14,6.651834,6.6598,6.556239,6.592087,10869200
2009-04-15,6.540306,6.588104,6.480559,6.572171,11345800
2009-04-16,6.659802,6.799211,6.608021,6.767346,29548600
2009-04-17,6.771328,6.791243,6.687682,6.755395,17962800
2009-04-20,6.647851,6.651835,6.524374,6.540307,10750600
2009-04-21,6.516407,6.663782,6.496491,6.651834,4293800
2009-04-22,6.627934,6.815142,6.612002,6.683698,18245600
2009-04-23,6.731496,6.739462,6.576154,6.715564,13641800
2009-04-24,6.771329,6.870907,6.715565,6.81116,10391000
2009-04-27,6.759378,6.878872,6.747429,6.779294,8749200
2009-04-28,6.743444,6.827089,6.691662,6.775309,14151400
2009-04-29,6.827092,6.95057,6.795227,6.850992,11049400
2009-04-30,6.962517,7.038197,6.847007,6.870905,25428400
2009-05-01,6.894806,6.962519,6.815144,6.962519,7022400
2009-05-04,7.010316,7.101927,6.970484,7.089978,9104200
2009-05-05,7.050148,7.070064,6.990401,7.046165,9088200
2009-05-06,7.125826,7.125826,6.97845,7.085995,14494800
2009-05-07,7.101928,7.121843,6.783277,6.815142,36639400
2009-05-08,6.902771,6.918704,6.747429,6.807176,13724600
2009-05-11,6.743446,6.898788,6.731496,6.827091,11392000
2009-05-12,6.874888,6.886838,6.755394,6.791242,11605600
2009-05-13,6.751413,6.767345,6.619969,6.619969,26418800
2009-05-14,6.667767,6.771329,6.647852,6.691666,13505000
2009-05-15,6.751413,6.795227,6.691666,6.691666,14036600
2009-05-18,6.771329,6.87489,6.731497,6.87489,8677400
2009-05-19,6.843024,6.970484,6.831074,6.914721,14238000
2009-05-20,6.96252,6.994385,6.83506,6.843027,17401600
2009-05-21,6.791241,6.81514,6.659797,6.723527,12901600
2009-05-22,6.751412,6.78726,6.651833,6.747428,10869400
2009-05-26,6.675733,6.938619,6.651834,6.922687,11486800
2009-05-27,6.926669,7.010316,6.85099,6.854973,15429800
2009-05-28,6.93862,6.986418,6.815143,6.954552,12355800
2009-05-29,6.974466,7.04218,6.906753,7.03023,10793600
2009-06-01,7.125826,7.249303,7.101927,7.229387,15874200
2009-06-02,7.181591,7.289135,7.157692,7.213456,13743800
2009-06-03,7.189557,7.189557,7.082013,7.133794,11487800
2009-06-04,7.185575,7.253287,7.173625,7.233372,18743600
2009-06-05,7.301088,7.332953,7.229391,7.305071,19307800
2009-06-08,7.23337,7.301083,7.137775,7.261252,13437600
2009-06-09,7.309051,7.348883,7.245321,7.293118,12225400
2009-06-10,7.336932,7.360831,7.209472,7.313034,10700000
2009-06-11,7.317017,7.420577,7.293117,7.340915,12335600
2009-06-12,7.321001,7.3449,7.245322,7.321001,11411200
2009-06-15,7.265235,7.301083,7.173623,7.245319,13549400
2009-06-16,7.265237,7.28117,7.137777,7.153709,13599400
2009-06-17,7.173624,7.249304,7.121843,7.19354,15441800
2009-06-18,7.19354,7.221422,7.145743,7.161675,13541800
2009-06-19,7.226094,7.270107,7.186082,7.250101,22896600
2009-06-22,7.182082,7.202087,7.046042,7.070049,15364400
2009-06-23,7.082053,7.098058,7.014034,7.074051,11561400
2009-06-24,7.138068,7.230095,7.118063,7.174079,13363400
2009-06-25,7.138067,7.302114,7.102056,7.278108,17386600
2009-06-26,7.2541,7.302114,7.234095,7.266104,17909400
2009-06-29,7.282111,7.366135,7.270107,7.342128,10663000
2009-06-30,7.358129,7.374134,7.234093,7.286108,15497600
2009-07-01,7.334122,7.390138,7.302113,7.318118,22071400
2009-07-02,7.2461,7.250102,7.134068,7.134068,18547800
2009-07-06,7.102059,7.154073,7.054044,7.114062,11724600
2009-07-07,7.126063,7.142068,6.938009,6.938009,8982600
2009-07-08,6.966017,6.982022,6.861986,6.94201,17221800
2009-07-09,6.978021,7.022033,6.950013,6.986023,28062400
2009-07-10,6.962018,7.030038,6.93401,7.014034,20055400
2009-07-13,7.006032,7.146073,6.926009,7.146073,16473800
2009-07-14,7.134067,7.158074,7.082052,7.154072,13903600
2009-07-15,7.27811,7.426152,7.262105,7.422151,16611200
2009-07-16,7.402142,7.538182,7.378135,7.530179,17033000
2009-07-17,7.530179,7.6022,7.49817,7.6022,36892200
2009-07-20,7.642214,7.678224,7.602202,7.670222,41402200
2009-07-21,7.698231,7.714236,7.614207,7.714236,31625400
2009-07-22,7.710233,7.782254,7.694228,7.758246,14524600
2009-07-23,7.754245,7.950302,7.73824,7.91029,26817200
2009-07-24,7.80226,7.874281,7.746244,7.862278,21417000
2009-07-27,7.874281,7.874281,7.774252,7.862278,11474600
2009-07-28,7.806261,7.890285,7.758247,7.878282,11774400
2009-07-29,7.838269,7.870278,7.782253,7.870278,11856800
2009-07-30,7.950302,8.026323,7.894285,7.91029,22961200
2009-07-31,7.91429,7.958302,7.870277,7.88228,13465600
2009-08-03,7.982313,7.990315,7.914293,7.990315,15641400
2009-08-04,7.942299,7.97831,7.926294,7.966306,11643000
2009-08-05,8.002318,8.002318,7.862277,7.894286,10024200
2009-08-06,7.918296,7.9343,7.810265,7.838273,20416400
2009-08-07,7.950304,7.966308,7.882284,7.918295,23483000
2009-08-10,7.878279,7.906287,7.818262,7.88228,24926200
2009-08-11,7.846274,7.854275,7.76625,7.770251,9643600
2009-08-12,7.782257,7.982315,7.770254,7.926299,10676800
2009-08-13,7.954306,7.978313,7.882286,7.962308,12151400
2009-08-14,7.954304,7.966308,7.830268,7.886284,6912000
2009-08-17,7.762245,7.786252,7.682222,7.698226,10120200
2009-08-18,7.73424,7.818265,7.722237,7.814264,7432200
2009-08-19,7.710235,7.86628,7.698231,7.834271,11440600
2009-08-20,7.842275,7.934301,7.818268,7.922297,7821000
2009-08-21,7.970311,8.050335,7.922297,8.038331,13267200
2009-08-24,8.062334,8.110348,8.01432,8.01432,8479800
2009-08-25,8.058335,8.110351,8.030327,8.034328,9226800
2009-08-26,8.030325,8.094343,8.018322,8.070336,11368600
2009-08-27,8.050327,8.090338,7.950298,8.086337,18829400
2009-08-28,8.186373,8.230386,8.058336,8.114353,22097000
2009-08-31,8.022322,8.034325,7.970307,8.010319,19650400
2009-09-01,7.97831,8.098345,7.838269,7.846272,27297000
2009-09-02,7.83427,7.898288,7.814264,7.862278,9894400
2009-09-03,7.90629,7.90629,7.806261,7.898288,10676800
2009-09-04,7.89829,8.038331,7.886287,8.038331,20509600
2009-09-08,8.07834,8.098346,8.034327,8.098346,6249200
2009-09-09,8.082345,8.178372,8.06634,8.158366,14115000
2009-09-10,8.162363,8.270394,8.138356,8.270394,31455000
2009-09-11,8.266391,8.294399,8.206374,8.278395,23523400
2009-09-14,8.206377,8.270396,8.202376,8.25039,9048600
2009-09-15,8.274398,8.330414,8.242388,8.306407,9138000
2009-09-16,8.342419,8.398435,8.286402,8.370427,21677200
2009-09-17,8.346418,8.398432,8.314408,8.338415,11453000
2009-09-18,8.373356,8.405484,8.325164,8.38942,13098600
2009-09-21,8.333195,8.389418,8.301067,8.353274,12015800
2009-09-22,8.417532,8.421548,8.349261,8.397452,11379800
2009-09-23,8.433596,8.52998,8.36934,8.397452,13050800
2009-09-24,8.433591,8.44564,8.284999,8.317127,11164000
2009-09-25,8.289021,8.345245,8.252877,8.264925,18445000
2009-09-28,8.313114,8.465721,8.313114,8.401465,10126000
2009-09-29,8.401464,8.441624,8.341224,8.357287,22216400
2009-09-30,8.37737,8.429577,8.252873,8.381386,29816200
2009-10-01,8.341222,8.341222,8.13239,8.13239,32404800
2009-10-02,8.068134,8.176566,8.068134,8.13239,14310000
2009-10-05,8.152475,8.216731,8.096251,8.200667,12440600
2009-10-06,8.240824,8.357288,8.232792,8.349257,16493000
2009-10-07,8.329179,8.357291,8.293035,8.333195,10382400
2009-10-08,8.401469,8.425565,8.337213,8.385405,9998600
2009-10-09,8.353275,8.441628,8.341228,8.441628,18425600
2009-10-12,8.473756,8.493836,8.401468,8.445644,7997600
2009-10-13,8.449657,8.497849,8.413513,8.477769,9602200
2009-10-14,8.59825,8.59825,8.529978,8.578171,18362400
2009-10-15,8.538009,8.566121,8.501865,8.562105,11443000
2009-10-16,8.525965,8.529981,8.433597,8.48179,14431200
2009-10-19,8.505881,8.578169,8.473753,8.574153,18320800
2009-10-20,8.630374,8.63439,8.505879,8.546039,14169200
2009-10-21,8.55006,8.686604,8.525964,8.55006,18116800
2009-10-22,8.554074,8.614314,8.489818,8.590218,20659400
2009-10-23,8.70267,8.714718,8.529982,8.566126,32998000
2009-10-26,8.586202,8.670538,8.489818,8.509898,21219000
2009-10-27,8.513913,8.562105,8.433593,8.465721,18711800
2009-10-28,8.409499,8.481787,8.33721,8.341227,26111200
2009-10-29,8.421546,8.513915,8.377371,8.501866,21452200
2009-10-30,8.493836,8.493836,8.268941,8.276973,22670000
2009-11-02,8.285005,8.385405,8.216733,8.325165,33501600
2009-11-03,8.256891,8.293036,8.216731,8.293036,30066000
2009-11-04,8.329178,8.441627,8.329178,8.341227,15870800
2009-11-05,8.457688,8.542024,8.437608,8.521944,13478400
2009-11-06,8.477771,8.554074,8.461707,8.533995,9924200
2009-11-09,8.602268,8.758892,8.578172,8.73078,14874800
2009-11-10,8.710701,8.754877,8.682589,8.726765,10734600
2009-11-11,8.778975,8.80307,8.72275,8.778975,10423200
2009-11-12,8.778971,8.81913,8.706683,8.714715,12722800
2009-11-13,8.754873,8.819129,8.694634,8.795033,10872400
2009-11-16,8.835195,8.907483,8.811099,8.891418,16005200
2009-11-17,8.855276,8.931581,8.847245,8.931581,9999800
2009-11-18,8.919532,8.919532,8.83118,8.883389,8421400
2009-11-19,8.823149,8.827165,8.702669,8.754877,21146800
2009-11-20,8.698656,8.730784,8.678576,8.710704,11102600
2009-11-23,8.799047,8.879368,8.791015,8.863303,14472200
2009-11-24,8.859288,8.863304,8.795032,8.84724,14025200
2009-11-25,8.863303,8.879368,8.839207,8.863303,7015200
2009-11-27,8.65046,8.778972,8.618331,8.718731,10515000
2009-11-30,8.714719,8.754878,8.658494,8.734798,13966400
2009-12-01,8.803065,8.895433,8.799049,8.875353,17054200
2009-12-02,8.875351,8.943623,8.84724,8.863303,10424400
2009-12-03,8.903465,8.943625,8.847241,8.867321,12896600
2009-12-04,8.959692,9.015916,8.835196,8.923548,22041600
2009-12-07,8.931581,8.959693,8.887405,8.907485,13269000
2009-12-08,8.867319,8.903463,8.795031,8.827159,17652600
2009-12-09,8.84323,8.911502,8.787005,8.911502,14958600
2009-12-10,8.943624,8.991816,8.935592,8.951656,21856800
2009-12-11,8.983789,8.995836,8.903469,8.931581,8196000
2009-12-14,8.999849,9.015914,8.955673,9.003865,23433000
2009-12-15,8.983789,9.019933,8.915517,8.947645,10167600
2009-12-16,8.991817,9.019929,8.959689,8.975754,8966000
2009-12-17,8.943625,8.943625,8.859289,8.867321,10250200
2009-12-18,8.955591,9.012017,8.915287,8.999926,14629200
2009-12-21,9.056349,9.116806,9.032167,9.080532,12415400
2009-12-22,9.108747,9.153081,9.100686,9.153081,7604000
2009-12-23,9.173232,9.197414,9.136958,9.189353,10980400
2009-12-24,9.217565,9.278021,9.197412,9.273991,3333200
2009-12-28,9.290114,9.314297,9.24981,9.302205,18266600
2009-12-29,9.318324,9.318324,9.273989,9.290111,7698800
2009-12-30,9.273994,9.326389,9.261902,9.322358,11367000
2009-12-31,9.330419,9.34251,9.217567,9.24175,11526200
2010-01-04,9.326388,9.386845,9.310267,9.378784,16898800
2010-01-05,9.390871,9.390871,9.310263,9.366689,39976400
2010-01-06,9.366689,9.370719,9.253837,9.261898,20048200
2010-01-07,9.269962,9.269962,9.193384,9.225627,14584800
2010-01-08,9.213533,9.294141,9.181289,9.28608,23772400
2010-01-11,9.326382,9.330412,9.20547,9.249804,30477800
2010-01-12,9.197416,9.209508,9.112778,9.149052,19485600
2010-01-13,9.189351,9.249808,9.108743,9.237717,20107400
2010-01-14,9.229655,9.294141,9.217564,9.261898,15013200
2010-01-15,9.278021,9.286082,9.104713,9.132926,27066600
2010-01-19,9.153076,9.290111,9.153076,9.290111,14965600
2010-01-20,9.21757,9.21757,9.056353,9.140992,29398000
2010-01-21,9.169197,9.213532,9.016042,9.044254,25606800
2010-01-22,9.028135,9.028135,8.717793,8.729884,67402400
2010-01-25,8.810496,8.858861,8.75407,8.802435,66680200
2010-01-26,8.786309,8.887069,8.737944,8.778249,32250600
2010-01-27,8.782279,8.870948,8.717792,8.850796,35370000
2010-01-28,8.806468,8.818558,8.560612,8.596886,46278600
2010-01-29,8.677491,8.689582,8.407453,8.447757,53794800
2010-02-01,8.488059,8.564637,8.484028,8.544485,38415000
2010-02-02,8.572703,8.653311,8.524337,8.629128,27391200
2010-02-03,8.596882,8.669429,8.588821,8.649277,29566400
2010-02-04,8.596885,8.613007,8.399394,8.407455,32978200
2010-02-05,8.419541,8.50821,8.346993,8.492088,46507400
2010-02-08,8.504184,8.552549,8.443728,8.455819,45887600
2010-02-09,8.548515,8.608972,8.471938,8.528363,31774800
2010-02-10,8.548515,8.560607,8.451785,8.504181,20846800
2010-02-11,8.504181,8.625093,8.443725,8.59285,30349600
2010-02-12,8.532394,8.625094,8.479999,8.608973,30286000
2010-02-16,8.661371,8.737949,8.637189,8.737949,20466600
2010-02-17,8.778252,8.778252,8.717795,8.76213,17806600
2010-02-18,8.758095,8.834673,8.737943,8.818551,11527600
2010-02-19,8.77019,8.838707,8.758099,8.794373,13535600
2010-02-22,8.838705,8.842735,8.762127,8.778249,14074600
2010-02-23,8.770189,8.77422,8.633155,8.669429,20971400
2010-02-24,8.709732,8.78228,8.701671,8.754066,15078000
2010-02-25,8.641215,8.746006,8.584789,8.729884,23315000
2010-02-26,8.729888,8.766162,8.689584,8.74198,19404000
2010-03-01,8.78631,8.862888,8.770189,8.854827,12843600
2010-03-02,8.895134,8.911256,8.814526,8.842739,14023800
2010-03-03,8.866921,8.891103,8.822586,8.846769,16663600
2010-03-04,8.858858,8.891102,8.794372,8.883041,7247600
2010-03-05,8.947529,9.003955,8.915286,8.991863,14095800
2010-03-08,9.007984,9.056348,8.995892,9.040227,11718800
2010-03-09,9.028136,9.136958,9.012015,9.080532,24003800
2010-03-10,9.084567,9.157113,9.076506,9.140992,33817000
2010-03-11,9.116802,9.177258,9.10068,9.177258,10907400
2010-03-12,9.20144,9.253835,9.145015,9.169197,14918400
2010-03-15,9.136956,9.17323,9.092621,9.161139,17564000
2010-03-16,9.161139,9.233687,9.153078,9.229656,13229600
2010-03-17,9.241747,9.310265,9.221595,9.257869,19621000
2010-03-18,9.25384,9.290114,9.24175,9.269962,9003200
2010-03-19,9.214574,9.311612,9.174141,9.214574,18086000
2010-03-22,9.170093,9.323736,9.162006,9.283303,16861600
2010-03-23,9.315652,9.380344,9.275219,9.372257,11956800
2010-03-24,9.32778,9.356082,9.299477,9.32778,11754200
2010-03-25,9.388428,9.45312,9.323736,9.343953,16660400
2010-03-26,9.368211,9.380341,9.27926,9.299476,17161200
2010-03-29,9.33991,9.380342,9.315651,9.32778,15494400
2010-03-30,9.352038,9.400558,9.311606,9.368212,10629000
2010-03-31,9.339912,9.372258,9.29948,9.339912,9356400
2010-04-01,9.364171,9.416733,9.259046,9.323738,18213400
2010-04-05,9.356081,9.436947,9.271173,9.432903,9699200
2010-04-06,9.400562,9.465254,9.364172,9.440994,10143800
2010-04-07,9.412689,9.453121,9.356083,9.404602,11420600
2010-04-08,9.372255,9.432904,9.327779,9.420774,16910400
2010-04-09,9.44099,9.497596,9.408644,9.493552,10978600
2010-04-12,9.50164,9.546116,9.493553,9.51377,8320800
2010-04-13,9.501641,9.558246,9.469295,9.542073,11877200
2010-04-14,9.618897,9.683589,9.602723,9.679545,29962600
2010-04-15,9.687627,9.72806,9.659324,9.724016,18980400
2010-04-16,9.667416,9.711892,9.546118,9.594637,30402400
2010-04-19,9.578462,9.631024,9.509726,9.614851,17533600
2010-04-20,9.647195,9.687627,9.590589,9.667411,13887000
2010-04-21,9.724017,9.736147,9.639109,9.687628,18800600
2010-04-22,9.594634,9.719975,9.525898,9.711888,8321000
2010-04-23,9.707847,9.74828,9.651242,9.73615,25740400
2010-04-26,9.756362,9.768492,9.711887,9.724016,19625800
2010-04-27,9.683587,9.728062,9.517813,9.533986,56498000
2010-04-28,9.594634,9.594634,9.47738,9.562288,25521400
2010-04-29,9.606765,9.6755,9.586548,9.659327,18107200
2010-04-30,9.651242,9.667415,9.453122,9.457166,21095200
2010-05-03,9.485467,9.622937,9.485467,9.586548,13769000
2010-05-04,9.473336,9.485466,9.255,9.311606,29680600
2010-05-05,9.218611,9.335865,9.210525,9.271173,26930000
2010-05-06,9.206486,9.295437,8.345273,8.992193,51044800
2010-05-07,8.951761,9.020496,8.591911,8.794074,50444200
2010-05-10,9.174135,9.238826,9.109443,9.198394,46776400
2010-05-11,9.101357,9.299476,9.09327,9.137746,25730000
2010-05-12,9.202439,9.376299,9.202439,9.376299,23624200
2010-05-13,9.34395,9.408642,9.218609,9.238826,22879600
2010-05-14,9.157961,9.178177,8.963885,9.060923,32993200
2010-05-17,9.085182,9.117528,8.923453,9.105399,29975200
2010-05-18,9.16605,9.17818,8.927498,8.967931,45030400
2010-05-19,8.94367,9.016448,8.826415,8.899194,53445200
2010-05-20,8.757684,8.7779,8.587867,8.61617,39636800
2010-05-21,8.466567,8.733421,8.434221,8.680859,42044000
2010-05-24,8.684902,8.75768,8.628297,8.640427,25923400
2010-05-25,8.418051,8.632343,8.357402,8.61617,36575800
2010-05-26,8.69703,8.781938,8.506997,8.531257,48645200
2010-05-27,8.725336,8.830461,8.697034,8.822374,38243400
2010-05-28,8.826415,8.830458,8.688944,8.749593,24232600
2010-06-01,8.709162,8.846632,8.652556,8.664686,26467000
2010-06-02,8.713207,8.858765,8.652559,8.858765,20760000
2010-06-03,8.887068,8.96389,8.834506,8.947717,25170000
2010-06-04,8.757678,8.874932,8.628294,8.66064,36989000
2010-06-07,8.70512,8.733422,8.51913,8.535303,21086400
2010-06-08,8.547426,8.575729,8.422086,8.55147,26650400
2010-06-09,8.616166,8.692988,8.466566,8.506999,26627000
2010-06-10,8.599993,8.72129,8.58382,8.713203,28425600
2010-06-11,8.624254,8.806201,8.624254,8.790028,21450600
2010-06-14,8.88302,8.911324,8.761723,8.773853,26047600
2010-06-15,8.826417,9.012407,8.814287,9.00432,23053600
2010-06-16,8.967933,9.056884,8.947716,9.028582,15507600
2010-06-17,9.069009,9.077096,8.967928,9.060923,19837200
2010-06-18,9.068636,9.109212,9.032118,9.060521,14238600
2010-06-21,9.161956,9.178186,8.950963,8.995596,17484400
2010-06-22,9.024,9.088921,8.906332,8.918504,20366800
2010-06-23,8.94691,8.971255,8.833299,8.902277,18819600
2010-06-24,8.861698,8.886044,8.707511,8.723742,30528200
2010-06-25,8.776489,8.784604,8.646647,8.715626,31331000
2010-06-28,8.703457,8.772436,8.658824,8.73186,20527200
2010-06-29,8.585786,8.597959,8.34639,8.407253,39667200
2010-06-30,8.370733,8.439712,8.253064,8.27741,25000000
2010-07-01,8.281467,8.334216,8.119165,8.244949,45810800
2010-07-02,8.281472,8.309874,8.175975,8.232781,17022000
2010-07-06,8.362622,8.423485,8.228722,8.313931,30672400
2010-07-07,8.326101,8.593899,8.313928,8.581726,25780600
2010-07-08,8.666937,8.666937,8.537095,8.634477,17332800
2010-07-09,8.630419,8.67911,8.614189,8.67911,15716400
2010-07-12,8.658819,8.7562,8.658819,8.719682,17427200
2010-07-13,8.808947,8.873868,8.748084,8.845465,20582000
2010-07-14,8.877925,8.955019,8.849522,8.898213,24766800
2010-07-15,8.877931,8.934738,8.784608,8.926622,24839000
2010-07-16,8.849525,8.869813,8.662878,8.670993,30216200
2010-07-19,8.707509,8.776487,8.662876,8.7562,14704600
2010-07-20,8.602013,8.825178,8.565495,8.813005,31219600
2010-07-21,8.881986,8.890101,8.679108,8.707511,33310200
2010-07-22,8.817068,8.971256,8.813011,8.942853,23437600
2010-07-23,8.918506,9.003715,8.890103,9.003715,20772800
2010-07-26,9.003716,9.064579,8.967198,9.060521,13152600
2010-07-27,9.08892,9.109209,9.036172,9.084863,15588400
2010-07-28,9.068632,9.101092,8.979365,9.011826,26353400
2010-07-29,9.044291,9.056463,8.857643,8.930679,21295400
2010-07-30,8.833298,8.942852,8.804895,8.894161,17912400
2010-08-02,8.999657,9.105154,8.971254,9.080808,31420600
2010-08-03,9.068636,9.072694,9.01183,9.032118,10787400
2010-08-04,9.056459,9.109208,8.995596,9.10515,29363200
2010-08-05,9.044286,9.080803,9.007768,9.064573,10129600
2010-08-06,8.979369,9.052405,8.918506,9.040233,31234200
2010-08-09,9.064578,9.117326,9.02806,9.101096,27105600
2010-08-10,9.015888,9.056464,8.942853,9.007773,22578600
2010-08-11,8.869815,8.873872,8.76026,8.792721,36123000
2010-08-12,8.618244,8.70751,8.577669,8.670993,30331600
2010-08-13,8.634475,8.683165,8.618244,8.630417,12157600
2010-08-16,8.577668,8.69128,8.553323,8.646646,20537200
2010-08-17,8.727796,8.817062,8.695336,8.739969,34201200
2010-08-18,8.739971,8.837352,8.711567,8.788661,25232200
2010-08-19,8.756204,8.784606,8.63042,8.683167,27622200
2010-08-20,8.654765,8.691283,8.614189,8.66288,18632800
2010-08-23,8.707512,8.7278,8.585786,8.585786,16367400
2010-08-24,8.49246,8.553323,8.427539,8.468115,21180600
2010-08-25,8.415365,8.55738,8.395078,8.520862,22105800
2010-08-26,8.561436,8.573608,8.423479,8.435652,20309400
2010-08-27,8.484346,8.541152,8.350447,8.537095,29983400
2010-08-30,8.49246,8.557381,8.423482,8.423482,15187000
2010-08-31,8.403196,8.455945,8.350448,8.395082,31040000
2010-09-01,8.508692,8.642592,8.492463,8.610131,29596200
2010-09-02,8.614184,8.687221,8.597955,8.687221,18613000
2010-09-03,8.764316,8.817064,8.727798,8.817064,20718000
2010-09-07,8.77649,8.821124,8.735915,8.74403,15678800
2010-09-08,8.772433,8.813008,8.748087,8.792721,18581600
2010-09-09,8.865755,8.881985,8.800834,8.817064,13895200
2010-09-10,8.825179,8.833294,8.764316,8.821121,16300600
2010-09-13,8.906335,8.995601,8.894162,8.97937,23197400
2010-09-14,8.979366,9.08892,8.946906,9.015884,18854400
2010-09-15,9.007766,9.092975,8.991536,9.072687,14763400
2010-09-16,9.060519,9.133555,9.044289,9.12544,15599600
2010-09-17,9.186929,9.195074,9.129918,9.174713,28835400
2010-09-20,9.20729,9.325384,9.186928,9.309095,19105200
2010-09-21,9.321312,9.370179,9.260229,9.292807,37269200
2010-09-22,9.256158,9.300953,9.199147,9.248013,16811600
2010-09-23,9.186926,9.333526,9.17471,9.235793,19862600
2010-09-24,9.325384,9.423117,9.325384,9.414973,16332600
2010-09-27,9.435337,9.492347,9.398687,9.419047,30638200
2010-09-28,9.443483,9.451627,9.296883,9.431266,29432000
2010-09-29,9.410901,9.451623,9.386467,9.410901,12267000
2010-09-30,9.459772,9.516784,9.321317,9.374256,26278600
2010-10-01,9.439409,9.455697,9.345748,9.378325,24335400
2010-10-04,9.32946,9.378327,9.235799,9.300955,16976000
2010-10-05,9.366108,9.508635,9.362035,9.484202,15425800
2010-10-06,9.484207,9.512712,9.36204,9.439412,14340000
2010-10-07,9.476062,9.480134,9.374257,9.439412,9899400
2010-10-08,9.443479,9.512706,9.378323,9.492345,13341200
2010-10-11,9.512709,9.549359,9.471986,9.508636,12082000
2010-10-12,9.480133,9.586011,9.427193,9.565649,22014600
2010-10-13,9.622658,9.687814,9.594153,9.64302,30959000
2010-10-14,9.66338,9.67967,9.594153,9.647092,11029200
2010-10-15,9.777403,9.814053,9.695958,9.80998,42694000
2010-10-18,9.814049,9.875133,9.777399,9.875133,21501200
2010-10-19,9.687813,9.773329,9.626729,9.700029,50409400
2010-10-20,9.732602,9.83848,9.712242,9.781469,47254600
2010-10-21,9.834413,9.854775,9.687814,9.789619,55292800
2010-10-22,9.789617,9.826267,9.769256,9.818123,11525200
2010-10-25,9.854774,9.919929,9.846629,9.846629,19000000
2010-10-26,9.809978,9.883278,9.769256,9.871061,20635800
2010-10-27,9.830341,9.907713,9.797763,9.899569,23674600
2010-10-28,9.940291,9.948436,9.834413,9.899569,17096200
2010-10-29,9.915856,9.956579,9.899567,9.915856,16677200
2010-11-01,9.964723,10.025807,9.883279,9.924002,16937800
2010-11-02,10.013591,10.046168,9.99323,10.021735,14973800
2010-11-03,10.038029,10.082824,9.956585,10.078752,30232800
2010-11-04,10.184628,10.237566,10.164266,10.229423,27347000
2010-11-05,10.233491,10.233491,10.17648,10.221274,17475400
2010-11-08,10.200916,10.241639,10.180556,10.229423,15004200
2010-11-09,10.261997,10.294575,10.152047,10.200913,18159600
2010-11-10,10.213134,10.225351,10.115401,10.209062,14106000
2010-11-11,10.01359,10.066529,9.952507,10.054313,24255400
2010-11-12,10.001374,10.050241,9.862918,9.911785,21570800
2010-11-15,9.960652,9.968797,9.875136,9.883281,17599200
2010-11-16,9.814051,9.846628,9.667451,9.704101,35830800
2010-11-17,9.716321,9.773332,9.667454,9.708177,20825800
2010-11-18,9.81405,9.911784,9.809978,9.871061,21610400
2010-11-19,9.871063,9.911785,9.838485,9.899569,10239800
2010-11-22,9.854775,9.95658,9.830341,9.95658,18828400
2010-11-23,9.862919,9.879208,9.761113,9.80998,22018800
2010-11-24,9.891424,9.97694,9.879207,9.972868,14432400
2010-11-26,9.891422,9.952505,9.87106,9.875133,4980000
2010-11-29,9.866993,9.895498,9.761115,9.850704,14342000
2010-11-30,9.761115,9.805909,9.720393,9.752971,21385600
2010-12-01,9.8955,9.989161,9.871067,9.960655,21454600
2010-12-02,9.972874,10.086896,9.964729,10.078752,19251200
2010-12-03,10.025812,10.107256,10.02174,10.103184,18354800
2010-12-06,10.090968,10.127618,10.078751,10.103184,12875600
2010-12-07,10.221275,10.221275,10.107253,10.115397,19821200
2010-12-08,10.152047,10.200913,10.10318,10.200913,18021800
2010-12-09,10.241639,10.245712,10.168339,10.209062,12462600
2010-12-10,10.22942,10.266069,10.196842,10.257925,11634000
2010-12-13,10.298647,10.310863,10.229419,10.237563,13802200
2010-12-14,10.237563,10.290502,10.229419,10.253852,12583400
2010-12-15,10.241636,10.294576,10.184626,10.213131,9197000
2010-12-16,10.22535,10.274216,10.180556,10.229423,11870400
2010-12-17,10.253938,10.270285,10.22533,10.249851,11957600
2010-12-20,10.274376,10.286637,10.196726,10.258029,9538400
2010-12-21,10.290724,10.323419,10.274376,10.319332,11115400
2010-12-22,10.307068,10.319329,10.290721,10.307068,10815600
2010-12-23,10.294809,10.315243,10.270287,10.302982,6456400
2010-12-27,10.258027,10.339764,10.237592,10.323417,5982800
2010-12-28,10.343846,10.35202,10.302978,10.311152,5815000
2010-12-29,10.339763,10.356111,10.319329,10.33159,7469800
2010-12-30,10.323416,10.335677,10.294808,10.307068,10092000
2010-12-31,10.302978,10.315239,10.253936,10.294805,12704200
2011-01-03,10.372456,10.466454,10.372456,10.409238,14855000
2011-01-04,10.458281,10.470542,10.380631,10.450108,18383400
2011-01-05,10.429676,10.523673,10.409241,10.511413,23670800
2011-01-06,10.535934,10.572716,10.490978,10.572716,22089000
2011-01-07,10.564539,10.572713,10.43376,10.52367,17831200
2011-01-10,10.511409,10.552278,10.462367,10.531844,20666600
2011-01-11,10.568629,10.576802,10.482804,10.515499,16782800
2011-01-12,10.576803,10.617672,10.540022,10.609498,27155000
2011-01-13,10.617668,10.629929,10.568626,10.601321,26086800
2011-01-14,10.609497,10.695322,10.589063,10.695322,15706800
2011-01-18,10.629932,10.719843,10.617671,10.707582,17266000
2011-01-19,10.732102,10.732102,10.597236,10.62993,22431200
2011-01-20,10.59315,10.597237,10.482804,10.572716,30717200
2011-01-21,10.634019,10.638106,10.507326,10.511413,23263400
2011-01-24,10.515501,10.666716,10.515501,10.658542,36983400
2011-01-25,10.634019,10.711669,10.609497,10.707582,22027000
2011-01-26,10.736193,10.801582,10.707585,10.768888,16571000
2011-01-27,10.772976,10.838366,10.744368,10.805671,18093000
2011-01-28,10.817924,10.817924,10.519583,10.556365,32363400
2011-01-31,10.564543,10.621758,10.50324,10.621758,27973000
2011-02-01,10.699409,10.826101,10.687148,10.80158,24745400
2011-02-02,10.777063,10.842452,10.777063,10.822018,17495000
2011-02-03,10.817924,10.86288,10.728013,10.838359,22929000
2011-02-04,10.858796,10.916012,10.817927,10.907839,15135200
2011-02-07,10.932359,11.014097,10.928272,10.960967,19596400
2011-02-08,10.985487,11.014095,10.940532,11.005921,10376000
2011-02-09,10.989577,11.018185,10.952795,10.98549,10374400
2011-02-10,10.899666,10.965056,10.858797,10.936448,15676800
2011-02-11,10.940532,11.010009,10.911924,10.993661,25499200
2011-02-14,10.985487,11.030443,10.981401,11.010009,11883600
2011-02-15,10.98958,10.98958,10.928277,10.969146,12084800
2011-02-16,11.001831,11.0427,10.969137,11.030439,13573000
2011-02-17,10.977317,11.063141,10.969143,11.05088,13297800
2011-02-18,11.063137,11.071311,11.005921,11.034529,12668200
2011-02-22,10.895577,10.948706,10.744363,10.764797,44693600
2011-02-23,10.728016,10.74845,10.572716,10.638105,24511800
2011-02-24,10.646282,10.707585,10.556371,10.674891,22663400
2011-02-25,10.744367,10.822016,10.723932,10.809756,15605800
2011-02-28,10.846537,10.883319,10.781147,10.854711,18504600
2011-03-01,10.875142,10.895576,10.638104,10.646277,29088000
2011-03-02,10.662623,10.793403,10.650362,10.711665,19854600
2011-03-03,10.813835,10.887398,10.809748,10.883311,19117000
2011-03-04,10.883315,10.883315,10.732101,10.797491,27781400
2011-03-07,10.842451,10.842451,10.593152,10.658542,29609400
2011-03-08,10.66671,10.793402,10.625841,10.748446,21926400
2011-03-09,10.715756,10.744365,10.638106,10.703496,23727000
2011-03-10,10.580889,10.589063,10.486892,10.50324,29591200
2011-03-11,10.446025,10.584978,10.446025,10.544109,22764400
2011-03-14,10.490977,10.56454,10.433761,10.495064,19229600
2011-03-15,10.188551,10.392894,10.16403,10.339765,29789400
2011-03-16,10.282549,10.319331,10.02099,10.08638,42762200
2011-03-17,10.225331,10.290721,10.176289,10.192636,21866200
2011-03-18,10.329602,10.333703,10.19838,10.210682,36830200
2011-03-21,10.374709,10.444421,10.358307,10.382911,17801200
2011-03-22,10.399311,10.407512,10.354203,10.366506,18278600
2011-03-23,10.341898,10.452617,10.296791,10.423912,11671200
2011-03-24,10.505926,10.600242,10.456718,10.587939,20801200
2011-03-25,10.620747,10.669955,10.600243,10.612545,12480200
2011-03-28,10.65355,10.678155,10.579738,10.587939,16532200
2011-03-29,10.57564,10.665854,10.526431,10.661754,10271600
2011-03-30,10.723264,10.731465,10.682257,10.706861,12454600
2011-03-31,10.690459,10.723265,10.669956,10.686358,12432000
2011-04-01,10.735568,10.760172,10.633051,10.665856,21874800
2011-04-04,10.690459,10.69456,10.587942,10.628949,11739600
2011-04-05,10.624847,10.690458,10.600243,10.612545,19828400
2011-04-06,10.686358,10.706861,10.628948,10.690458,21893200
2011-04-07,10.67816,10.731468,10.608448,10.694562,18300600
2011-04-08,10.735566,10.735566,10.596143,10.633049,12734000
2011-04-11,10.649453,10.674058,10.583842,10.616648,11592800
2011-04-12,10.555135,10.583839,10.493625,10.530531,16106800
2011-04-13,10.583839,10.637148,10.538732,10.596141,14444400
2011-04-14,10.542837,10.587945,10.485428,10.575644,11015000
2011-04-15,10.546934,10.57974,10.493626,10.555136,20343600
2011-04-18,10.444421,10.464925,10.333703,10.460824,17627000
2011-04-19,10.473123,10.489525,10.423914,10.489525,19927800
2011-04-20,10.645353,10.727366,10.637152,10.710964,18449000
2011-04-21,10.809377,10.813477,10.751967,10.805276,20296000
2011-04-25,10.80528,10.825783,10.780676,10.813481,12519400
2011-04-26,10.838084,10.940601,10.821681,10.903695,14400000
2011-04-27,10.928298,10.985708,10.883191,10.969305,16033800
2011-04-28,10.944702,10.985709,10.924198,10.973407,16963600
2011-04-29,10.965201,10.985705,10.932396,10.965201,15000000
2011-05-02,11.014414,11.026715,10.911897,10.924198,13415000
2011-05-03,10.924196,10.948801,10.858586,10.928297,16303600
2011-05-04,10.9324,10.952903,10.821681,10.895494,21753800
2011-05-05,10.866786,10.9488,10.801175,10.838081,26800000
2011-05-06,10.932401,10.98981,10.850387,10.858588,21269000
2011-05-09,10.883192,10.940601,10.842185,10.903695,7888200
2011-05-10,10.928297,11.014412,10.911895,11.00211,27132000
2011-05-11,10.99801,11.022614,10.842185,10.903695,23684800
2011-05-12,10.874989,10.998009,10.813479,10.985707,21935400
2011-05-13,10.944696,10.956998,10.838078,10.85038,20408200
2011-05-16,10.80118,10.854488,10.674059,10.694562,33938800
2011-05-17,10.633052,10.698663,10.575643,10.694562,110101200
2011-05-18,10.702761,10.788875,10.682257,10.772472,23915400
2011-05-19,10.813484,10.817584,10.727369,10.79298,16237000
2011-05-20,10.780677,10.809381,10.706864,10.731468,26858600
2011-05-23,10.583841,10.620747,10.538734,10.579741,25196800
2011-05-24,10.604344,10.608445,10.542833,10.546934,17531400
2011-05-25,10.530533,10.63305,10.51413,10.579741,24816200
2011-05-26,10.563336,10.669953,10.559235,10.649449,22264200
2011-05-27,10.657654,10.702762,10.645352,10.702762,25109200
2011-05-31,10.792971,10.85038,10.739662,10.85038,21345200
2011-06-01,10.821682,10.858588,10.616648,10.624849,33255000
2011-06-02,10.63715,10.674056,10.583841,10.633049,20809800
2011-06-03,10.510029,10.57564,10.460821,10.473124,21554600
2011-06-06,10.464923,10.497728,10.38701,10.395211,16872000
2011-06-07,10.428016,10.452619,10.358304,10.362405,17582000
2011-06-08,10.321401,10.350105,10.263991,10.292696,19987200
2011-06-09,10.296793,10.3419,10.268088,10.300894,10667000
2011-06-10,10.263992,10.276294,10.149173,10.157374,21798400
2011-06-13,10.165573,10.214781,10.128667,10.165573,23329800
2011-06-14,10.25579,10.321401,10.243488,10.292696,18234400
2011-06-15,10.194277,10.243485,10.079458,10.099961,33123400
2011-06-16,10.091761,10.149171,10.001546,10.075358,18411800
2011-06-17,10.181576,10.18981,10.041594,10.066298,39895800
2011-06-20,10.02513,10.132175,10.021013,10.103355,17454200
2011-06-21,10.156877,10.305093,10.111589,10.284507,28681800
2011-06-22,10.226866,10.288622,10.202163,10.210397,22092400
2011-06-23,10.086885,10.288622,10.062182,10.280388,25150400
2011-06-24,10.247453,10.25157,10.091004,10.103355,23521200
2011-06-27,10.123941,10.292742,10.095121,10.23922,23962000
2011-06-28,10.26804,10.370967,10.259805,10.36685,16118800
2011-06-29,10.403901,10.449188,10.342144,10.449188,16565600
2011-06-30,10.494477,10.593287,10.482125,10.580936,18197000
2011-07-01,10.593289,10.770325,10.560353,10.753857,22902600
2011-07-05,10.745625,10.786796,10.720923,10.770328,16311800
2011-07-06,10.766206,10.840314,10.725035,10.819729,13517200
2011-07-07,10.889719,10.976177,10.881484,10.951475,26018200
2011-07-08,10.848551,10.897956,10.786795,10.897956,23908400
2011-07-11,10.778558,10.83208,10.679748,10.716802,23381400
2011-07-12,10.683866,10.72092,10.609759,10.622109,18861800
2011-07-13,10.675628,10.75797,10.613872,10.646809,11160200
2011-07-14,10.667393,10.737384,10.515061,10.556231,21495400
2011-07-15,10.659163,10.683866,10.593289,10.671515,28470800
2011-07-18,10.617991,10.67563,10.539766,10.634459,16761200
2011-07-19,10.737389,10.893838,10.729155,10.889722,24640800
2011-07-20,10.972064,10.972064,10.8362,10.856786,11853600
2011-07-21,10.840315,10.959711,10.786793,10.906188,22424400
2011-07-22,10.902072,11.021468,10.889721,11.000882,12630000
2011-07-25,10.910305,11.029701,10.885603,10.972061,11805600
2011-07-26,10.980298,11.066757,10.963829,11.021469,16658800
2011-07-27,10.910303,10.918538,10.708566,10.729151,26931400
2011-07-28,10.712681,10.832076,10.675627,10.712681,21409200
2011-07-29,10.613873,10.741503,10.543882,10.626224,22955000
2011-08-01,10.762093,10.790913,10.494482,10.617995,23996200
2011-08-02,10.556236,10.613875,10.3792,10.395669,42248200
2011-08-03,10.403906,10.531536,10.259807,10.502716,43071200
2011-08-04,10.379198,10.399784,10.062182,10.07865,67391800
2011-08-05,10.14864,10.193929,9.720463,10.016893,65683400
2011-08-08,9.712232,9.872798,9.452854,9.452854,89921600
2011-08-09,9.559901,9.889269,9.312876,9.885152,83606000
2011-08-10,9.699873,9.794567,9.473433,9.498136,69241200
2011-08-11,9.642238,9.988074,9.588716,9.860444,63193000
2011-08-12,9.988075,10.000427,9.835742,9.930436,29171800
2011-08-15,10.008661,10.119823,9.959257,10.107471,69936400
2011-08-16,10.025131,10.107472,9.897501,10.033365,40466400
2011-08-17,10.02513,10.115706,9.885149,9.988076,43154600
2011-08-18,9.703994,9.708111,9.407563,9.502256,61895000
2011-08-19,9.378747,9.551665,9.251117,9.271703,75489400
2011-08-22,9.461084,9.48167,9.284049,9.321103,40644800
2011-08-23,9.386978,9.671058,9.354041,9.662824,37140400
2011-08-24,9.65459,9.773985,9.584599,9.749283,44978600
2011-08-25,9.749286,9.794574,9.576368,9.609304,40875600
2011-08-26,9.572247,9.827507,9.46932,9.798687,46332800
2011-08-29,9.897501,10.049833,9.893384,10.045716,39852000
2011-08-30,10.025132,10.14041,9.951024,10.086888,24940400
2011-08-31,10.14041,10.2104,9.979843,10.062185,24520600
2011-09-01,10.082766,10.160991,9.946902,9.951019,22643200
2011-09-02,9.782219,9.835741,9.687526,9.72458,28679000
2011-09-06,9.514606,9.699875,9.469318,9.67929,22863200
2011-09-07,9.819274,9.930436,9.798688,9.930436,21515400
2011-09-08,9.893383,10.02513,9.856329,9.881031,18912000
2011-09-09,9.806925,9.860447,9.621656,9.671061,33013800
2011-09-12,9.57225,9.790456,9.559898,9.786339,22505200
2011-09-13,9.831623,9.930434,9.765749,9.901613,32684400
2011-09-14,9.975723,10.160992,9.856327,10.04983,33621600
2011-09-15,10.14864,10.230983,10.070415,10.210397,25153800
2011-09-16,10.245115,10.323637,10.220318,10.323637,30007200
2011-09-19,10.191386,10.340165,10.10873,10.298838,23528800
2011-09-20,10.356697,10.451751,10.265776,10.274042,49468200
2011-09-21,10.31537,10.393893,10.116998,10.121131,44161600
2011-09-22,9.856637,9.95169,9.678928,9.807043,82462000
2011-09-23,9.778113,9.951689,9.736785,9.918627,52197800
2011-09-26,9.964088,10.063274,9.798777,10.04261,41016200
2011-09-27,10.216184,10.323636,10.112865,10.170724,43886800
2011-09-28,10.203787,10.265778,10.017813,10.026078,24657600
2011-09-29,10.174857,10.212051,9.848368,10.005413,39385800
2011-09-30,9.873163,9.955818,9.740915,9.753313,32973200
2011-10-03,9.674788,9.819435,9.521876,9.534274,47078800
2011-10-04,9.430959,9.732651,9.340039,9.728518,33952200
2011-10-05,9.707856,9.947556,9.629333,9.931026,26480200
2011-10-06,9.910358,10.083934,9.8525,10.079802,21334800
2011-10-07,10.092204,10.145929,9.980619,10.04261,19545200
2011-10-10,10.15419,10.360828,10.15419,10.352562,16416600
2011-10-11,10.315374,10.422826,10.290577,10.398029,21544600
2011-10-12,10.480684,10.555074,10.443489,10.443489,19226600
2011-10-13,10.435222,10.56747,10.410425,10.559204,19951400
2011-10-14,10.70385,10.76171,10.654258,10.745178,23006000
2011-10-17,10.724513,10.728645,10.530273,10.575733,17802600
2011-10-18,10.546803,10.732777,10.447617,10.670786,17419600
2011-10-19,10.608799,10.629463,10.443489,10.464152,24489600
2011-10-20,10.460017,10.472415,10.290573,10.418689,17875400
2011-10-21,10.534408,10.604665,10.472417,10.55094,19584600
2011-10-24,10.588131,10.749309,10.567467,10.716247,25305200
2011-10-25,10.687322,10.691455,10.517879,10.546808,24070000
2011-10-26,10.645994,10.650127,10.398028,10.592268,14990200
2011-10-27,10.840231,10.976612,10.765841,10.906355,27882200
2011-10-28,10.860898,10.96835,10.8485,10.943553,18011600
2011-10-31,10.836098,10.877426,10.741045,10.74931,12862400
2011-11-01,10.497214,10.567471,10.43109,10.451755,33196600
2011-11-02,10.584001,10.629461,10.501346,10.579868,17999400
2011-11-03,10.695583,10.844363,10.571601,10.831964,23279200
2011-11-04,10.749312,10.798904,10.662523,10.765842,11387800
2011-11-07,10.757575,10.844363,10.650124,10.831964,12765000
2011-11-08,10.914619,10.968345,10.803034,10.955947,14476200
2011-11-09,10.745176,10.76584,10.546804,10.575733,20789600
2011-11-10,10.707982,10.712115,10.517876,10.608796,11454200
2011-11-11,10.707987,10.844368,10.703854,10.811306,9877200
2011-11-14,10.786509,10.836102,10.699721,10.72865,6522000
2011-11-15,10.712116,10.910488,10.707983,10.873293,15485600
2011-11-16,10.786506,10.885692,10.691453,10.712116,17483000
2011-11-17,10.683183,10.691449,10.418686,10.505474,24996600
2011-11-18,10.497211,10.517876,10.406291,10.418689,14593800
2011-11-21,10.302976,10.311242,10.141798,10.236852,18826000
2011-11-22,10.216184,10.274043,10.137662,10.220317,14135600
2011-11-23,10.137662,10.158325,9.976483,9.976483,25073600
2011-11-25,9.947558,10.067409,9.922762,9.922762,14131800
2011-11-28,10.174856,10.265776,10.170723,10.249245,19591800
2011-11-29,10.257514,10.323638,10.170726,10.195522,9531000
2011-11-30,10.464151,10.5964,10.435222,10.588135,27460600
2011-12-01,10.5592,10.666652,10.5592,10.645988,15959400
2011-12-02,10.724512,10.753441,10.621193,10.637724,11084800
2011-12-05,10.786505,10.840231,10.70385,10.757576,12168000
2011-12-06,10.757573,10.811298,10.707979,10.75344,11733200
2011-12-07,10.712117,10.80717,10.621196,10.765842,11650600
2011-12-08,10.707981,10.774105,10.579866,10.596396,13632200
2011-12-09,10.625327,10.782373,10.617062,10.761709,16561200
2011-12-12,10.666656,10.670789,10.546806,10.625328,116342000
2011-12-13,10.699714,10.732776,10.493076,10.526138,23459600
2011-12-14,10.505479,10.513745,10.327771,10.364965,27793400
2011-12-15,10.468284,10.47655,10.331903,10.340169,18948000
2011-12-16,10.393713,10.497485,10.339752,10.368808,39399000
2011-12-19,10.402015,10.42692,10.235981,10.269188,20306400
2011-12-20,10.406164,10.572198,10.406164,10.559746,17925600
2011-12-21,10.493335,10.493335,10.265038,10.385413,18212600
2011-12-22,10.41862,10.505788,10.41862,10.505788,9373800
2011-12-23,10.505785,10.609556,10.505785,10.609556,9490600
2011-12-27,10.588804,10.659368,10.580502,10.626162,5578000
2011-12-28,10.626158,10.630309,10.493331,10.518236,9702600
2011-12-29,10.543144,10.613708,10.526541,10.597105,11777800
2011-12-30,10.584649,10.630309,10.563895,10.563895,7502600
2012-01-03,10.738236,10.800498,10.705029,10.71333,53679800
2012-01-04,10.70918,10.763142,10.651069,10.742387,9488600
2012-01-05,10.729933,10.796347,10.680123,10.775592,13513800
2012-01-06,10.783892,10.804647,10.729932,10.779741,9978400
2012-01-09,10.817097,10.825398,10.73408,10.763136,8173200
2012-01-10,10.86691,10.887663,10.800496,10.800496,11466200
2012-01-11,10.779744,10.862761,10.771442,10.833705,8307600
2012-01-12,10.858611,10.895969,10.796348,10.887667,9731000
2012-01-13,10.821248,10.837852,10.746533,10.825399,11943000
2012-01-17,10.900119,10.949929,10.850309,10.875215,11066200
2012-01-18,10.904265,11.045394,10.900114,11.032941,14418800
2012-01-19,11.091056,11.136716,11.078604,11.111811,14850400
2012-01-20,11.091052,11.140863,11.086901,11.124259,26720600
2012-01-23,11.140862,11.219729,11.091052,11.161616,58044400
2012-01-24,11.111809,11.174071,11.099356,11.153317,11501800
2012-01-25,11.25709,11.273693,11.140866,11.240486,35868400
2012-01-26,11.277844,11.290296,11.120112,11.165771,17425800
2012-01-27,11.124262,11.194826,11.124262,11.165771,16520400
2012-01-30,11.070302,11.215582,11.062001,11.198978,15382400
2012-01-31,11.273694,11.277845,11.15332,11.219733,16178600
2012-02-01,11.327654,11.381615,11.286146,11.331804,17944800
2012-02-02,11.373312,11.406519,11.331803,11.36086,12041000
2012-02-03,11.456325,11.52689,11.435571,11.506135,14786400
2012-02-06,11.47293,11.518589,11.443874,11.510287,13401200
2012-02-07,11.506141,11.568404,11.45218,11.539348,14776000
2012-02-08,11.564256,11.622368,11.526898,11.609915,22989800
2012-02-09,11.663871,11.738587,11.626514,11.721983,18972800
2012-02-10,11.643117,11.659721,11.593308,11.634816,12739000
2012-02-13,11.717831,11.734435,11.643115,11.709529,16844000
2012-02-14,11.697076,11.738585,11.634814,11.730283,13086000
2012-02-15,11.788397,11.863112,11.647268,11.668023,24426200
2012-02-16,11.668025,11.850661,11.651421,11.838209,20095600
2012-02-17,11.875567,11.875567,11.796701,11.838209,18570000
2012-02-21,11.854808,11.941976,11.81745,11.888015,19440800
2012-02-22,11.871412,11.900468,11.821601,11.846507,16206000
2012-02-23,11.834056,11.912922,11.767642,11.892167,11013400
2012-02-24,11.933677,11.983488,11.929527,11.962733,10992000
2012-02-27,11.904619,12.016692,11.842356,11.983485,17053000
2012-02-28,11.995941,12.070657,11.971037,12.070657,20220200
2012-02-29,12.078955,12.124613,11.971033,12.016692,20911600
2012-03-01,12.078954,12.108009,12.024992,12.087255,27944800
2012-03-02,12.078959,12.116316,12.03745,12.070657,17570800
2012-03-05,12.058203,12.078958,11.921225,11.966885,14492400
2012-03-06,11.850657,11.875563,11.784244,11.850657,28072800
2012-03-07,11.900468,11.954428,11.883864,11.937825,21582000
2012-03-08,12.000087,12.083105,11.975183,12.058199,14517800
2012-03-09,12.074803,12.124613,12.070652,12.112161,12731600
2012-03-12,12.103861,12.141219,12.070654,12.128766,11853600
2012-03-13,12.199327,12.369512,12.186875,12.369512,38024200
2012-03-14,12.377814,12.469133,12.336305,12.415172,25483600
2012-03-15,12.46498,12.477432,12.394416,12.448377,24901000
2012-03-16,12.480026,12.480026,12.421728,12.442549,18957600
2012-03-19,12.467538,12.563314,12.438389,12.534164,17861600
2012-03-20,12.459209,12.538328,12.425895,12.521671,11426200
2012-03-21,12.542494,12.596628,12.513344,12.517509,17650000
2012-03-22,12.463368,12.521666,12.442547,12.488353,15001800
2012-03-23,12.509174,12.509174,12.421726,12.488353,19023200
2012-03-26,12.571641,12.675746,12.542492,12.671581,24374400
2012-03-27,12.684072,12.717386,12.659087,12.667416,12876000
2012-03-28,12.667417,12.713223,12.559148,12.621611,12979000
2012-03-29,12.554983,12.613282,12.505014,12.596625,11474400
2012-03-30,12.638268,12.65076,12.521671,12.559149,16014600
2012-04-02,12.554984,12.709059,12.529999,12.692402,32815600
2012-04-03,12.713225,12.750703,12.617449,12.684075,13552400
2012-04-04,12.57997,12.588298,12.455045,12.534164,18419600
2012-04-05,12.492522,12.575805,12.480029,12.563313,10119800
2012-04-09,12.409239,12.538329,12.400911,12.475865,13779800
2012-04-10,12.480031,12.530001,12.271822,12.300972,28745800
2012-04-11,12.400911,12.434225,12.342612,12.371761,18613200
2012-04-12,12.400908,12.538326,12.388415,12.525833,18139000
2012-04-13,12.492517,12.492517,12.317622,12.330114,21060800
2012-04-16,12.400909,12.405073,12.180207,12.201028,40978000
2012-04-17,12.24267,12.488357,12.238506,12.467536,20538200
2012-04-18,12.396743,12.430056,12.33428,12.375921,14212800
2012-04-19,12.33428,12.446712,12.167712,12.238503,38465200
2012-04-20,12.288474,12.338444,12.180206,12.192698,23242600
2012-04-23,12.096921,12.130234,11.992817,12.096921,31060600
2012-04-24,12.084431,12.159387,12.026132,12.071939,19248800
2012-04-25,12.334285,12.425896,12.334285,12.413404,28710400
2012-04-26,12.409236,12.534162,12.409236,12.509177,18953600
2012-04-27,12.525835,12.546656,12.455044,12.505014,11353200
2012-04-30,12.488353,12.496682,12.400906,12.417562,20123600
2012-05-01,12.409237,12.584132,12.392581,12.459208,23355800
2012-05-02,12.392581,12.4717,12.363432,12.467536,12842600
2012-05-03,12.488359,12.492523,12.33012,12.363434,18397800
2012-05-04,12.255162,12.275982,12.101087,12.105251,24187200
2012-05-07,12.030297,12.134401,12.009476,12.071939,16165400
2012-05-08,12.009478,12.063612,11.876224,12.030298,20341600
2012-05-09,11.905373,12.088597,11.859567,12.030298,20923600
2012-05-10,12.046953,12.055282,11.9137,11.938684,17288600
2012-05-11,11.913701,12.076104,11.897044,11.947015,14323000
2012-05-14,11.863729,11.93452,11.826252,11.842909,28108600
2012-05-15,11.872059,11.951179,11.784611,11.809597,16883200
2012-05-16,11.86373,11.872059,11.701327,11.71382,25618800
2012-05-17,11.730477,11.751297,11.543088,11.547253,22552600
2012-05-18,11.593061,11.630538,11.414001,11.438986,25196200
2012-05-21,11.463968,11.72631,11.438982,11.722146,17104400
2012-05-22,11.75963,11.792943,11.618048,11.684674,15628600
2012-05-23,11.597226,11.73048,11.488958,11.697166,17437400
2012-05-24,11.730477,11.734641,11.543089,11.630537,16600800
2012-05-25,11.622209,11.651358,11.580567,11.605553,10010400
2012-05-29,11.726312,11.809596,11.676342,11.759625,14668400
2012-05-30,11.655525,11.722152,11.618048,11.684674,11103000
2012-05-31,11.66385,11.705492,11.547253,11.630537,23844200
2012-06-01,11.430658,11.497284,11.326553,11.326553,24028600
2012-06-04,11.36403,11.418164,11.259926,11.393179,15706600
2012-06-05,11.364032,11.476464,11.351539,11.463972,14268000
2012-06-06,11.543086,11.738803,11.538922,11.72631,17740600
2012-06-07,11.838742,11.842906,11.659682,11.668011,13362200
2012-06-08,11.659685,11.805431,11.626372,11.797103,15210200
2012-06-11,11.89288,11.901208,11.609716,11.630537,27117400
2012-06-12,11.655523,11.759627,11.588896,11.747134,16018800
2012-06-13,11.730478,11.788776,11.64303,11.676344,22709000
2012-06-14,11.684671,11.776283,11.609715,11.734641,21162400
2012-06-15,11.780206,11.888895,11.763484,11.859632,29203400
2012-06-18,11.82201,11.993404,11.805288,11.94742,17272400
2012-06-19,12.010127,12.089554,11.997587,12.03939,13112000
2012-06-20,12.05611,12.097913,11.964143,12.06029,18961600
2012-06-21,12.051929,12.068651,11.759305,11.776027,12344600
2012-06-22,11.817831,11.918159,11.792748,11.905618,28528600
2012-06-25,11.796929,11.796929,11.642257,11.663158,10928800
2012-06-26,11.696598,11.738401,11.625532,11.709139,11241000
2012-06-27,11.759305,11.81365,11.730043,11.780208,14875400
2012-06-28,11.700782,11.717504,11.550289,11.684061,21093800
2012-06-29,11.884712,12.026844,11.85545,12.010122,17999400
2012-07-02,12.043568,12.081192,11.985044,12.077011,16942800
2012-07-03,12.068651,12.17316,12.06029,12.17316,6851000
2012-07-05,12.143897,12.235865,12.093733,12.17316,14129200
2012-07-06,12.093732,12.093732,11.909796,11.993403,13804400
2012-07-09,11.964143,11.993405,11.897257,11.968323,14639400
2012-07-10,12.014309,12.056112,11.79275,11.834554,14580200
2012-07-11,11.826192,11.855454,11.68406,11.780208,15684200
2012-07-12,11.696601,11.713323,11.567011,11.663158,19515800
2012-07-13,11.688241,11.847094,11.684061,11.817832,13778800
2012-07-16,11.817832,11.863816,11.780209,11.805291,9420600
2012-07-17,11.880534,11.888895,11.704959,11.851272,16763800
2012-07-18,11.851275,12.085374,11.842914,12.056111,16260400
2012-07-19,12.131356,12.202421,12.114634,12.160618,19684800
2012-07-20,12.139718,12.152258,12.014307,12.022668,31410600
2012-07-23,11.817831,11.947421,11.725863,11.905618,13050200
2012-07-24,11.909798,11.93906,11.709141,11.784388,15751800
2012-07-25,11.700779,11.813649,11.671517,11.738402,16461200
2012-07-26,11.9098,11.968324,11.851275,11.91816,14088000
2012-07-27,11.98504,12.198238,11.951598,12.177336,18278200
2012-07-30,12.194061,12.273488,12.156438,12.18152,17853000
2012-07-31,12.214959,12.298566,12.206599,12.231681,17480600
2012-08-01,12.311112,12.311112,12.148078,12.189881,18240600
2012-08-02,12.089552,12.248405,12.047749,12.110454,13260800
2012-08-03,12.319473,12.386358,12.265129,12.348736,16377200
2012-08-06,12.394718,12.490866,12.386357,12.436522,22640400
2012-08-07,12.478327,12.570294,12.461605,12.52013,15374800
2012-08-08,12.495046,12.557752,12.474145,12.524308,17118400
2012-08-09,12.545213,12.587017,12.515951,12.566114,8787600
2012-08-10,12.524305,12.599552,12.499224,12.595371,22866200
2012-08-13,12.595371,12.637174,12.545207,12.632994,10418400
2012-08-14,12.670623,12.674803,12.570295,12.607918,12665400
2012-08-15,12.612098,12.64136,12.591196,12.612098,11301600
2012-08-16,12.678981,12.804391,12.66226,12.783489,14334000
2012-08-17,12.804389,12.858734,12.791848,12.854553,16269800
2012-08-20,12.842016,12.88382,12.800213,12.867099,16192600
2012-08-21,12.91726,12.942342,12.745866,12.783489,20252400
2012-08-22,12.754226,12.837833,12.708242,12.80439,37100000
2012-08-23,12.750045,12.779307,12.670618,12.699881,14113800
2012-08-24,12.658079,12.800211,12.628816,12.779308,12511800
2012-08-27,12.83365,12.84201,12.766764,12.791846,9647400
2012-08-28,12.779309,12.808572,12.724965,12.762589,15733800
2012-08-29,12.779306,12.82529,12.737503,12.787667,9583000
2012-08-30,12.729146,12.745866,12.637177,12.645538,12042200
2012-08-31,12.741685,12.787669,12.612095,12.745866,13221200
2012-09-04,12.733325,12.783489,12.620456,12.745866,13611800
2012-09-05,12.737507,12.796033,12.704065,12.733327,17578600
2012-09-06,12.825298,13.021774,12.808576,13.017593,15790800
2012-09-07,12.979965,13.021769,12.950703,12.996687,16006200
2012-09-10,12.971605,13.009229,12.858736,12.858736,12528400
2012-09-11,12.879636,12.959063,12.871276,12.892178,10634400
2012-09-12,12.946522,12.975785,12.883817,12.963243,10383200
2012-09-13,12.975791,13.188988,12.96743,13.138824,17639000
2012-09-14,13.172262,13.260048,13.15972,13.201524,20608200
2012-09-17,13.209885,13.222426,13.168082,13.214066,7630800
2012-09-18,13.184802,13.222425,13.180622,13.222425,10617800
2012-09-19,13.214066,13.26841,13.188983,13.234967,34489800
2012-09-20,13.188984,13.226608,13.143001,13.209887,14270400
2012-09-21,13.26865,13.306429,13.201489,13.226674,17937800
2012-09-24,13.125934,13.163713,13.092353,13.142724,9361400
2012-09-25,13.172104,13.184697,12.953829,12.958027,10879600
2012-09-26,12.932843,12.941239,12.794322,12.865682,14782000
2012-09-27,12.882472,13.06297,12.869879,13.033586,9697200
2012-09-28,13.000005,13.046179,12.920251,12.941238,16246800
2012-10-01,12.991611,13.06297,12.878275,12.911856,29855000
2012-10-02,12.97062,12.991608,12.832098,12.928643,15035400
2012-10-03,12.97062,13.02519,12.911854,12.995806,10537400
2012-10-04,13.0084,13.058772,12.949634,13.033586,7925600
2012-10-05,13.092352,13.104944,12.932842,12.966423,9157800
2012-10-08,12.874076,12.911855,12.811112,12.8321,35163800
2012-10-09,12.806912,12.815308,12.630613,12.668391,30969400
2012-10-10,12.672587,12.693574,12.592832,12.618017,26970200
2012-10-11,12.710369,12.714566,12.56765,12.56765,13798800
2012-10-12,12.571846,12.63481,12.534067,12.559253,14276400
2012-10-15,12.588636,12.639008,12.513079,12.622217,10338200
2012-10-16,12.639008,12.806912,12.639008,12.794319,22450400
2012-10-17,12.68938,12.769135,12.664195,12.727159,21197000
2012-10-18,12.693579,12.739753,12.53407,12.580243,24502400
2012-10-19,12.571851,12.571851,12.294808,12.294808,25686400
2012-10-22,12.294803,12.408138,12.269617,12.378755,12177800
2012-10-23,12.294803,12.361965,12.227641,12.244431,21124000
2012-10-24,12.282214,12.315795,12.152088,12.173076,12784600
2012-10-25,12.248629,12.265419,12.101712,12.147886,10469800
2012-10-26,12.131102,12.22345,12.055545,12.16888,19385400
2012-10-31,12.16468,12.18147,12.080728,12.118506,38869000
2012-11-01,12.181468,12.328384,12.156281,12.315791,12538200
2012-11-02,12.353576,12.370366,12.143695,12.156287,18269000
2012-11-05,12.164678,12.252828,12.135295,12.223445,12036400
2012-11-06,12.278017,12.366167,12.248634,12.278017,12140800
2012-11-07,12.147889,12.152087,11.938008,11.971589,20196800
2012-11-08,12.00937,12.047148,11.795291,11.799489,18926800
2012-11-09,11.791091,11.971589,11.782696,11.854055,28790800
2012-11-12,11.900227,11.917017,11.795287,11.837263,10224000
2012-11-13,11.749118,11.88764,11.715537,11.778502,20176000
2012-11-14,11.83307,11.858255,11.635782,11.660968,30501800
2012-11-15,11.669358,11.715532,11.556023,11.593801,17899000
2012-11-16,11.606397,11.652571,11.421702,11.610595,17345200
2012-11-19,11.753309,11.938004,11.744913,11.929608,21953600
2012-11-20,11.912823,11.917021,11.770105,11.879242,29239400
2012-11-21,11.883438,11.942205,11.866648,11.917019,20198200
2012-11-23,11.992577,12.118506,11.975787,12.11011,16571000
2012-11-26,12.089122,12.16468,12.042949,12.16468,16138400
2012-11-27,12.152087,12.189865,12.080727,12.11011,21487800
2012-11-28,12.030355,12.189864,11.963193,12.181469,22532200
2012-11-29,12.240235,12.282212,12.185667,12.240235,27040800
2012-11-30,12.236037,12.261222,12.185666,12.227641,12603600
2012-12-03,12.319992,12.336782,12.19826,12.210854,15813000
2012-12-04,12.210852,12.219247,12.126899,12.189864,21323600
2012-12-05,12.164679,12.164679,11.992577,12.068134,25176600
2012-12-06,12.034555,12.168878,11.984183,12.139495,19477800
2012-12-07,12.198262,12.210855,12.02616,12.076531,47442800
2012-12-10,12.047145,12.164678,12.03875,12.105911,27452400
2012-12-11,12.202455,12.340977,12.181468,12.269617,19842000
2012-12-12,12.328391,12.336786,12.219253,12.248636,13110000
2012-12-13,12.23184,12.286409,12.118505,12.16048,17561400
2012-12-14,12.080724,12.118503,12.009365,12.042946,18332200
2012-12-17,12.042948,12.194061,12.03875,12.189864,17626200
2012-12-18,12.244433,12.382954,12.202457,12.370361,22085000
2012-12-19,12.399746,12.40814,12.3032,12.307398,18421600
2012-12-20,12.315791,12.349372,12.244432,12.328384,14209600
2012-12-21,12.167113,12.238883,12.124895,12.221996,27099200
2012-12-24,12.188224,12.209332,12.162893,12.188224,5188600
2012-12-26,12.188224,12.226219,12.070014,12.120675,8450000
2012-12-27,12.112229,12.141781,11.951802,12.108007,21490400
2012-12-28,12.010911,12.095345,11.960249,11.972915,16506800
2012-12-31,11.943363,12.230442,11.926475,12.179781,30372600
2013-01-02,12.504859,12.593515,12.445753,12.585072,30083000
2013-01-03,12.576624,12.610398,12.466858,12.504854,19579400
2013-01-04,12.492192,12.504857,12.411978,12.454196,13665800
2013-01-07,12.416202,12.466863,12.365541,12.43731,15376000
2013-01-08,12.437308,12.462639,12.323321,12.390869,11130400
2013-01-09,12.403534,12.437308,12.386647,12.411978,23198600
2013-01-10,12.500633,12.504855,12.369758,12.475302,19470600
2013-01-11,12.471083,12.509078,12.445752,12.492191,10115800
2013-01-14,12.407756,12.44153,12.365539,12.411978,19463000
2013-01-15,12.357094,12.357094,12.285324,12.331763,16168400
2013-01-16,12.340208,12.424644,12.323322,12.373982,17444800
2013-01-17,12.437305,12.47108,12.411975,12.424641,12706200
2013-01-18,12.3782,12.411974,12.344426,12.407752,15481000
2013-01-22,12.416199,12.441529,12.348651,12.441529,12799000
2013-01-23,12.555516,12.618842,12.538629,12.572403,18974600
2013-01-24,12.373981,12.471083,12.340207,12.357095,26757000
2013-01-25,12.403536,12.449975,12.352875,12.369761,32417000
2013-01-28,12.386647,12.454196,12.361317,12.411978,14428400
2013-01-29,12.390865,12.458413,12.33176,12.428861,13582800
2013-01-30,12.420421,12.479526,12.373982,12.390869,11926600
2013-01-31,12.433087,12.504857,12.399313,12.411978,10834600
2013-02-01,12.517519,12.580846,12.471081,12.551293,14645000
2013-02-04,12.509077,12.525964,12.378203,12.386646,21763600
2013-02-05,12.433087,12.576627,12.420422,12.530188,19259200
2013-02-06,12.475299,12.576622,12.475299,12.525961,14869600
2013-02-07,12.538626,12.551291,12.407751,12.525961,19868600
2013-02-08,12.576625,12.665282,12.572404,12.63573,18265200
2013-02-11,12.652617,12.673726,12.6104,12.66106,12871200
2013-02-12,12.648394,12.673725,12.597734,12.618842,10737800
2013-02-13,12.63573,12.665283,12.576626,12.614621,17994600
2013-02-14,12.542855,12.597738,12.521746,12.580851,12739000
2013-02-15,12.58929,12.635729,12.534407,12.572403,10023400
2013-02-19,12.593513,12.656839,12.593513,12.656839,9237200
2013-02-20,12.652619,12.661062,12.479527,12.483748,13324400
2013-02-21,12.441527,12.449971,12.340205,12.382422,33263200
2013-02-22,12.466861,12.538631,12.420422,12.53441,17345400
2013-02-25,12.601957,12.644175,12.348651,12.357095,16158600
2013-02-26,12.390865,12.454191,12.33176,12.428861,15219000
2013-02-27,12.411978,12.597736,12.399313,12.53441,16499400
2013-02-28,12.53863,12.618843,12.509077,12.509077,13330400
2013-03-01,12.449974,12.55974,12.39087,12.530188,11010400
2013-03-04,12.492192,12.576628,12.475305,12.568184,9996800
2013-03-05,12.639949,12.770823,12.639949,12.741271,24873600
2013-03-06,12.78349,12.787711,12.71172,12.732828,14349800
2013-03-07,12.737052,12.783492,12.720165,12.762383,10654000
2013-03-08,12.821488,12.821488,12.749718,12.787714,11980400
2013-03-11,12.762383,12.825709,12.724387,12.817266,10737000
2013-03-12,12.783492,12.8046,12.715944,12.770826,9704200
2013-03-13,12.766604,12.813044,12.720165,12.762383,10970800
2013-03-14,12.8046,12.863705,12.8046,12.855262,11512200
2013-03-15,12.856959,12.865437,12.76794,12.801852,19710200
2013-03-18,12.700114,12.861197,12.683158,12.806089,12344800
2013-03-19,12.840004,12.865438,12.683159,12.789135,14551600
2013-03-20,12.861199,12.882393,12.814569,12.85272,14613800
2013-03-21,12.725549,12.759461,12.678919,12.708592,11593600
2013-03-22,12.742505,12.806091,12.729789,12.789135,6818400
2013-03-25,12.844242,12.865438,12.712833,12.759462,9150200
2013-03-26,12.823045,12.844239,12.793372,12.840001,8449600
2013-03-27,12.750982,12.814568,12.729788,12.806089,14460800
2013-03-28,12.776414,12.844239,12.755219,12.831522,14831800
2013-04-01,12.844239,12.844239,12.712829,12.746741,9260000
2013-04-02,12.793371,12.852717,12.767937,12.79761,8435600
2013-04-03,12.810329,12.831525,12.674681,12.695876,16947400
2013-04-04,12.695874,12.725547,12.640766,12.700112,11271400
2013-04-05,12.526311,12.623809,12.492399,12.602613,14025000
2013-04-08,12.611096,12.657725,12.564466,12.657725,12646000
2013-04-09,12.687395,12.780653,12.632287,12.746741,11940200
2013-04-10,12.780653,12.984125,12.772174,12.971409,21103800
2013-04-11,12.903586,12.950215,12.873913,12.92902,12486400
2013-04-12,12.869676,12.907827,12.789134,12.873915,11499000
2013-04-15,12.827283,12.852717,12.661962,12.661962,32840200
2013-04-16,12.755221,12.835763,12.721309,12.818807,16621000
2013-04-17,12.704353,12.712831,12.50088,12.555987,24093000
2013-04-18,12.611093,12.615332,12.390664,12.424576,31544800
2013-04-19,12.399145,12.488164,12.335559,12.441535,17220000
2013-04-22,12.483924,12.572943,12.424577,12.539031,14642600
2013-04-23,12.598376,12.721308,12.560225,12.674679,24907600
2013-04-24,12.594139,12.729788,12.581422,12.695876,11095800
2013-04-25,12.725548,12.806088,12.708591,12.738264,12937600
2013-04-26,12.717069,12.772176,12.683157,12.734026,10734200
2013-04-29,12.763697,12.950213,12.763697,12.916301,16512000
2013-04-30,12.933258,13.060429,12.903585,13.05619,26792000
2013-05-01,13.039235,13.056191,12.929021,12.941738,17378400
2013-05-02,12.958691,13.124012,12.954452,13.107057,12827000
2013-05-03,13.217272,13.259662,13.200315,13.229988,20859400
2013-05-06,13.263904,13.310533,13.246948,13.293577,14483000
2013-05-07,13.302055,13.32325,13.217275,13.285099,12561000
2013-05-08,13.272382,13.395314,13.246948,13.391075,16986800
2013-05-09,13.365644,13.433468,13.314775,13.352926,20527800
2013-05-10,13.378358,13.41227,13.331729,13.391075,9388600
2013-05-13,13.378359,13.395316,13.335969,13.357164,9465800
2013-05-14,13.344446,13.446183,13.344446,13.399554,14746800
2013-05-15,13.391077,13.446184,13.361404,13.441945,12837600
2013-05-16,13.475857,13.594549,13.471618,13.514008,18301800
2013-05-17,13.564874,13.653893,13.530961,13.649654,34379200
2013-05-20,13.615741,13.696284,13.603025,13.649654,16182200
2013-05-21,13.619983,13.649656,13.556397,13.607265,16769000
2013-05-22,13.628457,13.687803,13.403789,13.458896,28816800
2013-05-23,13.344447,13.501291,13.314774,13.454661,34028800
2013-05-24,13.365642,13.441943,13.340207,13.433466,10553400
2013-05-28,13.581831,13.624221,13.467377,13.49705,12611800
2013-05-29,13.429227,13.50553,13.365642,13.46314,16462000
2013-05-30,13.475857,13.603027,13.4589,13.547919,17675000
2013-05-31,13.49705,13.615742,13.41227,13.420748,13932600
2013-06-03,13.437703,13.49281,13.344444,13.488571,20009200
2013-06-04,13.501289,13.577591,13.391075,13.429226,18547200
2013-06-05,13.395312,13.429224,13.280858,13.297814,15854600
2013-06-06,13.302056,13.348686,13.187603,13.327491,29453600
2013-06-07,13.395317,13.463142,13.327493,13.450424,13022800
2013-06-10,13.501291,13.535203,13.4589,13.480095,12782000
2013-06-11,13.357163,13.475856,13.32325,13.340206,14615200
2013-06-12,13.41227,13.437705,13.221514,13.251187,17901400
2013-06-13,13.225753,13.429226,13.204558,13.403792,15217200
2013-06-14,13.386834,13.429225,13.289337,13.302053,11558600
2013-06-17,13.386836,13.505529,13.36988,13.424987,13176800
2013-06-18,13.450422,13.564876,13.441944,13.530964,12637600
2013-06-19,13.543679,13.547918,13.36564,13.374118,22447400
2013-06-20,13.234229,13.297815,13.047713,13.077386,31563000
2013-06-21,13.09656,13.113602,12.909101,12.99857,24222200
2013-06-24,12.883535,12.9304,12.755723,12.840931,22370400
2013-06-25,12.973008,12.99857,12.866497,12.947445,16527600
2013-06-26,13.075258,13.079519,12.985789,13.024133,40940600
2013-06-27,13.100818,13.156203,13.079516,13.088037,13088600
2013-06-28,12.981525,13.100818,12.934661,13.032651,18291200
2013-07-01,13.130642,13.203069,13.088037,13.100819,19152800
2013-07-02,13.092296,13.211588,13.045432,13.122119,28990400
2013-07-03,13.08804,13.258458,13.08804,13.198812,23194200
2013-07-05,13.275493,13.292535,13.14342,13.284014,28408200
2013-07-08,13.352186,13.364968,13.241415,13.275498,15658000
2013-07-09,13.330884,13.347926,13.262717,13.326624,24937800
2013-07-10,13.32236,13.411829,13.3181,13.369225,17662800
2013-07-11,13.505561,13.607811,13.49278,13.59503,20648400
2013-07-12,13.607809,13.620589,13.552423,13.603548,14418000
2013-07-15,13.612073,13.654677,13.560948,13.641896,9100000
2013-07-16,13.633372,13.663195,13.60781,13.650414,9948400
2013-07-17,13.693019,13.714321,13.637633,13.663197,10961000
2013-07-18,13.671717,13.69728,13.599289,13.629112,8532400
2013-07-19,13.488518,13.5013,13.364966,13.39905,27199000
2013-07-22,13.424614,13.454436,13.394791,13.437395,10077200
2013-07-23,13.454435,13.475737,13.377747,13.382008,9169000
2013-07-24,13.531123,13.539644,13.445914,13.471478,11583000
2013-07-25,13.458695,13.497039,13.41609,13.479997,9657600
2013-07-26,13.420355,13.518345,13.386272,13.518345,12054000
2013-07-29,13.488518,13.539643,13.467216,13.497039,7955400
2013-07-30,13.548164,13.620592,13.535384,13.565207,11122600
2013-07-31,13.590772,13.641898,13.497043,13.518345,13681800
2013-08-01,13.607811,13.675977,13.603551,13.663197,15494600
2013-08-02,13.663195,13.731361,13.637631,13.72284,8849800
2013-08-05,13.69302,13.769708,13.68876,13.752666,8738200
2013-08-06,13.752666,13.752666,13.641896,13.68024,9372400
2013-08-07,13.650415,13.684497,13.590768,13.646153,10500000
2013-08-08,13.71006,13.718581,13.60781,13.688758,10117000
2013-08-09,13.667455,13.697278,13.577986,13.620589,7339200
2013-08-12,13.543901,13.722838,13.543901,13.710057,9966200
2013-08-13,13.727105,13.829354,13.658938,13.803793,9431000
2013-08-14,13.79953,13.833614,13.744144,13.791009,10591400
2013-08-15,13.654675,13.654675,13.548164,13.569467,14072200
2013-08-16,13.569466,13.624851,13.526862,13.556684,14471200
2013-08-19,13.565207,13.650416,13.514082,13.514082,9623600
2013-08-20,13.552425,13.59929,13.501301,13.535384,6635800
2013-08-21,13.535386,13.607813,13.471479,13.505563,12131600
2013-08-22,13.543905,13.582248,13.479998,13.565207,12098200
2013-08-23,13.680239,13.693019,13.624853,13.663197,10137000
2013-08-26,13.654676,13.718583,13.59503,13.599291,13585400
2013-08-27,13.471477,13.518341,13.330883,13.360705,13703000
2013-08-28,13.343662,13.437392,13.335141,13.369225,9001200
2013-08-29,13.394789,13.50982,13.377747,13.441653,9575400
2013-08-30,13.471477,13.471477,13.343663,13.377747,14343200
2013-09-03,13.433136,13.488521,13.339406,13.390532,14790000
2013-09-04,13.420355,13.539648,13.403313,13.518345,14321200
2013-09-05,13.53538,13.573724,13.505557,13.526859,7428000
2013-09-06,13.569468,13.59503,13.424613,13.535384,10285800
2013-09-09,13.616332,13.727104,13.603551,13.697281,11429200
2013-09-10,13.77823,13.812313,13.731365,13.78249,13548800
2013-09-11,13.667457,13.752664,13.658935,13.718581,18665400
2013-09-12,13.727103,13.778227,13.693018,13.731362,12104600
2013-09-13,13.756928,13.77397,13.697282,13.744145,7982400
2013-09-16,13.850653,13.850653,13.684496,13.72284,16322400
2013-09-17,13.744144,13.820832,13.739884,13.791009,12802800
2013-09-18,13.833615,13.98273,13.799531,13.965688,17652600
2013-09-19,13.986988,14.021071,13.965685,13.974206,13298400
2013-09-20,14.024723,14.033285,13.862044,13.874887,15559200
2013-09-23,13.964784,13.999033,13.844915,13.917692,16087000
2013-09-24,13.892011,13.921978,13.802109,13.857761,9495000
2013-09-25,13.874887,13.892011,13.793547,13.836357,9182600
2013-09-26,13.892013,13.951947,13.844921,13.887731,10130600
2013-09-27,13.806394,13.827799,13.755022,13.802114,12399000
2013-09-30,13.656553,13.76786,13.618023,13.716488,15044200
2013-10-01,13.729331,13.866324,13.716488,13.836357,16354000
2013-10-02,13.759297,13.857761,13.737892,13.840638,16256000
2013-10-03,13.849199,13.853481,13.652271,13.720768,12985200
2013-10-04,13.707924,13.797826,13.699362,13.776421,10681600
2013-10-07,13.677958,13.797827,13.673677,13.716488,9135400
2013-10-08,13.707928,13.725053,13.485313,13.498157,16185400
2013-10-09,13.536683,13.600898,13.433937,13.549525,20539800
2013-10-10,13.665113,13.793545,13.656551,13.776421,16409600
2013-10-11,13.750738,13.892014,13.737895,13.892014,17817200
2013-10-14,13.810669,13.951945,13.789264,13.939102,14279600
2013-10-15,13.904853,13.97335,13.849199,13.853481,14500600
2013-10-16,13.913417,14.0076,13.904854,13.986194,16384400
2013-10-17,13.896291,14.003317,13.866324,13.990475,14842200
2013-10-18,14.136032,14.238777,14.088941,14.230216,15869400
2013-10-21,14.290147,14.3458,14.277303,14.30727,10803000
2013-10-22,14.358644,14.371487,14.225931,14.30299,32716200
2013-10-23,14.234497,14.264464,14.170281,14.234497,10266600
2013-10-24,14.251616,14.311551,14.213087,14.268741,7067200
2013-10-25,14.371489,14.405739,14.298712,14.341522,6762600
2013-10-28,14.380049,14.401453,14.320114,14.388611,10021000
2013-10-29,14.469952,14.517044,14.414298,14.482797,9950000
2013-10-30,14.512763,14.521323,14.392892,14.452826,11149000
2013-10-31,14.422858,14.487074,14.38861,14.405735,57424000
2013-11-01,14.465669,14.491354,14.354361,14.410015,9270400
2013-11-04,14.452827,14.478514,14.410017,14.465672,11953400
2013-11-05,14.410014,14.469948,14.375766,14.427138,9023800
2013-11-06,14.49992,14.576979,14.482797,14.572699,10501600
2013-11-07,14.5727,14.598385,14.36721,14.384333,21070600
2013-11-08,14.414299,14.521326,14.345803,14.512765,17894400
2013-11-11,14.508483,14.542732,14.469954,14.529888,15659800
2013-11-12,14.465675,14.598387,14.465675,14.568419,9419400
2013-11-13,14.50848,14.696847,14.499917,14.692565,13496800
2013-11-14,14.598386,14.666883,14.576981,14.65404,16957000
2013-11-15,14.645475,14.696849,14.636913,14.684005,15412600
2013-11-18,14.709693,14.713974,14.598385,14.628352,10479800
2013-11-19,14.611229,14.684006,14.551294,14.57698,8898200
2013-11-20,14.589824,14.662601,14.495641,14.529888,8652200
2013-11-21,14.568419,14.658322,14.568419,14.65404,10782000
2013-11-22,14.654035,14.654035,14.602662,14.624067,6221800
2013-11-25,14.649754,14.662597,14.58982,14.624067,18360800
2013-11-26,14.628345,14.713966,14.615503,14.675437,10631800
2013-11-27,14.70541,14.799593,14.70541,14.791031,13210800
2013-11-29,14.816721,14.89378,14.812439,14.850968,8466000
2013-12-02,14.863809,14.893777,14.769626,14.803875,9883200
2013-12-03,14.752505,14.855251,14.752505,14.838126,11455800
2013-12-04,14.795316,14.906622,14.752504,14.850968,13147800
2013-12-05,14.889495,14.889495,14.782468,14.803875,8537400
2013-12-06,14.906617,14.940866,14.859525,14.906617,8796600
2013-12-09,14.949429,14.99652,14.919461,14.953711,7997200
2013-12-10,14.949429,14.957992,14.90662,14.923744,16249800
2013-12-11,14.94515,14.975117,14.765347,14.786752,15075400
2013-12-12,14.791034,14.791034,14.684008,14.68829,11008200
2013-12-13,14.761066,14.761066,14.641197,14.641197,9705400
2013-12-16,14.718255,14.825281,14.70113,14.786752,12029000
2013-12-17,14.773906,14.82956,14.761063,14.782468,11153800
2013-12-18,14.769626,14.906619,14.568416,14.898057,34219600
2013-12-19,14.893777,14.949429,14.86809,14.923744,17322600
2013-12-20,14.962895,15.074752,14.945687,15.040334,17653800
2013-12-23,15.177999,15.242532,15.143583,15.238229,14570800
2013-12-24,15.242533,15.281253,15.23823,15.281253,5228200
2013-12-26,15.311362,15.337175,15.285548,15.319966,7160400
2013-12-27,15.358688,15.358688,15.289853,15.307062,7649000
2013-12-30,15.294157,15.302761,15.255438,15.276948,9277600
2013-12-31,15.311366,15.384502,15.294157,15.375899,13689400
2014-01-02,15.324271,15.324271,15.19951,15.225322,17105000
2014-01-03,15.264043,15.264043,15.143583,15.152187,10409600
2014-01-06,15.134977,15.182301,15.070444,15.126372,9049400
2014-01-07,15.195206,15.28555,15.165091,15.26404,14323600
2014-01-08,15.272644,15.315665,15.212415,15.26404,9392800
2014-01-09,15.328574,15.328574,15.126372,15.165092,12683800
2014-01-10,15.208116,15.238231,15.117772,15.19521,25920200
2014-01-13,15.182306,15.255442,14.984407,15.03173,12890600
2014-01-14,15.091957,15.294157,15.074748,15.285553,12838800
2014-01-15,15.371599,15.509268,15.350089,15.470549,19348000
2014-01-16,15.479151,15.492057,15.431827,15.466245,13862600
2014-01-17,15.440428,15.470543,15.34578,15.380198,12677400
2014-01-21,15.500661,15.500661,15.328575,15.45764,12588400
2014-01-22,15.440431,15.466244,15.401711,15.440431,8431800
2014-01-23,15.371594,15.410314,15.307063,15.410314,12836000
2014-01-24,15.345783,15.371597,15.109165,15.113468,30993400
2014-01-27,15.134979,15.143583,14.898361,14.971497,16028000
2014-01-28,14.83813,14.906965,14.795108,14.881151,26291000
2014-01-29,14.756392,14.85104,14.709068,14.764997,22438800
2014-01-30,14.941382,14.997311,14.863943,14.945685,16659800
2014-01-31,14.825228,15.053244,14.820927,14.980106,21887000
2014-02-03,14.945686,15.001613,14.610117,14.666045,31951600
2014-02-04,14.69186,14.760695,14.648838,14.721975,11451400
2014-02-05,14.691864,14.777906,14.592913,14.734885,18406200
2014-02-06,14.747787,14.902665,14.747787,14.898363,18279400
2014-02-07,14.993013,15.10487,14.928482,15.100567,20929600
2014-02-10,15.100564,15.156493,15.061845,15.130679,13517400
2014-02-11,15.195208,15.358691,15.177999,15.315668,14082800
2014-02-12,15.354387,15.401711,15.341481,15.375899,16095600
2014-02-13,15.289857,15.500662,15.268347,15.487756,13828600
2014-02-14,15.474847,15.547983,15.436128,15.517868,24752600
2014-02-18,15.535083,15.565198,15.483458,15.526479,11893000
2014-02-19,15.496357,15.565192,15.440429,15.474847,17223400
2014-02-20,15.474853,15.560895,15.406019,15.526479,13394000
2014-02-21,15.573799,15.59961,15.461942,15.466245,12745200
2014-02-24,15.44904,15.603918,15.44904,15.526479,15690400
2014-02-25,15.552295,15.556596,15.444741,15.48346,11223200
2014-02-26,15.492056,15.556589,15.436129,15.496359,11641400
2014-02-27,15.492061,15.629732,15.479155,15.621127,10898800
2014-02-28,15.612518,15.681352,15.461941,15.63833,19402000
2014-03-03,15.444737,15.509268,15.345786,15.470549,18054600
2014-03-04,15.638334,15.715773,15.616824,15.672752,23209800
2014-03-05,15.707167,15.724376,15.664146,15.694261,17861600
2014-03-06,15.715768,15.745883,15.681351,15.715768,17330800
2014-03-07,15.758792,15.767397,15.603914,15.668446,14394800
2014-03-10,15.659841,15.694258,15.582403,15.642632,15115400
2014-03-11,15.668442,15.724371,15.565192,15.608212,18913200
2014-03-12,15.543684,15.651237,15.492057,15.634028,12712200
2014-03-13,15.677052,15.681355,15.367298,15.423224,18794800
2014-03-14,15.393108,15.444735,15.315669,15.328577,17879600
2014-03-17,15.431827,15.552288,15.401712,15.509266,32889800
2014-03-18,15.517869,15.728675,15.517869,15.711466,13728000
2014-03-19,15.681357,15.754493,15.54799,15.646939,15578800
2014-03-20,15.629725,15.810415,15.603912,15.767394,11791000
2014-03-21,15.839551,15.874117,15.658084,15.688329,18219400
2014-03-24,15.735852,15.796342,15.545743,15.675363,20708200
2014-03-25,15.705609,15.804986,15.64512,15.77042,15252600
2014-03-26,15.843872,15.874118,15.580313,15.580313,15026800
2014-03-27,15.57167,15.597593,15.44205,15.524142,25854800
2014-03-28,15.571668,15.684004,15.519818,15.584629,12711600
2014-03-31,15.684007,15.766101,15.662404,15.70561,14567000
2014-04-01,15.735851,15.891395,15.731531,15.891395,14048400
2014-04-02,15.934612,15.947573,15.839556,15.900045,21009400
2014-04-03,15.921654,15.95622,15.774751,15.822279,15525200
2014-04-04,15.904364,15.930286,15.476617,15.519823,20191600
2014-04-07,15.455012,15.541425,15.338354,15.398843,22362600
2014-04-08,15.429088,15.558708,15.38156,15.537105,14659400
2014-04-09,15.588957,15.748821,15.541429,15.744499,13313800
2014-04-10,15.744495,15.77042,15.355636,15.381559,16173600
2014-04-11,15.27787,15.398848,15.195776,15.208739,28508800
2014-04-14,15.308111,15.416128,15.251942,15.359959,9984600
2014-04-15,15.385882,15.476616,15.178491,15.43773,17178600
2014-04-16,15.524144,15.593275,15.416128,15.588955,27999400
2014-04-17,15.515504,15.62784,15.433412,15.567351,15763400
2014-04-21,15.58031,15.645119,15.537103,15.627836,7052000
2014-04-22,15.636479,15.727214,15.606234,15.692648,10957000
2014-04-23,15.666723,15.666723,15.519821,15.524142,22848200
2014-04-24,15.779064,15.783384,15.541428,15.645123,10021400
2014-04-25,15.550064,15.58895,15.411801,15.446367,12804000
2014-04-28,15.498222,15.645124,15.390205,15.593277,24138200
2014-04-29,15.632159,15.735854,15.601914,15.701289,10952200
2014-04-30,15.679694,15.78771,15.636486,15.748824,18331200
2014-05-01,15.744495,15.84387,15.727214,15.7661,9955400
2014-05-02,15.804989,15.809309,15.709934,15.722896,13440200
2014-05-05,15.684006,15.804986,15.627837,15.804986,8164400
2014-05-06,15.774739,15.774739,15.623516,15.627836,9399800
2014-05-07,15.653764,15.675367,15.459334,15.636481,13653800
2014-05-08,15.597592,15.817947,15.575989,15.679686,7574800
2014-05-09,15.666724,15.70561,15.584632,15.69697,14877000
2014-05-12,15.770423,15.917325,15.761781,15.908684,11186800
2014-05-13,15.930287,15.960532,15.87412,15.917326,11488200
2014-05-14,15.891403,15.921647,15.80931,15.843875,10223200
2014-05-15,15.869802,15.882764,15.684013,15.748824,14576600
2014-05-16,15.744491,15.856829,15.696965,15.848187,11607400
2014-05-19,15.792022,15.973491,15.792022,15.951886,6597000
2014-05-20,15.969171,15.982134,15.809307,15.861155,8474200
2014-05-21,15.874114,15.973489,15.874114,15.969168,8322800
2014-05-22,15.969172,16.051265,15.947569,15.999416,6350000
2014-05-23,16.038303,16.142,16.01238,16.133358,6624200
2014-05-27,16.172241,16.275936,16.167919,16.271616,11349000
2014-05-28,16.280266,16.293227,16.215455,16.228418,13553800
2014-05-29,16.284583,16.327791,16.245697,16.323469,9328000
2014-05-30,16.327786,16.362351,16.271617,16.340748,12438400
2014-06-02,16.366674,16.379636,16.245695,16.314825,10923000
2014-06-03,16.288904,16.32779,16.237057,16.288904,11338600
2014-06-04,16.262974,16.340746,16.219768,16.319143,6998400
2014-06-05,16.375307,16.444438,16.27593,16.427155,11335200
2014-06-06,16.513577,16.513577,16.457408,16.500614,9597800
2014-06-09,16.522219,16.578386,16.491973,16.552464,12784000
2014-06-10,16.55246,16.582705,16.526536,16.561102,7189400
2014-06-11,16.491973,16.565425,16.479011,16.522219,8509400
2014-06-12,16.530852,16.582701,16.327782,16.379629,9636000
2014-06-13,16.479011,16.504936,16.405561,16.474691,14663400
2014-06-16,16.444447,16.522219,16.418522,16.474691,14128800
2014-06-17,16.461727,16.543821,16.444446,16.513577,14075200
2014-06-18,16.548141,16.60863,16.427163,16.599989,26070600
2014-06-19,16.625919,16.625919,16.504941,16.56975,11837400
2014-06-20,16.581028,16.589709,16.498556,16.533281,10854400
2014-06-23,16.515919,16.581028,16.502897,16.581028,7534200
2014-06-24,16.572349,16.659161,16.455154,16.494219,16942600
2014-06-25,16.459488,16.585365,16.442126,16.559322,10223800
2014-06-26,16.572348,16.581029,16.44647,16.541964,22704600
2014-06-27,16.528945,16.6418,16.520264,16.6418,21766600
2014-06-30,16.628778,16.702567,16.615755,16.646139,8980800
2014-07-01,16.706909,16.867511,16.693886,16.815424,14977800
2014-07-02,16.845808,16.854489,16.806742,16.832785,9940000
2014-07-03,16.893555,16.915259,16.837129,16.906578,4386000
2014-07-07,16.906574,16.936958,16.863167,16.923937,20964400
2014-07-08,16.915259,16.915259,16.680867,16.772018,13847800
2014-07-09,16.798058,16.863166,16.763333,16.854486,14236200
2014-07-10,16.589716,16.880535,16.589716,16.806746,8843800
2014-07-11,16.84581,16.893555,16.802403,16.893555,6522600
2014-07-14,16.971682,17.036792,16.954321,17.015089,8418200
2014-07-15,17.054158,17.075861,16.889215,16.984709,14829000
2014-07-16,17.145306,17.184372,17.106241,17.140966,16129600
2014-07-17,17.123604,17.145306,16.867509,16.919596,11341400
2014-07-18,16.997723,17.136621,16.97602,17.1236,9541000
2014-07-21,17.114918,17.149641,17.032447,17.101896,12363200
2014-07-22,17.201737,17.258163,17.171353,17.245142,9579600
2014-07-23,17.284202,17.323267,17.210413,17.27552,10946800
2014-07-24,17.327609,17.327609,17.227775,17.262501,23319200
2014-07-25,17.210415,17.262502,17.158327,17.240799,9499000
2014-07-28,17.25382,17.305907,17.136624,17.271183,15524400
2014-07-29,17.397061,17.397061,17.227776,17.236458,14624800
2014-07-30,17.314583,17.314583,17.171344,17.253815,15524600
2014-07-31,17.145309,17.162672,16.902236,16.92828,34833000
2014-08-01,16.884869,16.954318,16.75465,16.837122,31014800
2014-08-04,16.889203,17.002058,16.802391,16.958652,12667400
2014-08-05,16.854484,16.91091,16.728606,16.798056,24586800
2014-08-06,16.685206,16.828446,16.663503,16.745975,18281800
2014-08-07,16.81542,16.845804,16.620093,16.676519,13730000
2014-08-08,16.667838,16.798055,16.61575,16.785032,12045600
2014-08-11,16.863165,16.915253,16.828441,16.867506,13015400
2014-08-12,16.850137,16.902223,16.776348,16.858818,13409800
2014-08-13,16.897894,17.023771,16.897894,17.023771,10985400
2014-08-14,17.036796,17.054159,16.980368,17.054159,9229200
2014-08-15,17.093224,17.13663,16.932622,17.054159,17821800
2014-08-18,17.171357,17.223443,17.12361,17.214762,8496000
2014-08-19,17.262503,17.327611,17.2408,17.323271,10095600
2014-08-20,17.297227,17.353655,17.284205,17.323271,14010600
2014-08-21,17.323272,17.431787,17.323272,17.405743,6909000
2014-08-22,17.418769,17.444811,17.371022,17.410088,8815400
2014-08-25,17.49255,17.496892,17.392717,17.427443,6861400
2014-08-26,17.453484,17.457825,17.414418,17.436121,6704600
2014-08-27,17.440471,17.453492,17.384043,17.431789,8661400
2014-08-28,17.371019,17.431787,17.340635,17.405743,7056600
2014-08-29,17.436125,17.488213,17.38838,17.483871,15368000
2014-09-02,17.522934,17.522934,17.436122,17.488211,11377600
2014-09-03,17.553318,17.553318,17.371015,17.392717,13783200
2014-09-04,17.427446,17.509916,17.331952,17.384039,10426400
2014-09-05,17.418761,17.492551,17.375355,17.488211,14050400
2014-09-08,17.479536,17.557666,17.44047,17.514259,12772200
2014-09-09,17.522937,17.596728,17.340633,17.38838,17125400
2014-09-10,17.39272,17.514256,17.344974,17.492554,14459600
2014-09-11,17.457825,17.540296,17.397057,17.531614,20644400
2014-09-12,17.518595,17.527276,17.401399,17.457827,11111400
2014-09-15,17.488214,17.488214,17.323271,17.353655,13764400
2014-09-16,17.301568,17.505576,17.271184,17.483871,23821200
2014-09-17,17.479531,17.583704,17.414422,17.518597,15309000
2014-09-18,17.553321,17.631452,17.553321,17.62277,14790600
2014-09-19,17.685548,17.685548,17.519896,17.585285,31452600
2014-09-22,17.589638,17.589638,17.419627,17.467579,12760800
2014-09-23,17.441426,17.506815,17.397834,17.428349,11937000
2014-09-24,17.432705,17.546046,17.354238,17.541687,14289000
2014-09-25,17.471937,17.480654,17.15807,17.15807,18703000
2014-09-26,17.18859,17.380397,17.18859,17.345524,9763000
2014-09-29,17.206016,17.367308,17.149345,17.341152,9652800
2014-09-30,17.371675,17.47194,17.323724,17.393473,13519800
2014-10-01,17.336797,17.358593,17.07524,17.123192,26118400
2014-10-02,17.131915,17.175508,16.940108,17.114477,26753600
2014-10-03,17.219098,17.306284,17.158069,17.253973,13410200
2014-10-06,17.341164,17.371679,17.214747,17.258339,13895600
2014-10-07,17.210386,17.223463,16.988064,16.988064,18013400
2014-10-08,17.009855,17.341159,16.892155,17.310644,17341200
2014-10-09,17.293208,17.323724,17.005496,17.022934,30600200
2014-10-10,16.90959,16.996776,16.587004,16.587004,60365200
2014-10-13,16.56521,16.726502,16.382121,16.403917,57207800
2014-10-14,16.539056,16.617523,16.386483,16.430075,43084200
2014-10-15,16.194673,16.382122,15.946195,16.316732,58134400
2014-10-16,16.042103,16.329815,15.998511,16.220833,54246200
2014-10-17,16.382127,16.53034,16.30366,16.412642,25571800
2014-10-20,16.32109,16.539053,16.238264,16.530334,18442800
2014-10-21,16.64804,16.861645,16.64804,16.852926,23145600
2014-10-22,16.909596,16.948829,16.761381,16.774458,24158400
2014-10-23,16.892156,17.053449,16.857281,16.961905,64432000
2014-10-24,17.036014,17.123198,16.94011,17.110121,13806400
2014-10-27,17.057811,17.171152,17.040374,17.12756,11887000
2014-10-28,17.175508,17.371674,17.175508,17.362957,15490800
2014-10-29,17.341164,17.402193,17.236542,17.345524,26352200
2014-10-30,17.332443,17.432708,17.258336,17.402191,18376400
2014-10-31,17.615792,17.676821,17.580918,17.672462,19925800
2014-11-03,17.694266,17.777091,17.668109,17.746576,19059600
2014-11-04,17.720418,17.790166,17.633233,17.742214,12866400
2014-11-05,17.851192,17.859911,17.711696,17.790163,14556200
2014-11-06,17.781448,17.794526,17.672467,17.781448,17179200
2014-11-07,17.798889,17.820685,17.716062,17.803247,14951400
2014-11-10,17.794523,17.868632,17.764009,17.851194,9641800
2014-11-11,17.864269,17.86863,17.785803,17.859911,6108600
2014-11-12,17.803244,17.929663,17.794525,17.916584,9033200
2014-11-13,17.960177,18.073517,17.929662,18.012487,10792200
2014-11-14,18.016851,18.13891,18.016851,18.13891,8686600
2014-11-17,18.086599,18.130191,18.01685,18.104034,8265400
2014-11-18,18.090951,18.204292,18.086593,18.165058,9659800
2014-11-19,18.169426,18.169426,17.96454,18.047367,14334000
2014-11-20,17.986335,18.13891,17.951462,18.13891,9794800
2014-11-21,18.282759,18.291477,18.090951,18.165058,12925600
2014-11-24,18.199936,18.265326,18.147625,18.260965,6226400
2014-11-25,18.287119,18.34379,18.256605,18.269682,9489200
2014-11-26,18.274049,18.444062,18.274049,18.435343,20482000
2014-11-28,18.47021,18.561755,18.435336,18.522522,10865000
2014-12-01,18.478935,18.500731,18.234817,18.313282,23329400
2014-12-02,18.304557,18.348149,18.243526,18.317635,11261200
2014-12-03,18.356868,18.413539,18.278401,18.383022,8543400
2014-12-04,18.369945,18.439693,18.313274,18.383022,7533600
2014-12-05,18.396104,18.430977,18.317637,18.361229,14359000
2014-12-08,18.326358,18.356872,18.095315,18.173782,13379800
2014-12-09,17.934021,18.195578,17.872992,18.169422,16443400
2014-12-10,18.17378,18.17378,17.859914,17.894787,16541200
2014-12-11,17.925303,18.178141,17.925303,17.973255,18076400
2014-12-12,17.833761,17.968899,17.685546,17.707342,17966000
2014-12-15,17.825042,17.899151,17.519893,17.59836,20502200
2014-12-16,17.471939,17.790165,17.362957,17.362957,31303000
2014-12-17,17.415271,17.746574,17.384756,17.689905,30566000
2014-12-18,18.003767,18.204293,17.951456,18.195576,21318600
2014-12-19,18.2727,18.312138,18.193825,18.215734,23388800
2014-12-22,18.285844,18.43483,18.25517,18.43483,12214000
2014-12-23,18.513711,18.544385,18.474274,18.483038,13398800
2014-12-24,18.526851,18.526851,18.461122,18.465504,5311200
2014-12-26,18.500558,18.579433,18.491794,18.544376,4557000
2014-12-29,18.474264,18.526847,18.434826,18.452354,9276600
2014-12-30,18.417309,18.443601,18.303379,18.320908,11006800
2014-12-31,18.382251,18.40416,18.101807,18.119333,11910600
2015-01-02,18.233258,18.277077,17.992252,18.084272,16990400
2015-01-05,18.018541,18.018541,17.755626,17.808208,14389400
2015-01-06,17.860793,17.860793,17.510238,17.593496,17491200
2015-01-07,17.729338,17.786304,17.615408,17.742485,13069200
2015-01-08,17.887091,18.171918,17.860799,18.132481,28423400
2015-01-09,18.185062,18.228881,17.944056,18.075514,18339800
2015-01-12,18.06675,18.11057,17.803834,17.865181,11257400
2015-01-13,18.014159,18.237637,17.724951,17.852028,23358400
2015-01-14,17.707423,17.830117,17.58911,17.751242,17661400
2015-01-15,17.825739,17.869558,17.510239,17.523386,18655400
2015-01-16,17.466423,17.711811,17.457659,17.694284,37643000
2015-01-20,17.799453,17.882711,17.619793,17.843273,24031600
2015-01-21,17.764395,17.948436,17.676756,17.873943,27838200
2015-01-22,17.922144,18.180679,17.773158,18.167532,17624400
2015-01-23,18.163151,18.246407,18.101804,18.163151,12957600
2015-01-26,18.141238,18.189438,18.03169,18.088654,19467000
2015-01-27,17.790686,17.790686,17.488332,17.567207,21584000
2015-01-28,17.882707,17.939671,17.536533,17.536533,26094400
2015-01-29,17.545299,17.738103,17.378784,17.703049,33635200
2015-01-30,17.654849,17.742488,17.448897,17.483953,26012600
2015-02-02,17.545298,17.68552,17.260471,17.66361,31247200
2015-02-03,17.716195,17.882709,17.667993,17.865181,19767400
2015-02-04,17.834504,18.031692,17.834504,17.900232,11778800
2015-02-05,17.974729,18.075514,17.917763,18.06675,10183600
2015-02-06,18.093037,18.176293,17.957196,18.009779,9580600
2015-02-09,17.961583,18.071131,17.944054,17.983492,14331400
2015-02-10,18.106181,18.272695,18.040451,18.250786,22491400
2015-02-11,18.277087,18.351581,18.224504,18.320908,12500000
2015-02-12,18.461124,18.583818,18.434832,18.570673,13538400
2015-02-13,18.614492,18.702131,18.579437,18.688986,8631600
2015-02-17,18.706514,18.728425,18.64955,18.69775,10680600
2015-02-18,18.697741,18.732797,18.645158,18.715269,7499600
2015-02-19,18.702129,18.798532,18.667073,18.781004,6250800
2015-02-20,18.780998,18.903692,18.684595,18.877401,13867000
2015-02-23,18.899317,18.903698,18.794149,18.890553,8094000
2015-02-24,18.877397,18.973798,18.780994,18.947508,9311000
2015-02-25,18.894933,18.916842,18.789767,18.829205,11734800
2015-02-26,18.886159,18.973798,18.833576,18.947508,15118800
2015-02-27,18.943131,18.982569,18.864256,18.881784,12112000
2015-03-02,18.947517,19.043918,18.886168,19.030773,13689000
2015-03-03,19.013252,19.013252,18.820447,18.903704,17224200
2015-03-04,18.855495,18.864259,18.72842,18.829205,11765400
2015-03-05,18.873023,18.873023,18.741565,18.807293,15408600
2015-03-06,18.798536,18.824827,18.544383,18.575056,16153400
2015-03-09,18.610108,18.741566,18.583816,18.662691,12498600
2015-03-10,18.557529,18.561912,18.281467,18.281467,17595800
2015-03-11,18.325282,18.325282,18.150004,18.163151,23040400
2015-03-12,18.110572,18.294613,18.093044,18.281467,24669800
2015-03-13,18.255172,18.29899,18.079893,18.180679,30375400
2015-03-16,18.277075,18.408533,18.220111,18.395388,17278800
2015-03-17,18.351573,18.452357,18.320899,18.399775,19067400
2015-03-18,18.377868,18.715278,18.303376,18.649549,31710800
2015-03-19,18.623254,18.688984,18.583817,18.596962,17984800
2015-03-20,18.708279,18.809476,18.67748,18.717079,38592200
2015-03-23,18.721478,18.809476,18.712678,18.717079,7506200
2015-03-24,18.730284,18.783082,18.655487,18.655487,14234800
2015-03-25,18.633484,18.668683,18.175898,18.175898,16348600
2015-03-26,18.074697,18.28149,18.013097,18.189093,18004800
2015-03-27,18.193501,18.2507,18.105505,18.202301,15818600
2015-03-30,18.338692,18.43549,18.303492,18.422289,13210800
2015-03-31,18.365093,18.400291,18.233095,18.233095,15927200
2015-04-01,18.250692,18.268292,18.079097,18.206694,20855600
2015-04-02,18.237501,18.2771,18.167103,18.202301,10938600
2015-04-06,18.074699,18.413488,18.057099,18.37829,14689400
2015-04-07,18.378287,18.488284,18.334287,18.338688,9368600
2015-04-08,18.33869,18.453086,18.303491,18.395889,14407000
2015-04-09,18.395889,18.475087,18.299091,18.444286,14580200
2015-04-10,18.461889,18.532287,18.404692,18.514688,8632600
2015-04-13,18.54988,18.629077,18.457482,18.461882,7774400
2015-04-14,18.470687,18.492686,18.316692,18.40469,11702600
2015-04-15,18.453082,18.607079,18.435484,18.56748,25166200
2015-04-16,18.492684,18.558683,18.448686,18.501484,18228600
2015-04-17,18.347485,18.387084,18.189089,18.246288,20318800
2015-04-20,18.329895,18.580688,18.321095,18.558689,9691600
2015-04-21,18.668684,18.673083,18.527888,18.549887,10002800
2015-04-22,18.580685,18.75668,18.519087,18.73908,12190200
2015-04-23,18.695086,18.88868,18.651086,18.813881,11799600
2015-04-24,18.963474,18.998674,18.871077,18.976675,12457600
2015-04-27,19.047076,19.108674,18.989877,19.029476,18501400
2015-04-28,19.04707,19.161466,18.897474,19.091068,18299600
2015-04-29,18.998672,19.113069,18.879876,18.998672,17142200
2015-04-30,18.901876,18.959075,18.659883,18.734682,17305200
2015-05-01,18.849076,18.972272,18.796278,18.963472,21096800
2015-05-04,19.007466,19.077864,18.972266,18.981066,15397600
2015-05-05,18.932671,18.96347,18.673079,18.686279,16209800
2015-05-06,18.756679,18.791877,18.417888,18.527885,19747800
2015-05-07,18.558688,18.730283,18.519089,18.664284,11280600
2015-05-08,18.853478,18.945877,18.822679,18.932676,19638400
2015-05-11,18.919475,18.941475,18.818278,18.835878,12093000
2015-05-12,18.734682,18.818279,18.571885,18.734682,15301000
2015-05-13,18.813881,18.923878,18.774282,18.813881,18613000
2015-05-14,18.963469,19.126266,18.945871,19.117466,13952400
2015-05-15,19.157067,19.174667,19.01187,19.05587,16936400
2015-05-18,19.029469,19.183464,19.003069,19.148266,6786600
2015-05-19,19.170267,19.192266,19.07787,19.099869,9130800
2015-05-20,19.113073,19.21427,19.042675,19.113073,22021800
2015-05-21,19.086666,19.218662,19.064667,19.196663,7426200
2015-05-22,19.135067,19.231863,19.135067,19.183464,7937000
2015-05-26,19.126265,19.139464,18.849072,18.906271,15848800
2015-05-27,18.976676,19.275867,18.963475,19.262667,25174200
2015-05-28,19.201069,19.258268,19.165871,19.223068,9329600
2015-05-29,19.223062,19.231862,19.033867,19.082266,15476800
2015-06-01,19.19226,19.20106,19.016266,19.135063,13872600
2015-06-02,19.064671,19.183467,18.972273,19.09547,11275600
2015-06-03,19.126263,19.240659,19.099863,19.135063,11314600
2015-06-04,19.029476,19.139473,18.91508,18.959078,16694600
2015-06-05,18.937075,18.976674,18.813877,18.897476,15455000
2015-06-08,18.893072,18.897473,18.651079,18.686279,16759000
2015-06-09,18.655487,18.712684,18.51909,18.642286,15413400
2015-06-10,18.686284,18.972275,18.686284,18.932676,17929600
2015-06-11,18.998672,19.047071,18.915075,18.941473,11289400
2015-06-12,18.849077,18.879876,18.75668,18.774279,12317600
2015-06-15,18.65108,18.68628,18.519084,18.65988,18358200
2015-06-16,18.651081,18.805078,18.620282,18.783077,18346600
2015-06-17,18.796275,18.866673,18.681877,18.791874,22047800
2015-06-18,18.783082,18.989877,18.778683,18.959078,17926400
2015-06-19,18.920624,18.96482,18.801292,18.801292,26869600
2015-06-22,18.960399,19.013435,18.911782,18.955978,10876000
2015-06-23,18.995755,19.000176,18.92504,18.969236,7986600
2015-06-24,18.92504,19.035532,18.880844,18.880844,9693600
2015-06-25,18.982497,18.995756,18.832228,18.836647,9827600
2015-06-26,18.823384,18.845482,18.624499,18.677534,20348600
2015-06-29,18.478654,18.589145,18.275347,18.279768,26214800
2015-06-30,18.416777,18.425616,18.248831,18.297447,22765800
2015-07-01,18.460977,18.500754,18.341646,18.4212,16299000
2015-07-02,18.474237,18.509595,18.377005,18.44772,10321400
2015-07-06,18.31954,18.456549,18.270924,18.372576,15018000
2015-07-07,18.407947,18.425624,18.054371,18.399107,39319800
2015-07-08,18.248833,18.28861,18.089725,18.098564,32320000
2015-07-09,18.306278,18.354894,18.02784,18.02784,17987600
2015-07-10,18.25767,18.377001,18.213472,18.315125,13496600
2015-07-13,18.430041,18.606827,18.425621,18.593569,14143000
2015-07-14,18.59799,18.7129,18.58915,18.664284,12252800
2015-07-15,18.655449,18.726163,18.615671,18.668709,13077000
2015-07-16,18.814545,18.916198,18.779189,18.907358,10413200
2015-07-17,19.070891,19.19906,19.044373,19.19906,15550000
2015-07-20,19.265358,19.362591,19.199062,19.300714,18619000
2015-07-21,19.203486,19.274201,19.154869,19.172548,11950400
2015-07-22,18.796877,18.955985,18.783618,18.863173,17182600
2015-07-23,18.916204,18.991339,18.779195,18.823391,12645200
2015-07-24,18.916206,18.942724,18.708482,18.721741,19492200
2015-07-27,18.571468,18.6908,18.52727,18.553789,17307200
2015-07-28,18.633347,18.757097,18.505176,18.721741,15775000
2015-07-29,18.721737,18.885265,18.655441,18.845488,16752600
2015-07-30,18.765932,18.911782,18.677538,18.880844,13616400
2015-07-31,18.902945,18.933882,18.783613,18.818972,21824000
2015-08-03,18.81013,18.841068,18.602405,18.717316,18396600
2015-08-04,18.699641,18.717319,18.540533,18.606827,14765400
2015-08-05,18.726157,18.920624,18.68638,18.788033,20785600
2015-08-06,18.788027,18.863162,18.536106,18.602402,13019800
2015-08-07,18.558213,18.642186,18.487498,18.615667,15825000
2015-08-10,18.699635,18.929458,18.699635,18.907358,11144000
2015-08-11,18.854322,18.88084,18.571463,18.624498,54689000
2015-08-12,18.48749,18.74383,18.315121,18.708473,20071400
2015-08-13,18.721737,18.779193,18.620085,18.655441,13287800
2015-08-14,18.606831,18.76594,18.593573,18.74826,11906000
2015-08-17,18.677542,18.858749,18.615667,18.85433,11183400
2015-08-18,18.810131,18.836648,18.734995,18.757093,9383800
2015-08-19,18.69964,18.792453,18.527272,18.633345,18455200
2015-08-20,18.434454,18.514008,18.178114,18.178114,27453800
2015-08-21,17.983648,18.120659,17.484226,17.484226,47332800
2015-08-24,16.357211,17.506327,13.842418,16.79476,72207800
2015-08-25,17.444447,17.475384,16.644486,16.662165,37210800
2015-08-26,16.993646,17.528426,16.847796,17.501907,68776800
2015-08-27,17.740568,17.912935,17.515165,17.908516,40211000
2015-08-28,17.828964,17.974812,17.789186,17.943874,27672200
2015-08-31,17.798019,17.974805,17.736144,17.78034,22100600
2015-09-01,17.404676,17.554945,17.126236,17.210209,42578000
2015-09-02,17.466548,17.643334,17.2986,17.625656,25370200
2015-09-03,17.722883,17.864313,17.585875,17.63891,22062200
2015-09-04,17.404676,17.49307,17.285345,17.369318,27561000
2015-09-08,17.700798,17.868746,17.656602,17.855488,18909200
2015-09-09,17.970399,18.058793,17.581467,17.621244,19304600
2015-09-10,17.594717,17.899674,17.585877,17.798021,28048800
2015-09-11,17.674282,17.882006,17.669861,17.882006,13719400
2015-09-14,17.957136,17.974814,17.793607,17.837805,14890800
2015-09-15,17.895262,18.116246,17.846645,18.067629,17612000
2015-09-16,18.045533,18.160444,18.023434,18.142765,15436200
2015-09-17,18.067621,18.297445,17.95713,18.019005,33565200
2015-09-18,17.807238,17.971502,17.745083,17.78504,36230200
2015-09-21,17.816125,18.015908,17.798366,17.962631,13921200
2015-09-22,17.674054,17.745088,17.549744,17.660734,24576400
2015-09-23,17.722887,17.771723,17.607458,17.70513,11356400
2015-09-24,17.505347,17.753966,17.412116,17.70513,22056400
2015-09-25,17.869387,17.891585,17.594133,17.674046,21657800
2015-09-28,17.598578,17.625216,17.261169,17.270048,25166600
2015-09-29,17.31444,17.429869,17.070262,17.194571,26206800
2015-09-30,17.403231,17.563057,17.354395,17.536419,24933600
2015-10-01,17.536424,17.598578,17.310005,17.545303,27036000
2015-10-02,17.341077,17.793917,17.278922,17.793917,29834000
2015-10-05,17.904916,18.18905,17.869398,18.144653,17137800
2015-10-06,18.082495,18.206804,18.078057,18.166847,19715800
2015-10-07,18.264518,18.326672,18.033659,18.2512,30437800
2015-10-08,18.180169,18.371072,18.091376,18.335554,30749600
2015-10-09,18.38882,18.428777,18.313348,18.415459,22753000
2015-10-12,18.455419,18.468737,18.357747,18.43766,12687400
2015-10-13,18.33999,18.508693,18.335549,18.397703,17903600
2015-10-14,18.344431,18.47318,18.313354,18.36219,25512200
2015-10-15,18.437662,18.606368,18.428783,18.597488,16843800
2015-10-16,18.646325,18.646325,18.522017,18.633007,14972600
2015-10-19,18.593052,18.704042,18.539776,18.704042,14184200
2015-10-20,18.628567,18.70848,18.579731,18.655205,11857800
2015-10-21,18.695161,18.743997,18.49094,18.513138,18834400
2015-10-22,18.646328,18.970418,18.646328,18.930462,28472000
2015-10-23,19.401057,19.534245,19.338903,19.458773,33383400
2015-10-26,19.441008,19.441008,19.31226,19.383293,16576200
2015-10-27,19.338907,19.392182,19.250114,19.272312,15358000
2015-10-28,19.361098,19.560881,19.303383,19.560881,29559200
2015-10-29,19.44545,19.534243,19.387735,19.507605,15218000
2015-10-30,19.538685,19.543125,19.37442,19.37886,18679000
2015-11-02,19.414372,19.560879,19.365536,19.552,27486600
2015-11-03,19.489851,19.725149,19.454333,19.654116,13758000
2015-11-04,19.698505,19.729582,19.627472,19.676308,14597200
2015-11-05,19.694067,19.791739,19.578637,19.618593,13457600
2015-11-06,19.596392,19.694064,19.525359,19.685184,13737800
2015-11-09,19.627471,19.627471,19.401052,19.494284,20292400
2015-11-10,19.3833,19.387739,19.285628,19.365541,34546600
2015-11-11,19.409935,19.507605,19.325582,19.356659,16402200
2015-11-12,19.26343,19.356661,19.183517,19.187958,16068000
2015-11-13,19.121361,19.147999,18.80615,18.810589,30089800
2015-11-16,18.779511,19.103602,18.770632,19.099163,18158400
2015-11-17,19.139119,19.250109,19.063645,19.103601,18788800
2015-11-18,19.192391,19.409933,19.170194,19.392174,20333600
2015-11-19,19.409935,19.5742,19.405494,19.480968,18735000
2015-11-20,19.560883,19.631917,19.538684,19.623037,14576400
2015-11-23,19.636353,19.645233,19.436571,19.507605,14454200
2015-11-24,19.361102,19.574203,19.316705,19.512049,22606800
2015-11-25,19.516487,19.520928,19.445453,19.449894,13153200
2015-11-27,19.472086,19.529801,19.441009,19.494284,7601400
2015-11-30,19.520926,19.578639,19.449892,19.516485,34051200
2015-12-01,19.596399,19.694071,19.556443,19.689631,15558000
2015-12-02,19.711829,19.787301,19.543123,19.565321,19394200
2015-12-03,19.618599,19.676315,19.219036,19.312267,23708600
2015-12-04,19.36998,19.82282,19.330024,19.787302,25680400
2015-12-07,19.765105,19.782863,19.596399,19.689631,25629800
2015-12-08,19.520923,19.694068,19.463208,19.640793,22756600
2015-12-09,19.556442,19.702949,19.258989,19.352221,32507800
2015-12-10,19.405495,19.552002,19.347781,19.405495,18146800
2015-12-11,19.192395,19.24123,18.988173,19.001492,33920600
2015-12-14,18.997052,19.152438,18.801709,19.147999,42068400
2015-12-15,19.294505,19.365539,19.205713,19.232351,34043800
2015-12-16,19.352217,19.529801,19.156875,19.494284,36347600
2015-12-17,19.574203,19.574203,19.183517,19.187958,24217200
2015-12-18,19.132628,19.172786,18.784599,18.815832,45627800
2015-12-21,18.972,19.021081,18.847067,19.007694,22326600
2015-12-22,19.079078,19.177241,18.989842,19.146008,18965200
2015-12-23,19.248634,19.324487,19.186167,19.306639,16090600
2015-12-24,19.320025,19.346797,19.275407,19.297716,4865600
2015-12-28,19.226331,19.297721,19.119245,19.284336,14354400
2015-12-29,19.400341,19.596664,19.360184,19.547585,13618400
2015-12-30,19.538658,19.538658,19.38249,19.38249,14393000
2015-12-31,19.31557,19.328955,19.110323,19.110323,17669000
2016-01-04,18.766753,18.864914,18.565967,18.860453,43277200
2016-01-05,18.918461,18.963079,18.726599,18.811375,32134400
2016-01-06,18.534735,18.704286,18.467806,18.579353,27716800
2016-01-07,18.200087,18.436568,18.021611,18.030535,33681400
2016-01-08,18.186703,18.249171,17.865447,17.887756,38466200
2016-01-11,18.012683,18.084074,17.780664,18.003759,38270200
2016-01-12,18.19563,18.258097,17.985922,18.217941,31683200
2016-01-13,18.351786,18.351786,17.695886,17.727119,43924600
2016-01-14,17.802978,18.200087,17.588806,18.061768,39591200
2016-01-15,17.472792,17.722659,17.338935,17.553106,40355600
2016-01-19,17.75836,17.789593,17.414793,17.570961,39317600
2016-01-20,17.272015,17.606658,16.968606,17.432644,59263600
2016-01-21,17.530807,17.785136,17.312174,17.530807,44271400
2016-01-22,17.865448,18.021614,17.838676,18.017153,22496400
2016-01-25,17.918991,18.075157,17.77621,17.807444,20961200
2016-01-26,17.878835,18.021616,17.767288,17.981459,22947400
2016-01-27,17.834221,17.941306,17.530812,17.611126,36044800
2016-01-28,17.869908,17.905604,17.624504,17.838675,35133600
2016-01-29,17.98592,18.414262,17.950224,18.400877,32226600
2016-02-01,18.325023,18.552581,18.311638,18.467804,29594600
2016-02-02,18.414262,18.418723,18.07962,18.137625,27902400
2016-02-03,18.253628,18.262552,17.83421,18.115309,43012400
2016-02-04,18.079621,18.253635,17.941302,18.133163,36405800
2016-02-05,18.061764,18.092997,17.553108,17.624498,47554800
2016-02-08,17.330023,17.419261,17.071232,17.37018,49642800
2016-02-09,17.160464,17.535264,17.133694,17.28986,49510600
2016-02-10,17.437101,17.637885,17.307705,17.316629,33950000
2016-02-11,17.102462,17.392485,17.066766,17.280937,49254600
2016-02-12,17.41926,17.535268,17.321097,17.521883,21786800
2016-02-16,17.718205,17.838676,17.620044,17.834215,20586600
2016-02-17,17.93684,18.235787,17.914531,18.200092,22257400
2016-02-18,18.262559,18.284868,18.093006,18.128702,23156800
2016-02-19,18.06177,18.195626,18.017151,18.142084,17158600
2016-02-22,18.307175,18.409798,18.280405,18.383028,13181400
2016-02-23,18.307175,18.325023,18.05731,18.093004,16379000
2016-02-24,17.896684,18.267021,17.802985,18.231327,20288800
2016-02-25,18.29379,18.467803,18.151009,18.458879,18806800
2016-02-26,18.561498,18.579346,18.369637,18.409794,19545200
2016-02-29,18.391954,18.565968,18.280407,18.280407,27203800
2016-03-01,18.436566,18.824751,18.409794,18.824751,24608400
2016-03-02,18.757823,18.878294,18.726589,18.878294,17496200
2016-03-03,18.887218,18.891679,18.731051,18.878294,15767800
2016-03-04,18.882767,19.021087,18.806915,18.927385,15771800
2016-03-07,18.820299,18.89615,18.673055,18.811375,31627000
2016-03-08,18.699829,18.851534,18.628439,18.695368,23401000
2016-03-09,18.722133,18.860452,18.722133,18.855989,24321200
2016-03-10,18.936303,19.02108,18.606123,18.838142,25856800
2016-03-11,19.025539,19.132625,18.980921,19.128162,17640200
2016-03-14,19.070158,19.186167,19.061234,19.150471,20121800
2016-03-15,19.074627,19.239717,19.065703,19.22187,12642200
2016-03-16,19.13263,19.476197,19.128167,19.444963,29513800
2016-03-17,19.409265,19.578818,19.386956,19.516352,18734200
2016-03-18,19.592589,19.606043,19.462541,19.547745,18828800
2016-03-21,19.502894,19.623973,19.493925,19.615005,16007000
2016-03-22,19.525318,19.695726,19.525318,19.619492,26225800
2016-03-23,19.592584,19.615007,19.467019,19.50738,21350200
2016-03-24,19.422176,19.561193,19.395269,19.561193,13486400
2016-03-28,19.579135,19.606042,19.475993,19.511868,12816000
2016-03-29,19.475987,19.830259,19.453565,19.816805,20163000
2016-03-30,19.919954,20.032066,19.888563,19.933409,21976600
2016-03-31,19.906496,19.991702,19.857167,19.893044,29189800
2016-04-01,19.75403,20.05449,19.736092,20.045521,19309800
2016-04-04,20.014128,20.058972,19.928922,19.969282,15292400
2016-04-05,19.839231,19.888559,19.736087,19.776447,21452200
2016-04-06,19.780936,19.969282,19.709185,19.969282,22277000
2016-04-07,19.82578,19.86614,19.606043,19.682278,21261800
2016-04-08,19.78542,19.861657,19.615012,19.682278,17525600
2016-04-11,19.767475,19.88407,19.628456,19.628456,16277200
2016-04-12,19.664342,19.780939,19.529809,19.763,19184000
2016-04-13,19.879592,19.996187,19.857168,19.964796,15753200
2016-04-14,19.93789,20.023096,19.893046,19.960312,13005400
2016-04-15,19.933401,19.987214,19.843711,19.884071,12921800
2016-04-18,19.82578,19.969282,19.794389,19.969282,14225800
2016-04-19,20.005148,20.02757,19.745049,19.857161,12942000
2016-04-20,19.875108,19.987219,19.816809,19.89753,13755600
2016-04-21,19.866135,19.910981,19.776446,19.825775,22555800
2016-04-22,19.511866,19.610524,19.377332,19.480474,29848800
2016-04-25,19.426666,19.493933,19.377337,19.484964,18715000
2016-04-26,19.507373,19.552216,19.327994,19.390778,14734800
2016-04-27,19.144145,19.323524,19.072393,19.301102,25559200
2016-04-28,19.332485,19.399751,18.996151,19.058933,45339200
2016-04-29,18.951312,18.982704,18.753996,18.893015,23792400
2016-05-02,18.933366,19.054446,18.852645,19.032022,25105400
2016-05-03,18.901981,18.942342,18.794354,18.857136,25062400
2016-05-04,18.77193,18.85265,18.745023,18.798836,22491400
2016-05-05,18.852655,18.897499,18.762966,18.80781,27119800
2016-05-06,18.727088,18.946827,18.727088,18.946827,18459800
2016-05-09,18.955796,19.036516,18.933374,18.946827,15082400
2016-05-10,19.005124,19.19347,18.982702,19.19347,27840400
2016-05-11,19.144144,19.251772,19.054457,19.054457,14304200
2016-05-12,19.126203,19.126203,18.879557,19.000637,18673000
2016-05-13,18.996154,19.112749,18.906464,18.928886,21842600
2016-05-16,18.946825,19.238316,18.946825,19.19347,12788400
2016-05-17,19.13517,19.229345,18.94234,19.000637,19880200
2016-05-18,18.951307,19.184499,18.924401,19.036512,21807000
2016-05-19,18.991671,19.014095,18.821263,18.933374,17269600
2016-05-20,19.036515,19.206924,19.02306,19.162079,11746000
2016-05-23,19.153115,19.233835,19.108271,19.126209,16855400
2016-05-24,19.202443,19.516355,19.202443,19.484964,18923000
2016-05-25,19.565679,19.682274,19.538771,19.619492,19629400
2016-05-26,19.619496,19.713669,19.579135,19.682278,13034200
2016-05-27,19.67779,19.803355,19.655369,19.776447,15576000
2016-05-31,19.794383,19.843712,19.70021,19.816805,24742800
2016-06-01,19.749539,19.82129,19.718148,19.767477,13771000
2016-06-02,19.686762,19.749544,19.588103,19.749544,15529000
2016-06-03,19.722637,19.749544,19.597073,19.704699,16609400
2016-06-06,19.718154,19.812327,19.700216,19.740576,17271200
2016-06-07,19.803351,19.866133,19.798867,19.821289,8818800
2016-06-08,19.816805,19.893042,19.785414,19.86165,16317000
2016-06-09,19.780933,19.888558,19.76748,19.866137,25839000
2016-06-10,19.713667,19.780934,19.646401,19.713667,16565200
2016-06-13,19.538777,19.655373,19.489447,19.493933,23566200
2016-06-14,19.449085,19.570166,19.399756,19.538774,16841200
2016-06-15,19.570165,19.610525,19.467023,19.489445,14156200
2016-06-16,19.390785,19.561193,19.283158,19.529802,19192600
2016-06-17,19.489704,19.534766,19.313959,19.399578,22930400
2016-06-20,19.570814,19.651928,19.476183,19.480688,13712000
2016-06-21,19.539265,19.660935,19.52124,19.615871,11487800
2016-06-22,19.620389,19.69249,19.525757,19.548288,12990400
2016-06-23,19.67446,19.832179,19.602359,19.814156,19526800
2016-06-24,19.115677,19.440131,19.012033,19.052589,47246000
2016-06-27,18.912894,18.912894,18.592946,18.669554,36818000
2016-06-28,18.876845,19.039072,18.845301,19.039072,26489400
2016-06-29,19.169757,19.363527,19.16525,19.331984,21008400
2016-06-30,19.377038,19.552783,19.331975,19.54377,26710600
2016-07-01,19.557297,19.647421,19.530258,19.58884,14949400
2016-07-05,19.485194,19.512231,19.386055,19.444637,17361400
2016-07-06,19.381554,19.584338,19.313961,19.579832,15701600
2016-07-07,19.561807,19.669958,19.507731,19.579832,12332200
2016-07-08,19.674452,19.899766,19.65192,19.886248,25496000
2016-07-11,19.949337,20.048476,19.931312,20.003412,11663600
2016-07-12,20.138605,20.192682,20.075518,20.165644,32085600
2016-07-13,20.224224,20.237742,20.156629,20.170147,21218800
2016-07-14,20.282809,20.345899,20.237747,20.300835,30976600
2016-07-15,20.368423,20.368423,20.224222,20.282803,9729600
2016-07-18,20.314353,20.440528,20.278302,20.417997,8214400
2016-07-19,20.381947,20.422504,20.34139,20.372934,8915800
2016-07-20,20.530654,20.674855,20.503615,20.638803,10769800
2016-07-21,20.643304,20.670341,20.481078,20.530647,10946800
2016-07-22,20.517127,20.652317,20.472065,20.652317,9414600
2016-07-25,20.616266,20.665835,20.562191,20.625278,8489600
2016-07-26,20.647812,20.733431,20.571206,20.670343,18115400
2016-07-27,20.89566,20.89566,20.742446,20.841585,21820200
2016-07-28,20.868621,20.918188,20.773987,20.855101,12658600
2016-07-29,20.945226,20.981277,20.86862,20.931707,21179400
2016-08-01,20.931714,21.012828,20.895663,20.972271,15683400
2016-08-02,20.931701,20.976764,20.7154,20.814537,22224400
2016-08-03,20.796526,20.88665,20.792018,20.88665,15961800
2016-08-04,20.891156,21.008319,20.87313,20.999306,16752400
2016-08-05,21.066903,21.211104,21.044372,21.202091,12126200
2016-08-08,21.224617,21.278694,21.152516,21.19758,10439200
2016-08-09,21.197583,21.29672,21.197583,21.242645,29836800
2016-08-10,21.251659,21.260672,21.148014,21.175053,7112400
2016-08-11,21.242643,21.310238,21.220112,21.251656,10518600
2016-08-12,21.247148,21.247148,21.184058,21.229122,6937400
2016-08-15,21.256162,21.373326,21.242643,21.332769,16561400
2016-08-16,21.296721,21.296721,21.175053,21.175053,9078000
2016-08-17,21.184062,21.193075,21.044369,21.166039,10575000
2016-08-18,21.161533,21.197584,21.098445,21.175053,7086400
2016-08-19,21.116471,21.206597,21.066902,21.188572,9576200
2016-08-22,21.12999,21.211103,21.09394,21.188572,9257400
2016-08-23,21.251657,21.314744,21.247151,21.265175,16630600
2016-08-24,21.25616,21.265173,21.098441,21.14801,13648800
2016-08-25,21.111964,21.220115,21.075914,21.193077,11825400
2016-08-26,21.17956,21.355305,21.089434,21.202091,24227200
2016-08-29,21.193079,21.314749,21.193079,21.283205,13964800
2016-08-30,21.242638,21.287702,21.138993,21.211094,11436400
2016-08-31,21.184064,21.206597,21.107458,21.175053,22322400
2016-09-01,21.170545,21.260671,21.075913,21.242645,18479200
2016-09-02,21.346289,21.395859,21.242645,21.337276,13814400
2016-09-06,21.35079,21.445421,21.323751,21.445421,30214800
2016-09-07,21.445423,21.504006,21.386841,21.499498,23170000
2016-09-08,21.422894,21.4274,21.26968,21.323755,16605200
2016-09-09,21.129988,21.206596,20.801029,20.801029,33618400
2016-09-12,20.697381,21.193072,20.665838,21.14801,38020600
2016-09-13,21.066903,21.143509,20.909184,20.994802,34717600
2016-09-14,20.999307,21.224622,20.994802,21.093941,34217400
2016-09-15,21.138996,21.481473,21.093934,21.440918,32572600
2016-09-16,21.448163,21.448163,21.267165,21.362188,31766200
2016-09-19,21.416487,21.520561,21.26264,21.321463,14242600
2016-09-20,21.393863,21.434587,21.28074,21.30789,10002200
2016-09-21,21.389342,21.56129,21.307894,21.547714,24095200
2016-09-22,21.67441,21.706084,21.624635,21.678934,20997000
2016-09-23,21.674408,21.674408,21.452686,21.488886,23973000
2016-09-26,21.398389,21.434587,21.321464,21.362188,19240800
2016-09-27,21.389338,21.606535,21.33504,21.597485,17569000
2016-09-28,21.615588,21.647262,21.502465,21.638212,18096800
2016-09-29,21.61106,21.66536,21.443638,21.506987,22813800
2016-09-30,21.556761,21.687984,21.538661,21.62011,18510600
2016-10-03,21.561287,21.611059,21.506986,21.556761,12462800
2016-10-04,21.629159,21.665359,21.402913,21.479837,17804400
2016-10-05,21.538661,21.606535,21.516036,21.556761,18015200
2016-10-06,21.574864,21.629163,21.479841,21.606539,10011800
2016-10-07,21.624639,21.651787,21.443641,21.547714,12147800
2016-10-10,21.660829,21.746804,21.647255,21.697029,13315600
2016-10-11,21.697031,21.724179,21.357661,21.452684,17454600
2016-10-12,21.470786,21.547709,21.362187,21.488886,11040800
2016-10-13,21.348616,21.421015,21.172144,21.35314,19338400
2016-10-14,21.439115,21.579387,21.416491,21.434589,18896600
2016-10-17,21.434586,21.479836,21.375763,21.389338,10150200
2016-10-18,21.547711,21.602011,21.479838,21.506987,10117800
2016-10-19,21.493416,21.570339,21.452691,21.547714,10070000
2016-10-20,21.493413,21.502463,21.344089,21.448164,12296000
2016-10-21,21.479838,21.520563,21.421014,21.506987,16153800
2016-10-24,21.620105,21.728704,21.602007,21.71513,10786200
2016-10-25,21.746811,21.746811,21.597488,21.638212,8724800
2016-10-26,21.457211,21.633684,21.448162,21.516035,12559400
2016-10-27,21.611057,21.615583,21.461736,21.488886,17642200
2016-10-28,21.547708,21.687981,21.41196,21.466259,20837800
2016-10-31,21.520563,21.552237,21.457212,21.457212,11760000
2016-11-01,21.502465,21.525089,21.126895,21.271692,18130600
2016-11-02,21.271684,21.335035,21.086162,21.135937,16334600
2016-11-03,21.077127,21.122375,20.923279,20.932327,20251400
2016-11-04,20.914222,21.063544,20.841823,20.896122,16308000
2016-11-07,21.203816,21.357664,21.154042,21.348614,26452000
2016-11-08,21.307887,21.543183,21.285263,21.452684,19560000
2016-11-09,21.126894,21.461739,21.013771,21.425539,54258800
2016-11-10,21.547705,21.547705,20.787517,21.081638,79031000
2016-11-11,20.963995,21.190241,20.963995,21.144991,28183200
2016-11-14,21.163093,21.176667,20.724174,20.823723,37942000
2016-11-15,20.963996,21.190242,20.954946,21.117842,34741600
2016-11-16,21.068066,21.325986,21.040915,21.31241,20248400
2016-11-17,21.330515,21.466262,21.28979,21.448164,17048200
2016-11-18,21.497936,21.543186,21.389339,21.430063,17646000
2016-11-21,21.506983,21.665357,21.475309,21.647257,17951000
2016-11-22,21.719654,21.751328,21.665355,21.71513,16977600
2016-11-23,21.701549,21.701549,21.552227,21.62915,16233600
2016-11-25,21.642727,21.724174,21.620101,21.71965,6219000
2016-11-28,21.701558,21.837306,21.687984,21.737759,14975600
2016-11-29,21.724183,21.855406,21.67441,21.751333,11856800
2016-11-30,21.783009,21.783009,21.48889,21.493414,23633200
2016-12-01,21.466259,21.52056,20.991142,21.049967,43731200
2016-12-02,21.031865,21.176663,20.982091,21.126888,20105400
2016-12-05,21.244538,21.38481,21.158563,21.330511,18010000
2016-12-06,21.380286,21.43006,21.294313,21.39386,18509600
2016-12-07,21.380293,21.819211,21.366718,21.801111,19945800
2016-12-08,21.810157,21.950429,21.751333,21.855406,19354200
2016-12-09,21.936852,22.013777,21.900654,22.013777,24615000
2016-12-12,21.945902,21.995676,21.878027,21.945902,19170200
2016-12-13,22.040926,22.330521,22.027352,22.221924,27934000
2016-12-14,22.235494,22.321468,22.099746,22.144995,35830000
2016-12-15,22.172156,22.357678,22.135955,22.244555,23140000
2016-12-16,22.306363,22.310907,22.051848,22.083662,21131400
2016-12-19,22.101833,22.315442,22.083653,22.242723,13254000
2016-12-20,22.301817,22.360901,22.270003,22.324541,11413000
2016-12-21,22.315455,22.324545,22.233647,22.279097,9247400
2016-12-22,22.279089,22.292723,22.165466,22.233639,22210400
2016-12-23,22.210919,22.260913,22.170014,22.256369,12717400
2016-12-27,22.279093,22.451799,22.270003,22.347265,13681400
2016-12-28,22.374534,22.406348,22.138199,22.147289,15555200
2016-12-29,22.147287,22.210915,22.097293,22.151833,9593000
2016-12-30,22.201827,22.201827,21.910954,21.979128,17003200
2017-01-03,22.120019,22.251821,22.042756,22.174559,27881200
2017-01-04,22.192739,22.283636,22.179103,22.251822,14446200
2017-01-05,22.229099,22.342722,22.201829,22.288183,11005800
2017-01-06,22.288179,22.48361,22.224551,22.451796,17501200
2017-01-09,22.465428,22.519967,22.433614,22.447248,16627000
2017-01-10,22.451796,22.529058,22.374531,22.451796,15471600
2017-01-11,22.410895,22.556332,22.383625,22.556332,15173000
2017-01-12,22.469979,22.529063,22.288184,22.501793,13725400
2017-01-13,22.501789,22.610868,22.501789,22.569963,9665800
2017-01-17,22.510877,22.547237,22.433614,22.483608,9651600
2017-01-18,22.547238,22.574506,22.488154,22.542692,12315400
2017-01-19,22.542701,22.62451,22.469983,22.510887,14500000
2017-01-20,22.610868,22.692677,22.574508,22.633593,17510800
2017-01-23,22.610871,22.68359,22.515429,22.6745,23955200
2017-01-24,22.656317,22.851748,22.647229,22.81539,13021800
2017-01-25,22.938104,23.033546,22.919924,23.033546,18395600
2017-01-26,23.028998,23.047178,22.906287,22.969915,14253000
2017-01-27,23.051718,23.101712,23.010814,23.060808,12046000
2017-01-30,22.98355,22.98355,22.769939,22.874474,16893200
2017-01-31,22.801751,22.824477,22.660861,22.760849,19115600
2017-02-01,22.969923,23.006282,22.806307,22.933563,23362200
2017-02-02,22.865385,22.929013,22.769941,22.888109,17197800
2017-02-03,22.974456,23.069898,22.969912,23.038084,13667200
2017-02-06,23.006277,23.056271,22.947195,23.051727,13453000
2017-02-07,23.097176,23.169894,23.078996,23.142624,20106200
2017-02-08,23.142617,23.219881,23.078989,23.183521,12706200
2017-02-09,23.183532,23.315335,23.183532,23.25625,9739200
2017-02-10,23.310783,23.360777,23.251699,23.324417,8355800
2017-02-13,23.365321,23.456219,23.333507,23.428949,13159400
2017-02-14,23.401678,23.50621,23.333504,23.50621,12467600
2017-02-15,23.488035,23.601657,23.46531,23.583477,11895000
2017-02-16,23.61529,23.701644,23.583476,23.638014,14123000
2017-02-17,23.610743,23.71982,23.574383,23.71982,14175400
2017-02-21,23.769821,23.851629,23.733462,23.842539,15237400
2017-02-22,23.819805,23.887979,23.76981,23.869799,13769600
2017-02-23,23.901621,23.919801,23.760729,23.865261,13405400
2017-02-24,23.724373,23.928894,23.710737,23.919804,15544200
2017-02-27,23.915252,23.915252,23.851624,23.906162,15951200
2017-02-28,23.865262,23.887988,23.756185,23.792543,15243000
2017-03-01,23.937976,24.160677,23.883437,24.128862,18190600
2017-03-02,24.10614,24.110684,23.956157,23.969793,14340200
2017-03-03,23.951614,24.024332,23.90162,24.024332,15714000
2017-03-06,23.924344,24.028876,23.88344,23.987972,13430400
2017-03-07,23.969794,24.087961,23.951614,23.987972,13960800
2017-03-08,24.015245,24.087964,23.983431,24.015245,11361800
2017-03-09,24.019788,24.047059,23.892532,24.0107,15300400
2017-03-10,24.124321,24.187949,24.037966,24.137955,14709000
2017-03-13,24.137955,24.187949,24.115231,24.160679,14922400
2017-03-14,24.142493,24.142493,24.015236,24.106134,14479800
2017-03-15,24.142502,24.310664,24.069783,24.26976,17867200
2017-03-16,24.360654,24.369744,24.256122,24.283392,21956000
2017-03-17,24.376923,24.413421,24.326736,24.335861,13790800
2017-03-20,24.340423,24.413421,24.290238,24.358673,9083600
2017-03-21,24.42254,24.481852,23.993675,24.0028,29811000
2017-03-22,24.007364,24.18986,23.975427,24.15336,22766600
2017-03-23,24.116866,24.189864,24.052993,24.089491,22718800
2017-03-24,24.17162,24.253743,24.025623,24.107746,26281800
2017-03-27,23.907001,24.157933,23.875064,24.107746,13690000
2017-03-28,24.084925,24.335857,24.043864,24.281109,16907800
2017-03-29,24.271982,24.335855,24.217233,24.322168,11410200
2017-03-30,24.303926,24.399736,24.285676,24.3678,17508400
2017-03-31,24.34498,24.404292,24.294793,24.322168,12207000
2017-04-03,24.344983,24.381482,24.153362,24.299358,26035800
2017-04-04,24.198988,24.31761,24.189863,24.31761,15041600
2017-04-05,24.340419,24.504666,24.194422,24.217236,20955800
2017-04-06,24.244606,24.294792,24.162482,24.221794,13870200
2017-04-07,24.185299,24.271986,24.121426,24.208113,12938800
2017-04-10,24.221795,24.281107,24.112297,24.162483,9687200
2017-04-11,24.121422,24.157922,23.875054,24.071236,16914200
2017-04-12,24.048429,24.075804,23.943493,23.989119,17368400
2017-04-13,23.961743,24.121427,23.893307,23.893307,19533200
2017-04-17,23.966302,24.121424,23.966302,24.112299,14132000
2017-04-18,24.048434,24.153369,24.011936,24.107746,12487200
2017-04-19,24.144239,24.230926,24.043868,24.089491,14521000
2017-04-20,24.153358,24.349541,24.116859,24.308479,15163800
2017-04-21,24.317614,24.322178,24.212679,24.258303,15233000
2017-04-24,24.522917,24.563979,24.468169,24.545729,16210000
2017-04-25,24.646108,24.723668,24.605046,24.673483,20089600
2017-04-26,24.67348,24.73279,24.623293,24.646105,16294400
2017-04-27,24.709979,24.764727,24.687167,24.746479,17183400
2017-04-28,24.824033,24.860533,24.751035,24.810347,22836800
2017-05-01,24.901598,25.029345,24.855973,24.997408,15126000
2017-05-02,25.047599,25.08866,24.960912,25.05216,15070200
2017-05-03,24.970033,25.024781,24.892473,25.006533,14309000
2017-05-04,25.015658,25.029345,24.90616,24.988283,15159800
2017-05-05,25.02934,25.088652,24.970028,25.079527,13651600
2017-05-08,25.097783,25.20272,25.05216,25.189032,12140200
2017-05-09,25.216407,25.289405,25.170782,25.220968,15388600
2017-05-10,25.24834,25.335025,25.193591,25.316776,10604000
2017-05-11,25.239214,25.298526,25.138841,25.284838,18196000
2017-05-12,25.307651,25.3624,25.280276,25.348713,9307600
2017-05-15,25.380652,25.490149,25.366963,25.490149,19898600
2017-05-16,25.549457,25.608768,25.462772,25.608768,18122200
2017-05-17,25.408021,25.430834,24.897032,24.910719,37090000
2017-05-18,24.846845,25.152527,24.805783,25.056715,33644400
2017-05-19,25.193594,25.280279,25.166219,25.202719,20438200
2017-05-22,25.26203,25.435402,25.257468,25.403465,21020600
2017-05-23,25.508399,25.535774,25.380652,25.449087,13221000
2017-05-24,25.517524,25.558585,25.458212,25.554022,18643800
2017-05-25,25.636144,25.791265,25.585959,25.736517,12227000
2017-05-26,25.713707,25.754768,25.658958,25.722832,72564400
2017-05-30,25.731957,25.859704,25.70002,25.832329,11850600
2017-05-31,25.928139,25.937262,25.70458,25.791265,28492200
2017-06-01,25.846019,25.855143,25.695459,25.855143,16872400
2017-06-02,25.950951,26.096948,25.868828,26.092384,16982000
2017-06-05,26.092383,26.183631,26.060446,26.115196,13531600
2017-06-06,26.083258,26.197318,26.033073,26.06501,15370400
2017-06-07,26.124316,26.192752,26.010256,26.147129,17407400
2017-06-08,26.192759,26.224696,26.060449,26.206446,14204800
2017-06-09,26.242943,26.288566,25.19359,25.558582,70285000
2017-06-12,25.293964,25.449086,24.988284,25.408024,71412800
2017-06-13,25.531209,25.672644,25.403462,25.590521,36586800
2017-06-14,25.690895,25.695457,25.257467,25.467337,32361200
2017-06-15,25.179905,25.389777,25.070409,25.353277,29501000
2017-06-16,25.354651,25.363813,25.203486,25.308844,43222600
2017-06-19,25.501231,25.702787,25.48749,25.684464,19858400
2017-06-20,25.675301,25.689044,25.478327,25.478327,21915400
2017-06-21,25.565366,25.634076,25.487491,25.620335,24586400
2017-06-22,25.69821,25.716534,25.547045,25.629499,17585600
2017-06-23,25.606589,25.85395,25.565362,25.78982,32847200
2017-06-26,25.927244,25.982214,25.624912,25.652397,19455800
2017-06-27,25.514971,25.560778,25.230963,25.230963,25791000
2017-06-28,25.327165,25.569946,25.157675,25.547043,25952000
2017-06-29,25.42794,25.42794,24.887409,25.088963,41946800
2017-06-30,25.194321,25.235548,25.043154,25.066059,30743800
2017-07-03,25.171417,25.217224,24.864503,24.891989,33105200
2017-07-05,24.98361,25.189746,24.901156,25.139357,29618800
2017-07-06,24.919474,25.047736,24.850762,24.910313,25514800
2017-07-07,25.00193,25.281356,24.983606,25.198902,17636400
2017-07-10,25.203479,25.44168,25.166832,25.38213,11188400
2017-07-11,25.354645,25.478327,25.258449,25.437099,13713000
2017-07-12,25.61117,25.78982,25.597428,25.766916,33103800
2017-07-13,25.803567,25.908924,25.757758,25.817308,16250200
2017-07-14,25.927243,26.073828,25.890598,26.046345,13379200
2017-07-17,26.06925,26.124219,26.000537,26.050926,19674200
2017-07-18,26.000542,26.170033,25.936411,26.170033,19840400
2017-07-19,26.211255,26.325775,26.18835,26.30287,13347200
2017-07-20,26.376163,26.385323,26.206673,26.35784,20745800
2017-07-21,26.243319,26.330353,26.215834,26.325773,11610000
2017-07-24,26.312034,26.412811,26.257065,26.389908,10756200
2017-07-25,26.30745,26.394485,26.224996,26.339516,13760600
2017-07-26,26.481519,26.4861,26.353256,26.440292,21205200
2017-07-27,26.628106,26.660171,26.01428,26.339516,46094400
2017-07-28,26.206675,26.362422,26.183771,26.312033,20586200
2017-07-31,26.353256,26.412807,26.156282,26.183767,21965600
2017-08-01,26.316612,26.339516,26.220416,26.316612,16614400
2017-08-02,26.586882,26.591462,26.224999,26.389908,25147800
2017-08-03,26.426547,26.426547,26.252478,26.330351,21375600
2017-08-04,26.385326,26.472362,26.330357,26.389908,9513800
2017-08-07,26.426556,26.550238,26.417394,26.550238,15366000
2017-08-08,26.513586,26.719722,26.440294,26.513586,20921400
2017-08-09,26.344095,26.518165,26.330353,26.499842,13945600
2017-08-10,26.357839,26.385322,25.963891,25.977633,29823800
2017-08-11,26.018861,26.24332,25.986796,26.156284,29936200
2017-08-14,26.394485,26.609782,26.339516,26.573135,19517000
2017-08-15,26.628108,26.673915,26.53191,26.614365,14105200
2017-08-16,26.655593,26.788436,26.605205,26.69224,18111800
2017-08-17,26.591464,26.632691,26.170033,26.170033,25937800
2017-08-18,26.170021,26.325768,26.041758,26.142536,33393000
2017-08-21,26.160872,26.188356,25.959316,26.133387,15957200
2017-08-22,26.270806,26.541073,26.252484,26.522751,16922400
2017-08-23,26.376168,26.531913,26.367006,26.45862,17847400
2017-08-24,26.522753,26.550236,26.302873,26.435717,16187800
2017-08-25,26.522751,26.600624,26.376166,26.431135,16666200
2017-08-28,26.495269,26.531915,26.408235,26.481527,11986600
2017-08-29,26.266227,26.63269,26.234162,26.596045,17379600
2017-08-30,26.623523,26.806755,26.563974,26.788431,15308000
2017-08-31,26.852567,26.994572,26.820502,26.948765,18851600
2017-09-01,27.017476,27.040379,26.893794,26.925859,12026200
2017-09-05,26.847983,26.898372,26.509004,26.687654,23803400
2017-09-06,26.770111,26.806758,26.596042,26.710562,18227400
2017-09-07,26.797592,26.857142,26.701396,26.802172,15387600
2017-09-08,26.760949,26.797596,26.563976,26.582298,12518400
2017-09-11,26.793013,26.985405,26.793013,26.95792,14074600
2017-09-12,27.0358,27.072446,26.898377,27.022058,15723400
2017-09-13,26.989989,26.994571,26.880051,26.985409,16256600
2017-09-14,26.884629,27.017473,26.834242,26.893791,15253400
2017-09-15,26.870354,27.026657,26.824381,27.003672,26247600
2017-09-18,27.045042,27.127789,26.925515,27.026653,20824000
2017-09-19,27.068025,27.201341,26.999067,27.146175,11232200
2017-09-20,27.141577,27.150772,26.84736,27.035843,17901600
2017-09-21,27.026651,27.026651,26.80139,26.888737,16209200
2017-09-22,26.801398,26.939313,26.787608,26.902536,9649600
2017-09-25,26.815183,26.815183,26.465798,26.585325,27146200
2017-09-26,26.72784,26.7922,26.599121,26.68187,18106600
2017-09-27,26.80139,27.035845,26.760015,26.953096,15271000
2017-09-28,26.884132,26.99906,26.828966,26.98527,11178400
2017-09-29,27.031243,27.192144,26.999063,27.169157,24857400
2017-10-02,27.23812,27.297884,27.077221,27.210537,15143800
2017-10-03,27.233522,27.288688,27.201341,27.274897,12932000
2017-10-04,27.228926,27.297884,27.136983,27.25651,13299200
2017-10-05,27.339257,27.523142,27.325464,27.518545,12845400
2017-10-06,27.426605,27.573714,27.417411,27.559923,11852800
2017-10-09,27.601294,27.688639,27.582905,27.628876,13898400
2017-10-10,27.716223,27.739209,27.513947,27.65646,10945800
2017-10-11,27.619686,27.7576,27.619686,27.748405,9961800
2017-10-12,27.684041,27.812761,27.647263,27.679443,12212800
2017-10-13,27.780585,27.863334,27.780585,27.812765,11900000
2017-10-16,27.881717,27.918493,27.817355,27.913897,16612800
2017-10-17,27.904702,27.913897,27.821953,27.913897,10263400
2017-10-18,27.996655,28.019641,27.895517,27.982862,12182600
2017-10-19,27.863332,27.932288,27.716223,27.900108,13745200
2017-10-20,28.070207,28.120774,28.024235,28.088594,14814800
2017-10-23,28.134563,28.157549,27.923095,27.955275,14109800
2017-10-24,28.010439,28.079397,27.918496,28.033424,16071600
2017-10-25,27.969069,28.051818,27.697837,27.881723,18451800
2017-10-26,28.042622,28.116176,27.978262,27.996651,18872800
2017-10-27,28.447172,28.828734,28.447172,28.750584,29078400
2017-10-30,28.44717,28.925272,28.44717,28.814941,17149400
2017-10-31,28.925275,28.998831,28.810346,28.939068,20222600
2017-11-01,29.076979,29.113757,28.791956,28.943661,19101400
2017-11-02,28.943664,28.985038,28.736792,28.957457,20449200
2017-11-03,29.109161,29.214895,28.939066,29.187313,15319400
2017-11-06,29.168924,29.260867,29.150535,29.251673,12000400
2017-11-07,29.283852,29.293046,29.145938,29.265463,11551200
2017-11-08,29.265465,29.430961,29.187315,29.426367,18201000
2017-11-09,29.201106,29.242481,28.897694,29.191912,20490800
2017-11-10,29.155134,29.214897,29.086177,29.191912,11966400
2017-11-13,29.081577,29.219493,29.07698,29.182714,8600600
2017-11-14,29.09537,29.155131,28.962052,29.122952,14741600
2017-11-15,28.980441,29.021816,28.828735,28.906887,16985000
2017-11-16,29.118352,29.371195,29.118352,29.311432,15282200
2017-11-17,29.27006,29.293047,29.104564,29.122952,16604200
2017-11-20,29.191906,29.256266,29.150531,29.23328,13159800
2017-11-21,29.348215,29.559685,29.325229,29.541296,16348000
2017-11-22,29.541297,29.55049,29.435561,29.48613,24231600
2017-11-24,29.532092,29.66541,29.522899,29.651619,8678200
2017-11-27,29.60105,29.688397,29.550481,29.651619,13778200
2017-11-28,29.697596,29.775747,29.578069,29.748165,22623200
2017-11-29,29.6976,29.702198,28.888502,29.090776,67280400
2017-11-30,29.219486,29.426358,29.113752,29.348206,42095000
2017-12-01,29.168919,29.343611,28.773564,29.196501,38423600
2017-12-04,29.380393,29.394184,28.700015,28.727598,33611000
2017-12-05,28.677032,29.067789,28.552909,28.736794,27854200
2017-12-06,28.621856,28.985031,28.5529,28.920671,26524200
2017-12-07,29.044795,29.155126,28.920672,29.09996,23371000
2017-12-08,29.293044,29.380389,29.168921,29.237877,20118000
2017-12-11,29.224083,29.490719,29.205694,29.490719,22843200
2017-12-12,29.47234,29.587269,29.362008,29.481533,16794000
2017-12-13,29.58266,29.633229,29.453941,29.490719,20712200
2017-12-14,29.527501,29.619443,29.440154,29.453945,21892000
2017-12-15,29.545305,29.831392,29.471476,29.789862,42610400
2017-12-18,30.002128,30.085185,29.951374,30.052885,21521600
2017-12-19,29.992891,30.011349,29.794477,29.868307,23953600
2017-12-20,29.997511,29.997511,29.716039,29.859081,17930400
2017-12-21,29.909837,29.960595,29.771407,29.799095,31883800
2017-12-22,29.748345,29.80833,29.702203,29.780645,10971000
2017-12-26,29.596064,29.614522,29.476093,29.582222,12438200
2017-12-27,29.586829,29.669886,29.563756,29.614513,10693200
2017-12-28,29.702202,29.72066,29.61453,29.665287,19316000
2017-12-29,29.68374,29.692967,29.485325,29.508396,13386400
2018-01-02,29.62837,29.872927,29.554543,29.872927,27445600
2018-01-03,29.928298,30.140555,29.895998,30.122097,22663600
2018-01-04,30.242063,30.352805,30.172848,30.274363,21493200
2018-01-05,30.431246,30.620433,30.371261,30.592749,19356000
2018-01-08,30.578906,30.763478,30.560452,30.708109,13467800
2018-01-09,30.768096,30.777323,30.578908,30.629665,21212800
2018-01-10,30.463556,30.532771,30.375887,30.523544,20815600
2018-01-11,30.592757,30.661969,30.518927,30.648127,15775600
2018-01-12,30.611197,30.8696,30.569671,30.82807,16308600
2018-01-16,31.017266,31.128008,30.629663,30.708109,36443600
2018-01-17,30.883449,31.197221,30.781934,31.169537,29376200
2018-01-18,31.169543,31.30797,31.141855,31.224913,29845800
2018-01-19,31.284897,31.335654,31.123394,31.284897,23894400
2018-01-22,31.261827,31.594057,31.197227,31.589441,18004200
2018-01-23,31.690958,31.792473,31.626358,31.727873,20460200
2018-01-24,31.810927,31.866296,31.377182,31.483313,37019000
2018-01-25,31.681734,31.709418,31.349504,31.427946,25951800
2018-01-26,31.644817,31.926289,31.575601,31.926289,20097200
2018-01-29,31.833989,31.833989,31.594047,31.635574,55179800
2018-01-30,31.377181,31.534066,31.266439,31.349497,29662400
2018-01-31,31.534072,31.635587,31.377188,31.584829,30135800
2018-02-01,31.469467,31.833997,31.464855,31.612513,32650000
2018-02-02,31.257208,31.284896,30.671195,30.67581,43929400
2018-02-05,30.348196,30.924983,29.379196,29.39304,98559600
2018-02-06,28.996197,30.288198,28.830082,30.23744,90269400
2018-02-07,30.163618,30.472774,29.849846,29.849846,47425200
2018-02-08,29.932918,29.988287,28.604001,28.613228,55628600
2018-02-09,29.074651,29.526853,28.133337,29.314594,72700400
2018-02-12,29.628369,30.025198,29.411498,29.840626,35629600
2018-02-13,29.669899,29.988282,29.582226,29.914455,19084000
2018-02-14,29.748332,30.514302,29.729874,30.463545,32117600
2018-02-15,30.754259,31.044958,30.394345,31.044958,24305000
2018-02-16,30.952671,31.331043,30.920372,30.998814,20334200
2018-02-20,30.841923,31.271052,30.809623,31.026495,33835200
2018-02-21,31.146457,31.409471,30.823458,30.82807,29102400
2018-02-22,30.934213,31.14647,30.777325,30.864998,21958800
2018-02-23,31.11878,31.510994,31.04495,31.510994,20772400
2018-02-26,31.644808,32.004723,31.644808,32.004723,21594400
2018-02-27,32.01857,32.166227,31.681728,31.681728,25581200
2018-02-28,31.861682,31.995493,31.45101,31.455622,30464000
2018-03-01,31.529452,31.649421,30.698878,30.934208,42973600
2018-03-02,30.583532,31.294134,30.500475,31.229534,38392200
2018-03-05,31.081876,31.654047,31.012661,31.54792,21777800
2018-03-06,31.727868,31.769395,31.478696,31.617123,20303800
2018-03-07,31.381797,31.824769,31.381797,31.792469,22219600
2018-03-08,31.889366,31.958581,31.732478,31.930893,15248000
2018-03-09,32.156998,32.53537,32.115468,32.53537,24685000
2018-03-12,32.632275,32.76609,32.544602,32.63689,27012400
2018-03-13,32.802994,32.918351,32.152381,32.263123,27618800
2018-03-14,32.424627,32.452315,32.073944,32.235443,27762800
2018-03-15,32.244672,32.443087,32.097015,32.253902,23002800
2018-03-16,32.30852,32.424239,32.178913,32.220573,24404600
2018-03-19,31.919717,31.970633,31.32261,31.581821,39736800
2018-03-20,31.503115,31.688265,31.392027,31.567917,18765600
2018-03-21,31.498489,31.794728,31.294824,31.378141,21867000
2018-03-22,30.998581,31.179101,30.544964,30.56811,42390200
2018-03-23,30.5496,30.628287,29.739572,29.753458,41901600
2018-03-26,30.359819,30.924525,29.938607,30.882868,50251600
2018-03-27,31.072648,31.091163,29.660888,29.892324,59497200
2018-03-28,29.822893,30.183933,29.517397,29.693289,53622000
2018-03-29,29.906208,30.582002,29.697917,30.281134,35368200
2018-04-02,30.160789,30.295019,29.230414,29.559053,52034200
2018-04-03,29.781234,29.920098,29.350764,29.850666,36101400
2018-04-04,29.30447,30.350562,29.239666,30.267244,36298400
2018-04-05,30.544969,30.591255,30.188558,30.392223,32738200
2018-04-06,30.077471,30.355194,29.517394,29.646999,40477800
2018-04-09,29.864544,30.46165,29.841403,29.878433,21859400
2018-04-10,30.350565,30.73938,30.183931,30.614403,31297800
2018-04-11,30.424632,30.706981,30.382971,30.433887,17315600
2018-04-12,30.623655,30.933779,30.581995,30.799545,21256000
2018-04-13,31.012475,31.026361,30.549602,30.697721,22421600
2018-04-16,30.910643,31.049506,30.730123,30.933788,19477400
2018-04-17,31.206868,31.609569,31.151326,31.507736,30445600
2018-04-18,31.475347,31.544779,31.234655,31.424431,19764400
2018-04-19,31.225395,31.257796,30.966188,31.077276,25811600
2018-04-20,30.984702,31.007843,30.517199,30.646803,32477000
2018-04-23,30.762514,30.850461,30.392218,30.535707,37920600
2018-04-24,30.711601,30.762517,29.785856,30.003407,34847600
2018-04-25,30.049696,30.109872,29.623854,30.008039,30581600
2018-04-26,30.382973,30.674582,30.257999,30.554237,33086800
2018-04-27,30.859734,30.882879,30.336689,30.498693,26313000
2018-04-30,30.577367,30.767147,30.262614,30.299644,17372200
2018-05-01,30.257991,30.697718,30.183929,30.679203,18547800
2018-05-02,30.87361,30.989328,30.591257,30.646803,26587400
2018-05-03,30.507949,30.831958,30.239482,30.71624,31090800
2018-05-04,30.600521,31.355002,30.56349,31.299459,21682600
2018-05-07,31.447585,31.665136,31.396669,31.517014,26914800
2018-05-08,31.466081,31.614201,31.322589,31.586426,30294800
2018-05-09,31.665132,31.975256,31.563299,31.975256,28826600
2018-05-10,32.123367,32.414976,32.090966,32.391834,23132600
2018-05-11,32.359432,32.470521,32.239084,32.345543,17521200
2018-05-14,32.452012,32.595501,32.308522,32.340923,20261800
2018-05-15,32.114118,32.141893,31.868796,32.035431,28525200
2018-05-16,32.086344,32.252978,32.012286,32.178917,13361000
2018-05-17,32.063188,32.280739,31.882668,32.012276,21600200
2018-05-18,31.905808,32.049297,31.850262,31.878036,15765800
2018-05-21,32.169666,32.313156,31.993776,32.155781,22578400
2018-05-22,32.313147,32.359437,32.040054,32.109486,14782000
2018-05-23,31.845643,32.345543,31.841013,32.345543,29387600
2018-05-24,32.336293,32.373323,31.984508,32.308521,22401400
2018-05-25,32.331672,32.401103,32.206698,32.285385,18782800
2018-05-29,32.123371,32.290006,31.896565,32.109486,58660800
2018-05-30,32.271485,32.387203,32.178908,32.345543,19930400
2018-05-31,32.345549,32.56773,32.280747,32.354809,30568000
2018-06-01,32.572355,32.91025,32.516809,32.905621,25445800
2018-06-04,32.988937,33.201861,32.956536,33.16946,19866000
2018-06-05,33.25279,33.345367,33.160217,33.285194,34549600
2018-06-06,33.340719,33.502724,33.169458,33.502724,35379000
2018-06-07,33.484205,33.484205,32.993561,33.234257,39047200
2018-06-08,32.984317,33.238895,32.914885,33.178722,19809600
2018-06-11,33.197229,33.322203,33.123167,33.215744,14647000
2018-06-12,33.275922,33.405525,33.220376,33.377754,15626800
2018-06-13,33.377758,33.525877,33.192608,33.206493,29278000
2018-06-14,33.336096,33.525876,33.285183,33.442558,22654800
2018-06-15,33.324112,33.36592,33.115083,33.314823,33641200
2018-06-18,33.082564,33.375206,32.980371,33.351982,16580400
2018-06-19,32.943205,33.194042,32.757399,33.180107,25913400
2018-06-20,33.259071,33.407715,33.212621,33.249783,22931200
2018-06-21,33.379847,33.398428,32.915335,32.994301,29634200
2018-06-22,33.077918,33.087211,32.752761,32.88747,31385800
2018-06-25,32.622686,32.655201,31.921272,32.204624,36055400
2018-06-26,32.306832,32.548377,32.227862,32.334702,27719000
2018-06-27,32.436896,32.58554,31.884125,31.893417,44109200
2018-06-28,31.8516,32.390435,31.8516,32.283596,35598000
2018-06-29,32.409016,32.548371,32.251084,32.269665,20019200
2018-07-02,31.990957,32.566951,31.944503,32.557659,25091200
2018-07-03,32.655205,32.678428,32.148884,32.172112,12722800
2018-07-05,32.371855,32.645916,32.27895,32.627335,27320000
2018-07-06,32.645913,33.059329,32.566947,33.008232,25603800
2018-07-09,33.184744,33.268356,33.012873,33.259064,17455200
2018-07-10,33.263723,33.430948,33.263723,33.338043,22986200
2018-07-11,33.10113,33.338029,33.050033,33.207966,25949800
2018-07-12,33.351987,33.751468,33.314825,33.732887,23706600
2018-07-13,33.737517,33.779325,33.584231,33.695713,18516800
2018-07-16,33.705004,33.774681,33.551717,33.616749,13332000
2018-07-17,33.37521,33.923335,33.356629,33.867596,14903200
2018-07-18,33.858294,33.86294,33.69107,33.811844,14164000
2018-07-19,33.72824,33.858303,33.630693,33.691078,14910000
2018-07-20,33.821138,33.886169,33.658559,33.700367,14439600
2018-07-23,33.630686,33.890811,33.495977,33.872231,25151000
2018-07-24,34.211331,34.34604,33.918686,34.058041,21557200
2018-07-25,34.067328,34.48539,34.016235,34.48539,30466200
2018-07-26,33.895452,34.067319,33.835063,33.955837,25094400
2018-07-27,33.99765,34.020874,33.166173,33.375202,63550200
2018-07-30,33.356632,33.407729,32.66451,32.854961,35695400
2018-07-31,32.95713,33.15687,32.762036,32.943195,29954000
2018-08-01,33.180116,33.347341,33.059342,33.240501,29322800
2018-08-02,32.93392,33.700366,32.93392,33.658558,26209800
2018-08-03,33.667842,33.779324,33.514552,33.779324,14491400
2018-08-06,33.765389,33.979064,33.68642,33.960484,15000400
2018-08-07,34.081257,34.21132,34.03016,34.090546,20545400
2018-08-08,34.071967,34.248484,33.983712,34.183449,14197200
2018-08-09,34.215972,34.327454,34.169518,34.197392,23446200
2018-08-10,33.941905,34.085903,33.825777,33.923325,23138400
2018-08-13,33.974428,34.234554,33.867592,33.876881,24128800
2018-08-14,33.992995,34.127703,33.802543,34.085896,18359000
2018-08-15,33.872225,33.997645,33.514552,33.779324,35584400
2018-08-16,34.039453,34.132357,33.853647,33.927971,18208800
2018-08-17,33.825779,34.07197,33.714297,33.979069,18048200
2018-08-20,34.058034,34.067322,33.793262,33.927971,21239600
2018-08-21,34.020877,34.197394,33.941911,33.983719,16004600
2018-08-22,33.881513,34.136992,33.830416,34.085896,12742400
2018-08-23,34.025508,34.346023,34.025508,34.160217,18735000
2018-08-24,34.25313,34.51326,34.248488,34.503967,13115200
2018-08-27,34.689769,34.838413,34.596868,34.819832,16415000
2018-08-28,34.889511,34.959188,34.782671,34.880219,14770400
2018-08-29,34.922026,35.219314,34.91738,35.196087,22364600
2018-08-30,35.098537,35.316859,34.982409,35.089249,21040600
2018-08-31,35.05673,35.21002,34.996341,35.117115,20537800
2018-09-04,34.954545,35.033511,34.745516,34.982414,22147600
2018-09-05,34.935961,34.963831,34.369256,34.545773,32853200
2018-09-06,34.494674,34.568994,34.025515,34.294933,27957600
2018-09-07,34.071975,34.452874,34.034813,34.178814,28462000
2018-09-10,34.304225,34.350676,34.099842,34.285645,33309000
2018-09-11,34.188101,34.652613,34.104488,34.578293,27189800
2018-09-12,34.503969,34.508616,34.155585,34.434292,32536400
2018-09-13,34.647965,34.926676,34.638677,34.838417,25454800
2018-09-14,34.870925,34.963826,34.652603,34.810539,18878400
2018-09-17,34.759451,34.819836,34.336743,34.373905,29584200
2018-09-18,34.332098,34.759449,34.332098,34.592224,19302000
2018-09-19,34.58758,34.703708,34.308873,34.503967,20870600
2018-09-20,34.708352,34.949897,34.601513,34.912739,27401800
2018-09-21,35.045116,35.101044,34.760802,34.774784,46041000
2018-09-24,34.606978,34.951882,34.471813,34.947224,34513600
2018-09-25,34.905277,34.975191,34.760791,34.905277,21101000
2018-09-26,34.942576,35.096386,34.714194,34.774784,26641200
2018-09-27,34.900625,35.07774,34.900625,34.979862,28466400
2018-09-28,34.88197,35.142981,34.86333,35.110355,23421200
2018-10-01,35.334081,35.422638,35.170951,35.278152,20668200
2018-10-02,35.236198,35.483224,35.124338,35.282806,28014000
2018-10-03,35.403997,35.548483,35.324763,35.390015,26584800
2018-10-04,35.217552,35.24552,34.523083,34.751465,46584800
2018-10-05,34.737488,34.84469,33.977767,34.313351,44577000
2018-10-08,34.150218,34.25742,33.539645,33.926498,39946000
2018-10-09,33.912514,34.248098,33.8426,34.04768,30277800
2018-10-10,33.842602,33.847264,32.374426,32.397732,88286000
2018-10-11,32.304517,32.8545,31.72657,31.987577,136539000
2018-10-12,32.89179,33.120172,32.369771,33.012974,71818800
2018-10-15,32.891777,32.919741,32.453654,32.472298,38305000
2018-10-16,32.882464,33.55829,32.803227,33.451088,41998600
2018-10-17,33.493035,33.516341,32.998984,33.297279,48329800
2018-10-18,33.148139,33.171441,32.449008,32.644764,45920600
2018-10-19,32.835844,33.190071,32.509584,32.630768,44283400
2018-10-22,32.784578,33.115503,32.588823,32.9011,31962000
2018-10-23,32.215961,32.947718,31.889698,32.775265,48132200
2018-10-24,32.691373,32.770607,31.269805,31.307093,68330800
2018-10-25,31.75453,32.551539,31.70326,32.383751,46754400
2018-10-26,31.577418,32.313836,31.279122,31.735886,85487200
2018-10-29,32.174013,32.402395,30.570671,31.199892,68110600
2018-10-30,31.171921,31.661314,30.906251,31.549454,61121600
2018-10-31,32.020207,32.556208,32.006225,32.299862,42288200
2018-11-01,32.346447,32.700674,32.071453,32.677368,31106200
2018-11-02,32.425695,32.616792,31.768513,32.038841,40426200
2018-11-05,32.020196,32.071466,31.544789,32.006214,28416400
2018-11-06,31.978249,32.36044,31.950285,32.206631,18267600
2018-11-07,32.579508,33.152794,32.537559,33.152794,32629600
2018-11-08,33.026931,33.166759,32.915071,33.124809,20819400
2018-11-09,32.8405,32.868465,32.276535,32.551525,25883600
2018-11-12,32.253249,32.309181,31.367686,31.40497,32862200
2018-11-13,31.479535,31.98291,31.349031,31.442247,31407000
2018-11-14,31.791817,31.857069,30.906251,31.064722,38993400
2018-11-15,31.115997,31.917668,30.934223,31.843092,52602200
2018-11-16,31.470223,31.982922,31.404971,31.791824,35945800
2018-11-19,31.642667,31.675293,30.496093,30.579988,38397200
2018-11-20,29.727052,30.328305,29.540618,29.922808,56129600
2018-11-21,30.328308,30.449492,30.01603,30.141872,33006600
2018-11-23,29.820267,30.197798,29.806285,29.866877,10676200
2018-11-26,30.258381,30.542694,30.099913,30.542694,25069200
2018-11-27,30.332952,30.649891,30.155836,30.603283,23076400
2018-11-28,30.910912,31.675295,30.79439,31.675295,33219200
2018-11-29,31.577416,31.624024,31.199886,31.367678,28230800
2018-11-30,31.386317,31.689274,31.23251,31.665972,33019600
2018-12-03,32.458321,32.490947,32.015539,32.365105,32463400
2018-12-04,32.136718,32.206632,31.06472,31.139292,41982200
2018-12-06,30.407529,31.2092,30.253723,31.2092,43155800
2018-12-07,31.060062,31.19989,29.969419,30.109243,39875000
2018-12-10,29.94145,30.640581,29.768998,30.524059,40895600
2018-12-11,30.999473,31.060063,30.314324,30.56135,31626200
2018-12-12,31.055403,31.283788,30.785075,30.799057,33857600
2018-12-13,30.948203,31.176584,30.673209,30.850325,25638600
2018-12-14,30.482114,30.649906,30.067297,30.095261,31032400
2018-12-17,29.983398,30.188474,29.219013,29.456718,46527000
2018-12-18,29.685102,29.946112,29.452058,29.689764,39253200
2018-12-19,29.64782,30.174498,28.785558,29.102497,67212200
2018-12-20,28.976648,29.270284,28.165657,28.580475,79003600
2018-12-21,28.587501,28.938584,27.590426,27.712135,83227400
2018-12-24,27.449988,27.787028,26.94911,26.972515,42234000
2018-12-26,27.159764,28.601543,27.005287,28.601543,58120200
2018-12-27,28.203646,28.816871,27.655958,28.807508,46877600
2018-12-28,29.018157,29.219443,28.493872,28.741972,39685800
2018-12-31,28.990072,29.121142,28.77006,29.013477,33720200
2019-01-02,28.418975,29.2054,28.381527,29.0322,30885800
2019-01-03,28.292583,28.311308,27.529565,27.567013,49893400
2019-01-04,28.072576,28.910492,27.983634,28.788784,41535600
2019-01-07,28.788787,29.242855,28.723252,29.046247,23817200
2019-01-08,29.327109,29.430092,28.943259,29.28966,26005200
2019-01-09,29.448813,29.823301,29.416045,29.668825,28044800
2019-01-10,29.434778,29.813947,29.299026,29.799904,21868200
2019-01-11,29.626701,29.762453,29.561166,29.743729,15451200
2019-01-14,29.481585,29.570526,29.364558,29.467543,14483800
2019-01-15,29.561162,29.973098,29.50967,29.912245,28654000
2019-01-16,29.945015,30.122895,29.88416,29.940332,18937000
2019-01-17,29.832675,30.305466,29.753097,30.132267,20256800
2019-01-18,30.431853,30.651866,30.235244,30.591009,27303200
2019-01-22,30.342909,30.394401,29.837351,30.076086,29985000
2019-01-23,30.202473,30.427167,29.84203,30.17907,19152200
2019-01-24,30.286736,30.539516,30.272693,30.431852,28341800
2019-01-25,30.661219,30.956127,30.548874,30.862507,20061600
2019-01-28,30.403759,30.459934,30.197793,30.450573,19324800
2019-01-29,30.511431,30.516113,30.076088,30.122898,17147800
2019-01-30,30.623776,31.14806,30.488023,31.059118,33990600
2019-01-31,30.899962,31.19487,30.801659,31.02635,36501800
2019-02-01,31.040394,31.377434,30.993583,31.208914,19475600
2019-02-04,31.251054,31.714483,31.227648,31.709801,15208600
2019-02-05,31.817466,32.056203,31.780016,31.976622,24121400
2019-02-06,32.014065,32.173224,31.892355,32.084282,20379200
2019-02-07,31.789375,31.925124,31.428928,31.644258,29264000
2019-02-08,31.35871,31.82682,31.339985,31.82682,16977600
2019-02-11,31.925122,32.023428,31.737881,31.812777,14869400
2019-02-12,32.032786,32.276202,31.985976,32.234074,19418200
2019-02-13,32.393238,32.510266,32.25749,32.276211,18241800
2019-02-14,32.154502,32.44941,32.131095,32.332382,19484000
2019-02-15,32.57579,32.622604,32.407273,32.589836,14712000
2019-02-19,32.458767,32.697504,32.425999,32.599201,16638200
2019-02-20,32.62729,32.772406,32.463452,32.636654,19704200
2019-02-21,32.557087,32.781778,32.44942,32.650707,19508200
2019-02-22,32.800484,33.086031,32.791123,33.067307,24493200
2019-02-25,33.315406,33.45584,33.20306,33.226467,40341000
2019-02-26,33.109447,33.390312,33.081358,33.296688,28268000
2019-02-27,33.170288,33.30604,32.92219,33.263908,19555000
2019-02-28,33.14221,33.296684,33.086036,33.170296,18876600
2019-03-01,33.432435,33.483927,33.128162,33.394985,24668000
2019-03-04,33.535404,33.619664,32.898774,33.268581,31653000
2019-03-05,33.249874,33.292005,33.067311,33.170296,17907600
2019-03-06,33.146885,33.184334,32.954961,32.997089,26244200
2019-03-07,32.90348,32.931566,32.575801,32.683468,36996600
2019-03-08,32.290239,32.706857,32.224701,32.678768,25781400
2019-03-11,32.795813,33.413719,32.795813,33.380951,29153800
2019-03-12,33.474568,33.689898,33.371583,33.577553,36101200
2019-03-13,33.722677,33.998861,33.703952,33.797573,35667200
2019-03-14,33.853744,33.970771,33.774166,33.867786,21313200
2019-03-15,33.986596,34.432736,33.963113,34.27776,42049000
2019-03-18,34.301241,34.51257,34.212011,34.423344,29675200
2019-03-19,34.564234,34.658161,34.357602,34.49379,32306200
2019-03-20,34.456213,34.681629,34.193221,34.399857,27408600
2019-03-21,34.404559,35.339107,34.399862,35.263966,54548200
2019-03-22,35.080821,35.226407,34.418655,34.432743,53494800
2019-03-25,34.320034,34.512577,34.06174,34.282463,43893800
2019-03-26,34.583007,34.80373,34.268361,34.470299,27930200
2019-03-27,34.521952,34.653445,33.972491,34.273052,31662400
2019-03-28,34.376385,34.554844,34.202627,34.413956,21079400
2019-03-29,34.700424,34.766171,34.53136,34.752083,28694400
2019-04-01,35.090204,35.268659,34.892963,35.226395,25181000
2019-04-02,35.254584,35.395472,35.146569,35.348507,23574200
2019-04-03,35.559834,35.813431,35.494087,35.634972,27738000
2019-04-04,35.620879,35.714805,35.273359,35.484688,23006200
2019-04-05,35.602096,35.691326,35.541047,35.653755,13419600
2019-04-08,35.56922,35.808729,35.418941,35.789944,14619800
2019-04-09,35.634964,35.766462,35.541041,35.620876,26880200
2019-04-10,35.653759,35.87918,35.634974,35.869785,17234800
2019-04-11,35.944925,35.954316,35.747685,35.822823,15394600
2019-04-12,36.024755,36.071716,35.822817,36.071716,17110000
2019-04-15,36.071717,36.160946,35.865085,36.057629,19821400
2019-04-16,36.170336,36.278351,36.067022,36.24078,19218600
2019-04-17,36.470898,36.48968,36.264263,36.442719,24495800
2019-04-18,36.522553,36.555427,36.273654,36.546036,22983800
2019-04-22,36.376961,36.644646,36.344088,36.630558,16168800
2019-04-23,36.686921,37.076705,36.64935,37.029743,33385600
2019-04-24,37.057926,37.212899,36.987482,37.043835,21876600
2019-04-25,37.21291,37.316227,36.837214,37.034454,22775200
2019-04-26,36.809026,36.902953,36.499077,36.893559,22100400
2019-04-29,36.898264,37.020367,36.860694,36.902962,21226400
2019-04-30,36.884177,37.015671,36.677542,36.964012,37685800
2019-05-01,37.335008,37.428931,36.865386,36.870083,30893600
2019-05-02,36.860681,37.128366,36.480288,36.677528,49977600
2019-05-03,36.809018,37.057921,36.757359,37.025043,26576600
2019-05-06,36.142164,36.799636,36.001279,36.738586,26045000
2019-05-07,36.325315,36.466204,35.620881,35.949619,41251200
2019-05-08,35.832222,36.217313,35.771169,35.90736,27334600
2019-05-09,35.461205,35.780549,35.062027,35.663143,38601800
2019-05-10,35.433026,35.935522,34.921139,35.775852,39192400
2019-05-13,34.766168,34.972804,34.329419,34.42804,50922400
2019-05-14,34.601788,35.198207,34.573612,34.982182,36808600
2019-05-15,34.737984,35.470594,34.681628,35.362583,30097200
2019-05-16,35.386072,35.944924,35.33911,35.68663,30889400
2019-05-17,35.320323,35.879175,35.315626,35.400158,27087800
2019-05-20,34.803739,35.076121,34.61589,34.784954,29349200
2019-05-21,35.151258,35.325019,35.071423,35.212311,29682200
2019-05-22,34.98219,35.240484,34.963405,35.029152,23042200
2019-05-23,34.554844,34.573629,34.160359,34.413956,32171400
2019-05-24,34.601799,34.780254,34.385773,34.423344,23500000
2019-05-28,34.531361,34.752085,34.305944,34.324726,51545600
2019-05-29,34.071136,34.287162,33.892677,34.122795,29509600
2019-05-30,34.20262,34.404558,34.099303,34.334114,22841000
2019-05-31,33.920843,34.080513,33.747081,33.761169,24079600
2019-06-03,33.812841,34.000691,32.94404,33.169456,39407400
2019-06-04,33.592111,34.27776,33.423046,34.27776,30192400
2019-06-05,34.733291,34.803735,34.329415,34.7239,28791600
2019-06-06,34.817817,35.19821,34.658147,35.127769,23845000
2019-06-07,35.310937,35.991888,35.240493,35.78056,23984200
2019-06-10,36.038847,36.484991,36.038847,36.146862,26927600
2019-06-11,36.513167,36.550738,35.940227,36.146862,23100200
2019-06-12,35.973096,36.071716,35.860387,35.94492,15193800
2019-06-13,36.071718,36.179733,35.921439,36.052933,19734800
2019-06-14,35.724205,35.855698,35.583316,35.738293,16883400
2019-06-17,35.761771,35.944923,35.686629,35.766468,18702200
2019-06-18,36.146862,36.593002,36.034154,36.414547,32362400
2019-06-19,36.508465,36.639959,36.259566,36.546036,24742400
2019-06-20,37.081402,37.203505,36.771453,37.081402,27783800
2019-06-21,36.943797,37.226566,36.891956,36.906094,41430400
2019-06-24,36.972062,37.09931,36.920221,36.976776,16431800
2019-06-25,36.957925,36.990915,36.255716,36.29813,26245400
2019-06-26,36.651586,36.948496,36.642162,36.689289,18138400
2019-06-27,36.81183,36.910799,36.703433,36.783554,13675000
2019-06-28,36.896663,36.939077,36.665736,36.778843,35566800
2019-07-01,37.622442,37.669569,37.207712,37.363235,28553200
2019-07-02,37.344383,37.48577,37.259553,37.462204,15568400
2019-07-03,37.556463,37.749687,37.481057,37.749687,10683600
2019-07-05,37.443345,37.744965,37.306676,37.678986,11847800
2019-07-08,37.386796,37.438637,37.217134,37.391506,14919800
2019-07-09,37.198286,37.551748,37.141731,37.523472,18499600
2019-07-10,37.730829,38.04659,37.702553,37.820374,20217200
2019-07-11,37.914642,38.107869,37.834525,37.961773,22704400
2019-07-12,38.079596,38.263396,38.013617,38.23983,15506800
2019-07-15,38.343496,38.414189,38.258665,38.367062,12572000
2019-07-16,38.319936,38.32465,37.942913,38.008892,16011400
2019-07-17,38.079585,38.164416,37.90521,37.909924,13416000
2019-07-18,37.825092,38.249247,37.796813,38.192692,16044000
2019-07-19,38.574433,38.588571,37.980617,38.027748,23359400
2019-07-22,38.173845,38.560297,38.169132,38.466042,13849400
2019-07-23,38.687528,38.715808,38.390622,38.678104,11010800
2019-07-24,38.62626,39.012711,38.62626,38.998573,18514200
2019-07-25,38.913752,38.913752,38.630983,38.838348,19846800
2019-07-26,38.857197,38.998583,38.819497,38.923176,22240400
2019-07-29,38.942038,38.965603,38.598004,38.899624,16946400
2019-07-30,38.630993,38.814793,38.546162,38.649845,14728000
2019-07-31,38.857195,38.899612,37.664852,38.065441,33738600
2019-08-01,38.131422,38.937313,37.683702,37.872215,57666000
2019-08-02,37.565893,37.580031,36.915525,37.254848,44743800
2019-08-05,36.260442,36.312284,35.412133,35.699615,55653200
2019-08-06,36.180312,36.425381,35.878692,36.293423,38301600
2019-08-07,35.878694,36.618607,35.680757,36.519638,41164800
2019-08-08,36.811841,37.424509,36.717586,37.415081,31983200
2019-08-09,37.19358,37.297263,36.70816,36.990929,31145200
2019-08-12,36.736424,36.873096,36.335835,36.505497,21786800
2019-08-13,36.472522,37.561182,36.392405,37.4198,52085600
2019-08-14,36.731725,36.896673,36.175612,36.269867,47138600
2019-08-15,36.302853,36.392398,35.89755,36.203884,31324600
2019-08-16,36.576194,36.967359,36.524353,36.891953,21694000
2019-08-19,37.47163,37.565885,37.259551,37.452778,15756200
2019-08-20,37.405649,37.594159,37.245411,37.264263,16675400
2019-08-21,37.622443,37.796815,37.532899,37.70256,16802600
2019-08-22,37.80152,37.886351,37.278397,37.613007,15188200
2019-08-23,37.405646,37.74968,36.218014,36.368824,40797800
2019-08-26,36.816556,36.887246,36.566774,36.873108,20717000
2019-08-27,37.11345,37.179429,36.604465,36.816544,20066000
2019-08-28,36.618614,36.91081,36.354697,36.849545,14279000
2019-08-29,37.349104,37.603597,37.217145,37.49049,16241200
2019-08-30,37.735549,37.782676,37.212426,37.481056,20150800
2019-09-03,37.170007,37.499902,36.891948,37.023907,23675000
2019-09-04,37.42451,37.674289,37.386807,37.655437,15458800
2019-09-05,38.150274,38.597994,38.131426,38.442471,20086600
2019-09-06,38.527298,38.546149,38.305795,38.409477,18300200
2019-09-09,38.588566,38.607418,37.919346,38.121998,25221400
2019-09-10,37.947624,37.947624,37.499907,37.928776,19717000
2019-09-11,38.046591,38.33407,37.966471,38.324646,18818600
2019-09-12,38.560293,38.843061,38.371779,38.532017,25542000
2019-09-13,38.470744,38.470744,38.206827,38.249245,33067200
2019-09-16,37.933499,38.239834,37.8958,38.155003,15451800
2019-09-17,38.183264,38.310513,38.093723,38.310513,15402600
2019-09-18,38.24925,38.334077,37.787392,38.305801,17261400
2019-09-19,38.423618,38.729952,38.338788,38.390629,16387000
2019-09-20,38.514963,38.533874,37.843659,37.942936,30027200
2019-09-23,37.947668,38.17459,37.867301,38.061131,15648400
2019-09-24,38.311688,38.45824,37.53165,37.692387,35448200
2019-09-25,37.640373,38.245493,37.295264,38.141487,23913200
2019-09-26,38.127316,38.316417,37.886212,38.184044,18178600
2019-09-27,38.184025,38.264396,37.389805,37.673458,25564200
2019-09-30,37.834208,38.160407,37.782205,38.070583,22002800
2019-10-01,38.240768,38.496054,37.701833,37.716015,22044600
2019-10-02,37.465465,37.474919,36.727976,37.006897,39509600
2019-10-03,36.992714,37.474917,36.534145,37.460735,34944400
2019-10-04,37.725473,38.12731,37.687653,38.080036,21876800
2019-10-07,37.952396,38.236046,37.89094,37.919304,21238800
2019-10-08,37.673473,37.786932,37.219633,37.224358,28733600
2019-10-09,37.612004,37.919293,37.555276,37.77747,20503000
2019-10-10,37.739648,38.188759,37.711281,38.037479,18796200
2019-10-11,38.505513,38.902625,38.444057,38.562244,31941200
2019-10-14,38.524408,38.699326,38.519683,38.538589,11325600
2019-10-15,38.694609,39.058629,38.656789,38.964077,16205800
2019-10-16,38.751338,38.770249,38.552784,38.694607,20066000
2019-10-17,38.826984,38.935718,38.415694,38.618977,13731800
2019-10-18,38.562242,38.618974,38.009125,38.250229,17452600
2019-10-21,38.47715,38.680432,38.340052,38.661522,12678600
2019-10-22,38.737153,38.874251,38.113123,38.141487,18916000
2019-10-23,38.023292,38.179301,37.942925,38.174572,17617000
2019-10-24,38.581157,38.76553,38.439331,38.732437,14508200
2019-10-25,38.732429,39.247725,38.70879,39.200451,16305400
2019-10-28,39.545566,39.715756,39.526656,39.696846,14459800
2019-10-29,39.663754,39.734667,39.323373,39.337555,15520800
2019-10-30,39.455728,39.625918,39.190989,39.578644,25558600
2019-10-31,39.640107,39.682656,39.299726,39.555012,22461800
2019-11-01,39.687386,40.027767,39.62593,40.027767,19841200
2019-11-04,40.335064,40.358703,40.150691,40.235786,20363200
2019-11-05,40.349233,40.363415,40.051401,40.188499,15799600
2019-11-06,40.183764,40.207403,39.9663,40.169582,17077200
2019-11-07,40.439058,40.713254,40.372873,40.486332,28085000
2019-11-08,40.382322,40.713249,40.221589,40.713249,12573000
2019-11-11,40.481602,40.78889,40.429599,40.732162,8488000
2019-11-12,40.788888,41.020535,40.689611,40.869255,16562400
2019-11-13,40.70853,40.996908,40.699073,40.959087,15372200
2019-11-14,40.798345,40.944897,40.684883,40.911804,12182600
2019-11-15,41.200187,41.242733,41.072543,41.242733,14124800
2019-11-18,41.22856,41.427114,41.072551,41.365658,13022200
2019-11-19,41.53111,41.56893,41.294734,41.446014,14087400
2019-11-20,41.351454,41.47437,40.883433,41.195446,24759800
2019-11-21,41.115094,41.162369,40.902354,40.98745,18755400
2019-11-22,41.105642,41.171827,40.774718,40.935452,11780000
2019-11-25,41.119815,41.531105,41.105629,41.531105,14739800
2019-11-26,41.554757,41.672945,41.488573,41.568939,19454400
2019-11-27,41.696585,41.800591,41.573672,41.800591,18697000
2019-11-29,41.691851,41.758036,41.606756,41.67767,11360200
2019-12-02,41.696566,41.696566,40.902346,41.081993,23167600
2019-12-03,40.434334,40.746351,40.259418,40.717983,22494400
2019-12-04,40.982723,41.015815,40.821986,40.883446,13829000
2019-12-05,41.029997,41.067818,40.840896,41.034725,15620600
2019-12-06,41.346741,41.526385,41.313648,41.488567,18407000
2019-12-09,41.417643,41.550012,41.271091,41.271091,11370200
2019-12-10,41.33728,41.521652,41.200182,41.304188,12350800
2019-12-11,41.412905,41.620916,41.32781,41.583096,9879000
2019-12-12,41.46493,42.08896,41.365653,42.027504,24189400
2019-12-13,41.98496,42.400983,41.904594,42.306431,26256200
2019-12-16,42.627889,42.831171,42.618435,42.68462,19744600
2019-12-17,42.760265,42.779176,42.528619,42.58535,14919400
2019-12-18,42.637344,42.746074,42.56643,42.580612,12970200
2019-12-19,42.608981,42.892634,42.594799,42.887905,13724000
2019-12-20,43.141657,43.189086,43.027828,43.136913,23400800
2019-12-23,43.269707,43.369308,43.208047,43.26022,15530400
2019-12-24,43.336116,43.336116,43.174855,43.274456,4890800
2019-12-26,43.364567,43.606457,43.336111,43.59697,8269200
2019-12-27,43.772458,43.772458,43.483139,43.592228,19332200
2019-12-30,43.582749,43.587493,43.008855,43.340858,16491200
2019-12-31,43.193823,43.525826,43.136906,43.478397,11601800
2020-01-02,43.872062,44.294182,43.786689,44.294182,26567000
2020-01-03,43.64914,44.09972,43.644396,43.796169,30023600
2020-01-06,43.35982,43.947945,43.279191,43.900513,15630000
2020-01-07,43.976403,44.09972,43.815142,43.881542,15363600
2020-01-08,43.928973,44.545551,43.848341,44.351093,23254400
2020-01-09,44.75899,44.882304,44.531328,44.853848,15554800
2020-01-10,45.048322,45.109979,44.673631,44.749516,15330600
2020-01-13,44.953447,45.361338,44.929734,45.309166,15524400
2020-01-14,45.366076,45.408761,45.024585,45.09573,16134600
2020-01-15,45.124195,45.366085,44.996138,45.147911,14417000
2020-01-16,45.43723,45.764489,45.375569,45.755005,11543200
2020-01-17,45.968425,46.10597,45.721795,46.063286,21661000
2020-01-21,45.920998,46.309918,45.911514,46.044315,17975000
2020-01-22,46.333644,46.532846,46.172383,46.210327,15491600
2020-01-23,46.257748,46.466438,46.058546,46.428493,14956400
2020-01-24,46.769993,46.874337,46.049066,46.210327,23617400
2020-01-27,45.133686,45.46569,44.920252,45.10997,35574600
2020-01-28,45.50363,46.096496,45.40877,45.973179,31184400
2020-01-29,46.352625,46.419026,45.906789,46.091763,21126600
2020-01-30,46.072786,46.53285,45.792955,46.490162,19933600
2020-01-31,46.219811,46.243528,45.053052,45.214314,26964600
2020-02-03,45.266487,45.925753,45.214314,45.81192,25075600
2020-02-04,46.60872,47.111472,46.494891,47.011871,19097800
2020-02-05,47.784969,47.808685,46.945473,47.286961,32697000
2020-02-06,47.481432,47.732807,47.268002,47.718578,13505600
2020-02-07,47.495649,47.680623,47.187358,47.282219,16598000
2020-02-10,47.007131,47.932,46.997643,47.922516,16347600
2020-02-11,48.287718,48.330407,47.618968,47.761253,15105800
2020-02-12,48.088522,48.297212,47.818176,48.27824,12152800
2020-02-13,47.898806,48.401559,47.827662,48.150181,14802800
2020-02-14,48.245042,48.4395,48.093269,48.358871,12392400
2020-02-18,47.969952,48.282987,47.91778,48.178642,20633200
2020-02-19,48.491674,48.823681,48.458474,48.752537,16615600
2020-02-20,48.648197,48.76677,47.585782,48.245049,26324600
2020-02-21,47.998403,48.041091,46.869588,47.163651,29899000
2020-02-24,44.901279,45.868836,44.488646,45.214314,42365200
2020-02-25,45.622193,45.788195,43.60645,43.767708,62934400
2020-02-26,43.93373,44.92026,43.634927,43.96693,55759600
2020-02-27,42.525064,43.426217,41.566991,41.595448,67825800
2020-02-28,39.940183,42.311646,39.869039,41.913242,111854400
2020-03-02,42.667368,44.346364,41.917984,44.33688,70008600
2020-03-03,44.588244,44.896535,42.202553,42.65313,94989200
2020-03-04,43.573265,44.498134,42.970911,44.483906,44727600
2020-03-05,43.298176,44.123444,42.800167,43.080002,49019000
2020-03-06,41.638145,42.420728,41.021563,42.169353,57631800
2020-03-09,38.692778,40.78915,38.654834,38.967869,59119800
2020-03-10,40.637392,41.571749,39.186058,41.567005,71164600
2020-03-11,40.45242,40.703794,39.039026,39.603436,63304200
2020-03-12,36.729231,38.844576,35.571955,35.737957,65490600
2020-03-13,37.986085,40.0208,36.188519,39.930687,65849600
2020-03-16,34.016273,37.568724,33.764898,34.414677,81244800
2020-03-17,35.225716,37.203519,34.120617,36.757683,100814600
2020-03-18,34.315064,35.96086,33.328535,35.372738,107412400
2020-03-19,35.045481,36.705505,34.205984,35.500801,123454200
2020-03-20,36.169544,36.539491,33.760137,33.873966,90444000
2020-03-23,33.702808,34.432264,32.467974,33.564545,84958400
2020-03-24,35.595585,37.030657,35.452553,37.002052,75329000
2020-03-25,37.283352,38.661215,36.243995,36.954384,57480800
2020-03-26,37.421616,39.33823,37.331032,39.242874,56425800
2020-03-27,38.027118,38.742272,37.307196,37.469296,58485400
2020-03-30,37.969898,39.137981,37.850706,39.047398,47480200
2020-03-31,38.956809,39.65766,38.117694,38.31794,39988800
2020-04-01,36.992522,37.783961,36.220158,36.491917,54984800
2020-04-02,36.363186,37.393009,36.215389,37.345333,44223600
2020-04-03,37.183235,37.583723,36.305981,36.768448,31572000
2020-04-06,38.384706,40.167822,38.141552,39.905598,35987200
2020-04-07,41.312052,41.326355,39.505097,39.548004,44298800
2020-04-08,40.067697,40.778082,39.691049,40.611214,27428600
2020-04-09,41.092739,41.302515,40.334674,40.620735,39259800
2020-04-13,40.458632,40.768533,39.881742,40.711319,25301600
2020-04-14,41.617187,42.494441,41.450319,42.418159,31779000
2020-04-15,41.57426,41.831715,41.183309,41.49321,25858200
2020-04-16,42.036742,42.10349,41.312055,41.9986,23667600
2020-04-17,42.742363,42.751897,41.94139,42.556423,28284800
2020-04-20,41.979527,42.537346,41.817424,41.874638,20407000
2020-04-21,41.283431,41.383556,39.876964,40.120117,32765000
2020-04-22,41.092738,41.893711,40.944937,41.66486,24032000
2020-04-23,41.760201,42.232205,41.345414,41.378788,21169600
2020-04-24,41.550438,42.265591,41.283444,42.256054,16885000
2020-04-27,42.637483,42.761444,42.360956,42.618412,15598600
2020-04-28,43.147607,43.176212,41.993827,42.051037,25267600
2020-04-29,42.947358,43.929502,42.794792,43.776936,22925800
2020-04-30,43.867531,43.867531,43.257267,43.58147,30861200
2020-05-01,42.623177,43.219139,42.222689,42.384792,23990200
2020-05-04,42.189307,42.99028,41.993834,42.947372,21458000
2020-05-05,43.438434,44.091609,43.362149,43.538555,17374600
2020-05-06,43.958121,44.301396,43.681598,43.877071,16941000
2020-05-07,44.473025,44.787695,44.406278,44.535007,21088800
2020-05-08,44.959336,45.250165,44.697111,45.188183,15221600
2020-05-11,44.878296,45.755553,44.787712,45.488564,20768800
2020-05-12,45.674492,45.803218,44.515943,44.549316,27042000
2020-05-13,44.573143,44.916417,43.204818,43.781708,33942200
2020-05-14,43.476587,44.368144,42.999818,44.339539,30475200
2020-05-15,43.638688,44.573155,43.514727,44.563622,28032800
2020-05-18,45.440866,45.91287,45.283535,45.655415,20033400
2020-05-19,45.674503,46.19418,45.469492,45.488564,20092800
2020-05-20,46.11789,46.570819,46.09405,46.485001,18192000
2020-05-21,46.437316,46.57558,45.812746,45.836586,20581600
2020-05-22,45.769836,46.060666,45.583897,46.003452,18489600
2020-05-26,46.923621,46.956995,45.917638,45.95578,26001400
2020-05-27,45.951009,46.237074,44.973635,46.218002,38856800
2020-05-28,46.046369,46.971298,46.012995,46.127419,21147400
2020-05-29,46.26568,46.818731,45.879499,46.709076,35555000
2020-06-01,46.489764,46.794896,46.284753,46.694775,26719400
2020-06-02,46.790126,47.1334,46.34673,47.1334,22415200
2020-06-03,47.324109,47.653077,47.119098,47.500511,22035800
2020-06-04,47.314577,47.643549,46.847345,47.109566,15138800
2020-06-05,47.44329,48.487411,47.362236,48.349152,20756400
2020-06-08,48.263347,48.611387,47.819952,48.592316,16130200
2020-06-09,48.349167,49.059552,48.306255,48.821167,14707800
2020-06-10,49.17397,50.008316,49.083383,49.636436,24389600
2020-06-11,48.773496,48.845009,46.775832,46.790134,39742000
2020-06-12,48.044033,48.282417,46.570818,47.39563,43287000
2020-06-15,46.532683,48.067881,46.380117,47.853336,29924000
2020-06-16,48.997565,49.293163,48.115543,48.873608,27935800
2020-06-17,49.150136,49.326541,48.783025,48.864075,17324200
2020-06-18,48.773496,49.135838,48.668606,49.083393,13717200
2020-06-19,49.674587,49.731797,48.511269,48.744884,31280000
2020-06-22,48.807507,49.706306,48.731016,49.663277,14738000
2020-06-23,50.10789,50.595537,49.950126,50.021835,19028000
2020-06-24,49.816259,50.093548,48.625833,48.893559,25425600
2020-06-25,48.96527,49.572437,48.434597,49.519848,20534400
2020-06-26,49.424238,49.495952,48.396362,48.544567,44275600
2020-06-29,48.53979,49.080027,47.956528,49.075245,18547200
2020-06-30,49.080017,50.155704,49.013082,49.954906,16500000
2020-07-01,49.988371,50.32781,49.758893,50.036182,21709200
2020-07-02,50.50949,50.781997,50.222641,50.327816,19144600
2020-07-06,50.978007,51.446531,50.949324,51.207489,16046200
2020-07-07,51.150118,51.666449,50.619446,50.672035,15863600
2020-07-08,51.073621,51.503897,50.801114,51.499115,13327000
2020-07-09,51.919829,51.929393,50.944539,51.68557,17767800
2020-07-10,51.566044,51.695125,51.059277,51.671223,14724600
2020-07-13,52.111071,52.455292,50.471246,50.600327,28910400
2020-07-14,50.198732,51.255296,49.663278,51.183582,30053200
2020-07-15,51.652107,51.90549,50.858487,51.460873,23779200
2020-07-16,50.911067,51.054494,50.432984,50.825012,17180600
2020-07-17,51.126217,51.21705,50.605104,51.073627,12710400
2020-07-20,51.217053,52.503098,50.930204,52.378796,17018400
2020-07-21,52.751693,52.770816,51.661664,51.852898,18794800
2020-07-22,51.900715,52.431387,51.857689,52.268841,15028000
2020-07-23,51.991548,52.335769,50.681602,50.911079,23349600
2020-07-24,50.06009,50.624228,49.467268,50.29435,22911600
2020-07-27,50.600324,51.14056,50.499927,51.087971,16908000
2020-07-28,50.9302,51.087968,50.452117,50.490364,17825400
2020-07-29,50.681584,51.360462,50.681584,51.221817,13187000
2020-07-30,50.758084,51.54214,50.485577,51.508675,21556800
2020-07-31,52.321426,52.813851,51.470438,52.794727,25185800
2020-08-03,53.511854,54.267226,53.487948,54.095116,24327000
2020-08-04,53.980374,54.238535,53.74611,54.233757,17971600
2020-08-05,54.405864,54.55885,54.16204,54.434547,12960200
2020-08-06,54.391513,55.252064,54.271992,55.199474,16399400
2020-08-07,54.979556,54.984338,53.946895,54.377171,27476200
2020-08-10,54.482363,54.5732,53.492731,54.224197,16481200
2020-08-11,54.047299,54.276777,53.13894,53.248898,18844400
2020-08-12,53.679172,54.601873,53.612241,54.45845,14196800
2020-08-13,54.53495,54.936542,54.286349,54.482361,11453600
2020-08-14,54.50626,54.601875,54.142916,54.444107,8334200
2020-08-17,54.773991,54.93176,54.70706,54.807457,8174600
2020-08-18,54.912626,55.161228,54.549282,55.013023,8930000
2020-08-19,55.151682,55.395505,54.855269,54.946106,14239400
2020-08-20,54.740524,55.787527,54.683153,55.677567,12803000
2020-08-21,55.730153,56.447278,55.701469,56.385128,15288600
2020-08-24,57.197865,57.216989,56.399467,56.872768,16440600
2020-08-25,56.743685,57.18352,56.657629,57.159615,18628200
2020-08-26,57.757223,58.474348,57.628142,58.321362,16463000
2020-08-27,58.565191,58.832916,57.843284,58.369175,18174200
2020-08-28,58.598651,59.071952,58.52216,58.880722,13092600
2020-08-31,59.114977,59.449633,58.746851,59.067169,19040000
2020-09-01,59.597846,60.271941,59.224938,60.19545,25612600
2020-09-02,61.056,61.060782,59.669558,60.730904,40395000
2020-09-03,59.76039,59.808197,56.796276,57.269577,54162000
2020-09-04,56.949267,57.762007,54.047302,56.471184,62544200
2020-09-08,54.32459,55.615417,53.822605,53.918221,47860400
2020-09-09,55.232949,56.222581,54.630563,55.677567,36783800
2020-09-10,56.442506,56.528561,54.090337,54.420216,32109800
2020-09-11,54.931763,55.142117,53.315839,54.00428,37166400
2020-09-14,54.903066,55.433738,54.644904,55.137329,24730200
2020-09-15,55.978752,56.079152,55.309438,55.682343,18260400
2020-09-16,55.930957,56.007452,54.769215,54.821804,19637000
2020-09-17,53.540537,54.745309,53.454482,54.367622,30403600
2020-09-18,54.45846,54.554075,52.770823,53.43058,41837600
2020-09-21,52.466065,53.898699,52.2792,53.874744,38381800
2020-09-22,54.483252,54.866567,53.558507,54.727615,25537400
2020-09-23,54.756354,54.80906,52.858952,53.021862,23707800
2020-09-24,52.528354,53.980158,52.461274,53.318939,31838600
2020-09-25,53.34768,54.756359,53.012282,54.593452,19326600
2020-09-28,55.499026,55.642766,55.03905,55.637978,17473200
2020-09-29,55.566115,55.800894,55.331337,55.451122,20851000
2020-09-30,55.42237,56.486066,55.398415,55.915886,22318400
2020-10-01,56.692095,56.76876,56.145873,56.50523,27076400
2020-10-02,55.115719,56.030882,54.852193,55.072598,37251600
2020-10-05,55.465485,56.313565,55.431946,56.280025,12270600
2020-10-06,56.145884,56.677732,55.211558,55.408005,26862200
2020-10-07,55.98775,56.533972,55.944629,56.423771,12992400
2020-10-08,56.917284,56.917284,56.524388,56.716045,10109600
2020-10-09,56.984378,57.597679,56.970004,57.583305,14425400
2020-10-12,58.431379,59.542988,58.139102,59.154884,19163800
2020-10-13,59.346548,59.451959,58.55117,58.776367,17613800
2020-10-14,58.920115,59.231558,58.02891,58.464928,14534000
2020-10-15,57.497057,58.31639,57.343732,58.201397,13185000
2020-10-16,58.522411,58.757189,57.980982,58.033688,11544200
2020-10-19,58.325978,58.546383,56.792721,56.970005,16616400
2020-10-20,57.185609,57.770163,56.816671,57.166443,14566600
2020-10-21,57.027494,57.626422,56.950833,57.0802,12171800
2020-10-22,57.104163,57.291028,56.160252,56.811886,13486400
2020-10-23,56.893328,56.902913,56.275235,56.749588,10312800
2020-10-26,56.121909,56.572303,54.828227,55.518192,18189200
2020-10-27,55.786516,56.030879,55.479865,55.796097,19064800
2020-10-28,54.737194,54.770734,53.3381,53.429138,32756600
2020-10-29,53.635162,54.94801,53.601622,54.320335,19409000
2020-10-30,53.558505,53.893906,52.499601,53.117695,25848600
2020-11-02,53.524969,53.96099,52.743968,53.251858,24039800
2020-11-03,53.668708,54.670113,53.448303,54.190971,20970200
2020-11-04,55.839222,56.720842,55.278627,56.299198,30763800
2020-11-05,57.779751,58.215772,57.54018,58.048073,22189800
2020-11-06,57.909118,58.440966,57.118533,58.254101,19455200
2020-11-09,59.490298,60.065267,57.779756,57.832462,39768200
2020-11-10,57.32936,57.731837,56.294411,56.754387,23538400
2020-11-11,57.329354,58.258887,57.214361,58.100773,14488600
2020-11-12,58.10078,58.388264,57.314987,57.583305,14352800
2020-11-13,58.019308,58.191799,57.473086,58.072014,11851600
2020-11-16,58.076808,58.738022,57.957022,58.632614,14864200
2020-11-17,58.340348,58.62304,58.057653,58.306808,9939400
2020-11-18,58.206181,58.484081,57.659956,57.683914,9542800
2020-11-19,57.568928,58.254101,57.314983,58.148689,12155200
2020-11-20,58.201389,58.215762,57.530589,57.549755,9915800
2020-11-23,57.727043,58.105562,57.037077,57.535385,9807000
2020-11-24,57.755794,58.450549,57.338939,58.335556,13634000
2020-11-25,58.536801,58.7045,58.239735,58.46014,12186400
2020-11-27,58.771568,59.020721,58.661364,58.771568,7025800
2020-11-30,58.752404,59.250713,58.086397,59.164467,32229200
2020-12-01,59.653202,60.25213,59.404049,59.92152,22681200
2020-12-02,59.667568,59.897558,59.217174,59.830479,16038800
2020-12-03,59.897557,60.194622,59.634027,59.792145,13775400
2020-12-04,59.878397,60.40066,59.749027,60.391079,10358800
2020-12-07,60.424616,60.740848,60.319205,60.563568,8905400
2020-12-08,60.506065,60.951667,60.247328,60.76001,7886800
2020-12-09,60.721686,60.903759,59.389668,59.595699,17271800
2020-12-10,59.231551,59.964638,59.092599,59.681942,9997400
2020-12-11,59.322587,59.557369,58.88657,59.557369,13023200
2020-12-14,59.73944,60.30962,59.701108,59.77298,11055800
2020-12-15,60.419821,60.769596,60.031717,60.769596,9099200
2020-12-16,60.85105,61.397272,60.649812,61.18166,10309200
2020-12-17,61.627249,61.79974,61.373304,61.665581,11505000
2020-12-18,61.756636,61.766221,61.057089,61.449986,17693400
2020-12-21,60.671008,61.540274,60.128314,61.511459,15232200
2020-12-22,61.852418,62.323076,61.569067,62.044525,14334200
2020-12-23,62.116573,62.159795,61.482637,61.573887,11300800
2020-12-24,61.679537,62.135788,61.636315,61.982101,4384600
2020-12-28,62.596827,62.808142,62.303869,62.683277,8171000
2020-12-29,63.024253,63.105896,62.275052,62.385509,8841400
2020-12-30,62.601623,62.731287,62.260637,62.351887,8141400
2020-12-31,62.380717,62.620847,61.938881,62.443153,11058400
2021-01-04,62.760112,62.774527,60.627769,61.424999,21017200
2021-01-05,61.285733,61.924477,61.247312,61.82362,12361400
2021-01-06,60.939939,61.943677,60.570142,60.757442,27258000
2021-01-07,61.343364,62.515191,61.319349,62.395126,19652000
2021-01-08,62.702488,62.966631,62.087758,62.798538,12387600
2021-01-11,62.188615,62.721701,62.020522,62.279858,17853200
2021-01-12,62.203023,62.284666,61.391386,61.982101,17089200
2021-01-13,62.063751,62.568023,61.943686,62.375923,13605200
2021-01-14,62.529584,62.659255,61.737161,61.828411,15624800
2021-01-15,61.737171,62.010914,61.069613,61.194477,12641200
2021-01-19,61.617106,62.097364,61.400988,61.991707,11569600
2021-01-20,62.467167,63.44209,62.380717,63.221169,11770000
2021-01-21,63.562139,64.248905,63.221153,64.03759,8945200
2021-01-22,63.768638,64.114424,63.638966,63.792652,11243600
2021-01-25,64.513068,64.733982,62.769729,64.325768,18205200
2021-01-26,64.551473,64.652323,64.124044,64.368973,8593400
2021-01-27,64.061603,64.268117,62.582407,63.153915,24484600
2021-01-28,63.475693,64.469831,63.259579,63.413258,16181600
2021-01-29,63.096297,63.346025,61.58348,61.919659,19023200
2021-02-01,62.654464,63.778266,62.193413,63.470901,11232600
2021-02-02,64.085622,64.517851,63.994372,64.330551,8595000
2021-02-03,64.460213,64.594685,63.917519,64.109627,11574800
2021-02-04,64.455433,65.132591,64.268133,65.132591,8134200
2021-02-05,65.329497,65.339104,64.80121,64.988518,9413800
2021-02-08,65.252649,65.699293,65.161399,65.670479,11713200
2021-02-09,65.497601,65.905816,65.478386,65.593651,10552200
2021-02-10,65.85779,65.939433,64.940496,65.497597,9464400
2021-02-11,65.939444,66.261216,65.684908,66.217995,7565800
2021-02-12,66.045088,66.602181,65.862587,66.55896,6755600
2021-02-16,66.823115,66.871144,66.169964,66.342857,9722200
2021-02-17,65.732898,65.900991,65.094154,65.756912,15274800
2021-02-18,65.074972,65.545623,64.609121,65.435165,10954800
2021-02-19,65.771333,65.828969,65.046146,65.339104,11685600
2021-02-22,64.53709,64.748405,63.859924,63.898346,14262600
2021-02-23,62.836958,64.114446,61.765984,63.720631,24198400
2021-02-24,63.245183,64.753193,62.760118,64.695564,16472200
2021-02-25,64.119243,64.546673,62.15499,62.43354,34313800
2021-02-26,63.053066,63.730231,62.207814,62.764915,35511600
2021-03-01,63.831088,64.825218,63.427673,64.786797,24773800
2021-03-02,64.878039,64.92126,63.667794,63.759037,24802800
2021-03-03,63.451686,63.634187,62.087755,62.154991,29889600
2021-03-04,61.962894,62.414338,60.013044,60.781456,76955600
2021-03-05,61.54026,62.102161,59.892975,61.929268,46085800
2021-03-08,61.871648,62.169406,60.368438,60.430874,35242400
2021-03-09,61.84283,62.870582,61.761187,62.486374,22987200
2021-03-10,63.158736,63.168343,62.18862,62.236641,18459000
2021-03-11,63.173133,63.960756,63.038661,63.566948,13362800
2021-03-12,62.808126,63.129898,62.404711,63.110691,12442200
2021-03-15,63.158729,63.821487,62.909,63.783066,16585000
2021-03-16,64.272936,64.878058,63.989585,64.263329,13106800
2021-03-17,63.744659,64.594718,63.259601,64.21051,19366400
2021-03-18,63.331614,63.442078,62.351891,62.428734,17584800
2021-03-19,62.443159,62.716902,61.943686,62.241451,27224800
2021-03-22,62.574972,63.773334,62.473902,63.465321,15984200
2021-03-23,63.638576,63.917715,62.902231,63.070679,12929200
2021-03-24,63.450876,63.460504,62.295827,62.305454,14209400
2021-03-25,61.934874,62.546091,61.46804,62.266953,22573000
2021-03-26,62.233257,63.917708,62.209192,63.85033,14883200
2021-03-29,63.657834,63.835902,63.036989,63.518261,17317800
2021-03-30,63.070675,63.138052,62.536463,62.916664,13235400
2021-03-31,63.397927,64.307531,63.344987,63.917702,15430400
2021-04-01,64.615553,65.207523,64.552993,65.202705,14351600
2021-04-05,65.582916,66.665778,65.496284,66.55027,12866800
2021-04-06,66.444365,66.660935,66.044908,66.266296,11315600
2021-04-07,66.213379,66.737963,65.972743,66.617645,10085200
2021-04-08,67.243289,67.594615,67.127781,67.580177,14144600
2021-04-09,67.334746,68.249159,67.214428,68.229912,9401000
2021-04-12,67.950771,68.119212,67.570563,67.902641,15907000
2021-04-13,68.162531,68.595672,68.037395,68.542732,11315800
2021-04-14,68.5331,68.566792,67.686064,67.81601,11216200
2021-04-15,68.436866,69.033645,68.427238,68.980705,11028800
2021-04-16,69.033648,69.096216,68.677504,68.96627,11695600
2021-04-19,68.658225,68.975866,67.98444,68.393524,10254000
2021-04-20,68.249141,68.547527,67.406916,67.787125,9873400
2021-04-21,67.66682,68.494608,67.479124,68.470543,9254200
2021-04-22,68.350199,68.643775,67.3684,67.666794,11652200
2021-04-23,67.791937,68.894046,67.777499,68.677475,8886000
2021-04-26,68.70154,69.100996,68.65341,69.028801,7735000
2021-04-27,69.139513,69.192453,68.614928,68.860374,10822000
2021-04-28,68.460896,68.552339,68.05663,68.220261,10691200
2021-04-29,68.778564,68.865189,67.469504,68.162537,13416600
2021-04-30,67.469499,67.835263,67.074853,67.233673,10583400
2021-05-03,67.594609,67.729364,66.877519,67.045959,10805800
2021-05-04,66.545472,66.564719,65.111276,65.842812,19919600
2021-05-05,66.381802,66.410685,65.558832,65.68396,11245800
2021-05-06,65.6551,66.381818,65.183456,66.343323,14338600
2021-05-07,67.007485,67.305878,66.622466,66.911232,19196600
2021-05-10,66.588772,66.622457,65.197897,65.221962,20281000
2021-05-11,63.975451,65.159383,63.821448,65.024628,27046800
2021-05-12,64.066902,64.418235,63.02736,63.195801,29414600
2021-05-13,63.888835,64.610743,63.604887,64.033218,22610400
2021-05-14,64.750311,65.669542,64.625183,65.443344,16823000
2021-05-17,65.058312,65.077567,64.370097,64.962059,16267200
2021-05-18,65.149761,65.284517,64.398979,64.442291,11737200
2021-05-19,63.441243,64.71661,63.287232,64.66848,30581200
2021-05-20,64.928391,66.126754,64.918764,65.905373,16828200
2021-05-21,66.242253,66.304821,65.48666,65.544411,14148400
2021-05-24,66.088254,66.9401,66.054561,66.709091,13229000
2021-05-25,66.978604,67.132614,66.579147,66.72834,11245800
2021-05-26,66.824589,67.017094,66.506948,66.723518,13311400
2021-05-27,66.665776,66.940097,66.357762,66.3722,11354600
2021-05-28,66.70908,66.993028,66.574324,66.608009,9222600
2021-06-01,66.906401,66.978589,66.160429,66.280746,12907400
2021-06-02,66.41551,67.007472,66.290382,66.737961,10098200
2021-06-03,66.198949,66.46365,65.71286,66.117134,12721200
2021-06-04,66.521389,67.464678,66.521389,67.38768,11182600
2021-06-07,67.32991,67.450228,67.045961,67.37323,11784000
2021-06-08,67.695693,67.979642,67.190356,67.378052,8902600
2021-06-09,67.705317,67.820825,67.387683,67.426186,9763400
2021-06-10,67.565746,68.090331,67.325111,67.92189,11275400
2021-06-11,68.008523,68.326164,67.945955,68.326164,12100600
2021-06-14,68.393533,69.023998,68.114395,69.019188,11426600
2021-06-15,68.966262,68.966262,68.470552,68.59568,15079600
2021-06-16,68.725617,68.855562,67.556122,68.22509,19202800
2021-06-17,68.02778,69.298337,68.02778,69.014381,15864200
2021-06-18,68.682312,68.951823,68.302103,68.383919,20816600
2021-06-21,68.412835,69.155349,67.969254,69.116783,12276000
2021-06-22,69.07339,69.782157,68.996251,69.743584,9253200
2021-06-23,69.753227,69.912339,69.51215,69.666443,8271000
2021-06-24,70.114847,70.317351,69.96538,70.105202,12279000
2021-06-25,70.167902,70.220939,69.907542,70.023254,14385800
2021-06-28,70.312515,70.838061,70.298051,70.756096,12557400
2021-06-29,70.794691,71.305773,70.63076,71.272026,9829200
2021-06-30,71.161116,71.368446,70.973076,71.19487,11013600
2021-07-01,71.098439,71.315407,70.833253,71.315407,11636600
2021-07-02,71.657741,72.327935,71.638459,72.255615,12780000
2021-07-06,72.409872,72.872743,71.836115,72.530411,11870600
2021-07-07,72.993298,73.075263,72.342387,72.925797,14883800
2021-07-08,71.778268,72.438824,71.455226,72.23632,17086200
2021-07-09,72.149513,72.969174,72.043439,72.901672,9775800
2021-07-12,73.190988,73.224735,72.723298,72.959557,9619600
2021-07-13,72.834178,73.788841,72.771496,73.258476,15202800
2021-07-14,73.846711,74.174572,73.47545,73.798492,12886800
2021-07-15,73.711722,73.769578,72.800451,73.190994,12506200
2021-07-16,73.335652,73.682804,72.395446,72.467773,15080400
2021-07-19,71.604699,71.802384,71.055043,71.469696,24254000
2021-07-20,71.82647,72.930599,71.411817,72.530411,14715600
2021-07-21,72.501504,73.244025,72.366501,73.229561,12234000
2021-07-22,73.383852,73.827433,73.383852,73.769577,9577800
2021-07-23,74.097434,74.541022,73.832255,74.502449,12576200
2021-07-26,74.314401,74.59887,74.03475,74.463867,8993400
2021-07-27,74.372279,74.396388,72.829387,73.759941,18089800
2021-07-28,73.784032,74.058863,72.964371,73.668312,13941200
2021-07-29,73.591179,74.261373,73.581534,74.010651,12030600
2021-07-30,73.538165,74.039602,73.518875,73.962456,10148800
2021-08-02,74.295117,74.396372,73.595995,73.69725,12205200
2021-08-03,73.83227,74.20835,73.234397,74.169777,10824800
2021-08-04,74.111891,74.502435,73.875633,74.319214,11322800
2021-08-05,74.454234,74.753167,74.232447,74.729065,6674600
2021-08-06,74.468705,74.753174,74.449422,74.666389,7602800
2021-08-09,74.753154,74.888164,74.352973,74.425293,7198200
2021-08-10,74.560315,74.627817,73.677972,73.890121,10421400
2021-08-11,74.145646,74.280648,73.52367,73.89975,10831600
2021-08-12,73.822606,74.367443,73.518847,74.324043,6947800
2021-08-13,74.372268,74.748348,74.290303,74.729065,5630800
2021-08-16,74.550666,75.076219,73.919045,75.066574,9493800
2021-08-17,74.608541,74.72908,73.981739,74.444603,19052600
2021-08-18,74.270995,74.603682,73.335622,73.417587,13481200
2021-08-19,73.012574,74.410825,72.906507,74.135994,19291000
2021-08-20,74.415663,75.158184,74.237268,75.090683,14769400
2021-08-23,75.288357,76.165881,75.283538,76.059807,10802400
2021-08-24,76.156228,76.24302,75.905506,75.973015,9537000
2021-08-25,76.151413,76.353917,75.804261,75.929619,9430400
2021-08-26,75.838018,75.992311,75.389619,75.452301,12056600
2021-08-27,75.519795,76.233381,75.389611,76.180344,14088800
2021-08-30,76.406953,77.09161,76.406953,77.0,10026800
2021-08-31,77.048227,77.072336,76.450354,76.595001,21971000
2021-09-01,76.860184,77.207336,76.551606,76.614281,20289800
2021-09-02,76.898775,77.000024,76.223755,76.532333,21769600
2021-09-03,76.440697,77.038571,76.416596,76.836067,21204800
2021-09-07,76.927689,77.0193,76.493746,76.855362,19721800
2021-09-08,76.84571,76.869812,76.016404,76.561234,11466400
2021-09-09,76.614283,76.879469,76.209275,76.271957,11161000
2021-09-10,76.696248,76.884287,75.442644,75.519791,17080200
2021-09-13,76.093578,76.291255,75.047297,75.543915,22637800
2021-09-14,75.866951,76.021236,75.244968,75.447472,18431600
2021-09-15,75.70301,76.1707,75.278719,76.108025,16339200
2021-09-16,75.838008,76.228559,75.370326,76.151413,16148600
2021-09-17,75.953742,75.958561,74.854431,74.965324,22663000
2021-09-20,73.865514,74.242263,72.619375,73.599869,35669400
2021-09-21,74.049062,74.232606,73.343883,73.628853,18455000
2021-09-22,74.029741,74.928125,73.701296,74.638321,27990600
2021-09-23,75.024715,75.816839,74.792877,75.63813,19534000
2021-09-24,75.179258,75.816824,75.145451,75.691246,11652400
2021-09-27,75.053691,75.227572,74.478918,74.957092,15015000
2021-09-28,73.995934,74.164988,72.67734,72.735298,38190600
2021-09-29,73.034754,73.416323,72.517939,72.643517,25012000
2021-09-30,73.068567,73.382516,72.083246,72.121887,33415600
2021-10-01,72.382704,73.368025,71.648539,73.208641,45483800
2021-10-04,72.788431,72.875375,70.943367,71.513306,50773000
2021-10-05,71.658207,72.947822,71.590587,72.53244,32967000
2021-10-06,71.696836,73.058898,71.460163,73.005768,40004800
2021-10-07,73.638504,74.242256,73.53707,73.67231,19895600
2021-10-08,73.957295,74.010426,73.276268,73.397018,18426400
2021-10-11,73.068562,73.971773,72.938149,72.99128,14970600
2021-10-12,73.276258,73.368022,72.49379,72.61454,17853400
2021-10-13,72.928501,73.218298,72.455154,73.058907,19521600
2021-10-14,73.802736,74.739762,73.696475,74.705948,15197200
2021-10-15,74.966771,75.31936,74.739759,75.304871,12779200
2021-10-18,74.88466,75.981077,74.676973,75.942436,11630200
2021-10-19,76.145285,76.695908,75.990729,76.695908,13201400
2021-10-20,76.76836,76.879449,76.150118,76.483391,12025400
2021-10-21,76.25153,76.816641,76.092138,76.778008,10023200
2021-10-22,76.749041,77.067824,76.193592,76.512375,12490000
2021-10-25,76.802176,77.038849,76.464076,76.763535,10336800
2021-10-26,77.280347,77.603958,76.942247,76.980888,13189600
2021-10-27,77.111302,77.50254,76.835995,76.913277,17448000
2021-10-28,77.381772,77.744023,77.23687,77.686058,12756800
2021-10-29,76.922916,78.067636,76.831152,78.019333,20131800
2021-11-01,78.019335,78.057976,77.507354,77.903412,24421200
2021-11-02,78.009686,78.782492,78.009686,78.589294,26814600
2021-11-03,78.724531,79.21236,78.265673,79.048141,25978600
2021-11-04,79.347597,80.47782,79.207529,80.284622,28691400
2021-11-05,80.87387,81.154012,80.197663,80.699989,24223600
2021-11-08,80.960824,81.274779,80.772453,81.134705,12781000
2021-11-09,81.25543,81.342374,80.39086,80.801407,16823000
2021-11-10,80.178359,80.579252,79.226845,79.468346,25788800
2021-11-11,80.038296,80.072102,79.709851,79.840263,10103800
2021-11-12,80.10591,80.946329,79.97067,80.811089,12244200
2021-11-15,81.134716,81.25064,80.270146,80.728996,12490200
2021-11-16,80.632368,81.690144,80.584065,81.579048,13538800
2021-11-17,81.41967,81.844707,81.076735,81.332726,15417800
2021-11-18,81.801238,82.260088,81.211975,82.144173,19964000
2021-11-19,82.438817,83.057067,82.163509,82.743111,17714600
2021-11-22,83.066703,84.16312,81.772261,81.820557,28451600
2021-11-23,81.506617,81.89302,80.59857,81.632195,29239800
2021-11-24,81.14436,82.245605,80.748295,82.226288,18241000
2021-11-26,81.052591,81.680495,79.854747,80.173531,24767800
2021-11-29,81.366539,82.400163,81.110541,82.177979,24979800
2021-11-30,81.86886,82.617515,80.796595,81.492119,54066800
2021-12-01,82.351881,82.974951,80.303949,80.376404,39084200
2021-12-02,79.632559,81.487293,79.458678,81.115379,46872400
2021-12-03,81.347214,81.598377,78.753495,79.758141,48470000
2021-12-06,79.989986,80.757958,79.159222,80.516457,37800400
2021-12-07,82.120032,83.428964,82.11037,83.327538,28691000
2021-12-08,83.356509,83.767057,82.781736,83.709099,23261600
2021-12-09,83.50141,84.047197,82.738265,82.805885,17201000
2021-12-10,83.675299,84.573684,83.428963,84.467422,24776600
2021-12-13,84.641298,84.805517,83.090858,83.211609,20974000
2021-12-14,82.206971,82.733441,80.859398,81.844719,27094800
2021-12-15,81.912327,84.095499,81.134694,84.01339,28270800
2021-12-16,84.327348,84.462588,81.149192,81.632195,31275600
2021-12-17,80.733806,81.878526,80.313597,81.086403,44821600
2021-12-20,79.846128,80.373594,79.536422,80.121964,32649600
2021-12-21,80.978468,82.217292,80.228397,82.149544,16810800
2021-12-22,82.038269,83.281937,81.820508,83.223862,13376200
2021-12-23,83.335151,84.022311,83.325471,83.688408,9792600
2021-12-27,84.022321,85.503103,84.00296,85.483742,13266600
2021-12-28,85.643439,85.672472,84.82562,85.038544,11422200
2021-12-29,85.067579,85.454714,84.670772,85.111137,9687800
2021-12-30,85.144989,85.430497,84.448149,84.549774,10526400
2021-12-31,84.46751,84.670753,84.099729,84.138443,10243000
2022-01-03,84.24976,85.014341,83.88198,84.93692,20302800
2022-01-04,85.082079,85.169181,83.402891,84.036819,16648000
2022-01-05,83.548078,83.610989,81.423687,81.452728,23628400
2022-01-06,80.804283,81.878577,80.557489,81.041405,23767200
2022-01-07,80.988161,81.375296,79.768691,80.296158,30488600
2022-01-10,79.100894,80.412302,78.050791,80.310684,32501400
2022-01-11,80.102606,81.389824,79.507391,81.273682,19207600
2022-01-12,81.87858,82.439924,81.249488,81.655983,18144000
2022-01-13,82.076966,82.314088,79.338001,79.541245,20942600
2022-01-14,78.999271,80.262292,78.999271,80.213898,22351400
2022-01-18,79.04767,79.517069,78.070157,78.287918,24694200
2022-01-19,78.534693,79.502525,77.116824,77.194252,24961400
2022-01-20,77.881428,78.757315,76.095777,76.197403,37609000
2022-01-21,76.013508,76.889395,74.663378,74.682739,48016600
2022-01-24,73.439061,75.123093,70.767851,75.069862,67413400
2022-01-25,73.598774,74.726299,72.49061,73.332619,48886200
2022-01-26,75.32636,76.207083,72.887419,73.763306,53596200
2022-01-27,74.958574,75.355389,72.98904,73.255196,39446800
2022-01-28,74.164961,76.478078,73.061633,76.458725,44236000
2022-01-31,76.478059,78.48147,76.105449,78.379852,29121000
2022-02-01,78.486325,78.713766,77.445902,78.583107,23389800
2022-02-02,78.752456,79.352507,78.220146,79.221855,25504800
2022-02-03,78.099183,78.631494,76.637755,76.923271,27865400
2022-02-04,76.511941,77.910458,76.187719,77.232979,29721400
2022-02-07,77.291041,77.75076,76.424828,76.720016,14622600
2022-02-08,76.478074,77.876591,76.299027,77.66851,21139800
2022-02-09,78.670213,79.41544,78.345983,79.391243,17795600
2022-02-10,77.813656,79.134744,76.908729,77.315224,31692200
2022-02-11,77.39266,77.731407,74.668219,74.953728,34878800
2022-02-14,74.755325,75.53443,74.058485,74.929535,41030400
2022-02-15,76.05707,76.952317,75.790914,76.899086,24437400
2022-02-16,76.376438,77.087795,75.544102,76.82164,20318200
2022-02-17,76.105432,76.182853,74.382693,74.523026,24906400
2022-02-18,74.779533,74.885995,73.20197,73.76815,25310800
2022-02-22,72.99387,74.256891,72.287357,73.085815,26893600
2022-02-23,73.845576,74.043975,71.179194,71.256622,37879400
2022-02-24,68.808009,73.743951,68.580568,73.69072,50967800
2022-02-25,73.802018,74.716618,72.897097,74.692429,28301600
2022-02-28,73.898782,74.87145,73.279363,74.556908,34822200
2022-03-01,74.276242,74.658532,72.495428,73.066452,29925000
2022-03-02,73.603612,74.958571,73.032587,74.648865,25592400
2022-03-03,75.277941,75.282785,73.380992,73.758446,23450600
2022-03-04,73.182594,73.487463,71.890539,72.4664,26731200
2022-03-07,72.403498,72.737401,69.775838,69.814552,32864200
2022-03-08,69.62582,71.634068,68.4499,69.475807,36898400
2022-03-09,71.363079,72.553508,70.792055,72.224449,35327400
2022-03-10,70.946901,71.159825,69.887124,70.961418,27448400
2022-03-11,71.590517,71.769564,69.606459,69.712921,21457800
2022-03-14,69.393536,70.182321,68.222461,68.420868,27852400
2022-03-15,68.96285,70.8598,68.735409,70.719467,22993800
2022-03-16,71.614698,73.047085,70.477493,73.018051,27176000
2022-03-17,72.626094,73.584245,72.234123,73.535858,18518800
2022-03-18,73.274558,75.176351,72.916457,75.040855,27897800
2022-03-21,74.636506,75.295848,73.914144,74.898308,22341400
2022-03-22,74.951637,76.367281,74.849824,75.974586,17485800
2022-03-23,75.266766,75.960041,74.733472,74.806198,12360600
2022-03-24,75.223126,76.769671,74.971023,76.750275,14263400
2022-03-25,76.871468,76.978127,75.746713,76.706635,14874600
2022-03-28,76.352726,77.652013,76.158797,77.61808,18593000
2022-03-29,78.524698,79.339175,77.962316,79.266457,18829800
2022-03-30,78.859208,79.082216,77.797473,78.209564,18680200
2022-03-31,78.199862,78.345307,76.934508,77.050858,19424000
2022-04-01,77.128431,77.307816,75.96489,76.823006,28209600
2022-04-04,77.021778,78.321073,76.992691,78.282288,23048200
2022-04-05,77.942904,78.122282,76.367272,76.633919,23588200
2022-04-06,75.358879,75.533411,74.156552,74.82074,34225400
2022-04-07,74.423198,75.441303,73.914154,74.937103,23200200
2022-04-08,74.602587,74.777119,73.729927,73.889915,26354600
2022-04-11,72.963916,73.056031,71.931268,72.028236,21595400
2022-04-12,72.920285,73.472968,71.436767,71.70826,22172200
2022-04-13,71.751887,73.085115,71.48524,72.862099,14446800
2022-04-14,72.93967,73.07057,71.058612,71.092545,17407000
2022-04-18,70.743493,71.78584,70.724104,71.325264,14060600
2022-04-19,71.145865,72.78937,70.884071,72.663322,13562200
2022-04-20,73.366313,73.560234,72.382149,72.595467,15652600
2022-04-21,73.303277,73.991706,71.145874,71.364037,18509200
2022-04-22,71.286467,71.703404,69.269662,69.366623,22094800
2022-04-25,69.061187,70.457442,68.629707,70.408958,28707600
2022-04-26,69.769027,69.875686,67.752215,67.786156,25953200
2022-04-27,68.542453,70.113233,68.392163,68.789703,40048600
2022-04-28,69.870826,71.950665,69.497527,71.543427,27762400
2022-04-29,70.76287,71.587046,68.430928,68.561829,29589800
2022-05-02,68.48427,69.696295,67.708578,69.604187,37004400
2022-05-03,69.594487,70.152015,69.080589,69.725388,27469800
2022-05-04,69.996868,72.304561,68.838173,72.17366,28650400
2022-05-05,71.11193,71.199199,67.883101,68.702431,36442200
2022-05-06,68.077024,69.240572,67.1268,68.14975,34862200
2022-05-09,66.918329,67.349809,65.211795,65.512383,41124600
2022-05-10,67.073475,67.451626,65.522076,66.511093,36370400
2022-05-11,65.90995,67.160761,64.213114,64.411888,34781800
2022-05-12,63.456795,64.673666,62.264159,63.747684,36506600
2022-05-13,64.615492,66.191124,64.198555,65.866302,24495400
2022-05-16,65.318471,66.162043,64.727002,65.284538,17423400
2022-05-17,66.690453,67.277076,65.93415,67.175262,18602200
2022-05-18,66.288084,66.482012,63.859188,64.101593,23670200
2022-05-19,63.621625,64.489439,63.09803,63.398617,20874800
2022-05-20,64.280955,64.455487,61.590261,63.539196,20252600
2022-05-23,63.737973,65.080899,63.539199,64.998482,17219600
2022-05-24,64.091889,64.416711,62.913804,64.033714,17122000
2022-05-25,63.61191,65.260261,63.563426,64.780296,13656600
2022-05-26,64.402153,66.622584,64.266407,66.336548,15556600
2022-05-27,67.078331,68.595789,66.952283,68.581245,16281800
2022-05-31,68.314592,68.760616,67.427388,68.091576,19420800
2022-06-01,68.823642,69.289056,67.383755,67.887955,13304800
2022-06-02,67.407993,69.536309,67.092869,69.531464,13868400
2022-06-03,68.212779,68.683046,67.553437,67.868568,11263800
2022-06-06,68.721808,69.148443,67.53887,67.87339,12589600
2022-06-07,67.151043,68.813945,67.015297,68.683044,11016600
2022-06-08,68.479421,68.809088,67.718266,67.907349,8814200
2022-06-09,67.412823,68.072165,66.079595,66.094139,9765200
2022-06-10,64.95485,65.158469,63.53436,63.553749,20886400
2022-06-13,61.551484,62.138104,60.513991,60.737003,36332600
2022-06-14,61.192725,61.527245,60.552776,61.120003,18250400
2022-06-15,61.881162,63.330747,61.042442,62.409603,25069600
2022-06-16,60.824274,60.877604,59.374693,59.869198,32690800
2022-06-17,59.859506,60.989114,59.437719,60.417038,27684200
2022-06-21,61.298278,62.391935,61.298278,61.954472,17245000
2022-06-22,61.278835,62.547474,61.108711,61.691994,15163400
2022-06-23,62.221809,62.737049,61.653108,62.615532,16042200
2022-06-24,63.334918,64.880617,63.334918,64.866035,25492200
2022-06-27,65.07504,65.269465,64.136921,64.428566,13917200
2022-06-28,64.486895,65.128511,62.469708,62.498871,15260800
2022-06-29,62.421099,62.999524,61.915586,62.625248,13607200
2022-06-30,61.794062,62.566915,60.812202,61.789204,15720400
2022-07-01,61.40035,62.08571,60.870536,61.930168,13930600
2022-07-05,61.089264,62.722456,60.739293,62.707874,14341000
2022-07-06,62.843979,63.752934,62.532894,63.247417,16167000
2022-07-07,63.524466,64.700754,63.524466,64.554932,13082200
2022-07-08,63.86471,64.793105,63.66542,64.584091,12627000
2022-07-11,64.020288,64.297344,63.257154,63.694614,11416600
2022-07-12,63.927924,64.287611,62.455132,62.824543,16553400
2022-07-13,61.643383,63.06271,61.371185,62.659271,15162600
2022-07-14,62.158609,63.456418,61.356596,63.232822,13728800
2022-07-15,63.840415,64.375095,63.573075,64.345932,13529200
2022-07-18,64.977816,65.211135,63.480728,63.723763,9897600
2022-07-19,64.433431,65.736102,64.044573,65.668053,12330600
2022-07-20,65.677765,66.970713,65.50278,66.693657,12537200
2022-07-21,66.776287,67.646349,66.081203,67.631767,12957600
2022-07-22,67.602599,67.879655,66.31451,66.698509,10583600
2022-07-25,66.66935,66.742258,65.774983,66.275635,13951200
2022-07-26,66.222158,66.241598,64.958373,65.201408,10167800
2022-07-27,66.275642,68.360879,66.178422,68.00605,17076200
2022-07-28,68.083801,69.196897,67.476213,69.041351,12408000
2022-07-29,69.255234,70.319728,68.963596,70.100998,10177400
2022-08-01,69.469106,70.650259,69.298986,69.950317,12515800
2022-08-02,69.347585,70.256533,68.856657,69.454521,15921800
2022-08-03,69.79477,71.50088,69.780189,71.30159,14243200
2022-08-04,71.27728,71.661272,70.820373,71.627251,11679800
2022-08-05,70.480135,71.661281,70.421809,71.461998,7921000
2022-08-08,71.398812,71.952931,70.470416,70.854416,11102200
2022-08-09,70.280867,70.421831,69.765634,70.144768,8565600
2022-08-10,71.811975,72.118194,71.238408,72.059868,19273200
2022-08-11,72.511886,72.934772,71.646683,71.777924,11025800
2022-08-12,72.249435,73.211851,72.025839,73.206993,8093600
2022-08-15,72.915352,73.775698,72.832721,73.668762,7162600
2022-08-16,73.333383,73.814595,72.784129,73.469482,10990600
2022-08-17,72.798689,73.503489,72.419555,72.944511,12632800
2022-08-18,73.017428,73.615292,72.735506,73.323654,9976800
2022-08-19,72.720911,72.8084,71.831402,71.991806,10146200
2022-08-22,71.009945,71.03425,69.809351,69.984337,10744200
2022-08-23,69.848232,70.53845,69.707275,69.799629,14777200
2022-08-24,69.751022,70.139879,69.459377,69.843376,8983200
2022-08-25,70.023233,71.029402,69.930879,71.024536,7126600
2022-08-26,70.995363,71.165491,67.942845,67.991455,14321800
2022-08-29,67.257478,67.748414,66.8346,67.092216,13231600
2022-08-30,67.471364,67.588023,65.789566,66.392288,13268800
2022-08-31,66.790866,67.004738,65.71179,65.745811,14171400
2022-09-01,65.104195,65.507634,64.054283,65.425003,15988600
2022-09-02,66.100654,66.474922,64.234139,64.574394,16606600
2022-09-06,64.661877,64.938941,63.723766,64.146645,14990000
2022-09-07,64.273017,65.434723,64.054287,65.172249,11657000
2022-09-08,64.691044,65.736098,64.399406,65.395844,11210600
2022-09-09,65.940237,66.868633,65.813855,66.688782,11418600
2022-09-12,67.101951,67.787311,67.092227,67.758141,10181000
2022-09-13,65.82359,66.193001,63.986247,64.161232,20148800
2022-09-14,64.462596,64.866035,63.777243,64.394547,13229200
2022-09-15,63.8793,64.268157,62.532884,62.912018,14885200
2022-09-16,62.362771,62.693295,61.672549,62.562061,20762200
2022-09-19,61.936895,63.130705,61.897913,63.072235,15683000
2022-09-20,62.48263,63.096595,62.15616,62.7019,12109400
2022-09-21,63.028376,63.954186,61.712745,61.722488,16808800
2022-09-22,61.376532,61.766349,60.747953,61.093914,16033800
2022-09-23,60.538427,60.63101,59.500543,60.294792,19396200
2022-09-26,60.109631,61.11828,59.705196,59.87574,17193600
2022-09-27,60.669992,61.240097,59.398217,59.953705,18714800
2022-09-28,59.554133,60.879508,59.096098,60.587143,18933400
2022-09-29,59.71981,59.856245,58.3116,59.008396,31096600
2022-09-30,58.769635,59.641848,57.77073,57.87793,19513000
2022-10-03,58.33597,60.026798,58.111827,59.671089,17332200
2022-10-04,60.879515,61.741981,60.835658,61.673763,17779000
2022-10-05,60.840534,62.326709,60.484825,61.878418,14600400
2022-10-06,61.717619,62.394924,61.298567,61.371655,14348200
2022-10-07,60.119382,60.124256,58.530884,58.847607,15749000
2022-10-10,58.847602,58.930441,57.278595,57.858444,16706200
2022-10-11,57.527102,57.926664,56.547692,56.971615,21044800
2022-10-12,57.015466,57.40528,56.69874,56.796192,14111600
2022-10-13,55.261292,58.867087,55.046892,58.560108,38114600
2022-10-14,59.037637,59.164324,56.820557,56.913139,22484000
2022-10-17,58.306728,58.940177,58.150798,58.647816,14599600
2022-10-18,60.168106,60.382503,58.399314,59.144836,13998000
2022-10-19,58.628328,59.559015,58.379819,58.974289,10984000
2022-10-20,58.993779,60.289919,58.716035,59.008396,12429600
2022-10-21,58.862211,60.713834,58.662428,60.587143,17126000
2022-10-24,60.845398,61.649391,60.104746,61.425247,13385200
2022-10-25,61.576316,62.643435,61.576316,62.599583,10265000
2022-10-26,61.020825,62.497249,60.923369,61.205986,15169400
2022-10-27,61.435015,61.810211,60.367892,60.509201,11694800
2022-10-28,60.845397,63.272003,60.845397,63.140438,14935400
2022-10-31,62.511865,62.682413,61.93689,62.307217,13292200
2022-11-01,63.081979,63.194049,61.517839,61.785839,9413200
2022-11-02,61.741985,62.536234,59.632105,59.651596,18092400
2022-11-03,58.818367,58.925567,57.853574,57.897427,16010600
2022-11-04,59.100982,59.261782,57.605063,58.9548,17896200
2022-11-07,59.057118,60.036532,58.638066,59.939079,10427600
2022-11-08,60.436107,61.244978,59.622367,60.514072,12722000
2022-11-09,59.953704,59.978066,58.852473,58.940182,11962600
2022-11-10,61.849187,63.851863,61.537334,63.783646,27932200
2022-11-11,63.72518,65.089537,63.413327,64.875137,15977800
2022-11-14,64.363486,65.123626,64.012651,64.319633,14526600
2022-11-15,65.781456,66.049456,64.446334,65.099281,12716200
2022-11-16,64.59739,64.787425,63.939573,64.207573,10095800
2022-11-17,63.184308,64.587648,63.159943,64.290413,8149600
2022-11-18,65.016427,65.035922,63.822617,64.363487,11912400
2022-11-21,63.998051,64.261181,63.544894,63.671581,8363800
2022-11-22,63.949328,64.938486,63.491293,64.904373,9019200
2022-11-23,64.76306,65.674252,64.719207,65.479347,9480600
2022-11-25,65.035934,65.299056,64.909246,65.099281,3263000
2022-11-28,64.363487,64.777669,63.447425,63.705677,13030200
2022-11-29,63.62284,63.812875,62.82371,63.08197,11570200
2022-11-30,63.052732,66.258969,62.989392,66.249229,23334400
2022-12-01,66.312554,66.658519,65.523179,66.341789,15165800
2022-12-02,65.230836,66.176141,64.977461,65.956871,8934400
2022-12-05,65.450104,65.815557,64.431704,64.860504,11526200
2022-12-06,64.792291,64.889744,63.062481,63.471786,11799200
2022-12-07,63.242775,63.63747,62.697035,63.1502,10413800
2022-12-08,63.501037,64.368377,63.12096,64.183212,8965800
2022-12-09,63.895717,64.685092,63.549752,63.788517,10402800
2022-12-12,63.890836,65.182106,63.871349,65.182106,14806200
2022-12-13,67.555111,67.891328,65.284431,65.951996,18607600
2022-12-14,65.888655,66.658543,64.631497,65.396515,19541000
2022-12-15,64.32451,64.563275,62.711648,62.950413,19223800
2022-12-16,62.736011,63.106334,61.800454,62.11718,23999200
2022-12-19,62.124511,62.222247,60.883291,61.288887,14276600
2022-12-20,60.966376,61.694492,60.673175,61.381744,12622000
2022-12-21,61.665159,62.69136,61.513669,62.398163,14670600
2022-12-22,61.616295,61.684712,59.793561,60.824654,15323600
2022-12-23,60.389731,60.946814,59.945041,60.888172,8231600
2022-12-27,60.678056,60.785564,59.954828,60.311554,9530200
2022-12-28,60.164948,60.726915,59.270683,59.339096,10362600
2022-12-29,59.920616,61.098307,59.915728,60.893066,10954200
2022-12-30,60.262683,60.8442,59.886409,60.809994,8905800
2023-01-03,61.459917,61.865513,59.803329,60.23336,15196200
2023-01-04,60.546114,60.775789,59.72515,60.38974,11813000
2023-01-05,60.086757,60.243131,59.114307,59.216927,11341000
2023-01-06,59.739812,61.225367,59.036127,60.951714,13825400
2023-01-09,61.49902,62.784219,61.479473,61.660282,21427200
2023-01-10,61.508795,62.139179,61.181384,62.041443,17209000
2023-01-11,62.236903,63.116508,62.046322,63.116508,13758000
2023-01-12,63.214246,63.873953,62.442148,63.585632,15358600
2023-01-13,62.984568,63.859282,62.837965,63.766441,10153200
2023-01-17,63.678479,64.431034,63.60029,64.054756,10425800
2023-01-18,64.416367,64.758434,63.189803,63.228897,13936000
2023-01-19,62.735351,63.087193,62.261341,62.491013,14645000
2023-01-20,62.803765,64.230678,62.578974,64.181808,14127800
2023-01-23,64.440792,66.019199,64.294197,65.642921,23472600
2023-01-24,65.27155,65.862836,65.17381,65.613617,12575600
2023-01-25,64.504314,65.642914,63.903254,65.476768,14342200
2023-01-26,66.116941,66.551856,65.4328,66.522537,11161800
2023-01-27,66.102285,67.270205,66.072966,66.801079,13549400
2023-01-30,66.033878,66.322191,65.471904,65.525658,9705600
2023-01-31,65.525652,66.468787,65.481673,66.439468,8871600
2023-02-01,66.390587,68.54562,66.072955,68.003197,18852800
2023-02-02,69.166236,70.251083,68.848604,69.860153,18824000
2023-02-03,68.658006,70.412326,68.555382,69.278618,16145400
2023-02-06,68.511424,69.048963,68.174241,68.433235,12977400
2023-02-07,68.535852,70.407455,68.506533,70.14357,15708200
2023-02-08,70.28041,70.656679,69.156469,69.29818,12577000
2023-02-09,70.368355,70.485639,68.643354,68.917007,12624000
2023-02-10,68.403916,68.833947,67.949457,68.599388,9861600
2023-02-13,68.868157,69.938344,68.824179,69.786858,8411800
2023-02-14,69.459442,70.480759,69.024527,70.084938,12622000
2023-02-15,69.659806,70.417245,69.49366,70.412354,10491000
2023-02-16,69.391015,70.177772,69.136905,69.190659,13001200
2023-02-17,68.697115,68.775304,67.729552,68.325729,10606600
2023-02-21,67.411907,67.817504,66.644701,66.703339,12277800
2023-02-22,66.840173,67.143145,66.287974,66.605614,14338400
2023-02-23,67.846826,67.964109,66.757096,67.709999,13120000
2023-02-24,66.507875,66.791296,66.116938,66.502983,14347400
2023-02-27,67.172466,67.514533,66.737551,66.859718,9389000
2023-02-28,66.644706,67.358159,66.527423,66.71312,10485800
2023-03-01,66.74243,66.849937,66.019201,66.224442,15069400
2023-03-02,66.043631,67.250644,65.931239,67.04052,10969400
2023-03-03,67.470545,68.48697,67.407016,68.482086,14439600
2023-03-06,68.921886,69.742854,68.75574,68.809494,15999200
2023-03-07,68.755755,69.019641,67.783308,67.954338,14120000
2023-03-08,68.193803,68.5994,67.793091,68.516327,13247000
2023-03-09,68.623803,69.395901,67.40213,67.534073,15624600
2023-03-10,67.436341,67.607378,66.082726,66.346611,30556800
2023-03-13,65.931254,67.631821,65.520774,66.708237,34439400
2023-03-14,67.568286,68.486979,67.289741,68.247536,21202200
2023-03-15,67.499864,68.369694,67.172456,68.286621,23060000
2023-03-16,68.047177,70.299942,67.822386,70.202209,26086800
2023-03-17,70.339028,70.944973,69.693982,70.104469,23078600
2023-03-20,69.980087,70.381684,69.456061,70.293526,11981600
2023-03-21,70.675511,70.98895,69.94089,70.861618,13066400
2023-03-22,70.861633,72.27211,70.117214,70.156395,14224400
2023-03-23,71.052634,72.262312,70.626556,71.297508,17595800
2023-03-24,71.072211,71.517883,70.602057,71.483604,11872600
2023-03-27,71.591346,71.83622,70.763679,70.930191,10810600
2023-03-28,70.807763,70.832252,69.960502,70.597168,9968000
2023-03-29,71.483612,72.23782,71.380761,72.076202,14256600
2023-03-30,72.742274,73.016532,72.423941,72.913689,11202400
2023-03-31,72.825516,74.025397,72.732463,73.956833,15069800
2023-04-03,73.50627,73.942145,73.15365,73.839302,21142200
2023-04-04,73.947045,74.201708,73.15855,73.432808,15824800
2023-04-05,73.0851,73.153665,72.071326,72.595352,15737600
2023-04-06,72.066391,73.09976,71.752953,73.006714,15696000
2023-04-10,72.281885,72.982229,71.885191,72.967537,9517200
2023-04-11,72.840211,72.850008,72.159462,72.281898,12791600
2023-04-12,72.771656,72.96756,71.752979,71.870522,13235800
2023-04-13,72.14967,73.320167,72.032127,73.20752,13641800
2023-04-14,72.796146,73.398534,72.164374,72.801041,13003600
2023-04-17,72.894091,73.227124,72.497397,73.065506,8306000
2023-04-18,73.623827,73.819723,72.972461,73.290794,9212800
2023-04-19,72.629603,73.217298,72.531655,73.08017,8623200
2023-04-20,72.409234,73.320165,72.277,72.600235,11416200
2023-04-21,72.281902,72.497392,71.895004,72.365158,12237600
2023-04-24,72.07619,72.428809,71.508081,72.046806,9079800
2023-04-25,71.694199,71.831328,70.484521,70.50901,11022600
2023-04-26,71.748069,72.296585,71.385653,71.557068,13603400
2023-04-27,71.894993,73.129159,71.718683,73.075287,12084800
2023-04-28,73.075286,73.883367,72.996925,73.868675,11792000
2023-05-01,73.809923,74.270279,73.69238,73.912766,8194400
2023-05-02,74.000919,74.084175,72.840211,73.222214,12058800
2023-05-03,73.310364,73.78542,72.570839,72.605125,11630200
2023-05-04,72.316168,72.747141,71.958646,72.257393,10861000
2023-05-05,72.957743,74.319242,72.854893,74.069473,12230000
2023-05-08,73.927446,74.093958,73.574827,74.030296,6795600
2023-05-09,73.623799,73.760928,73.38382,73.462181,12473200
2023-05-10,74.10375,74.529829,73.638491,74.358421,10551800
2023-05-11,74.235994,74.235994,73.511169,74.025398,8956800
2023-05-12,74.152724,74.260469,73.354433,73.927437,7908000
2023-05-15,74.000916,74.554327,73.736448,74.539635,6796600
2023-05-16,74.436792,75.024488,74.412303,74.617996,9398200
2023-05-17,74.931418,75.739499,74.583694,75.612167,11916600
2023-05-18,75.705231,77.272422,75.705231,77.159782,15491200
2023-05-19,77.179376,77.31161,76.861043,77.125504,9805000
2023-05-22,76.895315,77.473221,76.767983,77.272423,10794200
2023-05-23,76.885525,77.203859,76.101926,76.13131,11691000
2023-05-24,75.52893,75.876647,75.161619,75.573006,10925600
2023-05-25,77.580968,78.780849,77.174476,78.472305,18078000
2023-05-26,78.673105,80.842692,78.663308,80.700661,15160000
2023-05-30,81.885854,82.29724,80.96023,81.131645,18123600
2023-05-31,80.666383,81.425486,80.411712,80.455788,19301000
2023-06-01,80.20111,81.616481,79.941544,81.273659,17419400
2023-06-02,81.753599,82.116015,81.161008,81.738907,14270600
2023-06-05,81.689952,82.233572,81.126737,81.268768,10909000
2023-06-06,81.072866,81.425486,80.666382,81.249176,9975600
2023-06-07,81.092457,81.724228,79.868087,80.034599,13703800
2023-06-08,80.15213,81.028775,80.093355,80.901443,10665200
2023-06-09,81.293273,82.13564,81.028805,81.303062,14413600
2023-06-12,81.861359,83.105323,81.694847,83.071037,13787200
2023-06-13,83.81057,83.972187,82.899638,83.575485,16595800
2023-06-14,83.477545,84.466838,83.188595,84.437454,16769000
2023-06-15,84.094611,85.906676,84.075016,85.524673,17732600
2023-06-16,86.337649,86.342551,84.736179,84.819435,17366600
2023-06-20,84.334551,84.85477,83.794705,84.246216,14137800
2023-06-21,83.922306,84.084262,82.754262,82.999649,12058000
2023-06-22,82.626663,83.711276,82.61194,83.676918,15224200
2023-06-23,82.646296,83.259763,82.420544,82.76899,14729000
2023-06-26,82.842601,83.568943,82.116258,82.175148,10890200
2023-06-27,82.503978,83.986117,82.425453,83.794716,13833000
2023-06-28,83.328467,84.295291,83.264671,83.843781,11371600
2023-06-29,83.93213,84.143159,83.485524,83.99102,9128200
2023-06-30,84.825329,85.541862,84.761533,85.32592,11398400
2023-07-03,85.311202,85.350465,84.712457,85.144341,6182200
2023-07-05,84.550509,85.252319,84.476896,84.619217,9395600
2023-07-06,83.784893,84.471974,83.529689,84.393456,12116400
2023-07-07,84.256032,85.041273,83.976295,84.025375,11622200
2023-07-10,83.721084,84.251121,83.402084,84.246216,16877200
2023-07-11,84.422906,84.521059,83.603314,84.427811,9996000
2023-07-12,85.271936,85.787249,84.805702,85.384811,16104400
2023-07-13,85.968834,86.685367,85.797068,86.498871,9349200
2023-07-14,86.714817,87.392087,86.120977,86.371277,11543800
2023-07-17,86.533217,87.730699,86.435057,87.475502,11858800
2023-07-18,87.274304,88.893859,86.817881,88.466881,16406000
2023-07-19,88.687734,89.055814,87.907398,88.246033,20990000
2023-07-20,87.681635,88.054621,86.214219,86.484146,24356000
2023-07-21,87.033812,87.4706,86.336914,86.43998,14871400
2023-07-24,86.822789,87.033818,86.258395,86.592125,11308200
2023-07-25,86.871868,87.873051,86.857145,87.583496,10802200
2023-07-26,86.665742,86.876778,85.797077,86.405632,15501600
2023-07-27,87.573663,87.838677,85.762706,86.155327,13857000
2023-07-28,86.955285,87.588387,86.773701,87.328278,11287400
2023-07-31,87.406817,87.637481,87.028919,87.52951,10138400
2023-08-01,87.244851,87.863224,87.014187,87.676727,8845800
2023-08-02,86.906215,86.960201,85.198325,85.507507,15818600
2023-08-03,84.810605,85.659641,84.75662,85.159058,11321000
2023-08-04,84.869503,85.379912,83.868328,84.000839,14431800
2023-08-07,84.354185,84.64374,83.627835,84.236397,9536000
2023-08-08,83.647475,83.696548,82.749359,83.588585,11461800
2023-08-09,83.701465,83.701465,82.224231,82.508881,14301800
2023-08-10,83.137072,83.85851,82.111357,82.5187,12731400
2023-08-11,81.861045,82.391082,81.625476,81.910118,10772000
2023-08-14,81.826708,83.225417,81.630402,83.215599,10328000
2023-08-15,82.970208,83.264675,82.204602,82.396004,9366400
2023-08-16,82.219326,82.690472,81.605859,81.610764,9779400
2023-08-17,81.973941,82.12608,80.712657,80.83535,12614800
2023-08-18,80.015746,81.286856,79.966673,80.958038,13658600
2023-08-21,81.375179,82.670821,81.296653,82.50396,13132800
2023-08-22,83.24505,83.29413,82.229152,82.410736,11361800
2023-08-23,82.611949,84.143161,82.607044,83.897774,10113200
2023-08-24,84.952937,84.957842,81.900323,81.964119,13929000
2023-08-25,82.29292,83.25484,81.561672,82.798424,15686600
2023-08-28,83.426627,83.652379,82.832788,83.4757,8963800
2023-08-29,83.235224,85.232669,83.146881,85.149239,13713800
2023-08-30,85.163978,85.880511,84.869511,85.792168,12266600
2023-08-31,85.988466,86.53813,85.895218,86.209312,11963400
2023-09-01,86.749167,86.86205,86.032641,86.474335,9244600
2023-09-05,86.258392,87.053451,85.978655,86.783524,10060400
2023-09-06,86.444885,86.660827,85.33574,85.865776,18143200
2023-09-07,84.270765,84.810611,83.961575,84.624115,12513600
2023-09-08,84.619205,85.345548,84.579942,84.800789,8584800
2023-09-11,85.546762,85.625288,84.496507,85.242485,8272800
2023-09-12,84.530877,84.83025,83.544417,83.696556,12243000
2023-09-13,83.662198,84.359096,83.426629,83.907585,10008800
2023-09-14,84.422896,84.727173,83.892859,84.516144,9473200
2023-09-15,84.21186,84.236401,82.670831,82.891678,13116800
2023-09-18,82.650699,83.565489,82.626107,83.29007,9943800
2023-09-19,82.935953,83.457284,82.483478,83.245796,8236600
2023-09-20,83.472028,83.580229,81.903115,81.937546,10760400
2023-09-21,81.076868,81.652298,80.648977,80.688324,14741200
2023-09-22,81.042438,81.603115,80.678487,80.860466,12537800
2023-09-25,80.65391,81.244095,80.447346,81.12114,10577400
2023-09-26,80.589951,80.634213,79.384989,79.660408,14926000
2023-09-27,80.044028,80.201415,78.99153,79.783363,11665200
2023-09-28,79.404671,80.860468,79.030889,80.348969,12829400
2023-09-29,81.140797,81.893284,80.348963,80.624382,15883800
2023-10-02,80.66374,81.726078,80.540785,81.490005,13656200
2023-10-03,81.027684,81.583445,79.694843,80.107979,14838800
2023-10-04,80.171903,81.322772,80.171903,81.106369,15194200
2023-10-05,81.101452,81.347363,80.240764,81.214577,12023000
2023-10-06,80.658809,83.088411,80.422737,82.734299,16625600
2023-10-09,82.227734,83.290072,81.849029,83.162193,13139200
2023-10-10,83.221215,83.958948,82.990058,83.29007,20402800
2023-10-11,83.545811,84.101572,83.28023,84.062225,10389200
2023-10-12,84.136007,85.001611,83.501552,84.140923,15405800
2023-10-13,84.308131,84.450764,82.645771,82.935951,15183200
2023-10-16,83.073657,84.111402,83.058903,83.732697,14544200
2023-10-17,82.680214,83.776976,82.085106,83.344177,15317800
2023-10-18,82.758899,83.432693,82.149037,82.488396,12862800
2023-10-19,82.817908,83.373669,81.87361,82.016235,19991800
2023-10-20,81.976898,82.035922,80.545702,80.629311,15350400
2023-10-23,80.127632,81.544082,79.680073,80.72274,15159000
2023-10-24,81.042431,81.401459,80.403061,81.278503,11180400
2023-10-25,81.667053,81.765416,80.07847,80.319458,15529600
2023-10-26,80.462088,80.816201,78.445615,78.784973,20646400
2023-10-27,79.266956,80.044035,78.893174,79.242363,16231600
2023-10-30,79.660418,80.378474,79.419422,80.093224,14180800
2023-10-31,80.132566,80.732589,79.507957,80.663734,10893600
2023-11-01,80.806374,82.331018,80.806374,82.222816,20945800
2023-11-02,82.965461,83.68844,82.852344,83.614662,16192600
2023-11-03,83.531037,84.814693,83.349065,84.475334,15661800
2023-11-06,84.588461,85.060606,84.322873,85.031097,11099200
2023-11-07,85.257346,86.211474,85.129467,85.960648,13029800
2023-11-08,86.25576,86.590196,85.862301,86.447571,10722400
2023-11-09,86.575434,87.209889,85.931149,86.044266,14374600
2023-11-10,86.5656,88.350917,86.467237,88.291901,13346400
2023-11-13,87.92303,87.996801,87.406616,87.775482,11725000
2023-11-14,89.118144,89.757514,88.842725,89.531273,16508400
2023-11-15,89.929667,90.067376,89.300135,89.644409,13147800
2023-11-16,89.467356,90.190335,89.305054,90.091965,11553600
2023-11-17,89.890321,90.249349,89.516531,89.905075,13277800
2023-11-20,90.018188,91.444469,90.00835,91.208397,11116200
2023-11-21,90.795269,90.937894,90.141145,90.470665,13350800
2023-11-22,91.04118,91.651042,90.628051,90.873962,11213400
2023-11-24,90.721492,90.800178,90.352626,90.696899,4193800
2023-11-27,90.569015,91.218224,90.406721,90.691971,8420000
2023-11-28,90.387053,91.105116,90.387053,90.86412,11012400
2023-11-29,91.528084,91.921535,90.878875,90.932976,10765400
2023-11-30,91.311669,91.434624,90.303432,91.065758,13744000
2023-12-01,90.829695,91.434641,90.391973,91.272339,13992200
2023-12-04,90.362454,90.362454,89.177168,90.160812,18221800
2023-12-05,89.67883,90.805106,89.67883,90.70182,10841400
2023-12-06,91.267411,91.400198,89.865716,89.93457,14731400
2023-12-07,90.362458,91.178884,90.170648,91.026421,13928800
2023-12-08,90.829692,91.877275,90.716575,91.803505,12808800
2023-12-11,91.532995,92.624841,91.321508,92.605164,37795400
2023-12-12,92.265827,93.249471,92.187134,93.219955,15055400
2023-12-13,93.441274,94.267532,93.219948,94.041298,29395000
2023-12-14,94.115062,94.469175,93.116664,93.810135,15427400
2023-12-15,93.71178,94.823303,93.71178,94.282295,18131200
2023-12-18,94.263551,94.776171,93.86429,94.564224,10138000
2023-12-19,94.544516,94.933917,94.490296,94.924057,9003600
2023-12-20,94.81563,95.150803,93.474921,93.489708,13734800
2023-12-21,94.441017,94.751543,93.746016,94.539597,11336000
2023-12-22,94.810693,94.938846,94.194559,94.662819,10215000
2023-12-26,94.721948,95.254289,94.721948,95.057129,6207600
2023-12-27,95.106413,95.24936,94.648013,95.052193,11764600
2023-12-28,95.387387,95.485967,95.121213,95.165581,9615400
2023-12-29,95.214863,95.407096,94.401569,94.874756,12190600
2024-01-02,93.583345,93.731219,91.80395,92.390511,23545400
2024-01-03,91.547646,92.050414,91.286406,91.449066,18190000
2024-01-04,90.887142,91.518062,90.689982,90.778702,12127200
2024-01-05,90.882227,91.537795,90.409033,90.754066,16350600
2024-01-08,91.21246,93.095361,91.118806,93.031288,16434600
2024-01-09,92.316574,93.445335,92.119414,93.179161,10633800
2024-01-10,93.223527,94.174834,93.026359,93.97274,9785400
2024-01-11,94.436065,94.909259,93.12493,94.450851,13296600
2024-01-12,94.60367,94.97335,94.283283,94.756477,8834600
2024-01-16,94.638171,95.392318,94.091044,94.993065,11775600
2024-01-17,94.28821,94.638177,93.499563,94.524811,14109000
2024-01-18,95.786632,96.530919,95.426812,96.4422,18918800
2024-01-19,97.073142,98.68495,96.861188,98.66523,18333200
2024-01-22,99.148262,99.70525,98.724362,99.098976,14969000
2024-01-23,99.192638,99.562318,98.615937,99.498238,13263800
2024-01-24,100.183365,101.188892,99.897478,100.183365,17651200
2024-01-25,101.105108,101.612802,100.139014,100.602348,17071400
2024-01-26,99.897489,100.34111,99.217275,99.444016,10553000
2024-01-29,99.567226,100.375594,99.370067,100.355881,7639600
2024-01-30,100.321382,100.474182,99.222202,99.527802,12251600
2024-01-31,98.581414,98.985602,97.38858,97.437866,16295200
2024-02-01,97.827289,98.803243,97.763209,98.66523,14303400
2024-02-02,97.994864,100.001,97.965291,99.685539,12872200
2024-02-05,100.089716,100.198157,98.975749,99.91227,10086200
2024-02-06,100.020713,100.193233,98.813092,99.453873,12677200
2024-02-07,100.153794,100.794575,99.754541,100.769928,11365800
2024-02-08,100.942441,101.356489,100.819214,101.085388,9948200
2024-02-09,101.509296,102.578903,101.390995,102.445816,11612200
2024-02-12,102.440891,102.756351,101.519157,101.667023,10753200
2024-02-13,99.463713,100.612187,99.163039,99.941833,19459400
2024-02-14,100.686128,101.065661,99.97634,100.986801,11791600
2024-02-15,101.11989,101.218477,100.212943,100.774857,10796400
2024-02-16,101.045959,101.248052,99.715111,99.848198,11090400
2024-02-20,99.261644,99.616538,97.842069,98.832809,17447600
2024-02-21,97.876565,98.211739,97.137205,98.211739,15954400
2024-02-22,100.750211,101.701526,100.518544,101.425499,18551600
2024-02-23,102.228938,102.357099,100.868517,101.188904,12324000
2024-02-26,101.632524,101.883904,101.183977,101.287491,18248800
2024-02-27,101.563513,101.563513,100.622058,101.376205,9984400
2024-02-28,101.041034,101.174113,100.53334,100.898087,8329000
2024-02-29,101.435359,102.263446,100.868518,102.021919,11986800
2024-03-01,102.283153,104.032975,102.233867,103.885101,13136800
2024-03-04,103.737235,104.481522,103.505568,103.885101,20443800
2024-03-05,102.859856,102.909149,100.676281,101.331848,18042800
2024-03-06,102.391606,102.904234,101.450159,102.1353,14303200
2024-03-07,103.007732,104.062553,102.495112,103.747093,12120800
2024-03-08,103.934401,104.668836,102.14022,102.2043,14912200
2024-03-11,101.736025,102.150073,101.188898,101.923332,15648400
2024-03-12,102.904219,104.023113,101.928257,104.01326,17382800
2024-03-13,103.697802,103.756949,102.460601,102.889435,12815400
2024-03-14,103.323189,103.687943,102.283155,102.909149,16023200
2024-03-15,101.430424,101.893758,100.942443,101.356491,19633400
2024-03-18,102.244696,102.901346,101.775663,101.85466,14176600
2024-03-19,101.355994,102.397746,100.847462,102.382935,13390200
2024-03-20,102.461934,103.56293,102.10152,103.528374,13357400
2024-03-21,104.6343,104.6343,103.513558,103.602425,12312000
2024-03-22,103.607371,104.017153,103.237081,103.636993,11507000
2024-03-25,102.654486,103.390133,102.358258,102.950722,8777800
2024-03-26,103.321014,103.488878,102.442191,102.526123,8538400
2024-03-27,103.172892,103.227201,102.259505,103.049461,12495000
2024-03-28,102.807525,103.123506,102.619916,102.827278,8854400
2024-04-01,103.044519,103.71598,102.738407,103.11364,11654800
2024-04-02,101.968209,102.269379,101.291814,102.121262,11418200
2024-04-03,101.607792,102.921092,101.583105,102.392807,10670000
2024-04-04,103.370377,103.730799,100.719097,100.773407,16464800
2024-04-05,101.212824,102.447127,100.9314,101.928719,12808800
2024-04-08,101.992908,102.328635,101.435001,101.810234,8125800
2024-04-09,102.333569,102.545865,101.044957,102.323692,9400800
2024-04-10,101.158507,101.444866,100.635164,101.069641,13836800
2024-04-11,101.518922,103.256822,101.030143,103.088959,10563600
2024-04-12,101.859593,102.338503,101.044956,101.420181,16186800
2024-04-15,102.042262,102.106448,99.341615,99.494667,17189000
2024-04-16,99.711917,100.230318,99.218196,99.613167,14914000
2024-04-17,99.978516,100.14638,98.102375,98.176437,13090400
2024-04-18,98.146814,98.398617,96.95201,97.055695,15280600
2024-04-19,96.685395,97.001376,94.814188,95.056114,21880000
2024-04-22,95.786823,96.482972,94.833945,95.905319,13293400
2024-04-23,96.305226,97.470408,96.16205,97.327232,12151600
2024-04-24,98.048074,98.452929,97.233437,97.771591,9160200
2024-04-25,96.552093,97.741962,96.122558,97.559288,11568000
2024-04-26,98.329501,99.381122,97.944399,98.660294,10104200
2024-04-29,99.168809,99.316927,98.507224,99.084877,7494800
2024-04-30,98.744211,99.144124,96.873012,96.902634,14929000
2024-05-01,96.384231,98.003636,95.89051,95.910255,20453600
2024-05-02,97.134692,97.425986,95.910258,97.292679,13340000
2024-05-03,99.9242,100.338923,99.56872,100.003197,13316400
2024-05-06,100.383377,101.178261,100.230317,101.178261,8021000
2024-05-07,101.474486,101.523861,100.837589,100.847458,10020800
2024-05-08,100.487046,101.242439,100.462359,101.13382,7176000
2024-05-09,100.970895,101.183199,100.600605,101.104202,9589600
2024-05-10,101.632483,102.086706,101.158508,101.479424,8753800
2024-05-13,102.224942,102.308873,101.637413,101.958328,6582000
2024-05-14,101.92378,103.00503,101.864536,102.861847,9825200
2024-05-15,103.508619,105.211963,103.434564,105.177399,14308600
2024-05-16,105.241592,105.56745,104.767617,104.81205,12066600
2024-05-17,105.053978,105.118164,104.007291,104.580009,7616000
2024-05-20,104.683688,106.006865,104.58988,105.809372,6276800
2024-05-21,105.40451,106.15496,105.216893,105.982162,6140400
2024-05-22,106.283341,106.609191,105.592126,106.219154,11783000
2024-05-23,107.433702,107.443571,105.019406,105.355133,9400400
2024-05-24,105.621757,106.470958,105.271219,106.243851,5906400
2024-05-28,106.846175,106.930107,106.026596,106.693123,8786400
2024-05-29,105.567451,106.525263,105.567451,106.016731,8569000
2024-05-30,104.836733,104.994728,103.276573,103.597496,10450600
2024-05-31,103.903605,103.923358,101.474498,103.760429,12081000
2024-06-03,104.555314,104.649123,102.777916,104.022095,9628000
2024-06-04,103.967794,104.407205,103.434574,104.239342,6405400
2024-06-05,105.063846,106.554886,104.895983,106.554886,8788800
2024-06-06,106.614133,106.688189,105.917985,106.199409,7057600
2024-06-07,106.312959,106.900489,105.922916,106.446266,6398600
2024-06-10,106.085842,107.004163,106.016721,106.717804,6734800
2024-06-11,106.446267,108.73219,106.396892,108.702568,12719200
2024-06-12,109.783818,112.227736,109.581391,111.106987,17821200
2024-06-13,112.138877,112.449916,111.304487,111.985825,12693600
2024-06-14,111.827827,112.469666,111.753772,112.405479,7864600
2024-06-17,112.681964,114.508731,112.296863,114.108818,11602600
2024-06-18,114.222377,114.627224,113.797776,114.251999,8677800
2024-06-20,114.765467,114.834588,112.588155,112.968323,13243000
2024-06-21,112.993001,113.437347,112.257354,112.770828,13560200
2024-06-24,111.59866,112.103141,109.976414,110.006088,13748600
2024-06-25,110.812265,112.08335,110.18908,112.024002,9126200
2024-06-26,111.855841,112.424613,111.02493,111.895409,9459600
2024-06-27,111.677797,112.503757,111.544256,111.949821,7923600
2024-06-28,112.340549,113.947957,111.737152,111.890472,12488200
2024-07-01,112.058632,112.924159,110.431435,112.736214,9281600
2024-07-02,111.756931,113.309935,111.756931,113.300041,7076600
2024-07-03,113.136828,114.882721,113.042856,114.828316,6249200
2024-07-05,114.956904,115.688898,114.482104,115.179474,6671800
2024-07-08,115.550415,116.302182,115.352575,115.965866,7671000
2024-07-09,116.559363,116.836331,115.209142,115.871887,8678600
2024-07-10,116.668174,117.637569,116.015323,117.553482,8749400
2024-07-11,117.731539,117.781001,114.279322,114.610695,14106000
2024-07-12,114.927227,116.861065,114.526613,115.634491,9767600
2024-07-15,116.223043,116.984704,115.184407,115.842209,8628000
2024-07-16,116.114253,116.173601,114.630492,115.456451,7652200
2024-07-17,112.815343,112.929096,110.911179,110.965584,12440400
2024-07-18,112.182281,112.202061,109.575804,110.975487,10837200
2024-07-19,110.386925,111.064507,108.997136,109.239479,8472800
2024-07-22,110.683677,111.954769,110.21382,111.82618,10601600
2024-07-23,111.361255,112.385046,111.232657,111.381035,5530800
2024-07-24,109.926945,110.273163,106.514297,106.771484,14300800
2024-07-25,106.657733,108.250304,104.090831,105.628998,21158000
2024-07-26,107.053401,107.820013,106.064227,106.969322,11697800
2024-07-29,107.82002,108.284933,106.182937,106.49453,7343800
2024-07-30,106.890184,106.994051,103.022516,103.818802,10694600
2024-07-31,107.023726,108.606404,106.271951,108.215683,14614000
2024-08-01,107.918934,109.170239,103.071977,104.179855,16991400
2024-08-02,101.410164,102.246017,99.535681,101.2519,18621600
2024-08-05,94.916227,99.768126,94.342504,97.878799,31430000
2024-08-06,99.130108,101.217267,98.076642,99.209244,24575800
2024-08-07,101.612948,102.107535,97.468312,97.601845,17653600
2024-08-08,99.367515,101.499185,97.928265,101.246948,14477200
2024-08-09,101.18759,102.285575,100.574307,101.701965,9535600
2024-08-12,102.0185,103.32421,101.543693,102.532867,8580200
2024-08-13,103.80397,105.71802,103.675372,105.683395,9999600
2024-08-14,106.336255,106.801168,104.832713,106.26207,8922400
2024-08-15,107.637018,109.427421,107.404561,109.318611,9518800
2024-08-16,108.739934,109.714271,108.443178,109.501595,6706400
2024-08-19,109.244426,111.311797,108.799293,111.306854,13004200
2024-08-20,111.015054,111.682742,110.263279,110.91613,7221600
2024-08-21,110.985361,111.954755,110.634208,111.568977,7538800
2024-08-22,112.192161,112.454292,108.774562,109.002075,9083600
2024-08-23,110.085221,111.252447,109.353234,110.767754,10681000
2024-08-26,110.668825,111.084284,108.819074,109.377953,6268800
2024-08-27,108.700376,110.273167,108.166221,110.04071,7656000
2024-08-28,109.897275,110.109952,107.612285,108.522324,9002200
2024-08-29,108.552,110.08028,107.266077,107.543045,13314800
2024-08-30,108.715209,109.392791,107.54304,108.972397,10048400
2024-09-03,107.820009,107.899145,103.373668,103.967178,14765800
2024-09-04,102.913704,104.882159,102.587275,103.700096,12330000
2024-09-05,102.953264,104.827746,102.859292,103.541824,8874800
2024-09-06,103.45775,103.705044,100.391311,100.856224,12441000
2024-09-09,102.107526,102.621901,101.162863,102.508141,10922000
2024-09-10,103.215399,104.263922,102.231168,104.041359,10123000
2024-09-11,104.397462,107.755706,102.745543,107.592491,12768800
2024-09-12,107.513363,108.94272,106.756646,108.48275,10604200
2024-09-13,108.616294,109.298827,108.176111,109.026802,8047400
2024-09-16,108.240411,108.957561,107.60734,108.611351,6897800
2024-09-17,109.699441,109.867599,107.849682,108.398674,6990000
2024-09-18,108.670707,109.432368,107.305649,107.409508,12741600
2024-09-19,110.426493,111.28707,109.823096,110.599594,13934000
2024-09-20,110.16436,110.555081,109.076262,110.060493,14492800
2024-09-23,110.159086,110.30277,109.703249,110.040169,7490600
2024-09-24,110.500976,111.016267,109.31183,110.793304,7025800
2024-09-25,110.575298,111.595977,110.525755,111.110413,6111600
2024-09-26,113.280585,113.404454,111.397776,112.581963,9244800
2024-09-27,112.740525,112.775212,111.115365,111.53157,6093800
2024-09-30,111.045979,111.927925,110.491049,111.858559,5500400
2024-10-01,111.526609,111.591023,108.484389,109.133461,11295400
2024-10-02,109.158233,110.441513,108.538889,109.941086,4532400
2024-10-03,109.619019,111.204539,109.604155,110.396912,5784800
2024-10-04,111.823889,111.903167,110.45142,111.625694,5009200
2024-10-07,111.125265,111.863527,110.580239,110.857712,4430400
2024-10-08,111.655427,113.117078,111.402729,112.928795,7864800
2024-10-09,113.017994,114.350817,112.666203,114.192268,7579800
2024-10-10,113.429227,114.459817,113.112123,114.162537,5692200
2024-10-11,113.890033,114.618382,113.721573,114.360733,8849000
2024-10-14,115.089075,116.089938,115.034573,115.852112,9810200
2024-10-15,115.941301,116.223725,112.884217,113.305367,14179400
2024-10-16,113.662102,113.83057,112.433325,113.65715,5758800
2024-10-17,115.242672,115.307086,114.003983,114.003983,6051200
2024-10-18,114.598554,114.831428,114.167493,114.410278,4537000
2024-10-21,114.053539,114.96026,113.84544,114.945396,6322400
2024-10-22,114.335953,115.217899,114.008945,114.826477,6169200
2024-10-23,114.400369,114.573789,112.21532,113.181496,6083600
2024-10-24,113.642287,113.795883,112.839619,113.513466,4832800
2024-10-25,114.157576,115.386361,113.939573,114.103073,8314800
2024-10-28,114.920616,114.920616,114.043622,114.068398,5899200
2024-10-29,114.286411,115.936346,113.860301,115.604378,7451600
2024-10-30,114.549011,114.856204,113.691841,113.766159,8341200
2024-10-31,112.517554,112.517554,110.074863,110.114502,12110200
2024-11-01,110.233414,111.769391,110.08477,110.941948,11565800
2024-11-04,111.045987,111.655428,110.387004,110.857712,6311800
2024-11-05,111.199591,112.507654,111.199591,112.418465,7273000
2024-11-06,114.588642,115.832283,114.246763,115.619232,10967800
2024-11-07,116.421912,117.769607,116.36741,117.635826,10463000
2024-11-08,117.487173,117.893467,117.080887,117.506996,7236400
2024-11-11,117.492126,117.566444,116.159295,116.857918,7267200
2024-11-12,116.778654,117.155213,116.084984,117.006569,7530800
2024-11-13,116.758821,117.462403,116.238578,116.600273,6329600
2024-11-14,116.788568,116.991708,116.01562,116.203903,6602000
2024-11-15,114.767016,114.915653,112.943662,113.320229,11229800
2024-11-18,113.32022,114.167479,112.829696,113.686867,6166800
2024-11-19,112.973387,114.712512,112.973387,114.61837,6906800
2024-11-20,114.717459,114.757098,112.993206,114.519272,8874400
2024-11-21,115.629145,116.223721,113.8603,115.683647,10591800
2024-11-22,115.475542,116.010657,115.059344,115.743103,7090800
2024-11-25,116.615146,116.818292,115.212949,115.738152,11137200
2024-11-26,116.263346,116.679551,115.822373,116.317848,6229400
2024-11-27,115.530045,115.599412,113.726514,114.742241,6369400
2024-11-29,115.009802,116.050304,114.895845,115.807518,4168400
2024-12-02,115.891752,117.343499,115.862024,116.907478,9398200
2024-12-03,116.411988,117.358348,116.184074,117.328621,5576000
2024-12-04,118.79523,119.533492,118.448399,119.474037,10840000
2024-12-05,119.28575,119.424483,118.706045,118.869553,5638000
2024-12-06,119.077655,119.845644,118.948834,119.330345,6654200
2024-12-09,118.88442,119.310529,118.250212,118.552452,8032400
2024-12-10,118.151127,118.473183,116.535872,116.907478,11234400
2024-12-11,117.834016,118.978564,117.427723,118.601997,8689600
2024-12-12,117.843923,118.374086,117.556546,117.938065,7218200
2024-12-13,119.003326,119.469074,117.502035,118.443443,8677000
2024-12-16,118.597042,119.731678,118.344352,119.627632,9442600
2024-12-17,118.780359,119.369976,118.324523,118.904228,8145000
2024-12-18,119.305562,119.632578,114.801691,115.069252,16927200
2024-12-19,116.238577,116.615135,115.044479,115.193123,13383400
2024-12-20,114.410269,117.853823,114.053526,116.912422,14924800
2024-12-23,117.247914,118.200785,116.622595,118.151161,7973400
2024-12-24,118.572994,119.376977,118.39433,119.372017,4653400
2024-12-26,118.98988,119.888167,118.607744,119.451431,7150800
2024-12-27,118.647439,118.801287,116.701986,117.863304,8726400
2024-12-30,116.146165,117.292588,115.426549,116.364532,7950400
2024-12-31,116.682149,116.761557,115.019583,115.396767,9381200
2025-01-02,116.309929,116.63748,114.036931,115.123802,12766600
2025-01-03,115.828532,117.123843,115.600237,116.999771,9117600
2025-01-06,118.334777,119.635047,118.022113,118.488625,8975400
2025-01-07,119.109,119.109,115.704468,116.111427,10006800
2025-01-08,116.379397,116.399245,114.955054,116.071701,10023800
2025-01-10,114.850848,114.870704,112.870658,113.540649,11665800
2025-01-13,111.714313,112.816072,111.391721,112.736664,10656000
2025-01-14,113.610119,113.922783,112.136145,113.034424,7220200
2025-01-15,114.577881,115.620087,114.200705,115.282608,10465400
2025-01-16,116.220599,116.295046,114.369448,114.394264,5368400
2025-01-17,116.458819,116.597779,115.674684,116.18586,6742600
2025-01-21,116.572955,117.441458,115.764004,117.15361,6744200
2025-01-22,118.736781,120.076756,118.568045,119.798836,10243800
2025-01-23,118.875735,120.037046,118.761591,120.012238,7604400
2025-01-24,120.389419,120.389419,118.379453,118.761597,6607600
2025-01-27,113.441387,114.632474,111.897933,112.94014,20705600
2025-01-28,113.704425,116.210678,112.50341,115.952606,11260600
2025-01-29,115.724306,115.778898,113.893012,115.009659,9050000
2025-01-30,114.806181,115.620092,114.017086,115.223061,8840200
2025-01-31,116.295037,116.989837,114.240408,114.548103,10741800
2025-02-03,112.012079,113.694493,111.416536,113.004654,13752800
2025-02-04,113.391758,114.811141,113.352054,114.632477,8371200
2025-02-05,114.736701,116.250379,114.374413,116.225563,5398000
2025-02-06,116.225559,116.781398,115.709416,116.543182,6808000
2025-02-07,117.014653,117.575461,115.158535,115.545647,8552800
2025-02-10,116.458817,117.525832,116.424074,117.233025,6054200
2025-02-11,116.582893,117.759092,116.503485,117.287621,6456200
2025-02-12,115.634981,117.173475,115.505949,117.034515,8555600
2025-02-13,117.24295,118.766548,117.079174,118.692108,7829600
2025-02-14,118.592853,119.193357,118.374486,119.094101,4557000
2025-02-18,119.709505,120.195865,119.153658,120.180977,6024000
2025-02-19,120.046975,120.667334,119.208248,120.190895,5604200
2025-02-20,120.076746,120.235561,118.543219,119.808754,5987400
2025-02-21,119.843487,119.893118,116.503474,116.563026,9057600
2025-02-24,117.014665,117.342217,114.751595,114.895515,7447600
2025-02-25,114.652318,114.756534,112.632424,113.406631,10433600
2025-02-26,114.518331,115.724306,113.763972,114.642403,7630600
2025-02-27,115.267727,115.386839,110.419004,110.468628,10100000
2025-02-28,109.97233,112.041848,109.034347,111.927704,14172200
2025-03-03,112.503406,112.731694,107.719195,108.523178,12516200
2025-03-04,107.719197,110.354482,106.334551,108.438812,17721000
2025-03-05,108.776268,110.319722,107.31719,109.962402,11931000
2025-03-06,107.704311,109.406573,106.394112,106.910248,16432000
2025-03-07,106.78617,108.731616,105.525603,108.458656,11263400
2025-03-10,106.314701,106.513213,102.771209,103.848152,21561800
2025-03-11,103.530524,105.168274,102.379133,103.4263,14832800
2025-03-12,105.272498,105.967305,103.798524,105.054131,10981600
2025-03-13,104.751401,104.984649,102.657067,103.059059,12383000
2025-03-14,104.408961,106.284927,104.374217,106.175743,10040800
2025-03-17,106.091375,107.674534,105.783672,106.915207,10148800
2025-03-18,106.155887,106.265071,104.90028,105.287384,11486600
2025-03-19,105.828336,107.907774,105.38664,106.657135,8838600
2025-03-20,105.446189,107.064083,105.287373,105.897812,7145200
2025-03-21,104.577702,106.329597,104.190599,106.185677,10425400
2025-03-24,107.95306,108.455188,107.669683,108.196671,8200200
2025-03-25,108.127077,108.698807,108.072389,108.554634,7481800
2025-03-26,108.221526,108.480051,105.715849,106.133461,7873000
2025-03-27,105.407616,106.004205,104.597245,105.15406,6577800
2025-03-28,104.607187,105.029768,102.25562,102.603638,10667600
2025-03-31,100.813865,102.887016,99.794688,102.653351,14219000
2025-04-01,102.245687,103.493553,101.410456,103.404068,9480200
2025-04-02,101.927509,105.029776,101.847962,104.169693,9292000
2025-04-03,99.17822,99.779777,96.980778,97.060318,19451400
2025-04-04,94.032622,94.778361,90.632058,90.666855,33804600
2025-04-07,86.967984,95.360027,85.735032,91.208755,44557800
2025-04-08,94.604351,95.872107,87.718706,89.354355,25811400
2025-04-09,89.538308,101.907615,89.423956,101.3508,36988800
2025-04-10,97.865718,98.536878,93.331625,96.632759,19747600
2025-04-11,96.150516,99.034038,95.429637,98.611458,14423200
2025-04-14,101.668982,101.733615,98.437449,99.511314,11904400
2025-04-15,99.665431,100.629921,99.406907,99.874237,7200000
2025-04-16,97.194556,98.228648,94.728645,96.404076,13222400
2025-04-17,97.095118,97.095118,95.474376,95.88205,7480800
2025-04-21,94.365717,94.604351,92.068846,93.406204,8973400
2025-04-22,94.649098,96.235036,94.097252,95.683189,9312800
2025-04-23,99.352224,100.401229,98.054639,98.457336,13413800
2025-04-24,99.426795,102.270544,99.2677,102.131332,9317000
2025-04-25,101.823105,103.836599,101.723674,103.642708,6518400
2025-04-28,103.508461,104.020533,101.927499,103.473663,5574400
2025-04-29,102.976506,104.388435,102.976506,103.95591,9144400
2025-04-30,101.912594,104.776226,101.320974,104.388443,10203800
2025-05-01,106.6704,107.659749,105.825232,105.919693,11532800
2025-05-02,107.13276,108.191703,106.844407,107.689575,8125400
2025-05-05,106.764858,107.883465,106.71017,107.117844,6757000
2025-05-06,105.526932,107.008471,105.203782,106.227928,7958200
2025-05-07,106.227928,107.759178,105.497104,107.291847,8169400
2025-05-08,108.355768,109.345117,107.391279,108.315994,8704400
2025-05-09,108.798235,108.997103,107.62494,108.181763,7330000
2025-05-12,112.770538,113.242838,111.63204,113.203064,13478200
2025-05-13,113.610739,116.026932,113.481473,115.649086,12757200
2025-05-14,116.19099,116.857181,115.718683,116.399796,10248000
2025-05-15,115.768403,117.215137,115.629199,116.558884,9536400
2025-05-16,116.936728,116.936728,115.768402,116.777634,8111600
2025-05-19,115.052495,116.872098,115.012721,116.608604,11863000
2025-05-20,115.882744,116.190987,115.291124,116.171097,10273200
2025-05-21,115.082327,116.688155,113.526225,113.988579,18643600
2025-05-22,114.043262,115.042548,113.764854,114.018402,11372000
2025-05-23,112.034742,113.496383,111.910452,112.76059,12004000
2025-05-27,114.515561,115.599372,114.132755,115.440277,14208400
2025-05-28,115.579485,116.041846,114.793973,114.963013,10789200
2025-05-29,116.703063,116.822376,114.565278,115.156898,14011800
2025-05-30,115.10221,115.156898,113.063856,114.798943,13494000
2025-06-02,114.495681,115.88275,114.356477,115.813148,12878800
2025-06-03,115.967262,117.642692,115.882746,117.5532,14312400
2025-06-04,117.702352,118.095104,117.145536,117.727211,10899200
2025-06-05,118.075217,119.104339,116.887008,117.394112,15885200
2025-06-06,118.527637,119.049655,118.164705,118.502777,9026000
2025-06-09,118.965137,119.82025,118.875652,119.084457,11100600
2025-06-10,119.064567,119.929618,118.617119,119.750641,9831600
2025-06-11,120.038991,120.526205,118.870672,119.487144,9599600
2025-06-12,119.462288,120.874225,119.442405,120.595818,11210400
2025-06-13,119.198794,120.108595,118.46797,118.905472,13193800
2025-06-16,119.621383,121.18743,119.621383,120.829475,13866200
2025-06-17,120.322383,121.17252,119.690989,119.974373,10525400
2025-06-18,120.267687,120.874221,119.507035,120.118538,11066000
2025-06-20,120.546099,120.953765,119.024794,119.586578,11490600
2025-06-23,119.705109,121.054638,118.893394,120.950066,12277000
2025-06-24,122.180074,123.27065,122.035655,123.121262,11329400
2025-06-25,123.758686,124.356264,123.649129,124.172012,9228600
2025-06-26,124.729749,125.227732,124.236743,125.028542,11288400
2025-06-27,125.367171,125.845238,124.31145,124.87915,12196600
2025-06-30,125.974707,126.447789,125.367167,126.104179,13365200
2025-07-01,125.70081,125.964741,124.122206,124.978737,15144800
2025-07-02,124.66501,126.383049,124.575377,126.298393,11950200
2025-07-03,126.985613,128.345111,126.935811,127.961655,7112800
2025-07-07,127.468654,127.802309,126.37807,126.94577,11560800
2025-07-08,127.613075,127.87202,127.100145,127.628014,15715200
2025-07-09,128.081181,128.877941,127.443756,128.394897,12933600
2025-07-10,128.713616,128.828157,127.299346,127.971626,9988600
2025-07-11,127.364073,128.155872,127.204723,127.408897,9239000
2025-07-14,127.095169,127.618045,126.089242,127.304321,8125200
2025-07-15,128.788317,129.092094,128.389937,128.434753,15657000
2025-07-16,128.479566,128.907824,126.891,128.83313,17782600
2025-07-17,128.987498,130.207562,128.733537,130.003387,11955000
2025-07-18,130.501378,130.546195,129.570153,129.918747,10281000
2025-07-21,130.06315,130.974467,129.913761,130.088058,9246600
2025-07-22,129.988442,130.078075,127.956679,128.882919,13448800
2025-07-23,129.216584,129.789262,128.449687,129.619949,10091800
2025-07-24,129.938642,130.421685,129.435689,130.167725,12159600
2025-07-25,130.127882,130.795177,129.858967,130.466507,8002000
2025-07-28,130.964494,131.542156,130.695594,131.507294,11517600
2025-07-29,132.36383,133.095865,131.2882,131.512283,13739000
2025-07-30,131.651718,132.254273,130.770294,131.806091,13934600
2025-07-31,133.464375,133.464375,130.202579,130.839996,16414400
2025-08-01,129.415764,129.460581,127.374032,128.016434,19438000
2025-08-04,129.221545,130.640799,129.221545,130.615906,12377000
2025-08-05,131.098952,131.213478,129.236486,129.535278,11176000
2025-08-06,129.659779,131.163697,129.575131,130.99437,10167000
2025-08-07,132.453467,132.667595,130.023308,131.113892,10318000
2025-08-08,131.6069,132.572988,131.263291,132.423599,11015800
2025-08-11,132.338936,132.936522,131.223459,131.527222,9425400
2025-08-12,132.184573,133.598843,131.452538,133.56398,11153800
2025-08-13,134.335851,134.480255,133.125741,133.61377,13990200
2025-08-14,132.93651,133.783072,132.627748,133.324936,15484400
2025-08-15,133.145664,133.145664,131.786181,132.314041,13373200
2025-08-18,132.149688,132.717396,132.020208,132.59787,12233800
2025-08-19,132.548088,132.577966,130.03825,130.282257,17367000
2025-08-20,129.953587,129.953587,127.403917,129.400833,23064200
2025-08-21,129.087097,129.605004,128.374986,128.932724,15148600
2025-08-22,128.793305,131.53221,128.434757,130.680664,13756000
2025-08-25,130.675664,131.203525,130.028277,130.386826,10691800
2025-08-26,130.496392,131.158718,130.307171,130.984421,11081000
2025-08-27,131.113882,131.840932,130.511312,131.691544,11538600
2025-08-28,131.850891,133.016169,131.193565,132.73233,12380600
2025-08-29,132.149673,132.174581,130.217498,130.695572,17481200
2025-09-02,128.38495,129.495457,127.623037,129.375931,18226000
2025-09-03,130.038255,130.406757,129.176739,130.147812,15636600
2025-09-04,129.61496,130.844978,129.087099,130.790207,24397400
2025-09-05,132.03018,132.079982,129.570144,130.89975,38561800
2025-09-08,131.58696,132.358842,131.557082,131.880768,20556000
2025-09-09,132.174597,132.274185,131.19854,132.13475,19355000
2025-09-10,134.808914,135.436377,133.887643,134.530045,25957200
2025-09-11,135.376626,135.565862,134.764102,134.983215,23429200
2025-09-12,135.252118,135.381583,134.604731,134.89357,15612200
2025-09-15,135.107708,136.138536,134.94338,136.108658,16268000
2025-09-16,136.422396,136.517014,135.471247,135.635574,16081400
2025-09-17,135.545937,135.710265,133.768135,135.167465,18948600
2025-09-18,136.920375,137.906371,136.258049,137.503006,20882600
2025-09-19,138.055777,139.026835,137.607581,138.897369,15670800
2025-09-22,138.691926,141.055408,138.637085,140.94072,15771200
2025-09-23,140.746261,140.975639,139.105803,139.724091,16456400
2025-09-24,140.09804,140.09804,137.934019,138.86145,13471000
2025-09-25,137.599947,138.961193,136.747306,138.617142,21349600
2025-09-26,138.76672,139.160636,137.809372,139.03598,16534000
2025-09-29,139.833772,140.571739,139.454814,139.778915,16107400
2025-09-30,139.778917,140.681438,139.484731,140.541809,18215200
2025-10-01,139.823808,142.017745,139.78391,141.918015,17411200
2025-10-02,143.239362,143.269278,142.04267,142.685898,17607800
2025-10-03,142.815545,143.54353,141.479224,141.96788,17458000
2025-10-06,143.882589,144.321379,143.329125,143.403915,17945600
2025-10-07,144.141878,144.351307,141.693654,142.446564,15588400
2025-10-08,142.775644,144.949647,142.700854,144.944656,14037800
2025-10-09,144.87983,145.009476,143.947407,144.700333,11989400
2025-10-10,145.004486,145.268755,138.756743,138.8116,44574600
2025-10-13,141.972881,142.665959,141.165099,142.192276,22030400
2025-10-14,140.327411,141.798355,138.736803,140.36731,26956800
2025-10-15,142.336858,142.895313,140.013274,141.758453,20937600
2025-10-16,142.780639,143.413884,140.895845,141.863174,23166200
2025-10-17,141.020503,142.536305,140.122972,142.112488,25511600
2025-10-20,142.925246,144.311416,142.840473,143.698105,13805200
2025-10-21,143.608365,144.286484,143.079826,143.772903,12503800
2025-10-22,143.708077,144.022211,140.561768,142.351822,20723200
2025-10-23,141.793351,144.376213,141.793351,144.146851,11923400
2025-10-24,145.847175,146.879328,145.632771,146.385681,14359600
2025-10-27,148.440023,149.217873,148.200678,149.088226,15167000
2025-10-28,149.811223,151.152519,149.297642,150.564133,15055200
2025-10-29,151.930367,152.57358,150.519256,151.646149,21506200
2025-10-30,150.783533,151.561383,149.731446,149.781311,19218600
2025-10-31,151.292125,151.401822,149.058289,149.925888,16303800
2025-11-03,151.361924,151.691017,149.716475,150.5392,13983600
2025-11-04,147.816734,148.789039,146.320865,146.565186,16722600
2025-11-05,146.305919,148.330327,146.081533,147.138611,14447000
2025-11-06,146.904239,147.063802,143.43882,144.181763,24797400
2025-11-07,142.95016,143.718043,140.412172,143.683136,25547000
2025-11-10,146.251058,147.637229,145.493157,147.358002,18286400
2025-11-11,146.385674,146.649944,145.12915,146.101471,14871600
2025-11-12,147.32309,147.32309,145.672649,146.555222,13179200
2025-11-13,145.737464,145.93691,142.122449,142.900299,22385800
2025-11-14,140.262592,144.979575,139.758994,143.678162,27429600
2025-11-17,142.331888,143.887589,140.287532,141.429382,24675400
2025-11-18,140.207749,140.930758,137.854249,139.130722,36747600
2025-11-19,139.140675,141.668696,138.781666,140.098038,27668800
2025-11-20,143.324142,143.857672,135.386061,135.700195,56551800
2025-11-21,135.924578,138.038734,133.371632,136.223755,44959000
2025-11-24,137.141212,139.963419,137.05644,139.469772,20124800
2025-11-25,138.243175,140.202759,136.2786,139.84375,21303400
2025-11-26,141.494185,142.102505,140.4022,141.499176,13358800
2025-11-28,141.798356,142.740745,141.414407,142.71582,6792200
2025-12-01,141.329645,143.209448,140.895846,142.78064,12846600
2025-12-02,143.668191,145.114195,143.24935,144.251572,15719000
2025-12-03,143.553507,144.695357,142.835489,144.595627,11623200
2025-12-04,144.790089,145.393418,144.096996,145.13414,9995200
2025-12-05,145.807272,146.904233,145.2887,146.196198,6628000
2025-12-08,147.023912,147.971308,146.515322,147.223373,8272800
2025-12-09,146.934155,147.841652,146.555212,147.612289,6978200
2025-12-10,147.283199,148.808984,146.4156,148.320328,8961100
2025-12-11,146.654927,147.721987,144.710301,147.562424,9769300
2025-12-12,146.535268,146.674882,142.865396,143.29422,14873200
2025-12-15,144.022206,144.231635,141.628823,141.908051,10790300
2025-12-16,141.519124,142.576202,140.910804,142.167328,10790900
2025-12-17,142.326887,142.446552,138.936258,139.006058,18178700
2025-12-18,141.469272,142.027728,140.402212,141.150146,12319500
2025-12-19,142.197248,144.221655,142.177314,144.201721,14265900
2025-12-22,145.828672,145.828672,144.47036,144.979736,8864500
2025-12-23,144.560264,145.798715,144.180731,145.768753,7546100
2025-12-24,145.608955,146.318081,145.499091,146.118332,3676300
2025-12-26,146.42794,146.797476,146.058405,146.348038,5052900
2025-12-29,145.169515,146.198234,144.859887,145.688858,9822300
2025-12-30,145.668887,146.078366,145.19947,145.229431,6387400
2025-12-31,145.529059,145.618943,143.721294,143.791214,9528400
2026-01-02,145.449154,146.338048,143.23191,144.120804,15299500
2026-01-05,145.828672,146.208205,144.070864,144.440399,17476300
2026-01-06,145.029681,146.587742,144.4504,146.46788,14985700
2026-01-07,146.348038,147.196988,145.858641,146.348038,13957100
2026-01-08,145.748771,145.748771,143.321796,144.060883,16870100
2026-01-09,144.390481,146.39798,143.851143,145.968506,15652600
2026-01-12,145.009708,147.107091,144.869882,146.607712,12867200
2026-01-13,146.667647,147.336813,145.668888,146.298096,16552200
2026-01-14,145.319319,145.748778,143.142033,144.520309,22104200
2026-01-15,146.747534,147.386754,145.12955,145.279373,17370900
2026-01-16,146.537803,146.767513,144.839917,145.439163,14156700
2026-01-20,142.912312,143.921067,141.434154,141.663864,20029200
2026-01-21,142.602689,144.859877,141.783715,143.631409,27892800
2026-01-22,145.429178,145.519062,143.980981,144.700089,12971600
2026-01-23,144.350518,145.648907,143.571488,144.909821,14654500
2026-01-26,145.089614,146.527828,144.710081,145.898605,10195600
2026-01-27,147.236927,148.435434,146.847412,147.86615,12436200
2026-01-28,148.814968,149.713844,148.425453,149.044678,19497400
2026-01-29,147.656403,147.746288,143.092087,146.687607,25581000
2026-01-30,145.858646,146.567771,142.812446,143.70134,18342600
2026-02-02,143.351758,145.968499,143.211932,145.079605,16337600
2026-02-03,145.698849,145.788733,139.995933,141.903564,30464500
2026-02-04,140.655112,140.834882,135.940973,137.948471,45649500
2026-02-05,137.0496,138.30803,134.912258,135.461578,42950900
2026-02-06,137.838607,141.294317,137.249343,140.954742,37131900
2026-02-09,140.425412,143.851145,139.736266,143.171997,24629500
2026-02-10,143.641413,143.97099,142.213181,142.372986,22564300
2026-02-11,144.330546,144.580236,141.14452,142.792465,18905700
2026-02-12,143.132039,143.591475,138.747491,139.03714,32154700
2026-02-13,139.386688,140.735018,137.758708,139.386688,26637100
2026-02-17,138.46784,140.27559,136.849857,139.306793,25743800
2026-02-18,139.886065,141.943505,139.097053,140.735016,13705800
2026-02-19,139.916027,140.535268,139.107036,140.035889,13484000
2026-02-20,139.027141,141.573978,138.797431,140.705063,14942400
2026-02-23,140.005919,140.475337,137.718769,138.347992,22021900
2026-02-24,139.067091,140.764977,138.018392,140.145752,13030600
2026-02-25,141.184453,143.161989,141.034645,142.832397,13296000
2026-02-26,142.762496,142.832401,139.087058,140.834885,19364900
2026-02-27,138.138239,139.596432,137.768703,138.587677,15328600
2026-03-02,136.859837,139.786206,136.390419,139.366714,20156700
2026-03-03,136.19067,138.158225,134.822377,137.329254,34153000
2026-03-04,138.357965,140.455364,137.868568,139.666336,15201400
2026-03-05,138.987198,141.084581,137.918519,140.00592,19422500
2026-03-06,137.648863,139.656361,136.620128,137.119507,19677200
2026-03-09,135.801154,140.035894,135.291793,139.586441,22760900
2026-03-10,139.666344,141.214422,138.84737,139.586441,24338500
2026-03-11,140.405423,141.414163,139.346742,140.2556,14009200
2026-03-12,139.097055,139.576455,137.479057,137.668823,32372800
2026-03-13,138.278072,139.536517,136.350476,136.630127,15701800
2026-03-16,138.547743,139.906055,138.347994,138.607666,16626400
2026-03-17,139.216907,140.095819,138.757471,139.366714,12034600
2026-03-18,139.136995,139.896061,137.758704,137.788681,12634500
2026-03-19,135.831112,138.997174,135.27181,138.258087,18087900
2026-03-20,137.808656,137.808656,134.153213,135.121994,27251800
2026-03-23,137.5,139.199997,136.220001,136.949997,21818500
2026-03-24,136.050003,136.919998,134.869995,136.149994,16843900
2026-03-25,137.289993,138.0,136.279999,136.759995,13872400
2026-03-26,135.179993,135.520004,132.419998,132.5,15434600
2026-03-27,131.529999,132.050003,129.580002,129.919998,15895200
2026-03-30,131.270004,131.550003,126.68,127.5,18830000
2026-03-31,129.149994,133.220001,128.979996,132.899994,19405300
2026-04-01,134.119995,136.050003,133.759995,134.910004,17050100
2026-04-02,131.910004,136.039993,131.350006,135.990005,12266200
2026-04-06,136.479996,137.25,135.710007,136.779999,10147600
2026-04-07,136.169998,137.490005,134.110001,137.429993,8585500
2026-04-08,143.130005,143.559998,140.740005,141.690002,13359000
2026-04-09,141.759995,142.190002,140.350006,142.070007,8235100
2026-04-10,142.5,143.559998,141.919998,142.619995,9310100
2026-04-13,142.330002,145.669998,142.130005,145.610001,10407700
2026-04-14,146.899994,147.940002,146.080002,147.940002,10183300
2026-04-15,148.270004,150.369995,147.960007,150.300003,10622500
2026-04-16,150.990005,152.179993,149.75,152.020004,11778000
2026-04-17,154.059998,154.809998,153.509995,154.350006,10630400
2026-04-20,154.300003,154.75,153.039993,154.559998,8131600
2026-04-21,155.0,156.070007,154.149994,154.690002,12657300
2026-04-22,156.220001,158.160004,155.520004,158.089996,13830400
2026-04-23,156.770004,157.800003,153.949997,155.839996,12151400
2026-04-24,158.429993,160.399994,157.600006,160.220001,11059800
2026-04-27,160.020004,160.619995,158.809998,160.570007,8963900
2026-04-28,157.110001,158.639999,156.160004,157.850006,9253000
2026-04-29,158.830002,159.149994,157.75,159.110001,7506900
2026-04-30,159.649994,159.800003,156.880005,159.5,9276400
2026-05-01,160.389999,162.289993,160.139999,161.869995,10161800
2026-05-04,162.710007,163.240005,160.880005,162.050003,10740000
2026-05-05,163.869995,166.020004,163.520004,165.630005,9813500
2026-05-06,167.880005,170.080002,166.839996,170.029999,11304700
2026-05-07,170.259995,171.949997,168.699997,169.690002,11031500
2026-05-08,171.589996,175.600006,171.300003,175.520004,11222200
2026-05-11,176.149994,178.300003,175.869995,177.880005,10461800
2026-05-12,176.149994,176.990005,171.199997,175.199997,15950700
2026-05-13,177.270004,177.740005,174.259995,176.850006,9817900
2026-05-14,177.360001,180.220001,176.869995,179.5,11424900
2026-05-15,176.210007,178.699997,174.630005,176.259995,14519000
2026-05-18,177.619995,177.850006,171.910004,174.360001,19162600
2026-05-19,172.679993,175.179993,170.830002,173.240005,15751400
2026-05-20,174.660004,177.25,173.949997,177.139999,12630300
2026-05-21,175.830002,178.979996,175.830002,178.600006,10873200
2026-05-22,180.029999,181.729996,179.559998,180.389999,10739900
2026-05-26,183.199997,186.0,182.589996,185.139999,12500300
2026-05-27,186.179993,186.270004,182.539993,184.429993,12297400
2026-05-28,184.830002,187.580002,183.789993,186.850006,11167600
2026-05-29,189.330002,191.630005,189.199997,191.020004,15031700
2026-06-01,192.320007,196.5,191.149994,195.759995,18968800
2026-06-02,196.449997,198.380005,195.75,198.210007,10175200
2026-06-03,198.369995,198.729996,194.529999,196.229996,11582100
2026-06-04,191.520004,194.740005,189.690002,193.169998,13142600
2026-06-05,188.889999,189.220001,179.800003,180.300003,26795100
